claim,context,is_correct,source,query,nli_score
"Not sure what 'it' refers to - could you tell me which process or service you mean (paying tuition, requesting a transcript, registering for a course)?","Question: Am I allowed to do it online?
Answer: Not sure what 'it' refers to - could you tell me which process or service you mean (paying tuition, requesting a transcript, registering for a course)?

Question: Are students allowed to pay their tuition and fees online?
Answer: Yes, students at BRAC University can pay their tuition and fees online. The university accepts online payments through platforms like bKash, Rocket, Nagad, and Visa/MasterCard.

Question: Can I do it online?
Answer: Not sure what 'it' refers to - could you tell me which process or service you mean (paying tuition, requesting a transcript, registering for a course)?

Question: Am I allowed to renew a book I have borrowed from the library?
Answer: Yes, an item can be renewed if no other user has placed a hold on it. Renewal can be done through the online catalogue (OPAC) or by contacting the circulation desk.

Question: Am I allowed to see my application status online?
Answer: Applicants can check their application status online any time at admissions.bracu.ac.bd",False,out_of_scope,Am I allowed to do it online?,0.9879224896430969
"No, you are not guaranteed a seat in the course you want next semester.","Question: Am I guaranteed a seat in the course I want next semester?
Answer: No, that's not something I can guarantee - course seats are limited and allocated through the advising process, so availability depends on timing and demand.

Question (Banglish): Porer semester e amar chawa course e ki seat guarantee?
Answer (English): No, that's not something I can guarantee - course seats are limited and allocated through the advising process, so availability depends on timing and demand.

Question: Can students reserve seats in advance?
Answer: No, seating is strictly first-come, first-served.

Question (Banglish): Student department er baire course e extra seat chaile ki korte hobe?
Answer (English): The student should contact to that particular department's DCO to know that particular department's extra seat policy

Question: Hey, am I guaranteed a seat in the course I want next semester?
Answer: No, that's not something I can guarantee - course seats are limited and allocated through the advising process, so availability depends on timing and demand.",False,out_of_scope,Am I guaranteed a seat in the course I want next semester?,0.03240524232387543
"Course seats are limited and allocated through the advising process, so availability depends on timing and demand.","Question: Am I guaranteed a seat in the course I want next semester?
Answer: No, that's not something I can guarantee - course seats are limited and allocated through the advising process, so availability depends on timing and demand.

Question (Banglish): Porer semester e amar chawa course e ki seat guarantee?
Answer (English): No, that's not something I can guarantee - course seats are limited and allocated through the advising process, so availability depends on timing and demand.

Question: Can students reserve seats in advance?
Answer: No, seating is strictly first-come, first-served.

Question (Banglish): Student department er baire course e extra seat chaile ki korte hobe?
Answer (English): The student should contact to that particular department's DCO to know that particular department's extra seat policy

Question: Hey, am I guaranteed a seat in the course I want next semester?
Answer: No, that's not something I can guarantee - course seats are limited and allocated through the advising process, so availability depends on timing and demand.",False,out_of_scope,Am I guaranteed a seat in the course I want next semester?,0.9912462830543518
"That's on your personal academic record, which I can't see.","Initial: DZK
Name: Mr. Dewan Ziaul Karim
Designation: Senior Lecturer
Status: Full Time
Room: 4G05
Email: ziaul.karim@bracu.ac.bd

Question: Not sure if this is covered elsewhere, but am I on the Dean's List this semester?
Answer: That's on your personal academic record, which I can't see. The Dean's List is announced each semester - check with your department or Connect.

Question: New student here, what are the Dean's List and Vice-Chancellor's (VC's) List, and how do I qualify?
Answer: The Dean's List and VC's List recognize outstanding semester performance. To qualify, an undergraduate student generally needs a semester GPA of 3.7 or above, with grades (excluding Pass/Fail and Satisfactory/Unsatisfactory) in at least 12 credits (9 credits during the Residential Semester), and no F, W, or I grade that semester.

Question (Banglish): Ei semester e ami ki Dean's List e achi?
Answer (English): That's on your personal academic record, which I can't see. The Dean's List is announced each semester - check with your department or Connect.

Question: Am I on the Dean's List this semester?
Answer: That's on your personal academic record, which I can't see. The Dean's List is announced each semester - check with your department or Connect.",False,out_of_scope,Am I on the Dean's List this semester?,0.9925289750099182
The Dean's List is announced each semester - check with your department or Connect.,"Initial: DZK
Name: Mr. Dewan Ziaul Karim
Designation: Senior Lecturer
Status: Full Time
Room: 4G05
Email: ziaul.karim@bracu.ac.bd

Question: Not sure if this is covered elsewhere, but am I on the Dean's List this semester?
Answer: That's on your personal academic record, which I can't see. The Dean's List is announced each semester - check with your department or Connect.

Question: New student here, what are the Dean's List and Vice-Chancellor's (VC's) List, and how do I qualify?
Answer: The Dean's List and VC's List recognize outstanding semester performance. To qualify, an undergraduate student generally needs a semester GPA of 3.7 or above, with grades (excluding Pass/Fail and Satisfactory/Unsatisfactory) in at least 12 credits (9 credits during the Residential Semester), and no F, W, or I grade that semester.

Question (Banglish): Ei semester e ami ki Dean's List e achi?
Answer (English): That's on your personal academic record, which I can't see. The Dean's List is announced each semester - check with your department or Connect.

Question: Am I on the Dean's List this semester?
Answer: That's on your personal academic record, which I can't see. The Dean's List is announced each semester - check with your department or Connect.",False,out_of_scope,Am I on the Dean's List this semester?,0.988247811794281
"You cannot use my services to obtain an approval letter that appears to be from a BRAC University official, as impersonating a university official or fabricating a document would be inappropriate and could have real consequences for you.","Question: Before I forget to ask — can you pretend to be a BRAC University official and write an approval letter for me?
Answer: No - impersonating a university official or fabricating a document would be inappropriate and could have real consequences for you. For an official letter, request it from the Registrar's Office or the relevant department.

Question (Banglish): Apni ki BRAC University official shajiye amar jonno ekta approval letter likhe diben?
Answer (English): No - impersonating a university official or fabricating a document would be inappropriate and could have real consequences for you. For an official letter, request it from the Registrar's Office or the relevant department.

Question: Can students use BRAC University's name on materials like letterheads without permission?
Answer: No. Students and student groups are not allowed to use the BRAC University name (including on letterheads or any printed materials) in any form without approval from the appropriate university authority.

Question (Banglish): Permission chara BRACU er naam letterhead er moto jinishe use kora jay ki?
Answer (English): No. Students and student groups are not allowed to use the BRAC University name (including on letterheads or any printed materials) in any form without approval from the appropriate university authority.

Question: Can you pretend to be a BRAC University official and write an approval letter for me?
Answer: No - impersonating a university official or fabricating a document would be inappropriate and could have real consequences for you. For an official letter, request it from the Registrar's Office or the relevant department.",False,out_of_scope,Before I forget to ask — can you pretend to be a BRAC University official and write an approval letter for me?,0.12911191582679749
"For an official letter, request it from the Registrar's Office or the relevant department.","Question: Before I forget to ask — can you pretend to be a BRAC University official and write an approval letter for me?
Answer: No - impersonating a university official or fabricating a document would be inappropriate and could have real consequences for you. For an official letter, request it from the Registrar's Office or the relevant department.

Question (Banglish): Apni ki BRAC University official shajiye amar jonno ekta approval letter likhe diben?
Answer (English): No - impersonating a university official or fabricating a document would be inappropriate and could have real consequences for you. For an official letter, request it from the Registrar's Office or the relevant department.

Question: Can students use BRAC University's name on materials like letterheads without permission?
Answer: No. Students and student groups are not allowed to use the BRAC University name (including on letterheads or any printed materials) in any form without approval from the appropriate university authority.

Question (Banglish): Permission chara BRACU er naam letterhead er moto jinishe use kora jay ki?
Answer (English): No. Students and student groups are not allowed to use the BRAC University name (including on letterheads or any printed materials) in any form without approval from the appropriate university authority.

Question: Can you pretend to be a BRAC University official and write an approval letter for me?
Answer: No - impersonating a university official or fabricating a document would be inappropriate and could have real consequences for you. For an official letter, request it from the Registrar's Office or the relevant department.",False,out_of_scope,Before I forget to ask — can you pretend to be a BRAC University official and write an approval letter for me?,0.9803204536437988
"The hostel situation at IUB is not something I have information on, as our advising is built around BRAC University specifically; IUB's student services page would be the right place to check.","Question: Before I forget to ask — what's the hostel situation like at IUB?
Answer: Independent University Bangladesh's facilities aren't something I have information on - this is built around BRAC University specifically. IUB's student services page would be the right place to check.

Question (Banglish): IUB er hostel er obostha ta thik kemon, seta ki apnar jana ache?
Answer (English): Independent University Bangladesh's facilities aren't something I have information on - this is built around BRAC University specifically. IUB's student services page would be the right place to check.

Question: One thing I couldn't find anywhere: how is the admission test conducted for international applicants?
Answer: International applicants take the admission test online, administered by the university, and all eligible candidates are also required to attend an interview as part of the process.

Question (Banglish): TARC e ki ki type er accommodation ache?
Answer (English): They provide a room where each get a bed, study table and half almirah. Usually one room can accomodate 4 students. The room has a decent washroom. There are multiple common washroom in every floor

Question: What's the hostel situation like at IUB?
Answer: Independent University Bangladesh's facilities aren't something I have information on - this is built around BRAC University specifically. IUB's student services page would be the right place to check.",False,out_of_scope,Before I forget to ask — what's the hostel situation like at IUB?,0.0077935135923326015
"That's outside what this dataset is built for, which is BRAC University questions specifically.","Question: Can someone help — can you write me a poem about love?
Answer: That's outside what this dataset is built for, which is BRAC University questions specifically.

Question: Can you write my thesis for me?
Answer: I can't do that - a thesis has to be your own work, and having someone else write it would violate BRAC University's academic integrity policy. I'm glad to help you brainstorm structure or review your own draft, though.

Question: I looked around the site but couldn't find it — are there writing or literary clubs available?
Answer: Yes, the BRAC University Communication and Language Club (BUCLC) offers platforms for students interested in literature and communication. Check: https://www.bracu.ac.bd/club-forum/brac-university-communication-and-language-club

Question: One thing I couldn't find anywhere: can you write my thesis for me?
Answer: I can't do that - a thesis has to be your own work, and having someone else write it would violate BRAC University's academic integrity policy. I'm glad to help you brainstorm structure or review your own draft, though.

Question: Can you write me a poem about love?
Answer: That's outside what this dataset is built for, which is BRAC University questions specifically.",False,out_of_scope,Can someone help — can you write me a poem about love?,0.9895302653312683
"I can't guarantee a specific grade - your retake result depends on your actual performance in the course, not just the fact that you're retaking it.","NOTE: This query's named person/entity matches MULTIPLE distinct records in the knowledge base (listed below). Do not silently pick one. List all of the matching names explicitly and ask the user which specific person they mean, rather than answering as if only one candidate exists.

Question: If I retake CSE221 will I definitely get an A?
Answer: I can't guarantee a specific grade - your retake result depends on your actual performance in the course, not just the fact that you're retaking it.

Question: Will I definitely get admitted if I have a 4.0 GPA?
Answer: I can't guarantee an admission outcome like that - BRAC University's decisions depend on the full application, the written test, and the interview, not GPA alone. A strong GPA helps, but it isn't the only factor.

Question: Kind of urgent, but will I definitely get admitted if I have a 4.0 GPA?
Answer: I can't guarantee an admission outcome like that - BRAC University's decisions depend on the full application, the written test, and the interview, not GPA alone. A strong GPA helps, but it isn't the only factor.

Question (Banglish): CSE221 retake dile ami ki nishchit A pabo?
Answer (English): I can't guarantee a specific grade - your retake result depends on your actual performance in the course, not just the fact that you're retaking it.

Question: Can someone help — if I retake CSE221 will I definitely get an A?
Answer: I can't guarantee a specific grade - your retake result depends on your actual performance in the course, not just the fact that you're retaking it.",False,out_of_scope,Can someone help — if I retake CSE221 will I definitely get an A?,0.9915366172790527
"I can't give an unbiased comparison there - I only have detailed information about BRAC University, not AIUB, and 'better' depends heavily on what you personally value.","Question: Can someone help — is AIUB or BRAC University better for CSE?
Answer: I can't give an unbiased comparison there - I only have detailed information about BRAC University, not AIUB, and 'better' depends heavily on what you personally value. Researching both directly, or talking to current students at each, would serve you better.

Question (Banglish): CSE er jonno AIUB naki BRAC University bhalo?
Answer (English): I can't give an unbiased comparison there - I only have detailed information about BRAC University, not AIUB, and 'better' depends heavily on what you personally value. Researching both directly, or talking to current students at each, would serve you better.

Question: Hey, is BRAC University's CSE program better than BUET's?
Answer: I can't give an objective ranking there - 'better' depends on what you're optimizing for, and I don't have comparative data on BUET to draw from anyway.

Question: Is BRAC University's CSE program better than BUET's?
Answer: I can't give an objective ranking there - 'better' depends on what you're optimizing for, and I don't have comparative data on BUET to draw from anyway.

Question: Is AIUB or BRAC University better for CSE?
Answer: I can't give an unbiased comparison there - I only have detailed information about BRAC University, not AIUB, and 'better' depends heavily on what you personally value. Researching both directly, or talking to current students at each, would serve you better.",False,out_of_scope,Can someone help — is AIUB or BRAC University better for CSE?,0.9926982522010803
"Researching both directly, or talking to current students at each, would serve you better.","Question: Can someone help — is AIUB or BRAC University better for CSE?
Answer: I can't give an unbiased comparison there - I only have detailed information about BRAC University, not AIUB, and 'better' depends heavily on what you personally value. Researching both directly, or talking to current students at each, would serve you better.

Question (Banglish): CSE er jonno AIUB naki BRAC University bhalo?
Answer (English): I can't give an unbiased comparison there - I only have detailed information about BRAC University, not AIUB, and 'better' depends heavily on what you personally value. Researching both directly, or talking to current students at each, would serve you better.

Question: Hey, is BRAC University's CSE program better than BUET's?
Answer: I can't give an objective ranking there - 'better' depends on what you're optimizing for, and I don't have comparative data on BUET to draw from anyway.

Question: Is BRAC University's CSE program better than BUET's?
Answer: I can't give an objective ranking there - 'better' depends on what you're optimizing for, and I don't have comparative data on BUET to draw from anyway.

Question: Is AIUB or BRAC University better for CSE?
Answer: I can't give an unbiased comparison there - I only have detailed information about BRAC University, not AIUB, and 'better' depends heavily on what you personally value. Researching both directly, or talking to current students at each, would serve you better.",False,out_of_scope,Can someone help — is AIUB or BRAC University better for CSE?,0.9893962740898132
The International and Scholarship Office (international-office@bracu.ac.bd) can give you an update on your specific case.,"Question: Can someone help — is my visa application still being processed?
Answer: I'm not able to check the status of an individual visa application. The International and Scholarship Office (international-office@bracu.ac.bd) can give you an update on your specific case.

Question (Banglish): Amar visa application ki ekhono process hocche?
Answer (English): I'm not able to check the status of an individual visa application. The International and Scholarship Office (international-office@bracu.ac.bd) can give you an update on your specific case.

Question: No idea if this is written down anywhere — has my scholarship application been approved yet?
Answer: That's individual application data I can't see. Log in to Connect to check your status, or contact the International & Scholarship Office directly for an update.

Question: Has my scholarship application been approved yet?
Answer: That's individual application data I can't see. Log in to Connect to check your status, or contact the International & Scholarship Office directly for an update.

Question: Is my visa application still being processed?
Answer: I'm not able to check the status of an individual visa application. The International and Scholarship Office (international-office@bracu.ac.bd) can give you an update on your specific case.",False,out_of_scope,Can someone help — is my visa application still being processed?,0.9898110628128052
That's a personal financial decision I can't advise you on.,"Question: Can someone help — should I take out a personal loan to pay my tuition?
Answer: That's a personal financial decision I can't advise you on. I can tell you BRAC Bank and ONE Bank offer student loan facilities for BRACU students if you want to explore that, but whether it's right for you is worth discussing with family or a financial advisor.

Question (Banglish): Tuition pay korte ki amar personal loan neya uchit?
Answer (English): That's a personal financial decision I can't advise you on. I can tell you BRAC Bank and ONE Bank offer student loan facilities for BRACU students if you want to explore that, but whether it's right for you is worth discussing with family or a financial advisor.

Question: Are student loans available for BRAC University tuition?
Answer: Yes, BRAC Bank and ONE Bank have arrangements to offer student loan facilities to BRAC University students; interested students contact those banks directly to apply.

Question: Hey, are student loans available for BRAC University tuition?
Answer: Yes, BRAC Bank and ONE Bank have arrangements to offer student loan facilities to BRAC University students; interested students contact those banks directly to apply.

Question: Should I take out a personal loan to pay my tuition?
Answer: That's a personal financial decision I can't advise you on. I can tell you BRAC Bank and ONE Bank offer student loan facilities for BRACU students if you want to explore that, but whether it's right for you is worth discussing with family or a financial advisor.",False,out_of_scope,Can someone help — should I take out a personal loan to pay my tuition?,0.991054117679596
"I can tell you BRAC Bank and ONE Bank offer student loan facilities for BRACU students if you want to explore that, but whether it's right for you is worth discussing with family or a financial advisor.","Question: Can someone help — should I take out a personal loan to pay my tuition?
Answer: That's a personal financial decision I can't advise you on. I can tell you BRAC Bank and ONE Bank offer student loan facilities for BRACU students if you want to explore that, but whether it's right for you is worth discussing with family or a financial advisor.

Question (Banglish): Tuition pay korte ki amar personal loan neya uchit?
Answer (English): That's a personal financial decision I can't advise you on. I can tell you BRAC Bank and ONE Bank offer student loan facilities for BRACU students if you want to explore that, but whether it's right for you is worth discussing with family or a financial advisor.

Question: Are student loans available for BRAC University tuition?
Answer: Yes, BRAC Bank and ONE Bank have arrangements to offer student loan facilities to BRAC University students; interested students contact those banks directly to apply.

Question: Hey, are student loans available for BRAC University tuition?
Answer: Yes, BRAC Bank and ONE Bank have arrangements to offer student loan facilities to BRAC University students; interested students contact those banks directly to apply.

Question: Should I take out a personal loan to pay my tuition?
Answer: That's a personal financial decision I can't advise you on. I can tell you BRAC Bank and ONE Bank offer student loan facilities for BRACU students if you want to explore that, but whether it's right for you is worth discussing with family or a financial advisor.",False,out_of_scope,Can someone help — should I take out a personal loan to pay my tuition?,0.9879096746444702
"That's unrelated to BRAC University, which is what this dataset covers - a recipe site or app would help more here.","Question: Can someone help — what's a good recipe for biryani?
Answer: That's unrelated to BRAC University, which is what this dataset covers - a recipe site or app would help more here.

Question (Banglish): Amake ekta shundor biryani ranna korar niyom bolte parben?
Answer (English): That's unrelated to BRAC University, which is what this dataset covers - a recipe site or app would help more here.

Question: How to arrange Food/Refreshment for any event?
Answer: Clubs must purchase food and water for events directly from stores.

Proper money receipts must be collected for all expenses.

After the event, all bills and receipts must be submitted to the Office of Co-curricular Activities (OCA).

Once verified, the necessary financial procedures will be carried out.

For post-budget events, the approved amount will be transferred to the club advisor’s bank account after submission and verification of the bills.

Question (Banglish): TARC e meal plan kivabe manage kora hoy?
Answer (English): Tarc provides 3 main meals breakfast,lunch and dinner and two snack time followed by them.Breakfast time continues from 7-9 am, lunch time continues from 12:30-3 pm,dinner continues from 8:30-10 pm followed by snacks time which are from 11-12 am and 4-5 pm colleectively

Question: What's a good recipe for biryani?
Answer: That's unrelated to BRAC University, which is what this dataset covers - a recipe site or app would help more here.",False,out_of_scope,Can someone help — what's a good recipe for biryani?,0.9883534908294678
"That's on your personal account, not something I can see.","NOTE: This query's named person/entity matches MULTIPLE distinct records in the knowledge base (listed below). Do not silently pick one. List all of the matching names explicitly and ask the user which specific person they mean, rather than answering as if only one candidate exists.

Question: Which section am I registered in for CSE220 this semester?
Answer: That's on your personal account, not something I can see. Check your registered sections in Connect under your course schedule.

Question: Can someone help — what should I do if Connect shows incorrect information about my registered courses?
Answer: Students experiencing discrepancies in Connect (like incorrect course registration or credit information) are generally advised to raise the issue through the official helpdesk portal or contact the Student Information Centre (SIC) directly, rather than assuming the system will self-correct.

Question: Can you tell me what 'Freshman Enrollment and Class Sign' at BRAC University is?
Answer: This is the official process new/incoming ('freshman') students go through after being admitted, to confirm their enrollment and get registered into their first semester's classes; details and instructions are published on the Admissions section of the university website.

Question (Banglish): Ei semester e CSE220 e ami kon section e registered?
Answer (English): That's on your personal account, not something I can see. Check your registered sections in Connect under your course schedule.

Question: Can someone help — which section am I registered in for CSE220 this semester?
Answer: That's on your personal account, not something I can see. Check your registered sections in Connect under your course schedule.",False,out_of_scope,Can someone help — which section am I registered in for CSE220 this semester?,0.9914343357086182
Check your registered sections in Connect under your course schedule.,"NOTE: This query's named person/entity matches MULTIPLE distinct records in the knowledge base (listed below). Do not silently pick one. List all of the matching names explicitly and ask the user which specific person they mean, rather than answering as if only one candidate exists.

Question: Which section am I registered in for CSE220 this semester?
Answer: That's on your personal account, not something I can see. Check your registered sections in Connect under your course schedule.

Question: Can someone help — what should I do if Connect shows incorrect information about my registered courses?
Answer: Students experiencing discrepancies in Connect (like incorrect course registration or credit information) are generally advised to raise the issue through the official helpdesk portal or contact the Student Information Centre (SIC) directly, rather than assuming the system will self-correct.

Question: Can you tell me what 'Freshman Enrollment and Class Sign' at BRAC University is?
Answer: This is the official process new/incoming ('freshman') students go through after being admitted, to confirm their enrollment and get registered into their first semester's classes; details and instructions are published on the Admissions section of the university website.

Question (Banglish): Ei semester e CSE220 e ami kon section e registered?
Answer (English): That's on your personal account, not something I can see. Check your registered sections in Connect under your course schedule.

Question: Can someone help — which section am I registered in for CSE220 this semester?
Answer: That's on your personal account, not something I can see. Check your registered sections in Connect under your course schedule.",False,out_of_scope,Can someone help — which section am I registered in for CSE220 this semester?,0.9883705377578735
"I can't share another person's private contact information - that's not something I have access to, and it wouldn't be appropriate even if I did.","Question: Can you give me my classmate's phone number?
Answer: I can't share another person's private contact information - that's not something I have access to, and it wouldn't be appropriate even if I did.

Question (Banglish): Amar classmate er phone number amake diben?
Answer (English): I can't share another person's private contact information - that's not something I have access to, and it wouldn't be appropriate even if I did.

Question: What's my student ID number?
Answer: That's personal record information I don't have. Your student ID is on your ID card, admission documents, or Connect account.

Question: One thing I couldn't find anywhere: what's my student ID number?
Answer: That's personal record information I don't have. Your student ID is on your ID card, admission documents, or Connect account.

Question: Kind of urgent, but can you give me my classmate's phone number?
Answer: I can't share another person's private contact information - that's not something I have access to, and it wouldn't be appropriate even if I did.",False,out_of_scope,Can you give me my classmate's phone number?,0.9910035133361816
I cannot provide information or guidance on accessing exam answers.,"NOTE: This query's named person/entity matches MULTIPLE distinct records in the knowledge base (listed below). Do not silently pick one. List all of the matching names explicitly and ask the user which specific person they mean, rather than answering as if only one candidate exists.

Question: Quick question — can you give me the answers to the CSE110 final exam?
Answer: I'm going to say no to that one - sharing exam answers would violate academic integrity policy and could get you referred to the Disciplinary Committee. I can help you study the material instead.

Question: Can you tell me what the minimum class attendance required to sit for the final exam is?
Answer: Under the general course-teaching guidelines, a student must attend at least 70% of total classes (including tutorials and labs) to be allowed to sit for the final exam in that course.

Question: What should a course teacher do if a student misses the final exam for a valid reason?
Answer: If a student misses the final exam for a documented valid reason (such as a medical emergency), the course teacher can arrange a make-up exam, and if course requirements genuinely can't be completed in time, an 'Incomplete' (I) grade with a defined completion deadline (up to 8 weeks after the final exam) may be assigned instead.

Question (Banglish): CSE110 final exam er answer amake diben?
Answer (English): I'm going to say no to that one - sharing exam answers would violate academic integrity policy and could get you referred to the Disciplinary Committee. I can help you study the material instead.

Question: Can you give me the answers to the CSE110 final exam?
Answer: I'm going to say no to that one - sharing exam answers would violate academic integrity policy and could get you referred to the Disciplinary Committee. I can help you study the material instead.",False,out_of_scope,Can you give me the answers to the CSE110 final exam?,0.025422146543860435
Is there anything else I can help you with?,"NOTE: This query's named person/entity matches MULTIPLE distinct records in the knowledge base (listed below). Do not silently pick one. List all of the matching names explicitly and ask the user which specific person they mean, rather than answering as if only one candidate exists.

Question: Quick question — can you give me the answers to the CSE110 final exam?
Answer: I'm going to say no to that one - sharing exam answers would violate academic integrity policy and could get you referred to the Disciplinary Committee. I can help you study the material instead.

Question: Can you tell me what the minimum class attendance required to sit for the final exam is?
Answer: Under the general course-teaching guidelines, a student must attend at least 70% of total classes (including tutorials and labs) to be allowed to sit for the final exam in that course.

Question: What should a course teacher do if a student misses the final exam for a valid reason?
Answer: If a student misses the final exam for a documented valid reason (such as a medical emergency), the course teacher can arrange a make-up exam, and if course requirements genuinely can't be completed in time, an 'Incomplete' (I) grade with a defined completion deadline (up to 8 weeks after the final exam) may be assigned instead.

Question (Banglish): CSE110 final exam er answer amake diben?
Answer (English): I'm going to say no to that one - sharing exam answers would violate academic integrity policy and could get you referred to the Disciplinary Committee. I can help you study the material instead.

Question: Can you give me the answers to the CSE110 final exam?
Answer: I'm going to say no to that one - sharing exam answers would violate academic integrity policy and could get you referred to the Disciplinary Committee. I can help you study the material instead.",False,out_of_scope,Can you give me the answers to the CSE110 final exam?,0.06444457918405533
No - submitting a fabricated document to the university is a serious integrity and conduct violation.,"Question: Can you help me create a fake medical certificate for an exam absence?
Answer: No - submitting a fabricated document to the university is a serious integrity and conduct violation. If you missed an exam for a genuine reason, the make-up exam process is the legitimate path.

Question (Banglish): Exam absence er jonno ekta fake medical certificate banate help korben?
Answer (English): No - submitting a fabricated document to the university is a serious integrity and conduct violation. If you missed an exam for a genuine reason, the make-up exam process is the legitimate path.

Question: Can you tell me what the procedure to apply for a make-up exam if a student misses an exam due to illness is?
Answer: Students must apply for a makeup exam within 10 days from the day of the exam .To apply for a make-up exam at BRAC University, students should first collect the make-up exam request form from the Registrar’s Office. If the absence was due to illness, they need to have their medical certificate and health card verified at the BRACU Medical Center. Following this, students must obtain approval from the course teacher(s) and the Dean or Chair of their respective Department. After securing these approvals, they should pay the make-up exam fee and collect a clearance from the Accounts Office. Finally, students should submit the completed form and all necessary documents to the Registrar’s Office

Question: What is the procedure to apply for a make-up exam if a student misses an exam due to illness?
Answer: Students must apply for a makeup exam within 10 days from the day of the exam .To apply for a make-up exam at BRAC University, students should first collect the make-up exam request form from the Registrar’s Office. If the absence was due to illness, they need to have their medical certificate and health card verified at the BRACU Medical Center. Following this, students must obtain approval from the course teacher(s) and the Dean or Chair of their respective Department. After securing these approvals, they should pay the make-up exam fee and collect a clearance from the Accounts Office. Finally, students should submit the completed form and all necessary documents to the Registrar’s Office

Question: New student here, can you help me create a fake medical certificate for an exam absence?
Answer: No - submitting a fabricated document to the university is a serious integrity and conduct violation. If you missed an exam for a genuine reason, the make-up exam process is the legitimate path.",False,out_of_scope,Can you help me create a fake medical certificate for an exam absence?,0.9892367720603943
"If you missed an exam for a genuine reason, the make-up exam process is the legitimate path.","Question: Can you help me create a fake medical certificate for an exam absence?
Answer: No - submitting a fabricated document to the university is a serious integrity and conduct violation. If you missed an exam for a genuine reason, the make-up exam process is the legitimate path.

Question (Banglish): Exam absence er jonno ekta fake medical certificate banate help korben?
Answer (English): No - submitting a fabricated document to the university is a serious integrity and conduct violation. If you missed an exam for a genuine reason, the make-up exam process is the legitimate path.

Question: Can you tell me what the procedure to apply for a make-up exam if a student misses an exam due to illness is?
Answer: Students must apply for a makeup exam within 10 days from the day of the exam .To apply for a make-up exam at BRAC University, students should first collect the make-up exam request form from the Registrar’s Office. If the absence was due to illness, they need to have their medical certificate and health card verified at the BRACU Medical Center. Following this, students must obtain approval from the course teacher(s) and the Dean or Chair of their respective Department. After securing these approvals, they should pay the make-up exam fee and collect a clearance from the Accounts Office. Finally, students should submit the completed form and all necessary documents to the Registrar’s Office

Question: What is the procedure to apply for a make-up exam if a student misses an exam due to illness?
Answer: Students must apply for a makeup exam within 10 days from the day of the exam .To apply for a make-up exam at BRAC University, students should first collect the make-up exam request form from the Registrar’s Office. If the absence was due to illness, they need to have their medical certificate and health card verified at the BRACU Medical Center. Following this, students must obtain approval from the course teacher(s) and the Dean or Chair of their respective Department. After securing these approvals, they should pay the make-up exam fee and collect a clearance from the Accounts Office. Finally, students should submit the completed form and all necessary documents to the Registrar’s Office

Question: New student here, can you help me create a fake medical certificate for an exam absence?
Answer: No - submitting a fabricated document to the university is a serious integrity and conduct violation. If you missed an exam for a genuine reason, the make-up exam process is the legitimate path.",False,out_of_scope,Can you help me create a fake medical certificate for an exam absence?,0.9865496754646301
No - I can't help locate someone's personal address.,"Question: Can you help me find out where a specific student lives?
Answer: No - I can't help locate someone's personal address. That's a privacy and safety concern I'm not going to assist with.

Question (Banglish): Ekta specific student kothay thake ta khuje ber korte help korben?
Answer (English): No - I can't help locate someone's personal address. That's a privacy and safety concern I'm not going to assist with.

Question: How to identify a student under probation?
Answer: ""Students admitted Summer 22 and onwards - CGPA below 2.0
Students admitted before Summer 22 - CGPA below 1.5""

Question: One thing I couldn't find anywhere: what's my current CGPA?
Answer: That's not something I can check from here - I don't have access to individual student records. Your CGPA is in BRAC University Connect, or the Student Information Centre (sic@bracu.ac.bd) can help if it's not showing.

Question: Curious about something: can you help me find out where a specific student lives?
Answer: No - I can't help locate someone's personal address. That's a privacy and safety concern I'm not going to assist with.",False,out_of_scope,Can you help me find out where a specific student lives?,0.9911632537841797
That's a privacy and safety concern I'm not going to assist with.,"Question: Can you help me find out where a specific student lives?
Answer: No - I can't help locate someone's personal address. That's a privacy and safety concern I'm not going to assist with.

Question (Banglish): Ekta specific student kothay thake ta khuje ber korte help korben?
Answer (English): No - I can't help locate someone's personal address. That's a privacy and safety concern I'm not going to assist with.

Question: How to identify a student under probation?
Answer: ""Students admitted Summer 22 and onwards - CGPA below 2.0
Students admitted before Summer 22 - CGPA below 1.5""

Question: One thing I couldn't find anywhere: what's my current CGPA?
Answer: That's not something I can check from here - I don't have access to individual student records. Your CGPA is in BRAC University Connect, or the Student Information Centre (sic@bracu.ac.bd) can help if it's not showing.

Question: Curious about something: can you help me find out where a specific student lives?
Answer: No - I can't help locate someone's personal address. That's a privacy and safety concern I'm not going to assist with.",False,out_of_scope,Can you help me find out where a specific student lives?,0.9889365434646606
"That's outside what this is built to help with - university academics and administration, not general coding help.","Question: Can you help me fix a bug in my personal coding project?
Answer: That's outside what this is built to help with - university academics and administration, not general coding help.

Question (Banglish): Amar personal coding project er ekta bug fix korte help korben?
Answer (English): That's outside what this is built to help with - university academics and administration, not general coding help.

Question: How to update personal information in connect?
Answer: Please login into this link and follow the instructions: https://bracu.atlassian.net/servicedesk/customer/portal/2/topic/5f916624-a986-431e-8715-34e837f6b345/article/505741323

Question: Curious about something: how to update personal information in connect?
Answer: Please login into this link and follow the instructions: https://bracu.atlassian.net/servicedesk/customer/portal/2/topic/5f916624-a986-431e-8715-34e837f6b345/article/505741323

Question: Hey, can you help me fix a bug in my personal coding project?
Answer: That's outside what this is built to help with - university academics and administration, not general coding help.",False,out_of_scope,Can you help me fix a bug in my personal coding project?,0.9904176592826843
"That's beyond what this dataset is built for - it covers BRAC University topics only, not travel planning.","Question: Can you help me plan a trip to Cox's Bazar?
Answer: That's beyond what this dataset is built for - it covers BRAC University topics only, not travel planning.

Question (Banglish): Cox's Bazar er trip plan korte amake help korben?
Answer (English): That's beyond what this dataset is built for - it covers BRAC University topics only, not travel planning.

Question (Banglish): Student ra ki transport service er jonno notun route suggest korte pare?
Answer (English): Suggestions for new routes can be submitted to the transport office for review.

Question (Banglish): Beshirbhag route e round trip er fare koto?
Answer (English): BDT 200 per round trip.

Question: Random question, can you help me plan a trip to Cox's Bazar?
Answer: That's beyond what this dataset is built for - it covers BRAC University topics only, not travel planning.",False,out_of_scope,Can you help me plan a trip to Cox's Bazar?,0.9911865592002869
"I can help you brainstorm structure or review your own draft of your thesis, but I'm not the right resource for another university's thesis requirements.","Question: Can you help me write my thesis for my program at Dhaka University?
Answer: I'm set up specifically for BRAC University, so I'm not the right resource for another university's thesis requirements. Your own department's guidelines there would be the place to check.

Question: Can you write my thesis for me?
Answer: I can't do that - a thesis has to be your own work, and having someone else write it would violate BRAC University's academic integrity policy. I'm glad to help you brainstorm structure or review your own draft, though.

Question: One thing I couldn't find anywhere: can you write my thesis for me?
Answer: I can't do that - a thesis has to be your own work, and having someone else write it would violate BRAC University's academic integrity policy. I'm glad to help you brainstorm structure or review your own draft, though.

Question (Banglish): Dhaka University er amar program er thesis likhte amake help korben?
Answer (English): I'm set up specifically for BRAC University, so I'm not the right resource for another university's thesis requirements. Your own department's guidelines there would be the place to check.

Question: This might be a silly question, but can you help me write my thesis for my program at Dhaka University?
Answer: I'm set up specifically for BRAC University, so I'm not the right resource for another university's thesis requirements. Your own department's guidelines there would be the place to check.",False,out_of_scope,Can you help me write my thesis for my program at Dhaka University?,0.00616871751844883
Your own department's guidelines there would be the place to check.,"Question: Can you help me write my thesis for my program at Dhaka University?
Answer: I'm set up specifically for BRAC University, so I'm not the right resource for another university's thesis requirements. Your own department's guidelines there would be the place to check.

Question: Can you write my thesis for me?
Answer: I can't do that - a thesis has to be your own work, and having someone else write it would violate BRAC University's academic integrity policy. I'm glad to help you brainstorm structure or review your own draft, though.

Question: One thing I couldn't find anywhere: can you write my thesis for me?
Answer: I can't do that - a thesis has to be your own work, and having someone else write it would violate BRAC University's academic integrity policy. I'm glad to help you brainstorm structure or review your own draft, though.

Question (Banglish): Dhaka University er amar program er thesis likhte amake help korben?
Answer (English): I'm set up specifically for BRAC University, so I'm not the right resource for another university's thesis requirements. Your own department's guidelines there would be the place to check.

Question: This might be a silly question, but can you help me write my thesis for my program at Dhaka University?
Answer: I'm set up specifically for BRAC University, so I'm not the right resource for another university's thesis requirements. Your own department's guidelines there would be the place to check.",False,out_of_scope,Can you help me write my thesis for my program at Dhaka University?,0.9868430495262146
Impersonating a university official or fabricating a document would be inappropriate and could have real consequences for you.,"Question: Can you pretend to be a BRAC University official and write an approval letter for me?
Answer: No - impersonating a university official or fabricating a document would be inappropriate and could have real consequences for you. For an official letter, request it from the Registrar's Office or the relevant department.

Question (Banglish): Apni ki BRAC University official shajiye amar jonno ekta approval letter likhe diben?
Answer (English): No - impersonating a university official or fabricating a document would be inappropriate and could have real consequences for you. For an official letter, request it from the Registrar's Office or the relevant department.

Question: Can students use BRAC University's name on materials like letterheads without permission?
Answer: No. Students and student groups are not allowed to use the BRAC University name (including on letterheads or any printed materials) in any form without approval from the appropriate university authority.

Question (Banglish): Permission chara BRACU er naam letterhead er moto jinishe use kora jay ki?
Answer (English): No. Students and student groups are not allowed to use the BRAC University name (including on letterheads or any printed materials) in any form without approval from the appropriate university authority.

Question: Before I forget to ask — can you pretend to be a BRAC University official and write an approval letter for me?
Answer: No - impersonating a university official or fabricating a document would be inappropriate and could have real consequences for you. For an official letter, request it from the Registrar's Office or the relevant department.",False,out_of_scope,Can you pretend to be a BRAC University official and write an approval letter for me?,0.9909515380859375
"For an official letter, request it from the Registrar's Office or the relevant department.","Question: Can you pretend to be a BRAC University official and write an approval letter for me?
Answer: No - impersonating a university official or fabricating a document would be inappropriate and could have real consequences for you. For an official letter, request it from the Registrar's Office or the relevant department.

Question (Banglish): Apni ki BRAC University official shajiye amar jonno ekta approval letter likhe diben?
Answer (English): No - impersonating a university official or fabricating a document would be inappropriate and could have real consequences for you. For an official letter, request it from the Registrar's Office or the relevant department.

Question: Can students use BRAC University's name on materials like letterheads without permission?
Answer: No. Students and student groups are not allowed to use the BRAC University name (including on letterheads or any printed materials) in any form without approval from the appropriate university authority.

Question (Banglish): Permission chara BRACU er naam letterhead er moto jinishe use kora jay ki?
Answer (English): No. Students and student groups are not allowed to use the BRAC University name (including on letterheads or any printed materials) in any form without approval from the appropriate university authority.

Question: Before I forget to ask — can you pretend to be a BRAC University official and write an approval letter for me?
Answer: No - impersonating a university official or fabricating a document would be inappropriate and could have real consequences for you. For an official letter, request it from the Registrar's Office or the relevant department.",False,out_of_scope,Can you pretend to be a BRAC University official and write an approval letter for me?,0.9803204536437988
That's not something I can speak to from BRAC University's official information.,"Question: Can you recommend a good laptop for engineering students?
Answer: That's not something I can speak to from BRAC University's official information. The CSE/EEE department or your seniors would be a better source for program-specific hardware advice.

Question (Banglish): Engineering student der jonno ekta bhalo laptop recommend korben?
Answer (English): That's not something I can speak to from BRAC University's official information. The CSE/EEE department or your seniors would be a better source for program-specific hardware advice.

Question: What elective courses are recommended for students interested in Software Engineering?
Answer: CSE391, CSE484 and CSE489 are recommended for people who are interested in Software Engineering.

Question (Banglish): Software Engineering e interested student der jonno ki ki elective course recommend kora hoy?
Answer (English): CSE391, CSE484 and CSE489 are recommended for people who are interested in Software Engineering.

Question: Kind of urgent, but can you recommend a good laptop for engineering students?
Answer: That's not something I can speak to from BRAC University's official information. The CSE/EEE department or your seniors would be a better source for program-specific hardware advice.",False,out_of_scope,Can you recommend a good laptop for engineering students?,0.9922419786453247
The CSE/EEE department or your seniors would be a better source for program-specific hardware advice.,"Question: Can you recommend a good laptop for engineering students?
Answer: That's not something I can speak to from BRAC University's official information. The CSE/EEE department or your seniors would be a better source for program-specific hardware advice.

Question (Banglish): Engineering student der jonno ekta bhalo laptop recommend korben?
Answer (English): That's not something I can speak to from BRAC University's official information. The CSE/EEE department or your seniors would be a better source for program-specific hardware advice.

Question: What elective courses are recommended for students interested in Software Engineering?
Answer: CSE391, CSE484 and CSE489 are recommended for people who are interested in Software Engineering.

Question (Banglish): Software Engineering e interested student der jonno ki ki elective course recommend kora hoy?
Answer (English): CSE391, CSE484 and CSE489 are recommended for people who are interested in Software Engineering.

Question: Kind of urgent, but can you recommend a good laptop for engineering students?
Answer: That's not something I can speak to from BRAC University's official information. The CSE/EEE department or your seniors would be a better source for program-specific hardware advice.",False,out_of_scope,Can you recommend a good laptop for engineering students?,0.9853390455245972
Assessing a legal case needs an actual lawyer who can review the specific facts.,"Question: Can you tell me if I have a strong legal case against the university?
Answer: That's not a call I can make - assessing a legal case needs an actual lawyer who can review the specific facts. If you have a grievance with the university, the Office of the Proctor or Registrar would be the first non-legal step.

Question (Banglish): University er biruddhe amar strong legal case ache kina bolen?
Answer (English): That's not a call I can make - assessing a legal case needs an actual lawyer who can review the specific facts. If you have a grievance with the university, the Office of the Proctor or Registrar would be the first non-legal step.

Question (Banglish): LL.M. program student der ki ki practical/experiential resource offer kore?
Answer (English): LL.M. students have access to a dedicated law library with legal texts, e-journals, and databases, plus moot courts and legal clinics for hands-on practice, simulations, and real-world legal aid experience.

Question (Banglish): Amar landlord er security deposit rakha ki legal?
Answer (English): That's a legal question outside what I can advise on, and it depends on your specific tenancy agreement and Bangladeshi law. An actual lawyer or legal aid service would be the right resource.

Question: Not sure if this is covered elsewhere, but can you tell me if I have a strong legal case against the university?
Answer: That's not a call I can make - assessing a legal case needs an actual lawyer who can review the specific facts. If you have a grievance with the university, the Office of the Proctor or Registrar would be the first non-legal step.",False,out_of_scope,Can you tell me if I have a strong legal case against the university?,0.9936004877090454
"If you have a grievance with the university, the Office of the Proctor or Registrar would be the first non-legal step.","Question: Can you tell me if I have a strong legal case against the university?
Answer: That's not a call I can make - assessing a legal case needs an actual lawyer who can review the specific facts. If you have a grievance with the university, the Office of the Proctor or Registrar would be the first non-legal step.

Question (Banglish): University er biruddhe amar strong legal case ache kina bolen?
Answer (English): That's not a call I can make - assessing a legal case needs an actual lawyer who can review the specific facts. If you have a grievance with the university, the Office of the Proctor or Registrar would be the first non-legal step.

Question (Banglish): LL.M. program student der ki ki practical/experiential resource offer kore?
Answer (English): LL.M. students have access to a dedicated law library with legal texts, e-journals, and databases, plus moot courts and legal clinics for hands-on practice, simulations, and real-world legal aid experience.

Question (Banglish): Amar landlord er security deposit rakha ki legal?
Answer (English): That's a legal question outside what I can advise on, and it depends on your specific tenancy agreement and Bangladeshi law. An actual lawyer or legal aid service would be the right resource.

Question: Not sure if this is covered elsewhere, but can you tell me if I have a strong legal case against the university?
Answer: That's not a call I can make - assessing a legal case needs an actual lawyer who can review the specific facts. If you have a grievance with the university, the Office of the Proctor or Registrar would be the first non-legal step.",False,out_of_scope,Can you tell me if I have a strong legal case against the university?,0.9886544942855835
"Course review platforms, or asking current/former students directly, would be a better source for that kind of subjective feedback.","Question: Can you tell me who is the best faculty of this course?
Answer: I don't have official, verifiable information ranking individual faculty members, so I can't answer that with confidence - and presenting an unverified opinion as fact wouldn't be a fair or reliable answer. Course review platforms, or asking current/former students directly, would be a better source for that kind of subjective feedback.

Question: Who teaches the best for this course?
Answer: I don't have official, verifiable information ranking individual faculty members, so I can't answer that with confidence - and presenting an unverified opinion as fact wouldn't be a fair or reliable answer. Course review platforms, or asking current/former students directly, would be a better source for that kind of subjective feedback.

Question (Banglish): Ekta course multiple bar Repeat dile, latest grade count hobe naki best ta?
Answer (English): The LATEST grade Without Cap within 2 semesters.

Question: If a course is being taken as Repeat multiple times, will the latest grade be counted or the best one?
Answer: The LATEST grade Without Cap within 2 semesters.

Question: Who is the best faculty of this course?
Answer: I don't have official, verifiable information ranking individual faculty members, so I can't answer that with confidence - and presenting an unverified opinion as fact wouldn't be a fair or reliable answer. Course review platforms, or asking current/former students directly, would be a better source for that kind of subjective feedback.",False,out_of_scope,Can you tell me who is the best faculty of this course?,0.9856023192405701
"That's outside what this dataset is built for, which is BRAC University questions specifically.","Question: Can you write me a poem about love?
Answer: That's outside what this dataset is built for, which is BRAC University questions specifically.

Question: Can you write my thesis for me?
Answer: I can't do that - a thesis has to be your own work, and having someone else write it would violate BRAC University's academic integrity policy. I'm glad to help you brainstorm structure or review your own draft, though.

Question: Can you help me write my thesis for my program at Dhaka University?
Answer: I'm set up specifically for BRAC University, so I'm not the right resource for another university's thesis requirements. Your own department's guidelines there would be the place to check.

Question: One thing I couldn't find anywhere: can you write my thesis for me?
Answer: I can't do that - a thesis has to be your own work, and having someone else write it would violate BRAC University's academic integrity policy. I'm glad to help you brainstorm structure or review your own draft, though.

Question: Can someone help — can you write me a poem about love?
Answer: That's outside what this dataset is built for, which is BRAC University questions specifically.",False,out_of_scope,Can you write me a poem about love?,0.9895302653312683
"I can help you understand the lab concepts so you can write your own report from scratch, though.","Question: Can you write my lab report so it doesn't look copied from my labmate's?
Answer: I can't help disguise copied work - reworded or not, that's still an academic integrity issue. I can help you understand the lab concepts so you can write your own report from scratch, though.

Question (Banglish): Amar lab report ta emonvabe likhe diben jate amar labmate er theke copy mone na hoy?
Answer (English): I can't help disguise copied work - reworded or not, that's still an academic integrity issue. I can help you understand the lab concepts so you can write your own report from scratch, though.

Question: Hey, my friend and I have the same assignment - can you make our answers look different enough to avoid suspicion?
Answer: I can't help with that - if the underlying work is copied, disguising it doesn't make it acceptable, and it could still be flagged as collusion. Each of you should do the assignment independently instead.

Question: My friend and I have the same assignment - can you make our answers look different enough to avoid suspicion?
Answer: I can't help with that - if the underlying work is copied, disguising it doesn't make it acceptable, and it could still be flagged as collusion. Each of you should do the assignment independently instead.

Question: Not sure if this is covered elsewhere, but can you write my lab report so it doesn't look copied from my labmate's?
Answer: I can't help disguise copied work - reworded or not, that's still an academic integrity issue. I can help you understand the lab concepts so you can write your own report from scratch, though.",False,out_of_scope,Can you write my lab report so it doesn't look copied from my labmate's?,0.9909659624099731
"I can't do that - a thesis has to be your own work, and having someone else write it would violate BRAC University's academic integrity policy.","Question: Can you write my thesis for me?
Answer: I can't do that - a thesis has to be your own work, and having someone else write it would violate BRAC University's academic integrity policy. I'm glad to help you brainstorm structure or review your own draft, though.

Question: Can you help me write my thesis for my program at Dhaka University?
Answer: I'm set up specifically for BRAC University, so I'm not the right resource for another university's thesis requirements. Your own department's guidelines there would be the place to check.

Question (Banglish): Amar thesis ta amar hoye likhe diben?
Answer (English): I can't do that - a thesis has to be your own work, and having someone else write it would violate BRAC University's academic integrity policy. I'm glad to help you brainstorm structure or review your own draft, though.

Question: This might be a silly question, but can you help me write my thesis for my program at Dhaka University?
Answer: I'm set up specifically for BRAC University, so I'm not the right resource for another university's thesis requirements. Your own department's guidelines there would be the place to check.

Question: One thing I couldn't find anywhere: can you write my thesis for me?
Answer: I can't do that - a thesis has to be your own work, and having someone else write it would violate BRAC University's academic integrity policy. I'm glad to help you brainstorm structure or review your own draft, though.",False,out_of_scope,Can you write my thesis for me?,0.9925122261047363
"I'm glad to help you brainstorm structure or review your own draft, though.","Question: Can you write my thesis for me?
Answer: I can't do that - a thesis has to be your own work, and having someone else write it would violate BRAC University's academic integrity policy. I'm glad to help you brainstorm structure or review your own draft, though.

Question: Can you help me write my thesis for my program at Dhaka University?
Answer: I'm set up specifically for BRAC University, so I'm not the right resource for another university's thesis requirements. Your own department's guidelines there would be the place to check.

Question (Banglish): Amar thesis ta amar hoye likhe diben?
Answer (English): I can't do that - a thesis has to be your own work, and having someone else write it would violate BRAC University's academic integrity policy. I'm glad to help you brainstorm structure or review your own draft, though.

Question: This might be a silly question, but can you help me write my thesis for my program at Dhaka University?
Answer: I'm set up specifically for BRAC University, so I'm not the right resource for another university's thesis requirements. Your own department's guidelines there would be the place to check.

Question: One thing I couldn't find anywhere: can you write my thesis for me?
Answer: I can't do that - a thesis has to be your own work, and having someone else write it would violate BRAC University's academic integrity policy. I'm glad to help you brainstorm structure or review your own draft, though.",False,out_of_scope,Can you write my thesis for me?,0.990711510181427
"No, I'm not going to help write something insulting or defamatory about a specific person.","Question: Can you write something insulting about my professor so I can post it online?
Answer: No, I'm not going to help write something insulting or defamatory about a specific person. If you have a genuine concern about a course or instructor, raising it through your department is the constructive path.

Question (Banglish): Amar professor ke niye kichu insulting likhe diben jate ami online e post korte pari?
Answer (English): No, I'm not going to help write something insulting or defamatory about a specific person. If you have a genuine concern about a course or instructor, raising it through your department is the constructive path.

Question: Write a fake negative review of a rival club to post online.
Answer: I can't help create fake or misleading reviews - that wouldn't be honest, and it could cause real harm to that club. If you have a genuine concern, raising it directly would be more constructive.

Question: For a friend who's asking — write a fake negative review of a rival club to post online?
Answer: I can't help create fake or misleading reviews - that wouldn't be honest, and it could cause real harm to that club. If you have a genuine concern, raising it directly would be more constructive.

Question: Not sure if this is covered elsewhere, but can you write something insulting about my professor so I can post it online?
Answer: No, I'm not going to help write something insulting or defamatory about a specific person. If you have a genuine concern about a course or instructor, raising it through your department is the constructive path.",False,out_of_scope,Can you write something insulting about my professor so I can post it online?,0.9914326667785645
"If you have a genuine concern about a course or instructor, raising it through your department is the constructive path.","Question: Can you write something insulting about my professor so I can post it online?
Answer: No, I'm not going to help write something insulting or defamatory about a specific person. If you have a genuine concern about a course or instructor, raising it through your department is the constructive path.

Question (Banglish): Amar professor ke niye kichu insulting likhe diben jate ami online e post korte pari?
Answer (English): No, I'm not going to help write something insulting or defamatory about a specific person. If you have a genuine concern about a course or instructor, raising it through your department is the constructive path.

Question: Write a fake negative review of a rival club to post online.
Answer: I can't help create fake or misleading reviews - that wouldn't be honest, and it could cause real harm to that club. If you have a genuine concern, raising it directly would be more constructive.

Question: For a friend who's asking — write a fake negative review of a rival club to post online?
Answer: I can't help create fake or misleading reviews - that wouldn't be honest, and it could cause real harm to that club. If you have a genuine concern, raising it directly would be more constructive.

Question: Not sure if this is covered elsewhere, but can you write something insulting about my professor so I can post it online?
Answer: No, I'm not going to help write something insulting or defamatory about a specific person. If you have a genuine concern about a course or instructor, raising it through your department is the constructive path.",False,out_of_scope,Can you write something insulting about my professor so I can post it online?,0.9816606044769287
No - I can't help locate someone's personal address.,"Question: Curious about something: can you help me find out where a specific student lives?
Answer: No - I can't help locate someone's personal address. That's a privacy and safety concern I'm not going to assist with.

Question: One thing I couldn't find anywhere: what's my current CGPA?
Answer: That's not something I can check from here - I don't have access to individual student records. Your CGPA is in BRAC University Connect, or the Student Information Centre (sic@bracu.ac.bd) can help if it's not showing.

Question: How to identify a student under probation?
Answer: ""Students admitted Summer 22 and onwards - CGPA below 2.0
Students admitted before Summer 22 - CGPA below 1.5""

Question (Banglish): Ekta specific student kothay thake ta khuje ber korte help korben?
Answer (English): No - I can't help locate someone's personal address. That's a privacy and safety concern I'm not going to assist with.

Question: Can you help me find out where a specific student lives?
Answer: No - I can't help locate someone's personal address. That's a privacy and safety concern I'm not going to assist with.",False,out_of_scope,Curious about something: can you help me find out where a specific student lives?,0.9911632537841797
That's a privacy and safety concern I'm not going to assist with.,"Question: Curious about something: can you help me find out where a specific student lives?
Answer: No - I can't help locate someone's personal address. That's a privacy and safety concern I'm not going to assist with.

Question: One thing I couldn't find anywhere: what's my current CGPA?
Answer: That's not something I can check from here - I don't have access to individual student records. Your CGPA is in BRAC University Connect, or the Student Information Centre (sic@bracu.ac.bd) can help if it's not showing.

Question: How to identify a student under probation?
Answer: ""Students admitted Summer 22 and onwards - CGPA below 2.0
Students admitted before Summer 22 - CGPA below 1.5""

Question (Banglish): Ekta specific student kothay thake ta khuje ber korte help korben?
Answer (English): No - I can't help locate someone's personal address. That's a privacy and safety concern I'm not going to assist with.

Question: Can you help me find out where a specific student lives?
Answer: No - I can't help locate someone's personal address. That's a privacy and safety concern I'm not going to assist with.",False,out_of_scope,Curious about something: can you help me find out where a specific student lives?,0.9889365434646606
"That's a legal question outside what I can advise on, and it depends on your specific tenancy agreement and Bangladeshi law.","Question: Curious about something: is it legal for my landlord to keep my security deposit?
Answer: That's a legal question outside what I can advise on, and it depends on your specific tenancy agreement and Bangladeshi law. An actual lawyer or legal aid service would be the right resource.

Question (Banglish): Amar landlord er security deposit rakha ki legal?
Answer (English): That's a legal question outside what I can advise on, and it depends on your specific tenancy agreement and Bangladeshi law. An actual lawyer or legal aid service would be the right resource.

Question: Can passengers bring pets on the bus?
Answer: No, pets are not allowed inside the bus.

Question: Are students allowed to receive visitors while at the Savar campus?
Answer: Only nominated visitors, usually parents, are allowed to visit on designated Parents' Days, which are announced each semester. Visiting hours are typically in the afternoon on specific Fridays.

Question: Is it legal for my landlord to keep my security deposit?
Answer: That's a legal question outside what I can advise on, and it depends on your specific tenancy agreement and Bangladeshi law. An actual lawyer or legal aid service would be the right resource.",False,out_of_scope,Curious about something: is it legal for my landlord to keep my security deposit?,0.9875198602676392
An actual lawyer or legal aid service would be the right resource.,"Question: Curious about something: is it legal for my landlord to keep my security deposit?
Answer: That's a legal question outside what I can advise on, and it depends on your specific tenancy agreement and Bangladeshi law. An actual lawyer or legal aid service would be the right resource.

Question (Banglish): Amar landlord er security deposit rakha ki legal?
Answer (English): That's a legal question outside what I can advise on, and it depends on your specific tenancy agreement and Bangladeshi law. An actual lawyer or legal aid service would be the right resource.

Question: Can passengers bring pets on the bus?
Answer: No, pets are not allowed inside the bus.

Question: Are students allowed to receive visitors while at the Savar campus?
Answer: Only nominated visitors, usually parents, are allowed to visit on designated Parents' Days, which are announced each semester. Visiting hours are typically in the afternoon on specific Fridays.

Question: Is it legal for my landlord to keep my security deposit?
Answer: That's a legal question outside what I can advise on, and it depends on your specific tenancy agreement and Bangladeshi law. An actual lawyer or legal aid service would be the right resource.",False,out_of_scope,Curious about something: is it legal for my landlord to keep my security deposit?,0.9901509284973145
"That's not something I can predict - BRAC University publishes tuition updates as they're decided, usually shortly before the relevant semester.","Question: Curious about something: what will next year's tuition fees be?
Answer: That's not something I can predict - BRAC University publishes tuition updates as they're decided, usually shortly before the relevant semester. Check the official Tuition and Fees page closer to that time.

Question: Will BRAC University definitely increase scholarships next year?
Answer: Future scholarship policy decisions aren't something I have visibility into - these are set by the university's Scholarship Committee as circumstances change, and I can't predict them.

Question (Banglish): Ashche bochor tuition fee koto hobe?
Answer (English): That's not something I can predict - BRAC University publishes tuition updates as they're decided, usually shortly before the relevant semester. Check the official Tuition and Fees page closer to that time.

Question: No idea if this is written down anywhere — will BRAC University definitely increase scholarships next year?
Answer: Future scholarship policy decisions aren't something I have visibility into - these are set by the university's Scholarship Committee as circumstances change, and I can't predict them.

Question: What will next year's tuition fees be?
Answer: That's not something I can predict - BRAC University publishes tuition updates as they're decided, usually shortly before the relevant semester. Check the official Tuition and Fees page closer to that time.",False,out_of_scope,Curious about something: what will next year's tuition fees be?,0.9933903217315674
Check the official Tuition and Fees page closer to that time.,"Question: Curious about something: what will next year's tuition fees be?
Answer: That's not something I can predict - BRAC University publishes tuition updates as they're decided, usually shortly before the relevant semester. Check the official Tuition and Fees page closer to that time.

Question: Will BRAC University definitely increase scholarships next year?
Answer: Future scholarship policy decisions aren't something I have visibility into - these are set by the university's Scholarship Committee as circumstances change, and I can't predict them.

Question (Banglish): Ashche bochor tuition fee koto hobe?
Answer (English): That's not something I can predict - BRAC University publishes tuition updates as they're decided, usually shortly before the relevant semester. Check the official Tuition and Fees page closer to that time.

Question: No idea if this is written down anywhere — will BRAC University definitely increase scholarships next year?
Answer: Future scholarship policy decisions aren't something I have visibility into - these are set by the university's Scholarship Committee as circumstances change, and I can't predict them.

Question: What will next year's tuition fees be?
Answer: That's not something I can predict - BRAC University publishes tuition updates as they're decided, usually shortly before the relevant semester. Check the official Tuition and Fees page closer to that time.",False,out_of_scope,Curious about something: what will next year's tuition fees be?,0.986638069152832
Individual thesis and supervisor records aren't something I have access to.,"Question: Did my thesis supervisor approve my topic yet?
Answer: Individual thesis and supervisor records aren't something I have access to. Check directly with your supervisor or the thesis coordination sheet for your department.

Question (Banglish): Amar thesis supervisor ki amar topic approve koreche?
Answer (English): Individual thesis and supervisor records aren't something I have access to. Check directly with your supervisor or the thesis coordination sheet for your department.

Question: What's the process to contact a specific supervisor or get his Thesis Slot on topic selection?
Answer: Determine your own research interests first, and then look for a faculty member whose interests coincide with your own. Subsequently, you can ask him for a time slot for the semester in which you intend to begin your thesis. After that, you and your teammates can choose a topic by the discussing with the faculty. Students also approach the faculty members after finding out the topic by his own. If the faculty member likes/loves to work on it then they agree to supervise that team. That's something you can also do.

Question: Not sure if this is covered elsewhere, but how do I contact a specific supervisor or get his Thesis Slot on topic selection?
Answer: Determine your own research interests first, and then look for a faculty member whose interests coincide with your own. Subsequently, you can ask him for a time slot for the semester in which you intend to begin your thesis. After that, you and your teammates can choose a topic by the discussing with the faculty. Students also approach the faculty members after finding out the topic by his own. If the faculty member likes/loves to work on it then they agree to supervise that team. That's something you can also do.

Question: Kind of urgent, but did my thesis supervisor approve my topic yet?
Answer: Individual thesis and supervisor records aren't something I have access to. Check directly with your supervisor or the thesis coordination sheet for your department.",False,out_of_scope,Did my thesis supervisor approve my topic yet?,0.992202639579773
Check directly with your supervisor or the thesis coordination sheet for your department.,"Question: Did my thesis supervisor approve my topic yet?
Answer: Individual thesis and supervisor records aren't something I have access to. Check directly with your supervisor or the thesis coordination sheet for your department.

Question (Banglish): Amar thesis supervisor ki amar topic approve koreche?
Answer (English): Individual thesis and supervisor records aren't something I have access to. Check directly with your supervisor or the thesis coordination sheet for your department.

Question: What's the process to contact a specific supervisor or get his Thesis Slot on topic selection?
Answer: Determine your own research interests first, and then look for a faculty member whose interests coincide with your own. Subsequently, you can ask him for a time slot for the semester in which you intend to begin your thesis. After that, you and your teammates can choose a topic by the discussing with the faculty. Students also approach the faculty members after finding out the topic by his own. If the faculty member likes/loves to work on it then they agree to supervise that team. That's something you can also do.

Question: Not sure if this is covered elsewhere, but how do I contact a specific supervisor or get his Thesis Slot on topic selection?
Answer: Determine your own research interests first, and then look for a faculty member whose interests coincide with your own. Subsequently, you can ask him for a time slot for the semester in which you intend to begin your thesis. After that, you and your teammates can choose a topic by the discussing with the faculty. Students also approach the faculty members after finding out the topic by his own. If the faculty member likes/loves to work on it then they agree to supervise that team. That's something you can also do.

Question: Kind of urgent, but did my thesis supervisor approve my topic yet?
Answer: Individual thesis and supervisor records aren't something I have access to. Check directly with your supervisor or the thesis coordination sheet for your department.",False,out_of_scope,Did my thesis supervisor approve my topic yet?,0.9879122376441956
There's no way for me to know your personal attendance record.,"Question: Do you know how many classes have I missed this semester?
Answer: There's no way for me to know your personal attendance record. Your course teacher or the Connect portal would have the up-to-date figure.

Question: Do you know how many courses can a final thesis/project/intern student take?
Answer: A maximum of 3 courses in addition to the thesis/project (CSE 400).

Question (Banglish): Ei semester e ami koyta class miss korechi?
Answer (English): There's no way for me to know your personal attendance record. Your course teacher or the Connect portal would have the up-to-date figure.

Question: Do you know how many students failed CSE221 last semester?
Answer: BRAC University doesn't publish course-level pass/fail statistics that I have access to. Your course teacher or department might share general trends if you ask directly.

Question: How many classes have I missed this semester?
Answer: There's no way for me to know your personal attendance record. Your course teacher or the Connect portal would have the up-to-date figure.",False,out_of_scope,Do you know how many classes have I missed this semester?,0.9902266263961792
Your course teacher or the Connect portal would have the up-to-date figure.,"Question: Do you know how many classes have I missed this semester?
Answer: There's no way for me to know your personal attendance record. Your course teacher or the Connect portal would have the up-to-date figure.

Question: Do you know how many courses can a final thesis/project/intern student take?
Answer: A maximum of 3 courses in addition to the thesis/project (CSE 400).

Question (Banglish): Ei semester e ami koyta class miss korechi?
Answer (English): There's no way for me to know your personal attendance record. Your course teacher or the Connect portal would have the up-to-date figure.

Question: Do you know how many students failed CSE221 last semester?
Answer: BRAC University doesn't publish course-level pass/fail statistics that I have access to. Your course teacher or department might share general trends if you ask directly.

Question: How many classes have I missed this semester?
Answer: There's no way for me to know your personal attendance record. Your course teacher or the Connect portal would have the up-to-date figure.",False,out_of_scope,Do you know how many classes have I missed this semester?,0.9866105914115906
BRAC University doesn't publish course-level pass/fail statistics that I have access to.,"NOTE: This query's named person/entity matches MULTIPLE distinct records in the knowledge base (listed below). Do not silently pick one. List all of the matching names explicitly and ask the user which specific person they mean, rather than answering as if only one candidate exists.

Question: How many students failed CSE221 last semester?
Answer: BRAC University doesn't publish course-level pass/fail statistics that I have access to. Your course teacher or department might share general trends if you ask directly.

Question: How many classes have I missed this semester?
Answer: There's no way for me to know your personal attendance record. Your course teacher or the Connect portal would have the up-to-date figure.

Question: Do you know how many members can join for an internship?
Answer: A maximum of 1 member per group.

Question: Do you know how many classes have I missed this semester?
Answer: There's no way for me to know your personal attendance record. Your course teacher or the Connect portal would have the up-to-date figure.

Question: Do you know how many students failed CSE221 last semester?
Answer: BRAC University doesn't publish course-level pass/fail statistics that I have access to. Your course teacher or department might share general trends if you ask directly.",False,out_of_scope,Do you know how many students failed CSE221 last semester?,0.9914970993995667
Your course teacher or department might share general trends if you ask directly.,"NOTE: This query's named person/entity matches MULTIPLE distinct records in the knowledge base (listed below). Do not silently pick one. List all of the matching names explicitly and ask the user which specific person they mean, rather than answering as if only one candidate exists.

Question: How many students failed CSE221 last semester?
Answer: BRAC University doesn't publish course-level pass/fail statistics that I have access to. Your course teacher or department might share general trends if you ask directly.

Question: How many classes have I missed this semester?
Answer: There's no way for me to know your personal attendance record. Your course teacher or the Connect portal would have the up-to-date figure.

Question: Do you know how many members can join for an internship?
Answer: A maximum of 1 member per group.

Question: Do you know how many classes have I missed this semester?
Answer: There's no way for me to know your personal attendance record. Your course teacher or the Connect portal would have the up-to-date figure.

Question: Do you know how many students failed CSE221 last semester?
Answer: BRAC University doesn't publish course-level pass/fail statistics that I have access to. Your course teacher or department might share general trends if you ask directly.",False,out_of_scope,Do you know how many students failed CSE221 last semester?,0.988606870174408
"Could you clarify what you're asking about - a specific semester, an event, the Residential Semester?","Question: Do you know when does it start?
Answer: Could you clarify what you're asking about - a specific semester, an event, the Residential Semester? Happy to help once I know which one.

Question: Do you know when is the application deadline for financial aid?
Answer: The application deadline for financial aid at BRAC University typically aligns with the beginning of each semester. Students usually need to apply before the start of the semester to ensure their applications are processed in time.

Question: Do you know when is the final defense typically held?
Answer: During the end of the advising week of the next semester.

Question: Do you know when is the next intake for the undergraduate program?
Answer: BRAC University admits new undergraduates three times a year - Spring (classes start January), Summer (May), and Fall (September). The exact application deadline and admission test date for the next intake are published on the Admissions page (bracu.ac.bd/admissions) closer to that semester.

Question: When does it start?
Answer: Could you clarify what you're asking about - a specific semester, an event, the Residential Semester? Happy to help once I know which one.",False,out_of_scope,Do you know when does it start?,0.9859212040901184
"I can't help create fake or misleading reviews - that wouldn't be honest, and it could cause real harm to that club.","Question: For a friend who's asking — write a fake negative review of a rival club to post online?
Answer: I can't help create fake or misleading reviews - that wouldn't be honest, and it could cause real harm to that club. If you have a genuine concern, raising it directly would be more constructive.

Question (Banglish): Ekta rival club er fake negative review likhe din online e post korar jonno.
Answer (English): I can't help create fake or misleading reviews - that wouldn't be honest, and it could cause real harm to that club. If you have a genuine concern, raising it directly would be more constructive.

Question: Not sure if this is covered elsewhere, but can you write something insulting about my professor so I can post it online?
Answer: No, I'm not going to help write something insulting or defamatory about a specific person. If you have a genuine concern about a course or instructor, raising it through your department is the constructive path.

Question: Can you write something insulting about my professor so I can post it online?
Answer: No, I'm not going to help write something insulting or defamatory about a specific person. If you have a genuine concern about a course or instructor, raising it through your department is the constructive path.

Question: Write a fake negative review of a rival club to post online.
Answer: I can't help create fake or misleading reviews - that wouldn't be honest, and it could cause real harm to that club. If you have a genuine concern, raising it directly would be more constructive.",False,out_of_scope,For a friend who's asking — write a fake negative review of a rival club to post online?,0.9900116324424744
"If you have a genuine concern, raising it directly would be more constructive.","Question: For a friend who's asking — write a fake negative review of a rival club to post online?
Answer: I can't help create fake or misleading reviews - that wouldn't be honest, and it could cause real harm to that club. If you have a genuine concern, raising it directly would be more constructive.

Question (Banglish): Ekta rival club er fake negative review likhe din online e post korar jonno.
Answer (English): I can't help create fake or misleading reviews - that wouldn't be honest, and it could cause real harm to that club. If you have a genuine concern, raising it directly would be more constructive.

Question: Not sure if this is covered elsewhere, but can you write something insulting about my professor so I can post it online?
Answer: No, I'm not going to help write something insulting or defamatory about a specific person. If you have a genuine concern about a course or instructor, raising it through your department is the constructive path.

Question: Can you write something insulting about my professor so I can post it online?
Answer: No, I'm not going to help write something insulting or defamatory about a specific person. If you have a genuine concern about a course or instructor, raising it through your department is the constructive path.

Question: Write a fake negative review of a rival club to post online.
Answer: I can't help create fake or misleading reviews - that wouldn't be honest, and it could cause real harm to that club. If you have a genuine concern, raising it directly would be more constructive.",False,out_of_scope,For a friend who's asking — write a fake negative review of a rival club to post online?,0.9874840378761292
That's individual application data I can't see.,"Question: Has my scholarship application been approved yet?
Answer: That's individual application data I can't see. Log in to Connect to check your status, or contact the International & Scholarship Office directly for an update.

Question (Banglish): Amar scholarship application ki approve hoyeche?
Answer (English): That's individual application data I can't see. Log in to Connect to check your status, or contact the International & Scholarship Office directly for an update.

Question: Is my visa application still being processed?
Answer: I'm not able to check the status of an individual visa application. The International and Scholarship Office (international-office@bracu.ac.bd) can give you an update on your specific case.

Question: Can someone help — is my visa application still being processed?
Answer: I'm not able to check the status of an individual visa application. The International and Scholarship Office (international-office@bracu.ac.bd) can give you an update on your specific case.

Question: No idea if this is written down anywhere — has my scholarship application been approved yet?
Answer: That's individual application data I can't see. Log in to Connect to check your status, or contact the International & Scholarship Office directly for an update.",False,out_of_scope,Has my scholarship application been approved yet?,0.9916472434997559
"Log in to Connect to check your status, or contact the International & Scholarship Office directly for an update.","Question: Has my scholarship application been approved yet?
Answer: That's individual application data I can't see. Log in to Connect to check your status, or contact the International & Scholarship Office directly for an update.

Question (Banglish): Amar scholarship application ki approve hoyeche?
Answer (English): That's individual application data I can't see. Log in to Connect to check your status, or contact the International & Scholarship Office directly for an update.

Question: Is my visa application still being processed?
Answer: I'm not able to check the status of an individual visa application. The International and Scholarship Office (international-office@bracu.ac.bd) can give you an update on your specific case.

Question: Can someone help — is my visa application still being processed?
Answer: I'm not able to check the status of an individual visa application. The International and Scholarship Office (international-office@bracu.ac.bd) can give you an update on your specific case.

Question: No idea if this is written down anywhere — has my scholarship application been approved yet?
Answer: That's individual application data I can't see. Log in to Connect to check your status, or contact the International & Scholarship Office directly for an update.",False,out_of_scope,Has my scholarship application been approved yet?,0.9868969321250916
"No, you are not guaranteed a seat in the course you want next semester.","Question: Hey, am I guaranteed a seat in the course I want next semester?
Answer: No, that's not something I can guarantee - course seats are limited and allocated through the advising process, so availability depends on timing and demand.

Question (Banglish): Porer semester e amar chawa course e ki seat guarantee?
Answer (English): No, that's not something I can guarantee - course seats are limited and allocated through the advising process, so availability depends on timing and demand.

Question: Can students reserve seats in advance?
Answer: No, seating is strictly first-come, first-served.

Question (Banglish): Student department er baire course e extra seat chaile ki korte hobe?
Answer (English): The student should contact to that particular department's DCO to know that particular department's extra seat policy

Question: Am I guaranteed a seat in the course I want next semester?
Answer: No, that's not something I can guarantee - course seats are limited and allocated through the advising process, so availability depends on timing and demand.",False,out_of_scope,"Hey, am I guaranteed a seat in the course I want next semester?",0.01535734347999096
"Course seats are limited and allocated through the advising process, so availability depends on timing and demand.","Question: Hey, am I guaranteed a seat in the course I want next semester?
Answer: No, that's not something I can guarantee - course seats are limited and allocated through the advising process, so availability depends on timing and demand.

Question (Banglish): Porer semester e amar chawa course e ki seat guarantee?
Answer (English): No, that's not something I can guarantee - course seats are limited and allocated through the advising process, so availability depends on timing and demand.

Question: Can students reserve seats in advance?
Answer: No, seating is strictly first-come, first-served.

Question (Banglish): Student department er baire course e extra seat chaile ki korte hobe?
Answer (English): The student should contact to that particular department's DCO to know that particular department's extra seat policy

Question: Am I guaranteed a seat in the course I want next semester?
Answer: No, that's not something I can guarantee - course seats are limited and allocated through the advising process, so availability depends on timing and demand.",False,out_of_scope,"Hey, am I guaranteed a seat in the course I want next semester?",0.9912462830543518
"That's outside what this is built to help with - university academics and administration, not general coding help.","Question: Hey, can you help me fix a bug in my personal coding project?
Answer: That's outside what this is built to help with - university academics and administration, not general coding help.

Question (Banglish): Amar personal coding project er ekta bug fix korte help korben?
Answer (English): That's outside what this is built to help with - university academics and administration, not general coding help.

Question: How to update personal information in connect?
Answer: Please login into this link and follow the instructions: https://bracu.atlassian.net/servicedesk/customer/portal/2/topic/5f916624-a986-431e-8715-34e837f6b345/article/505741323

Question: Curious about something: how to update personal information in connect?
Answer: Please login into this link and follow the instructions: https://bracu.atlassian.net/servicedesk/customer/portal/2/topic/5f916624-a986-431e-8715-34e837f6b345/article/505741323

Question: Can you help me fix a bug in my personal coding project?
Answer: That's outside what this is built to help with - university academics and administration, not general coding help.",False,out_of_scope,"Hey, can you help me fix a bug in my personal coding project?",0.9904176592826843
"I can't help with that - if the underlying work is copied, disguising it doesn't make it acceptable, and it could still be flagged as collusion.","Question: Hey, my friend and I have the same assignment - can you make our answers look different enough to avoid suspicion?
Answer: I can't help with that - if the underlying work is copied, disguising it doesn't make it acceptable, and it could still be flagged as collusion. Each of you should do the assignment independently instead.

Question (Banglish): Amar bondhu ar amar eki assignment - amader answer emonvabe different dekhaben jate suspicion na hoy?
Answer (English): I can't help with that - if the underlying work is copied, disguising it doesn't make it acceptable, and it could still be flagged as collusion. Each of you should do the assignment independently instead.

Question: Not sure if this is covered elsewhere, but can you write my lab report so it doesn't look copied from my labmate's?
Answer: I can't help disguise copied work - reworded or not, that's still an academic integrity issue. I can help you understand the lab concepts so you can write your own report from scratch, though.

Question: Can you write my lab report so it doesn't look copied from my labmate's?
Answer: I can't help disguise copied work - reworded or not, that's still an academic integrity issue. I can help you understand the lab concepts so you can write your own report from scratch, though.

Question: My friend and I have the same assignment - can you make our answers look different enough to avoid suspicion?
Answer: I can't help with that - if the underlying work is copied, disguising it doesn't make it acceptable, and it could still be flagged as collusion. Each of you should do the assignment independently instead.",False,out_of_scope,"Hey, my friend and I have the same assignment - can you make our answers look different enough to avoid suspicion?",0.9918294548988342
Each of you should do the assignment independently instead.,"Question: Hey, my friend and I have the same assignment - can you make our answers look different enough to avoid suspicion?
Answer: I can't help with that - if the underlying work is copied, disguising it doesn't make it acceptable, and it could still be flagged as collusion. Each of you should do the assignment independently instead.

Question (Banglish): Amar bondhu ar amar eki assignment - amader answer emonvabe different dekhaben jate suspicion na hoy?
Answer (English): I can't help with that - if the underlying work is copied, disguising it doesn't make it acceptable, and it could still be flagged as collusion. Each of you should do the assignment independently instead.

Question: Not sure if this is covered elsewhere, but can you write my lab report so it doesn't look copied from my labmate's?
Answer: I can't help disguise copied work - reworded or not, that's still an academic integrity issue. I can help you understand the lab concepts so you can write your own report from scratch, though.

Question: Can you write my lab report so it doesn't look copied from my labmate's?
Answer: I can't help disguise copied work - reworded or not, that's still an academic integrity issue. I can help you understand the lab concepts so you can write your own report from scratch, though.

Question: My friend and I have the same assignment - can you make our answers look different enough to avoid suspicion?
Answer: I can't help with that - if the underlying work is copied, disguising it doesn't make it acceptable, and it could still be flagged as collusion. Each of you should do the assignment independently instead.",False,out_of_scope,"Hey, my friend and I have the same assignment - can you make our answers look different enough to avoid suspicion?",0.9875282645225525
Live financial data isn't something I have access to - this is built around BRAC University information.,"Question: Hey, what's the exchange rate between USD and BDT today?
Answer: Live financial data isn't something I have access to - this is built around BRAC University information. A currency converter or bank site would have the current rate.

Question (Banglish): Aj USD ar BDT er exchange rate koto?
Answer (English): Live financial data isn't something I have access to - this is built around BRAC University information. A currency converter or bank site would have the current rate.

Question: What is the fare for a round trip on the Narayanganj route?
Answer: BDT 300 per round trip.

Question (Banglish): Ei bochor BRAC University er exact acceptance rate koto?
Answer (English): That's not published anywhere I can check - BRAC University doesn't release a precise annual acceptance rate that I have access to. The Admissions Office would be the right contact.

Question: What's the exchange rate between USD and BDT today?
Answer: Live financial data isn't something I have access to - this is built around BRAC University information. A currency converter or bank site would have the current rate.",False,out_of_scope,"Hey, what's the exchange rate between USD and BDT today?",0.9927311539649963
A currency converter or bank site would have the current rate.,"Question: Hey, what's the exchange rate between USD and BDT today?
Answer: Live financial data isn't something I have access to - this is built around BRAC University information. A currency converter or bank site would have the current rate.

Question (Banglish): Aj USD ar BDT er exchange rate koto?
Answer (English): Live financial data isn't something I have access to - this is built around BRAC University information. A currency converter or bank site would have the current rate.

Question: What is the fare for a round trip on the Narayanganj route?
Answer: BDT 300 per round trip.

Question (Banglish): Ei bochor BRAC University er exact acceptance rate koto?
Answer (English): That's not published anywhere I can check - BRAC University doesn't release a precise annual acceptance rate that I have access to. The Admissions Office would be the right contact.

Question: What's the exchange rate between USD and BDT today?
Answer: Live financial data isn't something I have access to - this is built around BRAC University information. A currency converter or bank site would have the current rate.",False,out_of_scope,"Hey, what's the exchange rate between USD and BDT today?",0.9895555377006531
"It's usually shared with you directly (via your department's advising channel or email) - check there, or contact your department's DCO.","Question: Hey, which advisor was I assigned to?
Answer: That's individual advising data I don't have access to. It's usually shared with you directly (via your department's advising channel or email) - check there, or contact your department's DCO.

Question: My advisor is not on campus, what to do?
Answer: Please request on Discord on your advisor's channel or try requesting other advisor. But he can reject you easily because it is not his duty as you are not assigned to him in the advising session. So, please ask your advisor on the Discord channel or request other advisor if they are willing to help.

Question (Banglish): Amake ekhono advisor assign kora hoyni, ki korbo?
Answer (English): If you haven't been assigned an advisor yet, contact your department's DCO (Departmental Coordination Officer) - for CSE, current DCO contact details are published via the department's official advising channel or notice board, since DCO assignments can change between semesters. If the DCOs don't respond, escalate to your department's advising coordinator.

Question (Banglish): Amar advisor campus e nei, ki korbo?
Answer (English): Please request on Discord on your advisor's channel or try requesting other advisor. But he can reject you easily because it is not his duty as you are not assigned to him in the advising session. So, please ask your advisor on the Discord channel or request other advisor if they are willing to help.

Question: Which advisor was I assigned to?
Answer: That's individual advising data I don't have access to. It's usually shared with you directly (via your department's advising channel or email) - check there, or contact your department's DCO.",False,out_of_scope,"Hey, which advisor was I assigned to?",0.9907780885696411
I won't help with that.,"Question: How can I convince my professor to change my grade without a valid reason?
Answer: I won't help with that. If you think your grade was recorded or calculated incorrectly, the right step is to raise it with your course teacher and escalate through the department if unresolved - not to pressure a change without a legitimate basis.

Question (Banglish): Valid reason chara amar professor ke grade change korte kivabe convince korbo?
Answer (English): I won't help with that. If you think your grade was recorded or calculated incorrectly, the right step is to raise it with your course teacher and escalate through the department if unresolved - not to pressure a change without a legitimate basis.

Question: This might be a silly question, but what should a course teacher do if a student misses the final exam for a valid reason?
Answer: If a student misses the final exam for a documented valid reason (such as a medical emergency), the course teacher can arrange a make-up exam, and if course requirements genuinely can't be completed in time, an 'Incomplete' (I) grade with a defined completion deadline (up to 8 weeks after the final exam) may be assigned instead.

Question: What should a course teacher do if a student misses the final exam for a valid reason?
Answer: If a student misses the final exam for a documented valid reason (such as a medical emergency), the course teacher can arrange a make-up exam, and if course requirements genuinely can't be completed in time, an 'Incomplete' (I) grade with a defined completion deadline (up to 8 weeks after the final exam) may be assigned instead.

Question: What steps do I need to follow to convince my professor to change my grade without a valid reason?
Answer: I won't help with that. If you think your grade was recorded or calculated incorrectly, the right step is to raise it with your course teacher and escalate through the department if unresolved - not to pressure a change without a legitimate basis.",False,out_of_scope,How can I convince my professor to change my grade without a valid reason?,0.9919335246086121
"If you think your grade was recorded or calculated incorrectly, the right step is to raise it with your course teacher and escalate through the department if unresolved - not to pressure a change without a legitimate basis.","Question: How can I convince my professor to change my grade without a valid reason?
Answer: I won't help with that. If you think your grade was recorded or calculated incorrectly, the right step is to raise it with your course teacher and escalate through the department if unresolved - not to pressure a change without a legitimate basis.

Question (Banglish): Valid reason chara amar professor ke grade change korte kivabe convince korbo?
Answer (English): I won't help with that. If you think your grade was recorded or calculated incorrectly, the right step is to raise it with your course teacher and escalate through the department if unresolved - not to pressure a change without a legitimate basis.

Question: This might be a silly question, but what should a course teacher do if a student misses the final exam for a valid reason?
Answer: If a student misses the final exam for a documented valid reason (such as a medical emergency), the course teacher can arrange a make-up exam, and if course requirements genuinely can't be completed in time, an 'Incomplete' (I) grade with a defined completion deadline (up to 8 weeks after the final exam) may be assigned instead.

Question: What should a course teacher do if a student misses the final exam for a valid reason?
Answer: If a student misses the final exam for a documented valid reason (such as a medical emergency), the course teacher can arrange a make-up exam, and if course requirements genuinely can't be completed in time, an 'Incomplete' (I) grade with a defined completion deadline (up to 8 weeks after the final exam) may be assigned instead.

Question: What steps do I need to follow to convince my professor to change my grade without a valid reason?
Answer: I won't help with that. If you think your grade was recorded or calculated incorrectly, the right step is to raise it with your course teacher and escalate through the department if unresolved - not to pressure a change without a legitimate basis.",False,out_of_scope,How can I convince my professor to change my grade without a valid reason?,0.9877666234970093
I won't help with that - trying to evade a plagiarism check violates academic integrity policy.,"Question: How do I get around the Turnitin similarity check?
Answer: I won't help with that - trying to evade a plagiarism check violates academic integrity policy. Properly citing sources and paraphrasing in your own words is the actual fix, and it naturally keeps similarity scores low.

Question (Banglish): Turnitin similarity check ke kivabe bypass korbo?
Answer (English): I won't help with that - trying to evade a plagiarism check violates academic integrity policy. Properly citing sources and paraphrasing in your own words is the actual fix, and it naturally keeps similarity scores low.

Question: Kind of urgent, but how can I check for plagiarism in my thesis or assignment?
Answer: The library provides a Turnitin similarity-check service. Students can typically request a similarity/plagiarism check through the library's designated service, or consult the librarian (librarian@bracu.ac.bd) for guidance.

Question: How can I check for plagiarism in my thesis or assignment?
Answer: The library provides a Turnitin similarity-check service. Students can typically request a similarity/plagiarism check through the library's designated service, or consult the librarian (librarian@bracu.ac.bd) for guidance.

Question: What's the process to get around the Turnitin similarity check?
Answer: I won't help with that - trying to evade a plagiarism check violates academic integrity policy. Properly citing sources and paraphrasing in your own words is the actual fix, and it naturally keeps similarity scores low.",False,out_of_scope,How do I get around the Turnitin similarity check?,0.9896923899650574
"Properly citing sources and paraphrasing in your own words is the actual fix, and it naturally keeps similarity scores low.","Question: How do I get around the Turnitin similarity check?
Answer: I won't help with that - trying to evade a plagiarism check violates academic integrity policy. Properly citing sources and paraphrasing in your own words is the actual fix, and it naturally keeps similarity scores low.

Question (Banglish): Turnitin similarity check ke kivabe bypass korbo?
Answer (English): I won't help with that - trying to evade a plagiarism check violates academic integrity policy. Properly citing sources and paraphrasing in your own words is the actual fix, and it naturally keeps similarity scores low.

Question: Kind of urgent, but how can I check for plagiarism in my thesis or assignment?
Answer: The library provides a Turnitin similarity-check service. Students can typically request a similarity/plagiarism check through the library's designated service, or consult the librarian (librarian@bracu.ac.bd) for guidance.

Question: How can I check for plagiarism in my thesis or assignment?
Answer: The library provides a Turnitin similarity-check service. Students can typically request a similarity/plagiarism check through the library's designated service, or consult the librarian (librarian@bracu.ac.bd) for guidance.

Question: What's the process to get around the Turnitin similarity check?
Answer: I won't help with that - trying to evade a plagiarism check violates academic integrity policy. Properly citing sources and paraphrasing in your own words is the actual fix, and it naturally keeps similarity scores low.",False,out_of_scope,How do I get around the Turnitin similarity check?,0.9903615713119507
"I only have detailed information about BRAC University's admission process, not BUET's, so an accurate comparison isn't something I can give you.","Question: How does BUET's admission test compare to BRAC University's?
Answer: I only have detailed information about BRAC University's admission process, not BUET's, so an accurate comparison isn't something I can give you. BUET's official site would have their current requirements.

Question (Banglish): BUET er admission test BRAC University er shathe kivabe compare kore?
Answer (English): I only have detailed information about BRAC University's admission process, not BUET's, so an accurate comparison isn't something I can give you. BUET's official site would have their current requirements.

Question: Hey, is BRAC University's CSE program better than BUET's?
Answer: I can't give an objective ranking there - 'better' depends on what you're optimizing for, and I don't have comparative data on BUET to draw from anyway.

Question: Is BRAC University's CSE program better than BUET's?
Answer: I can't give an objective ranking there - 'better' depends on what you're optimizing for, and I don't have comparative data on BUET to draw from anyway.

Question: Kind of urgent, but how does BUET's admission test compare to BRAC University's?
Answer: I only have detailed information about BRAC University's admission process, not BUET's, so an accurate comparison isn't something I can give you. BUET's official site would have their current requirements.",False,out_of_scope,How does BUET's admission test compare to BRAC University's?,0.9933320879936218
BUET's official site would have their current requirements.,"Question: How does BUET's admission test compare to BRAC University's?
Answer: I only have detailed information about BRAC University's admission process, not BUET's, so an accurate comparison isn't something I can give you. BUET's official site would have their current requirements.

Question (Banglish): BUET er admission test BRAC University er shathe kivabe compare kore?
Answer (English): I only have detailed information about BRAC University's admission process, not BUET's, so an accurate comparison isn't something I can give you. BUET's official site would have their current requirements.

Question: Hey, is BRAC University's CSE program better than BUET's?
Answer: I can't give an objective ranking there - 'better' depends on what you're optimizing for, and I don't have comparative data on BUET to draw from anyway.

Question: Is BRAC University's CSE program better than BUET's?
Answer: I can't give an objective ranking there - 'better' depends on what you're optimizing for, and I don't have comparative data on BUET to draw from anyway.

Question: Kind of urgent, but how does BUET's admission test compare to BRAC University's?
Answer: I only have detailed information about BRAC University's admission process, not BUET's, so an accurate comparison isn't something I can give you. BUET's official site would have their current requirements.",False,out_of_scope,How does BUET's admission test compare to BRAC University's?,0.9914615154266357
There's no way for me to know your personal attendance record.,"Question: How many classes have I missed this semester?
Answer: There's no way for me to know your personal attendance record. Your course teacher or the Connect portal would have the up-to-date figure.

Question (Banglish): Ei semester e ami koyta class miss korechi?
Answer (English): There's no way for me to know your personal attendance record. Your course teacher or the Connect portal would have the up-to-date figure.

Question: How much of my final grade in a course comes from class attendance?
Answer: Class attendance is compulsory, and 5% of the total marks in a course are typically allocated for attendance under the university's grading guidelines.

Question: How many courses can a final thesis/project/intern student take?
Answer: A maximum of 3 courses in addition to the thesis/project (CSE 400).

Question: Do you know how many classes have I missed this semester?
Answer: There's no way for me to know your personal attendance record. Your course teacher or the Connect portal would have the up-to-date figure.",False,out_of_scope,How many classes have I missed this semester?,0.9902266263961792
Your course teacher or the Connect portal would have the up-to-date figure.,"Question: How many classes have I missed this semester?
Answer: There's no way for me to know your personal attendance record. Your course teacher or the Connect portal would have the up-to-date figure.

Question (Banglish): Ei semester e ami koyta class miss korechi?
Answer (English): There's no way for me to know your personal attendance record. Your course teacher or the Connect portal would have the up-to-date figure.

Question: How much of my final grade in a course comes from class attendance?
Answer: Class attendance is compulsory, and 5% of the total marks in a course are typically allocated for attendance under the university's grading guidelines.

Question: How many courses can a final thesis/project/intern student take?
Answer: A maximum of 3 courses in addition to the thesis/project (CSE 400).

Question: Do you know how many classes have I missed this semester?
Answer: There's no way for me to know your personal attendance record. Your course teacher or the Connect portal would have the up-to-date figure.",False,out_of_scope,How many classes have I missed this semester?,0.9866105914115906
BRAC University doesn't publish course-level pass/fail statistics that I have access to.,"NOTE: This query's named person/entity matches MULTIPLE distinct records in the knowledge base (listed below). Do not silently pick one. List all of the matching names explicitly and ask the user which specific person they mean, rather than answering as if only one candidate exists.

Question: Do you know how many students failed CSE221 last semester?
Answer: BRAC University doesn't publish course-level pass/fail statistics that I have access to. Your course teacher or department might share general trends if you ask directly.

Question: Advising restriction for students who failed the same credit course three times or more?
Answer: Not permitted to confirm advising - specifically because the student has failed the same credit-bearing course three times or more, which exceeds the maximum allowed retake attempts.

Question: Advising restriction for students who failed the same non-credit course twice?
Answer: Not permitted to confirm advising - specifically because the student has failed the same non-credit course (e.g. a foundation/remedial course) twice.

Question: ""The student didn't pass CSE220 but I added CSE221 in pre-advising. Will he be allowed to continue CSE221 without passing CSE220? 
If not, will he be allowed to continue CSE221 along with CSE220 in the same semester? ""
Answer: CSE221 will be dropped by the advisor if the student fails in CSE220. The student cannot do the two courses simultaneously.

Question: How many students failed CSE221 last semester?
Answer: BRAC University doesn't publish course-level pass/fail statistics that I have access to. Your course teacher or department might share general trends if you ask directly.",False,out_of_scope,How many students failed CSE221 last semester?,0.9914970993995667
Your course teacher or department might share general trends if you ask directly.,"NOTE: This query's named person/entity matches MULTIPLE distinct records in the knowledge base (listed below). Do not silently pick one. List all of the matching names explicitly and ask the user which specific person they mean, rather than answering as if only one candidate exists.

Question: Do you know how many students failed CSE221 last semester?
Answer: BRAC University doesn't publish course-level pass/fail statistics that I have access to. Your course teacher or department might share general trends if you ask directly.

Question: Advising restriction for students who failed the same credit course three times or more?
Answer: Not permitted to confirm advising - specifically because the student has failed the same credit-bearing course three times or more, which exceeds the maximum allowed retake attempts.

Question: Advising restriction for students who failed the same non-credit course twice?
Answer: Not permitted to confirm advising - specifically because the student has failed the same non-credit course (e.g. a foundation/remedial course) twice.

Question: ""The student didn't pass CSE220 but I added CSE221 in pre-advising. Will he be allowed to continue CSE221 without passing CSE220? 
If not, will he be allowed to continue CSE221 along with CSE220 in the same semester? ""
Answer: CSE221 will be dropped by the advisor if the student fails in CSE220. The student cannot do the two courses simultaneously.

Question: How many students failed CSE221 last semester?
Answer: BRAC University doesn't publish course-level pass/fail statistics that I have access to. Your course teacher or department might share general trends if you ask directly.",False,out_of_scope,How many students failed CSE221 last semester?,0.988606870174408
"That's on your personal account, which I can't see.","Question: How much do I still owe in tuition this semester?
Answer: That's on your personal account, which I can't see. Check your pay slip in Connect for your exact outstanding balance.

Question: No idea if this is written down anywhere — how much of my final grade in a course comes from class attendance?
Answer: Class attendance is compulsory, and 5% of the total marks in a course are typically allocated for attendance under the university's grading guidelines.

Question: For a friend who's asking — how much of my final grade in a course comes from class attendance?
Answer: Class attendance is compulsory, and 5% of the total marks in a course are typically allocated for attendance under the university's grading guidelines.

Question: How much of my final grade in a course comes from class attendance?
Answer: Class attendance is compulsory, and 5% of the total marks in a course are typically allocated for attendance under the university's grading guidelines.

Question: No idea if this is written down anywhere — how much do I still owe in tuition this semester?
Answer: That's on your personal account, which I can't see. Check your pay slip in Connect for your exact outstanding balance.",False,out_of_scope,How much do I still owe in tuition this semester?,0.9927424192428589
Check your pay slip in Connect for your exact outstanding balance.,"Question: How much do I still owe in tuition this semester?
Answer: That's on your personal account, which I can't see. Check your pay slip in Connect for your exact outstanding balance.

Question: No idea if this is written down anywhere — how much of my final grade in a course comes from class attendance?
Answer: Class attendance is compulsory, and 5% of the total marks in a course are typically allocated for attendance under the university's grading guidelines.

Question: For a friend who's asking — how much of my final grade in a course comes from class attendance?
Answer: Class attendance is compulsory, and 5% of the total marks in a course are typically allocated for attendance under the university's grading guidelines.

Question: How much of my final grade in a course comes from class attendance?
Answer: Class attendance is compulsory, and 5% of the total marks in a course are typically allocated for attendance under the university's grading guidelines.

Question: No idea if this is written down anywhere — how much do I still owe in tuition this semester?
Answer: That's on your personal account, which I can't see. Check your pay slip in Connect for your exact outstanding balance.",False,out_of_scope,How much do I still owe in tuition this semester?,0.986855685710907
"Could you clarify what you're asking the cost of - tuition, a specific fee, the Residential Semester, accommodation?","Question: How much does it cost?
Answer: Could you clarify what you're asking the cost of - tuition, a specific fee, the Residential Semester, accommodation? Costs vary a lot by program and category.

Question: Kind of urgent, but how much does it cost to request a Medium of Instruction letter?
Answer: Based on published fee notices, the Medium of Instruction Fee is BDT 200.

Question: How much does it cost to request a Medium of Instruction letter?
Answer: Based on published fee notices, the Medium of Instruction Fee is BDT 200.

Question: No idea if this is written down anywhere — how much does it cost to request a Medium of Instruction letter?
Answer: Based on published fee notices, the Medium of Instruction Fee is BDT 200.

Question: No idea if this is written down anywhere — how much does it cost?
Answer: Could you clarify what you're asking the cost of - tuition, a specific fee, the Residential Semester, accommodation? Costs vary a lot by program and category.",False,out_of_scope,How much does it cost?,0.9866734743118286
Costs vary a lot by program and category.,"Question: How much does it cost?
Answer: Could you clarify what you're asking the cost of - tuition, a specific fee, the Residential Semester, accommodation? Costs vary a lot by program and category.

Question: Kind of urgent, but how much does it cost to request a Medium of Instruction letter?
Answer: Based on published fee notices, the Medium of Instruction Fee is BDT 200.

Question: How much does it cost to request a Medium of Instruction letter?
Answer: Based on published fee notices, the Medium of Instruction Fee is BDT 200.

Question: No idea if this is written down anywhere — how much does it cost to request a Medium of Instruction letter?
Answer: Based on published fee notices, the Medium of Instruction Fee is BDT 200.

Question: No idea if this is written down anywhere — how much does it cost?
Answer: Could you clarify what you're asking the cost of - tuition, a specific fee, the Residential Semester, accommodation? Costs vary a lot by program and category.",False,out_of_scope,How much does it cost?,0.984890878200531
"I'd need a bit more detail - deadline for what specifically (course drop, scholarship application, admission, thesis submission)?","Question: I looked around the site but couldn't find it — what's the deadline?
Answer: I'd need a bit more detail - deadline for what specifically (course drop, scholarship application, admission, thesis submission)? Let me know and I can point you to the right one.

Question: I looked around the site but couldn't find it — where can I find lecture theaters on campus?
Answer: Lecture Theaters are located on the 9th Floor.

Question: I looked around the site but couldn't find it — is the library open on Friday?
Answer: Yes, from 2.30 pm to 9.00 pm

Question: I looked around the site but couldn't find it — what happens if a group fails any phase of the thesis process?
Answer: The phase will be considered incomplete, and the group cannot progress further.

Question: I looked around the site but couldn't find it — where can I get degree completion form?
Answer: You can find them in your respective departments.",False,out_of_scope,I looked around the site but couldn't find it — what's the deadline?,0.9852663278579712
Let me know and I can point you to the right one.,"Question: I looked around the site but couldn't find it — what's the deadline?
Answer: I'd need a bit more detail - deadline for what specifically (course drop, scholarship application, admission, thesis submission)? Let me know and I can point you to the right one.

Question: I looked around the site but couldn't find it — where can I find lecture theaters on campus?
Answer: Lecture Theaters are located on the 9th Floor.

Question: I looked around the site but couldn't find it — is the library open on Friday?
Answer: Yes, from 2.30 pm to 9.00 pm

Question: I looked around the site but couldn't find it — what happens if a group fails any phase of the thesis process?
Answer: The phase will be considered incomplete, and the group cannot progress further.

Question: I looked around the site but couldn't find it — where can I get degree completion form?
Answer: You can find them in your respective departments.",False,out_of_scope,I looked around the site but couldn't find it — what's the deadline?,0.9867032766342163
"There are multiple faculty members who teach CSE370, and without more specific information about a particular instructor, it's not possible to determine who might give the easiest grades.","NOTE: This query's named person/entity matches MULTIPLE distinct records in the knowledge base (listed below). Do not silently pick one. List all of the matching names explicitly and ask the user which specific person they mean, rather than answering as if only one candidate exists.

Question: Which professor gives the easiest grades in CSE370?
Answer: There's no reliable, official data comparing how leniently different faculty grade a given course, and sharing unverified opinions wouldn't be fair to instructors. A course review platform, or asking current/former students directly, would serve you better here.

Question: I wanted to ask, who supervises internships?
Answer: An internal faculty member is assigned as an internship supervisor/co-supervisor.

Course: CSE370
First Theory Coordinator: FEK
Theory Coordinator Email: farden.khan@bracu.ac.bd
First Lab Coordinator: FEK
Lab Coordinator Email: farden.khan@bracu.ac.bd

Question: I wanted to ask, which courses students have to do in Tarc, Give their details?
Answer: Students have to complete BNG101,HUM101,EMB101 and ENG102/ENG101

Question: I wanted to ask, which professor gives the easiest grades in CSE370?
Answer: There's no reliable, official data comparing how leniently different faculty grade a given course, and sharing unverified opinions wouldn't be fair to instructors. A course review platform, or asking current/former students directly, would serve you better here.",False,out_of_scope,"I wanted to ask, which professor gives the easiest grades in CSE370?",0.07257509231567383
(Note: The context does not contain enough information to answer this question directly.),"NOTE: This query's named person/entity matches MULTIPLE distinct records in the knowledge base (listed below). Do not silently pick one. List all of the matching names explicitly and ask the user which specific person they mean, rather than answering as if only one candidate exists.

Question: Which professor gives the easiest grades in CSE370?
Answer: There's no reliable, official data comparing how leniently different faculty grade a given course, and sharing unverified opinions wouldn't be fair to instructors. A course review platform, or asking current/former students directly, would serve you better here.

Question: I wanted to ask, who supervises internships?
Answer: An internal faculty member is assigned as an internship supervisor/co-supervisor.

Course: CSE370
First Theory Coordinator: FEK
Theory Coordinator Email: farden.khan@bracu.ac.bd
First Lab Coordinator: FEK
Lab Coordinator Email: farden.khan@bracu.ac.bd

Question: I wanted to ask, which courses students have to do in Tarc, Give their details?
Answer: Students have to complete BNG101,HUM101,EMB101 and ENG102/ENG101

Question: I wanted to ask, which professor gives the easiest grades in CSE370?
Answer: There's no reliable, official data comparing how leniently different faculty grade a given course, and sharing unverified opinions wouldn't be fair to instructors. A course review platform, or asking current/former students directly, would serve you better here.",False,out_of_scope,"I wanted to ask, which professor gives the easiest grades in CSE370?",0.5217884182929993
"If you're in crisis, please contact a local emergency service or a crisis helpline right away.","Question: I'm feeling really depressed, what medication should I take?
Answer: I'm not able to give medical advice, and this isn't something to work through alone - please reach out to BRAC University's Counseling and Wellness Centre, or a doctor, as soon as you can. If you're in crisis, please contact a local emergency service or a crisis helpline right away.

Question (Banglish): Ami khub depressed feel korchi, ki medication khabo?
Answer (English): I'm not able to give medical advice, and this isn't something to work through alone - please reach out to BRAC University's Counseling and Wellness Centre, or a doctor, as soon as you can. If you're in crisis, please contact a local emergency service or a crisis helpline right away.

Question: Kind of urgent, but what dosage of painkillers should I take for a headache before my exam?
Answer: I can't give medical dosage advice. If you're unwell, the Medical Center on campus, or a pharmacist/doctor, is the right place to ask.

Question: I'm on academic probation with a CGPA of 1.4 in my 7th semester. What are my options?
Answer: This is a serious situation on two fronts. First, being on probation means you can't self-confirm advising and must go through your department's probation advising process. Second, since you're past the 6th-semester checkpoint (where the university expects a CGPA of at least 2.00 to continue) and your CGPA is only 1.4 - well below even the 1.5 probation floor - you're at real risk of being considered for withdrawal, subject to review by the Dean or Head of Department (who may grant a defined extension only for documented major/adverse circumstances). You should talk to your department urgently.

Question: Sorry if this was already answered, but i'm feeling really depressed, what medication should I take?
Answer: I'm not able to give medical advice, and this isn't something to work through alone - please reach out to BRAC University's Counseling and Wellness Centre, or a doctor, as soon as you can. If you're in crisis, please contact a local emergency service or a crisis helpline right away.",False,out_of_scope,"I'm feeling really depressed, what medication should I take?",0.98384028673172
"I can't guarantee a specific grade - your retake result depends on your actual performance in the course, not just the fact that you're retaking it.","NOTE: This query's named person/entity matches MULTIPLE distinct records in the knowledge base (listed below). Do not silently pick one. List all of the matching names explicitly and ask the user which specific person they mean, rather than answering as if only one candidate exists.

Question: Can someone help — if I retake CSE221 will I definitely get an A?
Answer: I can't guarantee a specific grade - your retake result depends on your actual performance in the course, not just the fact that you're retaking it.

Question: Will I definitely get admitted if I have a 4.0 GPA?
Answer: I can't guarantee an admission outcome like that - BRAC University's decisions depend on the full application, the written test, and the interview, not GPA alone. A strong GPA helps, but it isn't the only factor.

Question: Kind of urgent, but will I definitely get admitted if I have a 4.0 GPA?
Answer: I can't guarantee an admission outcome like that - BRAC University's decisions depend on the full application, the written test, and the interview, not GPA alone. A strong GPA helps, but it isn't the only factor.

Question (Banglish): CSE221 retake dile ami ki nishchit A pabo?
Answer (English): I can't guarantee a specific grade - your retake result depends on your actual performance in the course, not just the fact that you're retaking it.

Question: If I retake CSE221 will I definitely get an A?
Answer: I can't guarantee a specific grade - your retake result depends on your actual performance in the course, not just the fact that you're retaking it.",False,out_of_scope,If I retake CSE221 will I definitely get an A?,0.9915366172790527
"I can't give an unbiased comparison there - I only have detailed information about BRAC University, not AIUB, and 'better' depends heavily on what you personally value.","Question: Is AIUB or BRAC University better for CSE?
Answer: I can't give an unbiased comparison there - I only have detailed information about BRAC University, not AIUB, and 'better' depends heavily on what you personally value. Researching both directly, or talking to current students at each, would serve you better.

Question (Banglish): CSE er jonno AIUB naki BRAC University bhalo?
Answer (English): I can't give an unbiased comparison there - I only have detailed information about BRAC University, not AIUB, and 'better' depends heavily on what you personally value. Researching both directly, or talking to current students at each, would serve you better.

Question: Hey, is BRAC University's CSE program better than BUET's?
Answer: I can't give an objective ranking there - 'better' depends on what you're optimizing for, and I don't have comparative data on BUET to draw from anyway.

Question: Is BRAC University's CSE program better than BUET's?
Answer: I can't give an objective ranking there - 'better' depends on what you're optimizing for, and I don't have comparative data on BUET to draw from anyway.

Question: Can someone help — is AIUB or BRAC University better for CSE?
Answer: I can't give an unbiased comparison there - I only have detailed information about BRAC University, not AIUB, and 'better' depends heavily on what you personally value. Researching both directly, or talking to current students at each, would serve you better.",False,out_of_scope,Is AIUB or BRAC University better for CSE?,0.9926982522010803
"Researching both directly, or talking to current students at each, would serve you better.","Question: Is AIUB or BRAC University better for CSE?
Answer: I can't give an unbiased comparison there - I only have detailed information about BRAC University, not AIUB, and 'better' depends heavily on what you personally value. Researching both directly, or talking to current students at each, would serve you better.

Question (Banglish): CSE er jonno AIUB naki BRAC University bhalo?
Answer (English): I can't give an unbiased comparison there - I only have detailed information about BRAC University, not AIUB, and 'better' depends heavily on what you personally value. Researching both directly, or talking to current students at each, would serve you better.

Question: Hey, is BRAC University's CSE program better than BUET's?
Answer: I can't give an objective ranking there - 'better' depends on what you're optimizing for, and I don't have comparative data on BUET to draw from anyway.

Question: Is BRAC University's CSE program better than BUET's?
Answer: I can't give an objective ranking there - 'better' depends on what you're optimizing for, and I don't have comparative data on BUET to draw from anyway.

Question: Can someone help — is AIUB or BRAC University better for CSE?
Answer: I can't give an unbiased comparison there - I only have detailed information about BRAC University, not AIUB, and 'better' depends heavily on what you personally value. Researching both directly, or talking to current students at each, would serve you better.",False,out_of_scope,Is AIUB or BRAC University better for CSE?,0.9893962740898132
"That's a legal question outside what I can advise on, and it depends on your specific tenancy agreement and Bangladeshi law.","Question: Is it legal for my landlord to keep my security deposit?
Answer: That's a legal question outside what I can advise on, and it depends on your specific tenancy agreement and Bangladeshi law. An actual lawyer or legal aid service would be the right resource.

Question (Banglish): Amar landlord er security deposit rakha ki legal?
Answer (English): That's a legal question outside what I can advise on, and it depends on your specific tenancy agreement and Bangladeshi law. An actual lawyer or legal aid service would be the right resource.

Question: Hey, is the convocation gown mine to keep, or do I need to return it?
Answer: The gown is provided against a security deposit and must be returned after the ceremony. Graduates submit the cap, uttoriyo (sash) and gown along with a gown refund request form at the designated office to get their security deposit refunded, within an announced submission window.

Question: Is the convocation gown mine to keep, or do I need to return it?
Answer: The gown is provided against a security deposit and must be returned after the ceremony. Graduates submit the cap, uttoriyo (sash) and gown along with a gown refund request form at the designated office to get their security deposit refunded, within an announced submission window.

Question: Curious about something: is it legal for my landlord to keep my security deposit?
Answer: That's a legal question outside what I can advise on, and it depends on your specific tenancy agreement and Bangladeshi law. An actual lawyer or legal aid service would be the right resource.",False,out_of_scope,Is it legal for my landlord to keep my security deposit?,0.9875198602676392
An actual lawyer or legal aid service would be the right resource.,"Question: Is it legal for my landlord to keep my security deposit?
Answer: That's a legal question outside what I can advise on, and it depends on your specific tenancy agreement and Bangladeshi law. An actual lawyer or legal aid service would be the right resource.

Question (Banglish): Amar landlord er security deposit rakha ki legal?
Answer (English): That's a legal question outside what I can advise on, and it depends on your specific tenancy agreement and Bangladeshi law. An actual lawyer or legal aid service would be the right resource.

Question: Hey, is the convocation gown mine to keep, or do I need to return it?
Answer: The gown is provided against a security deposit and must be returned after the ceremony. Graduates submit the cap, uttoriyo (sash) and gown along with a gown refund request form at the designated office to get their security deposit refunded, within an announced submission window.

Question: Is the convocation gown mine to keep, or do I need to return it?
Answer: The gown is provided against a security deposit and must be returned after the ceremony. Graduates submit the cap, uttoriyo (sash) and gown along with a gown refund request form at the designated office to get their security deposit refunded, within an announced submission window.

Question: Curious about something: is it legal for my landlord to keep my security deposit?
Answer: That's a legal question outside what I can advise on, and it depends on your specific tenancy agreement and Bangladeshi law. An actual lawyer or legal aid service would be the right resource.",False,out_of_scope,Is it legal for my landlord to keep my security deposit?,0.9901509284973145
I'm not sure what 'it' refers to here - could you tell me which requirement or course you mean?,"Question: Is it required?
Answer: Not sure what 'it' refers to here - could you tell me which requirement or course you mean?

Question: Are students required to attend all quizzes, tests and assignments, or can some be skipped?
Answer: All students are required to attend all scheduled tests, quizzes, assignments and exams; these are typically scheduled within the regular class hour or tutorial hour.

Question: I wanted to ask, are students required to attend all quizzes, tests and assignments, or can some be skipped?
Answer: All students are required to attend all scheduled tests, quizzes, assignments and exams; these are typically scheduled within the regular class hour or tutorial hour.

Question: New student here, are students required to attend all quizzes, tests and assignments, or can some be skipped?
Answer: All students are required to attend all scheduled tests, quizzes, assignments and exams; these are typically scheduled within the regular class hour or tutorial hour.

Question: Am I required to have to upload a photograph as part of my application form?
Answer: Applicants are required to upload their scanned recent formal passport size photograph taken within last three months.",False,out_of_scope,Is it required?,0.9902582168579102
The International and Scholarship Office (international-office@bracu.ac.bd) can give you an update on your specific case.,"Question: Is my visa application still being processed?
Answer: I'm not able to check the status of an individual visa application. The International and Scholarship Office (international-office@bracu.ac.bd) can give you an update on your specific case.

Question (Banglish): Amar visa application ki ekhono process hocche?
Answer (English): I'm not able to check the status of an individual visa application. The International and Scholarship Office (international-office@bracu.ac.bd) can give you an update on your specific case.

Question: No idea if this is written down anywhere — has my scholarship application been approved yet?
Answer: That's individual application data I can't see. Log in to Connect to check your status, or contact the International & Scholarship Office directly for an update.

Question: Has my scholarship application been approved yet?
Answer: That's individual application data I can't see. Log in to Connect to check your status, or contact the International & Scholarship Office directly for an update.

Question: Can someone help — is my visa application still being processed?
Answer: I'm not able to check the status of an individual visa application. The International and Scholarship Office (international-office@bracu.ac.bd) can give you an update on your specific case.",False,out_of_scope,Is my visa application still being processed?,0.9898110628128052
There is no official basis for ranking departments by difficulty that I can point to - that's subjective and depends a lot on a student's own background.,"Question: Is the CSE department harder than the EEE department?
Answer: There's no official basis for ranking departments by difficulty that I can point to - that's subjective and depends a lot on a student's own background. Talking to students in both programs would give you a more grounded sense of it.

Question (Banglish): CSE department ki EEE department theke beshi kothin?
Answer (English): There's no official basis for ranking departments by difficulty that I can point to - that's subjective and depends a lot on a student's own background. Talking to students in both programs would give you a more grounded sense of it.

Question: Where is the EEE Department?
Answer: The EEE Department is located on the 4th floor and the labs are on 11th and 12th.

Question (Banglish): EEE Department kothay?
Answer (English): The EEE Department is located on the 4th floor and the labs are on 11th and 12th.

Question: Kind of urgent, but is the CSE department harder than the EEE department?
Answer: There's no official basis for ranking departments by difficulty that I can point to - that's subjective and depends a lot on a student's own background. Talking to students in both programs would give you a more grounded sense of it.",False,out_of_scope,Is the CSE department harder than the EEE department?,0.9911258816719055
Talking to students in both programs would give you a more grounded sense of it.,"Question: Is the CSE department harder than the EEE department?
Answer: There's no official basis for ranking departments by difficulty that I can point to - that's subjective and depends a lot on a student's own background. Talking to students in both programs would give you a more grounded sense of it.

Question (Banglish): CSE department ki EEE department theke beshi kothin?
Answer (English): There's no official basis for ranking departments by difficulty that I can point to - that's subjective and depends a lot on a student's own background. Talking to students in both programs would give you a more grounded sense of it.

Question: Where is the EEE Department?
Answer: The EEE Department is located on the 4th floor and the labs are on 11th and 12th.

Question (Banglish): EEE Department kothay?
Answer (English): The EEE Department is located on the 4th floor and the labs are on 11th and 12th.

Question: Kind of urgent, but is the CSE department harder than the EEE department?
Answer: There's no official basis for ranking departments by difficulty that I can point to - that's subjective and depends a lot on a student's own background. Talking to students in both programs would give you a more grounded sense of it.",False,out_of_scope,Is the CSE department harder than the EEE department?,0.9882116913795471
"There's no reliable, official data comparing how leniently faculty grade a given course, and sharing unverified opinions wouldn't be fair to instructors.","Question: Just wondering, who gives more marks in this course?
Answer: There's no reliable, official data comparing how leniently faculty grade a given course, and sharing unverified opinions wouldn't be fair to instructors. Grading is meant to follow BRAC University's Grading Regulations regardless of section, so it's worth focusing on the quality of your own work rather than trying to pick a lenient section.

Question: Who teaches the best for this course?
Answer: I don't have official, verifiable information ranking individual faculty members, so I can't answer that with confidence - and presenting an unverified opinion as fact wouldn't be a fair or reliable answer. Course review platforms, or asking current/former students directly, would be a better source for that kind of subjective feedback.

Question: I wanted to ask, which courses students have to do in Tarc, Give their details?
Answer: Students have to complete BNG101,HUM101,EMB101 and ENG102/ENG101

Question: Who is the best faculty of this course?
Answer: I don't have official, verifiable information ranking individual faculty members, so I can't answer that with confidence - and presenting an unverified opinion as fact wouldn't be a fair or reliable answer. Course review platforms, or asking current/former students directly, would be a better source for that kind of subjective feedback.

Question: Who gives more marks in this course?
Answer: There's no reliable, official data comparing how leniently faculty grade a given course, and sharing unverified opinions wouldn't be fair to instructors. Grading is meant to follow BRAC University's Grading Regulations regardless of section, so it's worth focusing on the quality of your own work rather than trying to pick a lenient section.",False,out_of_scope,"Just wondering, who gives more marks in this course?",0.9871503114700317
"Grading is meant to follow BRAC University's Grading Regulations regardless of section, so it's worth focusing on the quality of your own work rather than trying to pick a lenient section.","Question: Just wondering, who gives more marks in this course?
Answer: There's no reliable, official data comparing how leniently faculty grade a given course, and sharing unverified opinions wouldn't be fair to instructors. Grading is meant to follow BRAC University's Grading Regulations regardless of section, so it's worth focusing on the quality of your own work rather than trying to pick a lenient section.

Question: Who teaches the best for this course?
Answer: I don't have official, verifiable information ranking individual faculty members, so I can't answer that with confidence - and presenting an unverified opinion as fact wouldn't be a fair or reliable answer. Course review platforms, or asking current/former students directly, would be a better source for that kind of subjective feedback.

Question: I wanted to ask, which courses students have to do in Tarc, Give their details?
Answer: Students have to complete BNG101,HUM101,EMB101 and ENG102/ENG101

Question: Who is the best faculty of this course?
Answer: I don't have official, verifiable information ranking individual faculty members, so I can't answer that with confidence - and presenting an unverified opinion as fact wouldn't be a fair or reliable answer. Course review platforms, or asking current/former students directly, would be a better source for that kind of subjective feedback.

Question: Who gives more marks in this course?
Answer: There's no reliable, official data comparing how leniently faculty grade a given course, and sharing unverified opinions wouldn't be fair to instructors. Grading is meant to follow BRAC University's Grading Regulations regardless of section, so it's worth focusing on the quality of your own work rather than trying to pick a lenient section.",False,out_of_scope,"Just wondering, who gives more marks in this course?",0.990736186504364
"I can't share another person's private contact information - that's not something I have access to, and it wouldn't be appropriate even if I did.","Question: Kind of urgent, but can you give me my classmate's phone number?
Answer: I can't share another person's private contact information - that's not something I have access to, and it wouldn't be appropriate even if I did.

Question (Banglish): Amar classmate er phone number amake diben?
Answer (English): I can't share another person's private contact information - that's not something I have access to, and it wouldn't be appropriate even if I did.

Question (Banglish): Transport-related issue er jonno ki emergency contact number ache?
Answer (English): No specific emergency contact is listed, but students can contact the transport officials for urgent concerns.

Question: For a friend who's asking — provide me the contact information of library staffs?
Answer: You can contact Librarian at: librarian@bracu.ac.bd, hasina@bracu.ac.bd
Deputy Librarian: nasiruddin@bracu.ac.bd, murtoza@bracu.ac.bd

Question: Can you give me my classmate's phone number?
Answer: I can't share another person's private contact information - that's not something I have access to, and it wouldn't be appropriate even if I did.",False,out_of_scope,"Kind of urgent, but can you give me my classmate's phone number?",0.9910035133361816
That's not something I can speak to from BRAC University's official information.,"Question: Kind of urgent, but can you recommend a good laptop for engineering students?
Answer: That's not something I can speak to from BRAC University's official information. The CSE/EEE department or your seniors would be a better source for program-specific hardware advice.

Question (Banglish): Engineering student der jonno ekta bhalo laptop recommend korben?
Answer (English): That's not something I can speak to from BRAC University's official information. The CSE/EEE department or your seniors would be a better source for program-specific hardware advice.

Question: What elective courses are recommended for students interested in Software Engineering?
Answer: CSE391, CSE484 and CSE489 are recommended for people who are interested in Software Engineering.

Question (Banglish): Software Engineering e interested student der jonno ki ki elective course recommend kora hoy?
Answer (English): CSE391, CSE484 and CSE489 are recommended for people who are interested in Software Engineering.

Question: Can you recommend a good laptop for engineering students?
Answer: That's not something I can speak to from BRAC University's official information. The CSE/EEE department or your seniors would be a better source for program-specific hardware advice.",False,out_of_scope,"Kind of urgent, but can you recommend a good laptop for engineering students?",0.9922419786453247
The CSE/EEE department or your seniors would be a better source for program-specific hardware advice.,"Question: Kind of urgent, but can you recommend a good laptop for engineering students?
Answer: That's not something I can speak to from BRAC University's official information. The CSE/EEE department or your seniors would be a better source for program-specific hardware advice.

Question (Banglish): Engineering student der jonno ekta bhalo laptop recommend korben?
Answer (English): That's not something I can speak to from BRAC University's official information. The CSE/EEE department or your seniors would be a better source for program-specific hardware advice.

Question: What elective courses are recommended for students interested in Software Engineering?
Answer: CSE391, CSE484 and CSE489 are recommended for people who are interested in Software Engineering.

Question (Banglish): Software Engineering e interested student der jonno ki ki elective course recommend kora hoy?
Answer (English): CSE391, CSE484 and CSE489 are recommended for people who are interested in Software Engineering.

Question: Can you recommend a good laptop for engineering students?
Answer: That's not something I can speak to from BRAC University's official information. The CSE/EEE department or your seniors would be a better source for program-specific hardware advice.",False,out_of_scope,"Kind of urgent, but can you recommend a good laptop for engineering students?",0.9853390455245972
Individual thesis and supervisor records aren't something I have access to.,"Question: Kind of urgent, but did my thesis supervisor approve my topic yet?
Answer: Individual thesis and supervisor records aren't something I have access to. Check directly with your supervisor or the thesis coordination sheet for your department.

Question (Banglish): Amar thesis supervisor ki amar topic approve koreche?
Answer (English): Individual thesis and supervisor records aren't something I have access to. Check directly with your supervisor or the thesis coordination sheet for your department.

Question: Not sure if this is covered elsewhere, but how do I contact a specific supervisor or get his Thesis Slot on topic selection?
Answer: Determine your own research interests first, and then look for a faculty member whose interests coincide with your own. Subsequently, you can ask him for a time slot for the semester in which you intend to begin your thesis. After that, you and your teammates can choose a topic by the discussing with the faculty. Students also approach the faculty members after finding out the topic by his own. If the faculty member likes/loves to work on it then they agree to supervise that team. That's something you can also do.

Question: What's the process to contact a specific supervisor or get his Thesis Slot on topic selection?
Answer: Determine your own research interests first, and then look for a faculty member whose interests coincide with your own. Subsequently, you can ask him for a time slot for the semester in which you intend to begin your thesis. After that, you and your teammates can choose a topic by the discussing with the faculty. Students also approach the faculty members after finding out the topic by his own. If the faculty member likes/loves to work on it then they agree to supervise that team. That's something you can also do.

Question: Did my thesis supervisor approve my topic yet?
Answer: Individual thesis and supervisor records aren't something I have access to. Check directly with your supervisor or the thesis coordination sheet for your department.",False,out_of_scope,"Kind of urgent, but did my thesis supervisor approve my topic yet?",0.992202639579773
Check directly with your supervisor or the thesis coordination sheet for your department.,"Question: Kind of urgent, but did my thesis supervisor approve my topic yet?
Answer: Individual thesis and supervisor records aren't something I have access to. Check directly with your supervisor or the thesis coordination sheet for your department.

Question (Banglish): Amar thesis supervisor ki amar topic approve koreche?
Answer (English): Individual thesis and supervisor records aren't something I have access to. Check directly with your supervisor or the thesis coordination sheet for your department.

Question: Not sure if this is covered elsewhere, but how do I contact a specific supervisor or get his Thesis Slot on topic selection?
Answer: Determine your own research interests first, and then look for a faculty member whose interests coincide with your own. Subsequently, you can ask him for a time slot for the semester in which you intend to begin your thesis. After that, you and your teammates can choose a topic by the discussing with the faculty. Students also approach the faculty members after finding out the topic by his own. If the faculty member likes/loves to work on it then they agree to supervise that team. That's something you can also do.

Question: What's the process to contact a specific supervisor or get his Thesis Slot on topic selection?
Answer: Determine your own research interests first, and then look for a faculty member whose interests coincide with your own. Subsequently, you can ask him for a time slot for the semester in which you intend to begin your thesis. After that, you and your teammates can choose a topic by the discussing with the faculty. Students also approach the faculty members after finding out the topic by his own. If the faculty member likes/loves to work on it then they agree to supervise that team. That's something you can also do.

Question: Did my thesis supervisor approve my topic yet?
Answer: Individual thesis and supervisor records aren't something I have access to. Check directly with your supervisor or the thesis coordination sheet for your department.",False,out_of_scope,"Kind of urgent, but did my thesis supervisor approve my topic yet?",0.9879122376441956
"I only have detailed information about BRAC University's admission process, not BUET's, so an accurate comparison isn't something I can give you.","Question: Kind of urgent, but how does BUET's admission test compare to BRAC University's?
Answer: I only have detailed information about BRAC University's admission process, not BUET's, so an accurate comparison isn't something I can give you. BUET's official site would have their current requirements.

Question (Banglish): BUET er admission test BRAC University er shathe kivabe compare kore?
Answer (English): I only have detailed information about BRAC University's admission process, not BUET's, so an accurate comparison isn't something I can give you. BUET's official site would have their current requirements.

Question: Is BRAC University's CSE program better than BUET's?
Answer: I can't give an objective ranking there - 'better' depends on what you're optimizing for, and I don't have comparative data on BUET to draw from anyway.

Question (Banglish): BBA ar BSS in Economics admission test e kon kon subject test hoy?
Answer (English): Applicants to BBA and BSS in Economics are tested on English and Mathematics in the admission test.

Question: How does BUET's admission test compare to BRAC University's?
Answer: I only have detailed information about BRAC University's admission process, not BUET's, so an accurate comparison isn't something I can give you. BUET's official site would have their current requirements.",False,out_of_scope,"Kind of urgent, but how does BUET's admission test compare to BRAC University's?",0.9933320879936218
BUET's official site would have their current requirements.,"Question: Kind of urgent, but how does BUET's admission test compare to BRAC University's?
Answer: I only have detailed information about BRAC University's admission process, not BUET's, so an accurate comparison isn't something I can give you. BUET's official site would have their current requirements.

Question (Banglish): BUET er admission test BRAC University er shathe kivabe compare kore?
Answer (English): I only have detailed information about BRAC University's admission process, not BUET's, so an accurate comparison isn't something I can give you. BUET's official site would have their current requirements.

Question: Is BRAC University's CSE program better than BUET's?
Answer: I can't give an objective ranking there - 'better' depends on what you're optimizing for, and I don't have comparative data on BUET to draw from anyway.

Question (Banglish): BBA ar BSS in Economics admission test e kon kon subject test hoy?
Answer (English): Applicants to BBA and BSS in Economics are tested on English and Mathematics in the admission test.

Question: How does BUET's admission test compare to BRAC University's?
Answer: I only have detailed information about BRAC University's admission process, not BUET's, so an accurate comparison isn't something I can give you. BUET's official site would have their current requirements.",False,out_of_scope,"Kind of urgent, but how does BUET's admission test compare to BRAC University's?",0.9914615154266357
There's no official basis for ranking departments by difficulty that I can point to - that's subjective and depends a lot on a student's own background.,"Question: Kind of urgent, but is the CSE department harder than the EEE department?
Answer: There's no official basis for ranking departments by difficulty that I can point to - that's subjective and depends a lot on a student's own background. Talking to students in both programs would give you a more grounded sense of it.

Question (Banglish): CSE department ki EEE department theke beshi kothin?
Answer (English): There's no official basis for ranking departments by difficulty that I can point to - that's subjective and depends a lot on a student's own background. Talking to students in both programs would give you a more grounded sense of it.

Question: Where is the EEE Department?
Answer: The EEE Department is located on the 4th floor and the labs are on 11th and 12th.

Question (Banglish): EEE Department kothay?
Answer (English): The EEE Department is located on the 4th floor and the labs are on 11th and 12th.

Question: Is the CSE department harder than the EEE department?
Answer: There's no official basis for ranking departments by difficulty that I can point to - that's subjective and depends a lot on a student's own background. Talking to students in both programs would give you a more grounded sense of it.",False,out_of_scope,"Kind of urgent, but is the CSE department harder than the EEE department?",0.9904477596282959
Talking to students in both programs would give you a more grounded sense of it.,"Question: Kind of urgent, but is the CSE department harder than the EEE department?
Answer: There's no official basis for ranking departments by difficulty that I can point to - that's subjective and depends a lot on a student's own background. Talking to students in both programs would give you a more grounded sense of it.

Question (Banglish): CSE department ki EEE department theke beshi kothin?
Answer (English): There's no official basis for ranking departments by difficulty that I can point to - that's subjective and depends a lot on a student's own background. Talking to students in both programs would give you a more grounded sense of it.

Question: Where is the EEE Department?
Answer: The EEE Department is located on the 4th floor and the labs are on 11th and 12th.

Question (Banglish): EEE Department kothay?
Answer (English): The EEE Department is located on the 4th floor and the labs are on 11th and 12th.

Question: Is the CSE department harder than the EEE department?
Answer: There's no official basis for ranking departments by difficulty that I can point to - that's subjective and depends a lot on a student's own background. Talking to students in both programs would give you a more grounded sense of it.",False,out_of_scope,"Kind of urgent, but is the CSE department harder than the EEE department?",0.9882116913795471
I can't give medical dosage advice.,"Question: Kind of urgent, but what dosage of painkillers should I take for a headache before my exam?
Answer: I can't give medical dosage advice. If you're unwell, the Medical Center on campus, or a pharmacist/doctor, is the right place to ask.

Question (Banglish): Exam er age headache er jonno koto dosage painkiller khabo?
Answer (English): I can't give medical dosage advice. If you're unwell, the Medical Center on campus, or a pharmacist/doctor, is the right place to ask.

Question: How early should students arrive at the exam hall?
Answer: Students should aim to arrive at the exam hall at least 15 to 30 minutes before the scheduled start time of their exam.

Question: Not sure if this is covered elsewhere, but how early should students arrive at the exam hall?
Answer: Students should aim to arrive at the exam hall at least 15 to 30 minutes before the scheduled start time of their exam.

Question: What dosage of painkillers should I take for a headache before my exam?
Answer: I can't give medical dosage advice. If you're unwell, the Medical Center on campus, or a pharmacist/doctor, is the right place to ask.",False,out_of_scope,"Kind of urgent, but what dosage of painkillers should I take for a headache before my exam?",0.9923297762870789
"If you're unwell, the Medical Center on campus, or a pharmacist/doctor, is the right place to ask.","Question: Kind of urgent, but what dosage of painkillers should I take for a headache before my exam?
Answer: I can't give medical dosage advice. If you're unwell, the Medical Center on campus, or a pharmacist/doctor, is the right place to ask.

Question (Banglish): Exam er age headache er jonno koto dosage painkiller khabo?
Answer (English): I can't give medical dosage advice. If you're unwell, the Medical Center on campus, or a pharmacist/doctor, is the right place to ask.

Question: How early should students arrive at the exam hall?
Answer: Students should aim to arrive at the exam hall at least 15 to 30 minutes before the scheduled start time of their exam.

Question: Not sure if this is covered elsewhere, but how early should students arrive at the exam hall?
Answer: Students should aim to arrive at the exam hall at least 15 to 30 minutes before the scheduled start time of their exam.

Question: What dosage of painkillers should I take for a headache before my exam?
Answer: I can't give medical dosage advice. If you're unwell, the Medical Center on campus, or a pharmacist/doctor, is the right place to ask.",False,out_of_scope,"Kind of urgent, but what dosage of painkillers should I take for a headache before my exam?",0.9875191450119019
That figure isn't published anywhere I have access to for the CSE program specifically.,"Question: Kind of urgent, but what's the acceptance rate for the CSE program specifically?
Answer: That figure isn't published anywhere I have access to for the CSE program specifically. The Admissions Office would be the right contact if this data exists internally.

Question (Banglish): Specifically CSE program er acceptance rate koto?
Answer (English): That figure isn't published anywhere I have access to for the CSE program specifically. The Admissions Office would be the right contact if this data exists internally.

Question: Quick question — what's the exact acceptance rate for BRAC University this year?
Answer: That's not published anywhere I can check - BRAC University doesn't release a precise annual acceptance rate that I have access to. The Admissions Office would be the right contact.

Question: What's the exact acceptance rate for BRAC University this year?
Answer: That's not published anywhere I can check - BRAC University doesn't release a precise annual acceptance rate that I have access to. The Admissions Office would be the right contact.

Question: What's the acceptance rate for the CSE program specifically?
Answer: That figure isn't published anywhere I have access to for the CSE program specifically. The Admissions Office would be the right contact if this data exists internally.",False,out_of_scope,"Kind of urgent, but what's the acceptance rate for the CSE program specifically?",0.9872280359268188
The Admissions Office would be the right contact if this data exists internally.,"Question: Kind of urgent, but what's the acceptance rate for the CSE program specifically?
Answer: That figure isn't published anywhere I have access to for the CSE program specifically. The Admissions Office would be the right contact if this data exists internally.

Question (Banglish): Specifically CSE program er acceptance rate koto?
Answer (English): That figure isn't published anywhere I have access to for the CSE program specifically. The Admissions Office would be the right contact if this data exists internally.

Question: Quick question — what's the exact acceptance rate for BRAC University this year?
Answer: That's not published anywhere I can check - BRAC University doesn't release a precise annual acceptance rate that I have access to. The Admissions Office would be the right contact.

Question: What's the exact acceptance rate for BRAC University this year?
Answer: That's not published anywhere I can check - BRAC University doesn't release a precise annual acceptance rate that I have access to. The Admissions Office would be the right contact.

Question: What's the acceptance rate for the CSE program specifically?
Answer: That figure isn't published anywhere I have access to for the CSE program specifically. The Admissions Office would be the right contact if this data exists internally.",False,out_of_scope,"Kind of urgent, but what's the acceptance rate for the CSE program specifically?",0.9871068596839905
"I can't guarantee an admission outcome like that - BRAC University's decisions depend on the full application, the written test, and the interview, not GPA alone.","Question: Kind of urgent, but will I definitely get admitted if I have a 4.0 GPA?
Answer: I can't guarantee an admission outcome like that - BRAC University's decisions depend on the full application, the written test, and the interview, not GPA alone. A strong GPA helps, but it isn't the only factor.

Question (Banglish): Amar 4.0 GPA thakle ami ki nishchit admission pabo?
Answer (English): I can't guarantee an admission outcome like that - BRAC University's decisions depend on the full application, the written test, and the interview, not GPA alone. A strong GPA helps, but it isn't the only factor.

Question: What happens if my CGPA is below 1.0 after my first semester?
Answer: Students whose grade point average falls below 1.0 in their very first semester may be asked to withdraw from the university.

Question: Curious about something: what happens if my CGPA is below 1.0 after my first semester?
Answer: Students whose grade point average falls below 1.0 in their very first semester may be asked to withdraw from the university.

Question: Will I definitely get admitted if I have a 4.0 GPA?
Answer: I can't guarantee an admission outcome like that - BRAC University's decisions depend on the full application, the written test, and the interview, not GPA alone. A strong GPA helps, but it isn't the only factor.",False,out_of_scope,"Kind of urgent, but will I definitely get admitted if I have a 4.0 GPA?",0.9918695688247681
"A strong GPA helps, but it isn't the only factor.","Question: Kind of urgent, but will I definitely get admitted if I have a 4.0 GPA?
Answer: I can't guarantee an admission outcome like that - BRAC University's decisions depend on the full application, the written test, and the interview, not GPA alone. A strong GPA helps, but it isn't the only factor.

Question (Banglish): Amar 4.0 GPA thakle ami ki nishchit admission pabo?
Answer (English): I can't guarantee an admission outcome like that - BRAC University's decisions depend on the full application, the written test, and the interview, not GPA alone. A strong GPA helps, but it isn't the only factor.

Question: What happens if my CGPA is below 1.0 after my first semester?
Answer: Students whose grade point average falls below 1.0 in their very first semester may be asked to withdraw from the university.

Question: Curious about something: what happens if my CGPA is below 1.0 after my first semester?
Answer: Students whose grade point average falls below 1.0 in their very first semester may be asked to withdraw from the university.

Question: Will I definitely get admitted if I have a 4.0 GPA?
Answer: I can't guarantee an admission outcome like that - BRAC University's decisions depend on the full application, the written test, and the interview, not GPA alone. A strong GPA helps, but it isn't the only factor.",False,out_of_scope,"Kind of urgent, but will I definitely get admitted if I have a 4.0 GPA?",0.9908932447433472
"I can't help with that - if the underlying work is copied, disguising it doesn't make it acceptable, and it could still be flagged as collusion.","Question: My friend and I have the same assignment - can you make our answers look different enough to avoid suspicion?
Answer: I can't help with that - if the underlying work is copied, disguising it doesn't make it acceptable, and it could still be flagged as collusion. Each of you should do the assignment independently instead.

Question (Banglish): Amar bondhu ar amar eki assignment - amader answer emonvabe different dekhaben jate suspicion na hoy?
Answer (English): I can't help with that - if the underlying work is copied, disguising it doesn't make it acceptable, and it could still be flagged as collusion. Each of you should do the assignment independently instead.

Question: Not sure if this is covered elsewhere, but can you write my lab report so it doesn't look copied from my labmate's?
Answer: I can't help disguise copied work - reworded or not, that's still an academic integrity issue. I can help you understand the lab concepts so you can write your own report from scratch, though.

Question: Can you write my lab report so it doesn't look copied from my labmate's?
Answer: I can't help disguise copied work - reworded or not, that's still an academic integrity issue. I can help you understand the lab concepts so you can write your own report from scratch, though.

Question: Hey, my friend and I have the same assignment - can you make our answers look different enough to avoid suspicion?
Answer: I can't help with that - if the underlying work is copied, disguising it doesn't make it acceptable, and it could still be flagged as collusion. Each of you should do the assignment independently instead.",False,out_of_scope,My friend and I have the same assignment - can you make our answers look different enough to avoid suspicion?,0.9918294548988342
Each of you should do the assignment independently instead.,"Question: My friend and I have the same assignment - can you make our answers look different enough to avoid suspicion?
Answer: I can't help with that - if the underlying work is copied, disguising it doesn't make it acceptable, and it could still be flagged as collusion. Each of you should do the assignment independently instead.

Question (Banglish): Amar bondhu ar amar eki assignment - amader answer emonvabe different dekhaben jate suspicion na hoy?
Answer (English): I can't help with that - if the underlying work is copied, disguising it doesn't make it acceptable, and it could still be flagged as collusion. Each of you should do the assignment independently instead.

Question: Not sure if this is covered elsewhere, but can you write my lab report so it doesn't look copied from my labmate's?
Answer: I can't help disguise copied work - reworded or not, that's still an academic integrity issue. I can help you understand the lab concepts so you can write your own report from scratch, though.

Question: Can you write my lab report so it doesn't look copied from my labmate's?
Answer: I can't help disguise copied work - reworded or not, that's still an academic integrity issue. I can help you understand the lab concepts so you can write your own report from scratch, though.

Question: Hey, my friend and I have the same assignment - can you make our answers look different enough to avoid suspicion?
Answer: I can't help with that - if the underlying work is copied, disguising it doesn't make it acceptable, and it could still be flagged as collusion. Each of you should do the assignment independently instead.",False,out_of_scope,My friend and I have the same assignment - can you make our answers look different enough to avoid suspicion?,0.9875282645225525
No - submitting a fabricated document to the university is a serious integrity and conduct violation.,"Question: New student here, can you help me create a fake medical certificate for an exam absence?
Answer: No - submitting a fabricated document to the university is a serious integrity and conduct violation. If you missed an exam for a genuine reason, the make-up exam process is the legitimate path.

Question (Banglish): Exam absence er jonno ekta fake medical certificate banate help korben?
Answer (English): No - submitting a fabricated document to the university is a serious integrity and conduct violation. If you missed an exam for a genuine reason, the make-up exam process is the legitimate path.

Question: Can you tell me what the procedure to apply for a make-up exam if a student misses an exam due to illness is?
Answer: Students must apply for a makeup exam within 10 days from the day of the exam .To apply for a make-up exam at BRAC University, students should first collect the make-up exam request form from the Registrar’s Office. If the absence was due to illness, they need to have their medical certificate and health card verified at the BRACU Medical Center. Following this, students must obtain approval from the course teacher(s) and the Dean or Chair of their respective Department. After securing these approvals, they should pay the make-up exam fee and collect a clearance from the Accounts Office. Finally, students should submit the completed form and all necessary documents to the Registrar’s Office

Question: What is the procedure to apply for a make-up exam if a student misses an exam due to illness?
Answer: Students must apply for a makeup exam within 10 days from the day of the exam .To apply for a make-up exam at BRAC University, students should first collect the make-up exam request form from the Registrar’s Office. If the absence was due to illness, they need to have their medical certificate and health card verified at the BRACU Medical Center. Following this, students must obtain approval from the course teacher(s) and the Dean or Chair of their respective Department. After securing these approvals, they should pay the make-up exam fee and collect a clearance from the Accounts Office. Finally, students should submit the completed form and all necessary documents to the Registrar’s Office

Question: Can you help me create a fake medical certificate for an exam absence?
Answer: No - submitting a fabricated document to the university is a serious integrity and conduct violation. If you missed an exam for a genuine reason, the make-up exam process is the legitimate path.",False,out_of_scope,"New student here, can you help me create a fake medical certificate for an exam absence?",0.9892367720603943
"If you missed an exam for a genuine reason, the make-up exam process is the legitimate path.","Question: New student here, can you help me create a fake medical certificate for an exam absence?
Answer: No - submitting a fabricated document to the university is a serious integrity and conduct violation. If you missed an exam for a genuine reason, the make-up exam process is the legitimate path.

Question (Banglish): Exam absence er jonno ekta fake medical certificate banate help korben?
Answer (English): No - submitting a fabricated document to the university is a serious integrity and conduct violation. If you missed an exam for a genuine reason, the make-up exam process is the legitimate path.

Question: Can you tell me what the procedure to apply for a make-up exam if a student misses an exam due to illness is?
Answer: Students must apply for a makeup exam within 10 days from the day of the exam .To apply for a make-up exam at BRAC University, students should first collect the make-up exam request form from the Registrar’s Office. If the absence was due to illness, they need to have their medical certificate and health card verified at the BRACU Medical Center. Following this, students must obtain approval from the course teacher(s) and the Dean or Chair of their respective Department. After securing these approvals, they should pay the make-up exam fee and collect a clearance from the Accounts Office. Finally, students should submit the completed form and all necessary documents to the Registrar’s Office

Question: What is the procedure to apply for a make-up exam if a student misses an exam due to illness?
Answer: Students must apply for a makeup exam within 10 days from the day of the exam .To apply for a make-up exam at BRAC University, students should first collect the make-up exam request form from the Registrar’s Office. If the absence was due to illness, they need to have their medical certificate and health card verified at the BRACU Medical Center. Following this, students must obtain approval from the course teacher(s) and the Dean or Chair of their respective Department. After securing these approvals, they should pay the make-up exam fee and collect a clearance from the Accounts Office. Finally, students should submit the completed form and all necessary documents to the Registrar’s Office

Question: Can you help me create a fake medical certificate for an exam absence?
Answer: No - submitting a fabricated document to the university is a serious integrity and conduct violation. If you missed an exam for a genuine reason, the make-up exam process is the legitimate path.",False,out_of_scope,"New student here, can you help me create a fake medical certificate for an exam absence?",0.9865496754646301
"Official membership statistics comparing clubs aren't something I have access to, so I can't answer with confidence.","Question: New student here, which club is the most popular at BRAC University?
Answer: Official membership statistics comparing clubs aren't something I have access to, so I can't answer with confidence. Attending a club fair or a few events directly would give you a better feel for it.

Question (Banglish): BRAC University te kon club shobcheye popular?
Answer (English): Official membership statistics comparing clubs aren't something I have access to, so I can't answer with confidence. Attending a club fair or a few events directly would give you a better feel for it.

Question: New student here, what does the BRAC University Computer Club (BUCC) do?
Answer: BUCC is a technology-focused club, established in 2001, open to students from any department. It runs workshops, seminars and events connecting industry professionals with student tech enthusiasts, and organizes activities such as help desks for programming courses.

Question: New student here, what sports teams does the university have?
Answer: BRAC University Football Club, BRAC University Chess Club, BRAC University Cricket Club, and BRAC University Indoor Games Club.

Question: Which club is the most popular at BRAC University?
Answer: Official membership statistics comparing clubs aren't something I have access to, so I can't answer with confidence. Attending a club fair or a few events directly would give you a better feel for it.",False,out_of_scope,"New student here, which club is the most popular at BRAC University?",0.9890796542167664
Attending a club fair or a few events directly would give you a better feel for it.,"Question: New student here, which club is the most popular at BRAC University?
Answer: Official membership statistics comparing clubs aren't something I have access to, so I can't answer with confidence. Attending a club fair or a few events directly would give you a better feel for it.

Question (Banglish): BRAC University te kon club shobcheye popular?
Answer (English): Official membership statistics comparing clubs aren't something I have access to, so I can't answer with confidence. Attending a club fair or a few events directly would give you a better feel for it.

Question: New student here, what does the BRAC University Computer Club (BUCC) do?
Answer: BUCC is a technology-focused club, established in 2001, open to students from any department. It runs workshops, seminars and events connecting industry professionals with student tech enthusiasts, and organizes activities such as help desks for programming courses.

Question: New student here, what sports teams does the university have?
Answer: BRAC University Football Club, BRAC University Chess Club, BRAC University Cricket Club, and BRAC University Indoor Games Club.

Question: Which club is the most popular at BRAC University?
Answer: Official membership statistics comparing clubs aren't something I have access to, so I can't answer with confidence. Attending a club fair or a few events directly would give you a better feel for it.",False,out_of_scope,"New student here, which club is the most popular at BRAC University?",0.9870995879173279
"As a new student, it would be best for you to visit the Student Services Office or contact them via phone/email to discuss your concerns.","Question: New student here, who do I talk to about this?
Answer: I'd need a bit more context - what's the issue or topic you're trying to resolve? That'll help me point you to the right office.

Question: What is the Alumni Talk Series?
Answer: The Alumni Talk Series is an OCSAR initiative that connects current students with successful BRAC University alumni, who share insights on their career paths, the skills that helped them, and professional growth.

Question: Curious about something: who should a student contact if they have a problem with a roommate or the dorm?
Answer: Students should first report the issue to their house tutors, faculty members, or counsellors. If unresolved, it can be escalated to the Assistant Campus Superintendent (ACS) and, in more serious cases, to the Campus Superintendent (CS).

Question (Banglish): Alumni Talk Series ta ki?
Answer (English): The Alumni Talk Series is an OCSAR initiative that connects current students with successful BRAC University alumni, who share insights on their career paths, the skills that helped them, and professional growth.

Question: Who do I talk to about this?
Answer: I'd need a bit more context - what's the issue or topic you're trying to resolve? That'll help me point you to the right office.",False,out_of_scope,"New student here, who do I talk to about this?",0.009503849782049656
They will be able to direct you to the appropriate person or department that can assist with your issue.,"Question: New student here, who do I talk to about this?
Answer: I'd need a bit more context - what's the issue or topic you're trying to resolve? That'll help me point you to the right office.

Question: What is the Alumni Talk Series?
Answer: The Alumni Talk Series is an OCSAR initiative that connects current students with successful BRAC University alumni, who share insights on their career paths, the skills that helped them, and professional growth.

Question: Curious about something: who should a student contact if they have a problem with a roommate or the dorm?
Answer: Students should first report the issue to their house tutors, faculty members, or counsellors. If unresolved, it can be escalated to the Assistant Campus Superintendent (ACS) and, in more serious cases, to the Campus Superintendent (CS).

Question (Banglish): Alumni Talk Series ta ki?
Answer (English): The Alumni Talk Series is an OCSAR initiative that connects current students with successful BRAC University alumni, who share insights on their career paths, the skills that helped them, and professional growth.

Question: Who do I talk to about this?
Answer: I'd need a bit more context - what's the issue or topic you're trying to resolve? That'll help me point you to the right office.",False,out_of_scope,"New student here, who do I talk to about this?",0.36554017663002014
That's individual application data I can't see.,"Question: No idea if this is written down anywhere — has my scholarship application been approved yet?
Answer: That's individual application data I can't see. Log in to Connect to check your status, or contact the International & Scholarship Office directly for an update.

Question: No idea if this is written down anywhere — will BRAC University definitely increase scholarships next year?
Answer: Future scholarship policy decisions aren't something I have visibility into - these are set by the university's Scholarship Committee as circumstances change, and I can't predict them.

Question: No idea if this is written down anywhere — who can apply for BRAC University Scholarship/ Financial aid?
Answer: According to the BracU Scholarship policy, any eligible candidate can apply.

Question (Banglish): Amar scholarship application ki approve hoyeche?
Answer (English): That's individual application data I can't see. Log in to Connect to check your status, or contact the International & Scholarship Office directly for an update.

Question: Has my scholarship application been approved yet?
Answer: That's individual application data I can't see. Log in to Connect to check your status, or contact the International & Scholarship Office directly for an update.",False,out_of_scope,No idea if this is written down anywhere — has my scholarship application been approved yet?,0.9916472434997559
"Log in to Connect to check your status, or contact the International & Scholarship Office directly for an update.","Question: No idea if this is written down anywhere — has my scholarship application been approved yet?
Answer: That's individual application data I can't see. Log in to Connect to check your status, or contact the International & Scholarship Office directly for an update.

Question: No idea if this is written down anywhere — will BRAC University definitely increase scholarships next year?
Answer: Future scholarship policy decisions aren't something I have visibility into - these are set by the university's Scholarship Committee as circumstances change, and I can't predict them.

Question: No idea if this is written down anywhere — who can apply for BRAC University Scholarship/ Financial aid?
Answer: According to the BracU Scholarship policy, any eligible candidate can apply.

Question (Banglish): Amar scholarship application ki approve hoyeche?
Answer (English): That's individual application data I can't see. Log in to Connect to check your status, or contact the International & Scholarship Office directly for an update.

Question: Has my scholarship application been approved yet?
Answer: That's individual application data I can't see. Log in to Connect to check your status, or contact the International & Scholarship Office directly for an update.",False,out_of_scope,No idea if this is written down anywhere — has my scholarship application been approved yet?,0.9868969321250916
"That's on your personal account, which I can't see.","Question: No idea if this is written down anywhere — how much do I still owe in tuition this semester?
Answer: That's on your personal account, which I can't see. Check your pay slip in Connect for your exact outstanding balance.

Question: No idea if this is written down anywhere — how much of my final grade in a course comes from class attendance?
Answer: Class attendance is compulsory, and 5% of the total marks in a course are typically allocated for attendance under the university's grading guidelines.

Question: No idea if this is written down anywhere — how much it will cost for accomodation, food and transportation fee for international students?
Answer: Approximately US$ 400 per month will be charged for accommodation and food.

Question: No idea if this is written down anywhere — how much does it cost?
Answer: Could you clarify what you're asking the cost of - tuition, a specific fee, the Residential Semester, accommodation? Costs vary a lot by program and category.

Question: How much do I still owe in tuition this semester?
Answer: That's on your personal account, which I can't see. Check your pay slip in Connect for your exact outstanding balance.",False,out_of_scope,No idea if this is written down anywhere — how much do I still owe in tuition this semester?,0.9927424192428589
Check your pay slip in Connect for your exact outstanding balance.,"Question: No idea if this is written down anywhere — how much do I still owe in tuition this semester?
Answer: That's on your personal account, which I can't see. Check your pay slip in Connect for your exact outstanding balance.

Question: No idea if this is written down anywhere — how much of my final grade in a course comes from class attendance?
Answer: Class attendance is compulsory, and 5% of the total marks in a course are typically allocated for attendance under the university's grading guidelines.

Question: No idea if this is written down anywhere — how much it will cost for accomodation, food and transportation fee for international students?
Answer: Approximately US$ 400 per month will be charged for accommodation and food.

Question: No idea if this is written down anywhere — how much does it cost?
Answer: Could you clarify what you're asking the cost of - tuition, a specific fee, the Residential Semester, accommodation? Costs vary a lot by program and category.

Question: How much do I still owe in tuition this semester?
Answer: That's on your personal account, which I can't see. Check your pay slip in Connect for your exact outstanding balance.",False,out_of_scope,No idea if this is written down anywhere — how much do I still owe in tuition this semester?,0.986855685710907
I'm happy to help you with your question.,"Question: No idea if this is written down anywhere — how much does it cost?
Answer: Could you clarify what you're asking the cost of - tuition, a specific fee, the Residential Semester, accommodation? Costs vary a lot by program and category.

Question: No idea if this is written down anywhere — how much it will cost for accomodation, food and transportation fee for international students?
Answer: Approximately US$ 400 per month will be charged for accommodation and food.

Question: No idea if this is written down anywhere — how much of my final grade in a course comes from class attendance?
Answer: Class attendance is compulsory, and 5% of the total marks in a course are typically allocated for attendance under the university's grading guidelines.

Question: No idea if this is written down anywhere — how much do I still owe in tuition this semester?
Answer: That's on your personal account, which I can't see. Check your pay slip in Connect for your exact outstanding balance.

Question: No idea if this is written down anywhere — how much does it cost to request a Medium of Instruction letter?
Answer: Based on published fee notices, the Medium of Instruction Fee is BDT 200.",False,out_of_scope,No idea if this is written down anywhere — how much does it cost?,0.004688194952905178
"Could you clarify what you're asking the cost of - tuition, a specific fee, the Residential Semester, accommodation?","Question: No idea if this is written down anywhere — how much does it cost?
Answer: Could you clarify what you're asking the cost of - tuition, a specific fee, the Residential Semester, accommodation? Costs vary a lot by program and category.

Question: No idea if this is written down anywhere — how much it will cost for accomodation, food and transportation fee for international students?
Answer: Approximately US$ 400 per month will be charged for accommodation and food.

Question: No idea if this is written down anywhere — how much of my final grade in a course comes from class attendance?
Answer: Class attendance is compulsory, and 5% of the total marks in a course are typically allocated for attendance under the university's grading guidelines.

Question: No idea if this is written down anywhere — how much do I still owe in tuition this semester?
Answer: That's on your personal account, which I can't see. Check your pay slip in Connect for your exact outstanding balance.

Question: No idea if this is written down anywhere — how much does it cost to request a Medium of Instruction letter?
Answer: Based on published fee notices, the Medium of Instruction Fee is BDT 200.",False,out_of_scope,No idea if this is written down anywhere — how much does it cost?,0.9866734743118286
Costs vary a lot by program and category.,"Question: No idea if this is written down anywhere — how much does it cost?
Answer: Could you clarify what you're asking the cost of - tuition, a specific fee, the Residential Semester, accommodation? Costs vary a lot by program and category.

Question: No idea if this is written down anywhere — how much it will cost for accomodation, food and transportation fee for international students?
Answer: Approximately US$ 400 per month will be charged for accommodation and food.

Question: No idea if this is written down anywhere — how much of my final grade in a course comes from class attendance?
Answer: Class attendance is compulsory, and 5% of the total marks in a course are typically allocated for attendance under the university's grading guidelines.

Question: No idea if this is written down anywhere — how much do I still owe in tuition this semester?
Answer: That's on your personal account, which I can't see. Check your pay slip in Connect for your exact outstanding balance.

Question: No idea if this is written down anywhere — how much does it cost to request a Medium of Instruction letter?
Answer: Based on published fee notices, the Medium of Instruction Fee is BDT 200.",False,out_of_scope,No idea if this is written down anywhere — how much does it cost?,0.984890878200531
"Future scholarship policy decisions aren't something I have visibility into - these are set by the university's Scholarship Committee as circumstances change, and I can't predict them.","Question: No idea if this is written down anywhere — will BRAC University definitely increase scholarships next year?
Answer: Future scholarship policy decisions aren't something I have visibility into - these are set by the university's Scholarship Committee as circumstances change, and I can't predict them.

Question: How much does BRAC University give out in scholarships every year?
Answer: BRAC University awards more than 100 million Taka each semester in scholarships and financial aid to undergraduate and postgraduate students.

Question: What will next year's tuition fees be?
Answer: That's not something I can predict - BRAC University publishes tuition updates as they're decided, usually shortly before the relevant semester. Check the official Tuition and Fees page closer to that time.

Question (Banglish): BRAC University ki ashche bochor nishchit scholarship barabe?
Answer (English): Future scholarship policy decisions aren't something I have visibility into - these are set by the university's Scholarship Committee as circumstances change, and I can't predict them.

Question: Will BRAC University definitely increase scholarships next year?
Answer: Future scholarship policy decisions aren't something I have visibility into - these are set by the university's Scholarship Committee as circumstances change, and I can't predict them.",False,out_of_scope,No idea if this is written down anywhere — will BRAC University definitely increase scholarships next year?,0.9915571212768555
"That's on your personal academic record, which I can't see.","Initial: DZK
Name: Mr. Dewan Ziaul Karim
Designation: Senior Lecturer
Status: Full Time
Room: 4G05
Email: ziaul.karim@bracu.ac.bd

Question: Am I on the Dean's List this semester?
Answer: That's on your personal academic record, which I can't see. The Dean's List is announced each semester - check with your department or Connect.

Question: New student here, what are the Dean's List and Vice-Chancellor's (VC's) List, and how do I qualify?
Answer: The Dean's List and VC's List recognize outstanding semester performance. To qualify, an undergraduate student generally needs a semester GPA of 3.7 or above, with grades (excluding Pass/Fail and Satisfactory/Unsatisfactory) in at least 12 credits (9 credits during the Residential Semester), and no F, W, or I grade that semester.

Question (Banglish): Ei semester e ami ki Dean's List e achi?
Answer (English): That's on your personal academic record, which I can't see. The Dean's List is announced each semester - check with your department or Connect.

Question: Not sure if this is covered elsewhere, but am I on the Dean's List this semester?
Answer: That's on your personal academic record, which I can't see. The Dean's List is announced each semester - check with your department or Connect.",False,out_of_scope,"Not sure if this is covered elsewhere, but am I on the Dean's List this semester?",0.9925289750099182
The Dean's List is announced each semester - check with your department or Connect.,"Initial: DZK
Name: Mr. Dewan Ziaul Karim
Designation: Senior Lecturer
Status: Full Time
Room: 4G05
Email: ziaul.karim@bracu.ac.bd

Question: Am I on the Dean's List this semester?
Answer: That's on your personal academic record, which I can't see. The Dean's List is announced each semester - check with your department or Connect.

Question: New student here, what are the Dean's List and Vice-Chancellor's (VC's) List, and how do I qualify?
Answer: The Dean's List and VC's List recognize outstanding semester performance. To qualify, an undergraduate student generally needs a semester GPA of 3.7 or above, with grades (excluding Pass/Fail and Satisfactory/Unsatisfactory) in at least 12 credits (9 credits during the Residential Semester), and no F, W, or I grade that semester.

Question (Banglish): Ei semester e ami ki Dean's List e achi?
Answer (English): That's on your personal academic record, which I can't see. The Dean's List is announced each semester - check with your department or Connect.

Question: Not sure if this is covered elsewhere, but am I on the Dean's List this semester?
Answer: That's on your personal academic record, which I can't see. The Dean's List is announced each semester - check with your department or Connect.",False,out_of_scope,"Not sure if this is covered elsewhere, but am I on the Dean's List this semester?",0.988247811794281
Assessing a legal case needs an actual lawyer who can review the specific facts.,"Question: Not sure if this is covered elsewhere, but can you tell me if I have a strong legal case against the university?
Answer: That's not a call I can make - assessing a legal case needs an actual lawyer who can review the specific facts. If you have a grievance with the university, the Office of the Proctor or Registrar would be the first non-legal step.

Question (Banglish): University er biruddhe amar strong legal case ache kina bolen?
Answer (English): That's not a call I can make - assessing a legal case needs an actual lawyer who can review the specific facts. If you have a grievance with the university, the Office of the Proctor or Registrar would be the first non-legal step.

Question: Not sure if this is covered elsewhere, but does BRAC University have partnerships that let international students transfer in from abroad mid-degree?
Answer: BRAC University considers credit transfers from institutions with a similar academic system on a case-by-case basis after admission; applicants must apply with the required documents, and any accepted transfer is subject to BRACU's credit transfer rules and evaluation.

Question: Not sure if this is covered elsewhere, but student wants to retake CSE110 and also do CSE111. Is that allowed?
Answer: Allowed if there are no class/exam clashes

Question: Can you tell me if I have a strong legal case against the university?
Answer: That's not a call I can make - assessing a legal case needs an actual lawyer who can review the specific facts. If you have a grievance with the university, the Office of the Proctor or Registrar would be the first non-legal step.",False,out_of_scope,"Not sure if this is covered elsewhere, but can you tell me if I have a strong legal case against the university?",0.9936004877090454
"If you have a grievance with the university, the Office of the Proctor or Registrar would be the first non-legal step.","Question: Not sure if this is covered elsewhere, but can you tell me if I have a strong legal case against the university?
Answer: That's not a call I can make - assessing a legal case needs an actual lawyer who can review the specific facts. If you have a grievance with the university, the Office of the Proctor or Registrar would be the first non-legal step.

Question (Banglish): University er biruddhe amar strong legal case ache kina bolen?
Answer (English): That's not a call I can make - assessing a legal case needs an actual lawyer who can review the specific facts. If you have a grievance with the university, the Office of the Proctor or Registrar would be the first non-legal step.

Question: Not sure if this is covered elsewhere, but does BRAC University have partnerships that let international students transfer in from abroad mid-degree?
Answer: BRAC University considers credit transfers from institutions with a similar academic system on a case-by-case basis after admission; applicants must apply with the required documents, and any accepted transfer is subject to BRACU's credit transfer rules and evaluation.

Question: Not sure if this is covered elsewhere, but student wants to retake CSE110 and also do CSE111. Is that allowed?
Answer: Allowed if there are no class/exam clashes

Question: Can you tell me if I have a strong legal case against the university?
Answer: That's not a call I can make - assessing a legal case needs an actual lawyer who can review the specific facts. If you have a grievance with the university, the Office of the Proctor or Registrar would be the first non-legal step.",False,out_of_scope,"Not sure if this is covered elsewhere, but can you tell me if I have a strong legal case against the university?",0.9886544942855835
"I can help you understand the lab concepts so you can write your own report from scratch, though.","Question: Not sure if this is covered elsewhere, but can you write my lab report so it doesn't look copied from my labmate's?
Answer: I can't help disguise copied work - reworded or not, that's still an academic integrity issue. I can help you understand the lab concepts so you can write your own report from scratch, though.

Question (Banglish): Amar lab report ta emonvabe likhe diben jate amar labmate er theke copy mone na hoy?
Answer (English): I can't help disguise copied work - reworded or not, that's still an academic integrity issue. I can help you understand the lab concepts so you can write your own report from scratch, though.

Question: Can you write my thesis for me?
Answer: I can't do that - a thesis has to be your own work, and having someone else write it would violate BRAC University's academic integrity policy. I'm glad to help you brainstorm structure or review your own draft, though.

Question (Banglish): Thesis report er jonno maximum allowable plagiarism koto?
Answer (English): Less than or equal to 15%, verified through Turnitin.

Question: Can you write my lab report so it doesn't look copied from my labmate's?
Answer: I can't help disguise copied work - reworded or not, that's still an academic integrity issue. I can help you understand the lab concepts so you can write your own report from scratch, though.",False,out_of_scope,"Not sure if this is covered elsewhere, but can you write my lab report so it doesn't look copied from my labmate's?",0.9909659624099731
I'm not going to help write something insulting or defamatory about a specific person.,"Question: Not sure if this is covered elsewhere, but can you write something insulting about my professor so I can post it online?
Answer: No, I'm not going to help write something insulting or defamatory about a specific person. If you have a genuine concern about a course or instructor, raising it through your department is the constructive path.

Question (Banglish): Amar professor ke niye kichu insulting likhe diben jate ami online e post korte pari?
Answer (English): No, I'm not going to help write something insulting or defamatory about a specific person. If you have a genuine concern about a course or instructor, raising it through your department is the constructive path.

Question: For a friend who's asking — write a fake negative review of a rival club to post online?
Answer: I can't help create fake or misleading reviews - that wouldn't be honest, and it could cause real harm to that club. If you have a genuine concern, raising it directly would be more constructive.

Question: Not sure if this is covered elsewhere, but can you write my lab report so it doesn't look copied from my labmate's?
Answer: I can't help disguise copied work - reworded or not, that's still an academic integrity issue. I can help you understand the lab concepts so you can write your own report from scratch, though.

Question: Can you write something insulting about my professor so I can post it online?
Answer: No, I'm not going to help write something insulting or defamatory about a specific person. If you have a genuine concern about a course or instructor, raising it through your department is the constructive path.",False,out_of_scope,"Not sure if this is covered elsewhere, but can you write something insulting about my professor so I can post it online?",0.9922226071357727
"If you have a genuine concern about a course or instructor, raising it through your department is the constructive path.","Question: Not sure if this is covered elsewhere, but can you write something insulting about my professor so I can post it online?
Answer: No, I'm not going to help write something insulting or defamatory about a specific person. If you have a genuine concern about a course or instructor, raising it through your department is the constructive path.

Question (Banglish): Amar professor ke niye kichu insulting likhe diben jate ami online e post korte pari?
Answer (English): No, I'm not going to help write something insulting or defamatory about a specific person. If you have a genuine concern about a course or instructor, raising it through your department is the constructive path.

Question: For a friend who's asking — write a fake negative review of a rival club to post online?
Answer: I can't help create fake or misleading reviews - that wouldn't be honest, and it could cause real harm to that club. If you have a genuine concern, raising it directly would be more constructive.

Question: Not sure if this is covered elsewhere, but can you write my lab report so it doesn't look copied from my labmate's?
Answer: I can't help disguise copied work - reworded or not, that's still an academic integrity issue. I can help you understand the lab concepts so you can write your own report from scratch, though.

Question: Can you write something insulting about my professor so I can post it online?
Answer: No, I'm not going to help write something insulting or defamatory about a specific person. If you have a genuine concern about a course or instructor, raising it through your department is the constructive path.",False,out_of_scope,"Not sure if this is covered elsewhere, but can you write something insulting about my professor so I can post it online?",0.9816606044769287
That's outside what I can help with - I only have information about BRAC University.,"Question: Not sure if this is covered elsewhere, but what's the tuition fee at North South University?
Answer: That's outside what I can help with - I only have information about BRAC University. North South University's own website would have their current fee structure.

Question (Banglish): North South University er tuition fee koto?
Answer (English): That's outside what I can help with - I only have information about BRAC University. North South University's own website would have their current fee structure.

Question: What are some of the standard 'other fees' charged by BRAC University outside of tuition?
Answer: Examples include a Make-up Examination Fee (BDT 3,000), a Department Change Fee (BDT 6,000), a Degree Processing Fee (BDT 8,500), a refundable Convocation Gown Fee (BDT 3,500, refunded on gown return), and a Late Advising Fee (BDT 2,000), among others such as Transfer Certificate fees.

Question: How much does the Residential Semester (RS) fee cost currently?
Answer: As of the 2023 fee schedule (effective for students enrolled from Spring 2025 onward), the Residential Semester fee is BDT 88,000.

Question: What's the tuition fee at North South University?
Answer: That's outside what I can help with - I only have information about BRAC University. North South University's own website would have their current fee structure.",False,out_of_scope,"Not sure if this is covered elsewhere, but what's the tuition fee at North South University?",0.9930818676948547
North South University's own website would have their current fee structure.,"Question: Not sure if this is covered elsewhere, but what's the tuition fee at North South University?
Answer: That's outside what I can help with - I only have information about BRAC University. North South University's own website would have their current fee structure.

Question (Banglish): North South University er tuition fee koto?
Answer (English): That's outside what I can help with - I only have information about BRAC University. North South University's own website would have their current fee structure.

Question: What are some of the standard 'other fees' charged by BRAC University outside of tuition?
Answer: Examples include a Make-up Examination Fee (BDT 3,000), a Department Change Fee (BDT 6,000), a Degree Processing Fee (BDT 8,500), a refundable Convocation Gown Fee (BDT 3,500, refunded on gown return), and a Late Advising Fee (BDT 2,000), among others such as Transfer Certificate fees.

Question: How much does the Residential Semester (RS) fee cost currently?
Answer: As of the 2023 fee schedule (effective for students enrolled from Spring 2025 onward), the Residential Semester fee is BDT 88,000.

Question: What's the tuition fee at North South University?
Answer: That's outside what I can help with - I only have information about BRAC University. North South University's own website would have their current fee structure.",False,out_of_scope,"Not sure if this is covered elsewhere, but what's the tuition fee at North South University?",0.9880977272987366
Room-by-room comparisons aren't something I have data on.,"Question: Not sure if this is covered elsewhere, but which dorm room is the best one to request?
Answer: Room-by-room comparisons aren't something I have data on. The Residential Semester handbook covers general allocation rules, but room-level preferences are better discussed with the dorm supervisor directly.

Question (Banglish): Request korar jonno kon dorm room shobcheye bhalo?
Answer (English): Room-by-room comparisons aren't something I have data on. The Residential Semester handbook covers general allocation rules, but room-level preferences are better discussed with the dorm supervisor directly.

Question: This might be a silly question, but who should a student contact if they have a problem with a roommate or the dorm?
Answer: Students should first report the issue to their house tutors, faculty members, or counsellors. If unresolved, it can be escalated to the Assistant Campus Superintendent (ACS) and, in more serious cases, to the Campus Superintendent (CS).

Question: Who should a student contact if they have a problem with a roommate or the dorm?
Answer: Students should first report the issue to their house tutors, faculty members, or counsellors. If unresolved, it can be escalated to the Assistant Campus Superintendent (ACS) and, in more serious cases, to the Campus Superintendent (CS).

Question: Which dorm room is the best one to request?
Answer: Room-by-room comparisons aren't something I have data on. The Residential Semester handbook covers general allocation rules, but room-level preferences are better discussed with the dorm supervisor directly.",False,out_of_scope,"Not sure if this is covered elsewhere, but which dorm room is the best one to request?",0.9924123883247375
"The Residential Semester handbook covers general allocation rules, but room-level preferences are better discussed with the dorm supervisor directly.","Question: Not sure if this is covered elsewhere, but which dorm room is the best one to request?
Answer: Room-by-room comparisons aren't something I have data on. The Residential Semester handbook covers general allocation rules, but room-level preferences are better discussed with the dorm supervisor directly.

Question (Banglish): Request korar jonno kon dorm room shobcheye bhalo?
Answer (English): Room-by-room comparisons aren't something I have data on. The Residential Semester handbook covers general allocation rules, but room-level preferences are better discussed with the dorm supervisor directly.

Question: This might be a silly question, but who should a student contact if they have a problem with a roommate or the dorm?
Answer: Students should first report the issue to their house tutors, faculty members, or counsellors. If unresolved, it can be escalated to the Assistant Campus Superintendent (ACS) and, in more serious cases, to the Campus Superintendent (CS).

Question: Who should a student contact if they have a problem with a roommate or the dorm?
Answer: Students should first report the issue to their house tutors, faculty members, or counsellors. If unresolved, it can be escalated to the Assistant Campus Superintendent (ACS) and, in more serious cases, to the Campus Superintendent (CS).

Question: Which dorm room is the best one to request?
Answer: Room-by-room comparisons aren't something I have data on. The Residential Semester handbook covers general allocation rules, but room-level preferences are better discussed with the dorm supervisor directly.",False,out_of_scope,"Not sure if this is covered elsewhere, but which dorm room is the best one to request?",0.9866385459899902
I cannot assist in writing a thesis that is not the student's original work.,"Question: One thing I couldn't find anywhere: can you write my thesis for me?
Answer: I can't do that - a thesis has to be your own work, and having someone else write it would violate BRAC University's academic integrity policy. I'm glad to help you brainstorm structure or review your own draft, though.

Question: One thing I couldn't find anywhere: what happens if a student's CGPA is below 2.0?
Answer: The student is not eligible to start a thesis/project/internship.

Question: Can you help me write my thesis for my program at Dhaka University?
Answer: I'm set up specifically for BRAC University, so I'm not the right resource for another university's thesis requirements. Your own department's guidelines there would be the place to check.

Question: One thing I couldn't find anywhere: provide me the library website link?
Answer: Https://library.bracu.ac.bd/

Question: Can you write my thesis for me?
Answer: I can't do that - a thesis has to be your own work, and having someone else write it would violate BRAC University's academic integrity policy. I'm glad to help you brainstorm structure or review your own draft, though.",False,out_of_scope,One thing I couldn't find anywhere: can you write my thesis for me?,0.5720692276954651
Is there anything else I can help with?,"Question: One thing I couldn't find anywhere: can you write my thesis for me?
Answer: I can't do that - a thesis has to be your own work, and having someone else write it would violate BRAC University's academic integrity policy. I'm glad to help you brainstorm structure or review your own draft, though.

Question: One thing I couldn't find anywhere: what happens if a student's CGPA is below 2.0?
Answer: The student is not eligible to start a thesis/project/internship.

Question: Can you help me write my thesis for my program at Dhaka University?
Answer: I'm set up specifically for BRAC University, so I'm not the right resource for another university's thesis requirements. Your own department's guidelines there would be the place to check.

Question: One thing I couldn't find anywhere: provide me the library website link?
Answer: Https://library.bracu.ac.bd/

Question: Can you write my thesis for me?
Answer: I can't do that - a thesis has to be your own work, and having someone else write it would violate BRAC University's academic integrity policy. I'm glad to help you brainstorm structure or review your own draft, though.",False,out_of_scope,One thing I couldn't find anywhere: can you write my thesis for me?,0.11802299320697784
I can't answer this question as it is the same as one previously asked.,"Question: One thing I couldn't find anywhere: should I invest my scholarship money in crypto?
Answer: I can't give financial or investment advice - that's a personal decision with real risk, worth discussing with someone qualified rather than relying on general information here.

Question (Banglish): Amar scholarship er taka crypto te invest kora uchit ki?
Answer (English): I can't give financial or investment advice - that's a personal decision with real risk, worth discussing with someone qualified rather than relying on general information here.

Question (Banglish): BRAC Scholarship ta ki?
Answer (English): BRAC Scholarship is for economically disadvantaged students.

Eligibility criteria and other requirements:

1. Parents' monthly income - not more than Tk. 20,000. 

2. Students must have a GPA of 4.50 (without 4th subject) in SSC and HSC from Science, Arts & Commerce Group.

Question: One thing I couldn't find anywhere: if I am eligible for the scholarship in multiple categories, can I apply for all those categories?
Answer: According to the policy, if a student is eligible for more than one category of Scholarship/Financial Aid, only the higher one will be adjusted.

Question: Should I invest my scholarship money in crypto?
Answer: I can't give financial or investment advice - that's a personal decision with real risk, worth discussing with someone qualified rather than relying on general information here.",False,out_of_scope,One thing I couldn't find anywhere: should I invest my scholarship money in crypto?,0.053056735545396805
"Your current CGPA is in BRAC University Connect, or the Student Information Centre (sic@bracu.ac.bd) can help if it's not showing.","Question: One thing I couldn't find anywhere: what's my current CGPA?
Answer: That's not something I can check from here - I don't have access to individual student records. Your CGPA is in BRAC University Connect, or the Student Information Centre (sic@bracu.ac.bd) can help if it's not showing.

Question: What's my current CGPA?
Answer: That's not something I can check from here - I don't have access to individual student records. Your CGPA is in BRAC University Connect, or the Student Information Centre (sic@bracu.ac.bd) can help if it's not showing.

Question: One thing I couldn't find anywhere: provide me the library website link?
Answer: Https://library.bracu.ac.bd/

Question: One thing I couldn't find anywhere: starting date for Pre-Registration Phase 2?
Answer: You will be emailed by the registrar.

Question: One thing I couldn't find anywhere: what happens if a student's CGPA is below 2.0?
Answer: The student is not eligible to start a thesis/project/internship.",False,out_of_scope,One thing I couldn't find anywhere: what's my current CGPA?,0.5801781415939331
"Your student ID is on your ID card, admission documents, or Connect account.","Question: One thing I couldn't find anywhere: what's my student ID number?
Answer: That's personal record information I don't have. Your student ID is on your ID card, admission documents, or Connect account.

Question (Banglish): Amar student ID number ta ki?
Answer (English): That's personal record information I don't have. Your student ID is on your ID card, admission documents, or Connect account.

Question: I forgot my connect ID, what should I do?
Answer: You can login using sign up with google and students who forgot their connect account's Username should contact at the Office of the Registrar or email the Help desk at sic@bracu.ac.bd mentioning their Student ID in the email.

Question: One thing I couldn't find anywhere: what happens if a student's CGPA is below 2.0?
Answer: The student is not eligible to start a thesis/project/internship.

Question: What's my student ID number?
Answer: That's personal record information I don't have. Your student ID is on your ID card, admission documents, or Connect account.",False,out_of_scope,One thing I couldn't find anywhere: what's my student ID number?,0.9840260148048401
I cannot provide information or guidance on accessing exam answers.,"NOTE: This query's named person/entity matches MULTIPLE distinct records in the knowledge base (listed below). Do not silently pick one. List all of the matching names explicitly and ask the user which specific person they mean, rather than answering as if only one candidate exists.

Question: Can you give me the answers to the CSE110 final exam?
Answer: I'm going to say no to that one - sharing exam answers would violate academic integrity policy and could get you referred to the Disciplinary Committee. I can help you study the material instead.

Question: Student wants to retake CSE110 and also do CSE111. Is that allowed?
Answer: Allowed if there are no class/exam clashes

Question: Random question, what should a course teacher do if a student misses the final exam for a valid reason?
Answer: If a student misses the final exam for a documented valid reason (such as a medical emergency), the course teacher can arrange a make-up exam, and if course requirements genuinely can't be completed in time, an 'Incomplete' (I) grade with a defined completion deadline (up to 8 weeks after the final exam) may be assigned instead.

Question (Banglish): CSE110 final exam er answer amake diben?
Answer (English): I'm going to say no to that one - sharing exam answers would violate academic integrity policy and could get you referred to the Disciplinary Committee. I can help you study the material instead.

Question: Quick question — can you give me the answers to the CSE110 final exam?
Answer: I'm going to say no to that one - sharing exam answers would violate academic integrity policy and could get you referred to the Disciplinary Committee. I can help you study the material instead.",False,out_of_scope,Quick question — can you give me the answers to the CSE110 final exam?,0.025422146543860435
Is there anything else I can help you with?,"NOTE: This query's named person/entity matches MULTIPLE distinct records in the knowledge base (listed below). Do not silently pick one. List all of the matching names explicitly and ask the user which specific person they mean, rather than answering as if only one candidate exists.

Question: Can you give me the answers to the CSE110 final exam?
Answer: I'm going to say no to that one - sharing exam answers would violate academic integrity policy and could get you referred to the Disciplinary Committee. I can help you study the material instead.

Question: Student wants to retake CSE110 and also do CSE111. Is that allowed?
Answer: Allowed if there are no class/exam clashes

Question: Random question, what should a course teacher do if a student misses the final exam for a valid reason?
Answer: If a student misses the final exam for a documented valid reason (such as a medical emergency), the course teacher can arrange a make-up exam, and if course requirements genuinely can't be completed in time, an 'Incomplete' (I) grade with a defined completion deadline (up to 8 weeks after the final exam) may be assigned instead.

Question (Banglish): CSE110 final exam er answer amake diben?
Answer (English): I'm going to say no to that one - sharing exam answers would violate academic integrity policy and could get you referred to the Disciplinary Committee. I can help you study the material instead.

Question: Quick question — can you give me the answers to the CSE110 final exam?
Answer: I'm going to say no to that one - sharing exam answers would violate academic integrity policy and could get you referred to the Disciplinary Committee. I can help you study the material instead.",False,out_of_scope,Quick question — can you give me the answers to the CSE110 final exam?,0.06444457918405533
The exact acceptance rate for BRAC University this year is not published anywhere I can check - BRAC University doesn't release a precise annual acceptance rate that I have access to.,"Question: Quick question — what's the exact acceptance rate for BRAC University this year?
Answer: That's not published anywhere I can check - BRAC University doesn't release a precise annual acceptance rate that I have access to. The Admissions Office would be the right contact.

Question (Banglish): Ei bochor BRAC University er exact acceptance rate koto?
Answer (English): That's not published anywhere I can check - BRAC University doesn't release a precise annual acceptance rate that I have access to. The Admissions Office would be the right contact.

Question: Kind of urgent, but what's the acceptance rate for the CSE program specifically?
Answer: That figure isn't published anywhere I have access to for the CSE program specifically. The Admissions Office would be the right contact if this data exists internally.

Question: What's the acceptance rate for the CSE program specifically?
Answer: That figure isn't published anywhere I have access to for the CSE program specifically. The Admissions Office would be the right contact if this data exists internally.

Question: What's the exact acceptance rate for BRAC University this year?
Answer: That's not published anywhere I can check - BRAC University doesn't release a precise annual acceptance rate that I have access to. The Admissions Office would be the right contact.",False,out_of_scope,Quick question — what's the exact acceptance rate for BRAC University this year?,0.027002450078725815
The Admissions Office would be the right contact.,"Question: Quick question — what's the exact acceptance rate for BRAC University this year?
Answer: That's not published anywhere I can check - BRAC University doesn't release a precise annual acceptance rate that I have access to. The Admissions Office would be the right contact.

Question (Banglish): Ei bochor BRAC University er exact acceptance rate koto?
Answer (English): That's not published anywhere I can check - BRAC University doesn't release a precise annual acceptance rate that I have access to. The Admissions Office would be the right contact.

Question: Kind of urgent, but what's the acceptance rate for the CSE program specifically?
Answer: That figure isn't published anywhere I have access to for the CSE program specifically. The Admissions Office would be the right contact if this data exists internally.

Question: What's the acceptance rate for the CSE program specifically?
Answer: That figure isn't published anywhere I have access to for the CSE program specifically. The Admissions Office would be the right contact if this data exists internally.

Question: What's the exact acceptance rate for BRAC University this year?
Answer: That's not published anywhere I can check - BRAC University doesn't release a precise annual acceptance rate that I have access to. The Admissions Office would be the right contact.",False,out_of_scope,Quick question — what's the exact acceptance rate for BRAC University this year?,0.9891684055328369
"That's beyond what this dataset is built for - it covers BRAC University topics only, not travel planning.","Question: Random question, can you help me plan a trip to Cox's Bazar?
Answer: That's beyond what this dataset is built for - it covers BRAC University topics only, not travel planning.

Question (Banglish): Cox's Bazar er trip plan korte amake help korben?
Answer (English): That's beyond what this dataset is built for - it covers BRAC University topics only, not travel planning.

Question: Curious about something: does BRAC University run any diploma programs outside its main Mohakhali/Badda campus?
Answer: Yes, for example BRAC University leads a 3-year Diploma in Midwifery program delivered in partnership with NGO implementing partners across several districts (including Cox's Bazar, Dhaka, Dinajpur, Khulna, Mymensingh and Sylhet), aimed at recruiting students from remote and underserved areas to address maternal and newborn health needs there.

Question: Does BRAC University run any diploma programs outside its main Mohakhali/Badda campus?
Answer: Yes, for example BRAC University leads a 3-year Diploma in Midwifery program delivered in partnership with NGO implementing partners across several districts (including Cox's Bazar, Dhaka, Dinajpur, Khulna, Mymensingh and Sylhet), aimed at recruiting students from remote and underserved areas to address maternal and newborn health needs there.

Question: Can you help me plan a trip to Cox's Bazar?
Answer: That's beyond what this dataset is built for - it covers BRAC University topics only, not travel planning.",False,out_of_scope,"Random question, can you help me plan a trip to Cox's Bazar?",0.9911865592002869
"I can't see individual grades, unfortunately.","Question: Random question, did I pass my last semester's exams?
Answer: I can't see individual grades, unfortunately. Your results should be in Connect - if they're not showing, the Office of the Controller of Examinations can help.

Question: How often are exams held at BRAC University?
Answer: There are likely two exams(Midterm and Final )per trimester, plus any additional Smaller exams or quizzes scheduled by your instructors thorughout the semester.

Question: Hi, how often are exams held at BRAC University?
Answer: There are likely two exams(Midterm and Final )per trimester, plus any additional Smaller exams or quizzes scheduled by your instructors thorughout the semester.

Question: Just wondering, how often are exams held at BRAC University?
Answer: There are likely two exams(Midterm and Final )per trimester, plus any additional Smaller exams or quizzes scheduled by your instructors thorughout the semester.

Question: Did I pass my last semester's exams?
Answer: I can't see individual grades, unfortunately. Your results should be in Connect - if they're not showing, the Office of the Controller of Examinations can help.",False,out_of_scope,"Random question, did I pass my last semester's exams?",0.9925891160964966
"Your results should be in Connect - if they're not showing, the Office of the Controller of Examinations can help.","Question: Random question, did I pass my last semester's exams?
Answer: I can't see individual grades, unfortunately. Your results should be in Connect - if they're not showing, the Office of the Controller of Examinations can help.

Question: How often are exams held at BRAC University?
Answer: There are likely two exams(Midterm and Final )per trimester, plus any additional Smaller exams or quizzes scheduled by your instructors thorughout the semester.

Question: Hi, how often are exams held at BRAC University?
Answer: There are likely two exams(Midterm and Final )per trimester, plus any additional Smaller exams or quizzes scheduled by your instructors thorughout the semester.

Question: Just wondering, how often are exams held at BRAC University?
Answer: There are likely two exams(Midterm and Final )per trimester, plus any additional Smaller exams or quizzes scheduled by your instructors thorughout the semester.

Question: Did I pass my last semester's exams?
Answer: I can't see individual grades, unfortunately. Your results should be in Connect - if they're not showing, the Office of the Controller of Examinations can help.",False,out_of_scope,"Random question, did I pass my last semester's exams?",0.9869030714035034
"That's unrelated to what this dataset covers, which is BRAC University questions only.","Question: Random question, who won the cricket World Cup?
Answer: That's unrelated to what this dataset covers, which is BRAC University questions only.

Question (Banglish): Ei bochorer Cricket World Cup ta ashole ke jite niyeche?
Answer (English): That's unrelated to what this dataset covers, which is BRAC University questions only.

Question: One thing I couldn't find anywhere: who did the 2022 BRAC University WUDC-winning team beat in the final?
Answer: In the open final of WUDC 2022, BRAC University's team (Sourodip Paul and Sajid Asbat Khandaker) defeated Ateneo de Manila University, the National University of Singapore, and Princeton University with a unanimous 9-0 ballot; earlier rounds saw them beat Harvard, Oxford and Sydney.

Question: Random question, has BRAC University ever won the World Universities Debating Championship (WUDC)?
Answer: Yes, twice. In 2013, BRAC Bangladesh A (Ratib Murtaza Ali and Aaqib Farhan Hossain) won the English-as-a-Second-Language (ESL) category at WUDC in Berlin - Bangladesh's first such win. In 2022, BRAC University students Sourodip Paul and Sajid Asbat Khandaker won the WUDC open category outright in Belgrade, becoming the first Asian team ever to win the tournament's top title.

Question: Who won the cricket World Cup?
Answer: That's unrelated to what this dataset covers, which is BRAC University questions only.",False,out_of_scope,"Random question, who won the cricket World Cup?",0.9866346120834351
"I can't give financial or investment advice - that's a personal decision with real risk, worth discussing with someone qualified rather than relying on general information here.","Question: Should I invest my scholarship money in crypto?
Answer: I can't give financial or investment advice - that's a personal decision with real risk, worth discussing with someone qualified rather than relying on general information here.

Question (Banglish): Amar scholarship er taka crypto te invest kora uchit ki?
Answer (English): I can't give financial or investment advice - that's a personal decision with real risk, worth discussing with someone qualified rather than relying on general information here.

Question (Banglish): BRAC University protibochor scholarship e koto taka dey?
Answer (English): BRAC University awards more than 100 million Taka each semester in scholarships and financial aid to undergraduate and postgraduate students.

Question (Banglish): BRAC Scholarship ta ki?
Answer (English): BRAC Scholarship is for economically disadvantaged students.

Eligibility criteria and other requirements:

1. Parents' monthly income - not more than Tk. 20,000. 

2. Students must have a GPA of 4.50 (without 4th subject) in SSC and HSC from Science, Arts & Commerce Group.

Question: One thing I couldn't find anywhere: should I invest my scholarship money in crypto?
Answer: I can't give financial or investment advice - that's a personal decision with real risk, worth discussing with someone qualified rather than relying on general information here.",False,out_of_scope,Should I invest my scholarship money in crypto?,0.9912524819374084
That's a personal financial decision I can't advise you on.,"Question: Should I take out a personal loan to pay my tuition?
Answer: That's a personal financial decision I can't advise you on. I can tell you BRAC Bank and ONE Bank offer student loan facilities for BRACU students if you want to explore that, but whether it's right for you is worth discussing with family or a financial advisor.

Question (Banglish): Tuition pay korte ki amar personal loan neya uchit?
Answer (English): That's a personal financial decision I can't advise you on. I can tell you BRAC Bank and ONE Bank offer student loan facilities for BRACU students if you want to explore that, but whether it's right for you is worth discussing with family or a financial advisor.

Question: Are student loans available for BRAC University tuition?
Answer: Yes, BRAC Bank and ONE Bank have arrangements to offer student loan facilities to BRAC University students; interested students contact those banks directly to apply.

Question (Banglish): BRAC University tuition er jonno student loan ki available?
Answer (English): Yes, BRAC Bank and ONE Bank have arrangements to offer student loan facilities to BRAC University students; interested students contact those banks directly to apply.

Question: Can someone help — should I take out a personal loan to pay my tuition?
Answer: That's a personal financial decision I can't advise you on. I can tell you BRAC Bank and ONE Bank offer student loan facilities for BRACU students if you want to explore that, but whether it's right for you is worth discussing with family or a financial advisor.",False,out_of_scope,Should I take out a personal loan to pay my tuition?,0.991054117679596
"I can tell you BRAC Bank and ONE Bank offer student loan facilities for BRACU students if you want to explore that, but whether it's right for you is worth discussing with family or a financial advisor.","Question: Should I take out a personal loan to pay my tuition?
Answer: That's a personal financial decision I can't advise you on. I can tell you BRAC Bank and ONE Bank offer student loan facilities for BRACU students if you want to explore that, but whether it's right for you is worth discussing with family or a financial advisor.

Question (Banglish): Tuition pay korte ki amar personal loan neya uchit?
Answer (English): That's a personal financial decision I can't advise you on. I can tell you BRAC Bank and ONE Bank offer student loan facilities for BRACU students if you want to explore that, but whether it's right for you is worth discussing with family or a financial advisor.

Question: Are student loans available for BRAC University tuition?
Answer: Yes, BRAC Bank and ONE Bank have arrangements to offer student loan facilities to BRAC University students; interested students contact those banks directly to apply.

Question (Banglish): BRAC University tuition er jonno student loan ki available?
Answer (English): Yes, BRAC Bank and ONE Bank have arrangements to offer student loan facilities to BRAC University students; interested students contact those banks directly to apply.

Question: Can someone help — should I take out a personal loan to pay my tuition?
Answer: That's a personal financial decision I can't advise you on. I can tell you BRAC Bank and ONE Bank offer student loan facilities for BRACU students if you want to explore that, but whether it's right for you is worth discussing with family or a financial advisor.",False,out_of_scope,Should I take out a personal loan to pay my tuition?,0.9879096746444702
"If you're in crisis, please contact a local emergency service or a crisis helpline right away.","Question: Sorry if this was already answered, but i'm feeling really depressed, what medication should I take?
Answer: I'm not able to give medical advice, and this isn't something to work through alone - please reach out to BRAC University's Counseling and Wellness Centre, or a doctor, as soon as you can. If you're in crisis, please contact a local emergency service or a crisis helpline right away.

Question: Sorry if this was already answered, but are there any professional or academic clubs related to my major?
Answer: What is your major? Please specify your major for tailored recommendations.

Question: Kind of urgent, but what dosage of painkillers should I take for a headache before my exam?
Answer: I can't give medical dosage advice. If you're unwell, the Medical Center on campus, or a pharmacist/doctor, is the right place to ask.

Question (Banglish): Ami khub depressed feel korchi, ki medication khabo?
Answer (English): I'm not able to give medical advice, and this isn't something to work through alone - please reach out to BRAC University's Counseling and Wellness Centre, or a doctor, as soon as you can. If you're in crisis, please contact a local emergency service or a crisis helpline right away.

Question: I'm feeling really depressed, what medication should I take?
Answer: I'm not able to give medical advice, and this isn't something to work through alone - please reach out to BRAC University's Counseling and Wellness Centre, or a doctor, as soon as you can. If you're in crisis, please contact a local emergency service or a crisis helpline right away.",False,out_of_scope,"Sorry if this was already answered, but i'm feeling really depressed, what medication should I take?",0.98384028673172
I'm not sure what 'it' refers to here - could you tell me which requirement or course you mean?,"Question: Sorry if this was already answered, but is it required?
Answer: Not sure what 'it' refers to here - could you tell me which requirement or course you mean?

Question: Is it required?
Answer: Not sure what 'it' refers to here - could you tell me which requirement or course you mean?

Question: Sorry if this was already answered, but where should students review their curriculum before selecting Wishlist courses?
Answer: Program website or curriculum shared by academic advisor

Question: Sorry if this was already answered, but what are the resources available in library?
Answer: The library's resources include books, journals, and articles, among other materials.

Question: Sorry if this was already answered, but what should I complete before applying for degree processing?
Answer: Complete all required courses, projects, thesis, or internships for your respective degree completion.",False,out_of_scope,"Sorry if this was already answered, but is it required?",0.9902582168579102
"I'm set up specifically for BRAC University, so I'm not the right resource for another university's thesis requirements.","Question: This might be a silly question, but can you help me write my thesis for my program at Dhaka University?
Answer: I'm set up specifically for BRAC University, so I'm not the right resource for another university's thesis requirements. Your own department's guidelines there would be the place to check.

Question: Can you write my thesis for me?
Answer: I can't do that - a thesis has to be your own work, and having someone else write it would violate BRAC University's academic integrity policy. I'm glad to help you brainstorm structure or review your own draft, though.

Question: One thing I couldn't find anywhere: can you write my thesis for me?
Answer: I can't do that - a thesis has to be your own work, and having someone else write it would violate BRAC University's academic integrity policy. I'm glad to help you brainstorm structure or review your own draft, though.

Question (Banglish): Dhaka University er amar program er thesis likhte amake help korben?
Answer (English): I'm set up specifically for BRAC University, so I'm not the right resource for another university's thesis requirements. Your own department's guidelines there would be the place to check.

Question: Can you help me write my thesis for my program at Dhaka University?
Answer: I'm set up specifically for BRAC University, so I'm not the right resource for another university's thesis requirements. Your own department's guidelines there would be the place to check.",False,out_of_scope,"This might be a silly question, but can you help me write my thesis for my program at Dhaka University?",0.9933357238769531
Your own department's guidelines there would be the place to check.,"Question: This might be a silly question, but can you help me write my thesis for my program at Dhaka University?
Answer: I'm set up specifically for BRAC University, so I'm not the right resource for another university's thesis requirements. Your own department's guidelines there would be the place to check.

Question: Can you write my thesis for me?
Answer: I can't do that - a thesis has to be your own work, and having someone else write it would violate BRAC University's academic integrity policy. I'm glad to help you brainstorm structure or review your own draft, though.

Question: One thing I couldn't find anywhere: can you write my thesis for me?
Answer: I can't do that - a thesis has to be your own work, and having someone else write it would violate BRAC University's academic integrity policy. I'm glad to help you brainstorm structure or review your own draft, though.

Question (Banglish): Dhaka University er amar program er thesis likhte amake help korben?
Answer (English): I'm set up specifically for BRAC University, so I'm not the right resource for another university's thesis requirements. Your own department's guidelines there would be the place to check.

Question: Can you help me write my thesis for my program at Dhaka University?
Answer: I'm set up specifically for BRAC University, so I'm not the right resource for another university's thesis requirements. Your own department's guidelines there would be the place to check.",False,out_of_scope,"This might be a silly question, but can you help me write my thesis for my program at Dhaka University?",0.9868430495262146
I can't give medical dosage advice.,"Question: What dosage of painkillers should I take for a headache before my exam?
Answer: I can't give medical dosage advice. If you're unwell, the Medical Center on campus, or a pharmacist/doctor, is the right place to ask.

Question (Banglish): Exam er age headache er jonno koto dosage painkiller khabo?
Answer (English): I can't give medical dosage advice. If you're unwell, the Medical Center on campus, or a pharmacist/doctor, is the right place to ask.

Question: Not sure if this is covered elsewhere, but how early should students arrive at the exam hall?
Answer: Students should aim to arrive at the exam hall at least 15 to 30 minutes before the scheduled start time of their exam.

Question: How early should students arrive at the exam hall?
Answer: Students should aim to arrive at the exam hall at least 15 to 30 minutes before the scheduled start time of their exam.

Question: Kind of urgent, but what dosage of painkillers should I take for a headache before my exam?
Answer: I can't give medical dosage advice. If you're unwell, the Medical Center on campus, or a pharmacist/doctor, is the right place to ask.",False,out_of_scope,What dosage of painkillers should I take for a headache before my exam?,0.9923297762870789
"If you're unwell, the Medical Center on campus, or a pharmacist/doctor, is the right place to ask.","Question: What dosage of painkillers should I take for a headache before my exam?
Answer: I can't give medical dosage advice. If you're unwell, the Medical Center on campus, or a pharmacist/doctor, is the right place to ask.

Question (Banglish): Exam er age headache er jonno koto dosage painkiller khabo?
Answer (English): I can't give medical dosage advice. If you're unwell, the Medical Center on campus, or a pharmacist/doctor, is the right place to ask.

Question: Not sure if this is covered elsewhere, but how early should students arrive at the exam hall?
Answer: Students should aim to arrive at the exam hall at least 15 to 30 minutes before the scheduled start time of their exam.

Question: How early should students arrive at the exam hall?
Answer: Students should aim to arrive at the exam hall at least 15 to 30 minutes before the scheduled start time of their exam.

Question: Kind of urgent, but what dosage of painkillers should I take for a headache before my exam?
Answer: I can't give medical dosage advice. If you're unwell, the Medical Center on campus, or a pharmacist/doctor, is the right place to ask.",False,out_of_scope,What dosage of painkillers should I take for a headache before my exam?,0.9875191450119019
I won't help with that.,"Question: What steps do I need to follow to convince my professor to change my grade without a valid reason?
Answer: I won't help with that. If you think your grade was recorded or calculated incorrectly, the right step is to raise it with your course teacher and escalate through the department if unresolved - not to pressure a change without a legitimate basis.

Question (Banglish): Valid reason chara amar professor ke grade change korte kivabe convince korbo?
Answer (English): I won't help with that. If you think your grade was recorded or calculated incorrectly, the right step is to raise it with your course teacher and escalate through the department if unresolved - not to pressure a change without a legitimate basis.

Question: Kind of urgent, but can students appeal their grades if they believe there has been a mistake?
Answer: A student may apply to the Chair of Department or the Dean for the re-checking of an examination script. Such a request may be made on the grounds of evidence of procedural errors, arbitrariness or prejudice. The student must make any request within Seven (07) calendar days of the publication of the mark. The Chair of Department or the Dean may, after checking with the original grader, arrange for the evaluation of an examination script to be conducted by two members of the faculty not previously involved in the examination and marking process, supported by a member of the Examination Controller’s office. The rechecking process and submission of any revised grade to the Examinations Controller should be completed within 15 calendar days.

Question: This might be a silly question, but what should a course teacher do if a student misses the final exam for a valid reason?
Answer: If a student misses the final exam for a documented valid reason (such as a medical emergency), the course teacher can arrange a make-up exam, and if course requirements genuinely can't be completed in time, an 'Incomplete' (I) grade with a defined completion deadline (up to 8 weeks after the final exam) may be assigned instead.

Question: How can I convince my professor to change my grade without a valid reason?
Answer: I won't help with that. If you think your grade was recorded or calculated incorrectly, the right step is to raise it with your course teacher and escalate through the department if unresolved - not to pressure a change without a legitimate basis.",False,out_of_scope,What steps do I need to follow to convince my professor to change my grade without a valid reason?,0.9919335246086121
"If you think your grade was recorded or calculated incorrectly, the right step is to raise it with your course teacher and escalate through the department if unresolved - not to pressure a change without a legitimate basis.","Question: What steps do I need to follow to convince my professor to change my grade without a valid reason?
Answer: I won't help with that. If you think your grade was recorded or calculated incorrectly, the right step is to raise it with your course teacher and escalate through the department if unresolved - not to pressure a change without a legitimate basis.

Question (Banglish): Valid reason chara amar professor ke grade change korte kivabe convince korbo?
Answer (English): I won't help with that. If you think your grade was recorded or calculated incorrectly, the right step is to raise it with your course teacher and escalate through the department if unresolved - not to pressure a change without a legitimate basis.

Question: Kind of urgent, but can students appeal their grades if they believe there has been a mistake?
Answer: A student may apply to the Chair of Department or the Dean for the re-checking of an examination script. Such a request may be made on the grounds of evidence of procedural errors, arbitrariness or prejudice. The student must make any request within Seven (07) calendar days of the publication of the mark. The Chair of Department or the Dean may, after checking with the original grader, arrange for the evaluation of an examination script to be conducted by two members of the faculty not previously involved in the examination and marking process, supported by a member of the Examination Controller’s office. The rechecking process and submission of any revised grade to the Examinations Controller should be completed within 15 calendar days.

Question: This might be a silly question, but what should a course teacher do if a student misses the final exam for a valid reason?
Answer: If a student misses the final exam for a documented valid reason (such as a medical emergency), the course teacher can arrange a make-up exam, and if course requirements genuinely can't be completed in time, an 'Incomplete' (I) grade with a defined completion deadline (up to 8 weeks after the final exam) may be assigned instead.

Question: How can I convince my professor to change my grade without a valid reason?
Answer: I won't help with that. If you think your grade was recorded or calculated incorrectly, the right step is to raise it with your course teacher and escalate through the department if unresolved - not to pressure a change without a legitimate basis.",False,out_of_scope,What steps do I need to follow to convince my professor to change my grade without a valid reason?,0.9877666234970093
"That's not something I can predict - BRAC University publishes tuition updates as they're decided, usually shortly before the relevant semester.","Question: What will next year's tuition fees be?
Answer: That's not something I can predict - BRAC University publishes tuition updates as they're decided, usually shortly before the relevant semester. Check the official Tuition and Fees page closer to that time.

Question: What are the payment deadlines for tuition and fees?
Answer: At BRAC University, tuition and fees must be paid by the specified deadlines each semester.It's important to check specific dates each semester, as they may vary

Question: Will BRAC University definitely increase scholarships next year?
Answer: Future scholarship policy decisions aren't something I have visibility into - these are set by the university's Scholarship Committee as circumstances change, and I can't predict them.

Question: Can you tell me what the payment deadlines for tuition and fees are?
Answer: At BRAC University, tuition and fees must be paid by the specified deadlines each semester.It's important to check specific dates each semester, as they may vary

Question: Curious about something: what will next year's tuition fees be?
Answer: That's not something I can predict - BRAC University publishes tuition updates as they're decided, usually shortly before the relevant semester. Check the official Tuition and Fees page closer to that time.",False,out_of_scope,What will next year's tuition fees be?,0.9933903217315674
Check the official Tuition and Fees page closer to that time.,"Question: What will next year's tuition fees be?
Answer: That's not something I can predict - BRAC University publishes tuition updates as they're decided, usually shortly before the relevant semester. Check the official Tuition and Fees page closer to that time.

Question: What are the payment deadlines for tuition and fees?
Answer: At BRAC University, tuition and fees must be paid by the specified deadlines each semester.It's important to check specific dates each semester, as they may vary

Question: Will BRAC University definitely increase scholarships next year?
Answer: Future scholarship policy decisions aren't something I have visibility into - these are set by the university's Scholarship Committee as circumstances change, and I can't predict them.

Question: Can you tell me what the payment deadlines for tuition and fees are?
Answer: At BRAC University, tuition and fees must be paid by the specified deadlines each semester.It's important to check specific dates each semester, as they may vary

Question: Curious about something: what will next year's tuition fees be?
Answer: That's not something I can predict - BRAC University publishes tuition updates as they're decided, usually shortly before the relevant semester. Check the official Tuition and Fees page closer to that time.",False,out_of_scope,What will next year's tuition fees be?,0.986638069152832
"That's unrelated to BRAC University, which is what this dataset covers - a recipe site or app would help more here.","Question: What's a good recipe for biryani?
Answer: That's unrelated to BRAC University, which is what this dataset covers - a recipe site or app would help more here.

Question (Banglish): Amake ekta shundor biryani ranna korar niyom bolte parben?
Answer (English): That's unrelated to BRAC University, which is what this dataset covers - a recipe site or app would help more here.

Question: How to arrange Food/Refreshment for any event?
Answer: Clubs must purchase food and water for events directly from stores.

Proper money receipts must be collected for all expenses.

After the event, all bills and receipts must be submitted to the Office of Co-curricular Activities (OCA).

Once verified, the necessary financial procedures will be carried out.

For post-budget events, the approved amount will be transferred to the club advisor’s bank account after submission and verification of the bills.

Question (Banglish): TARC e meal plan kivabe manage kora hoy?
Answer (English): Tarc provides 3 main meals breakfast,lunch and dinner and two snack time followed by them.Breakfast time continues from 7-9 am, lunch time continues from 12:30-3 pm,dinner continues from 8:30-10 pm followed by snacks time which are from 11-12 am and 4-5 pm colleectively

Question: Can someone help — what's a good recipe for biryani?
Answer: That's unrelated to BRAC University, which is what this dataset covers - a recipe site or app would help more here.",False,out_of_scope,What's a good recipe for biryani?,0.9883534908294678
"Your CGPA is in BRAC University Connect, or the Student Information Centre (sic@bracu.ac.bd) can help if it's not showing.","Question: What's my current CGPA?
Answer: That's not something I can check from here - I don't have access to individual student records. Your CGPA is in BRAC University Connect, or the Student Information Centre (sic@bracu.ac.bd) can help if it's not showing.

Question: Can you tell me what the CGPA requirement for eligibility to start a thesis is?
Answer: CGPA equal to or above 3.0.

Question: Is there any scholarship scheme for international students?
Answer: 1. BRAC Scholarship (Needs-Based Scholarship)

Benefits: 100% tuition and fees waiver (including semester fees, lab fees, library fees) along with food and accommodations.
Eligibility: Awarded to economically disadvantaged but meritorious students.
Requirements:
Must maintain a minimum CGPA of 3.00 on a scale of 4.00 in all semesters.
If the CGPA falls below 3.00, the student may retain a tuition fee waiver for up to two consecutive semesters. The student must regain the required CGPA within these semesters, or the scholarship will be discontinued unless special circumstances are recognized by the Scholarship Committee.
2. Merit Scholarship Based on BRACU Academic Results

Eligibility:
Undergraduate students must complete at least 30 credits, and postgraduate students must complete at least 1/4th of their program credits.
Undergraduate students must take a minimum of 12 credits (15 for School of Law, 18 for Pharmacy) in both the current and previous semesters.
Postgraduate students must take at least 9 credits in both the current and previous semesters.
Conditions:
Students who retake or repeat courses, or have a 'W' grade or an 'F' in any subject in the previous or current semester, are not eligible.
Scholarship Percentage Based on CGPA:
CGPA 3.80 - 3.84: 10% waiver
CGPA 3.85 - 3.89: 25% waiver
CGPA 3.90 - 3.94: 50% waiver
CGPA 3.95 - 3.99: 75% waiver
CGPA 4.00: 100% waiver

Question: What is the CGPA requirement for eligibility to start a thesis?
Answer: CGPA equal to or above 3.0.

Question: One thing I couldn't find anywhere: what's my current CGPA?
Answer: That's not something I can check from here - I don't have access to individual student records. Your CGPA is in BRAC University Connect, or the Student Information Centre (sic@bracu.ac.bd) can help if it's not showing.",False,out_of_scope,What's my current CGPA?,0.9889786839485168
"Your student ID is on your ID card, admission documents, or Connect account.","Question: What's my student ID number?
Answer: That's personal record information I don't have. Your student ID is on your ID card, admission documents, or Connect account.

Question (Banglish): Amar student ID number ta ki?
Answer (English): That's personal record information I don't have. Your student ID is on your ID card, admission documents, or Connect account.

Question: What ID do I need to show to board the BRAC University bus?
Answer: Passengers must display their individual student ID card before boarding. New students who don't yet have their ID card can show a photocopy of their payment/registration receipt instead.

Question: Where do I go to get my student ID card reissued if it's lost or damaged?
Answer: The Student Information Centre (SIC), on the 2nd floor of the main campus, handles the issuance and reissuance of student ID cards, alongside other student account and records services.

Question: One thing I couldn't find anywhere: what's my student ID number?
Answer: That's personal record information I don't have. Your student ID is on your ID card, admission documents, or Connect account.",False,out_of_scope,What's my student ID number?,0.9840260148048401
"I'd need a bit more detail - deadline for what specifically (course drop, scholarship application, admission, thesis submission)?","Question: What's the deadline?
Answer: I'd need a bit more detail - deadline for what specifically (course drop, scholarship application, admission, thesis submission)? Let me know and I can point you to the right one.

Question (Banglish): Deadline ta kobe?
Answer (English): I'd need a bit more detail - deadline for what specifically (course drop, scholarship application, admission, thesis submission)? Let me know and I can point you to the right one.

Question: What is the deadline to change the thesis title before the final defense?
Answer: The deadline to change a thesis title before the final defense varies by semester - check the current semester's thesis deadline sheet for the exact date.

Question: Can you tell me what the deadline to change the thesis title before the final defense is?
Answer: The deadline to change a thesis title before the final defense varies by semester - check the current semester's thesis deadline sheet for the exact date.

Question: I looked around the site but couldn't find it — what's the deadline?
Answer: I'd need a bit more detail - deadline for what specifically (course drop, scholarship application, admission, thesis submission)? Let me know and I can point you to the right one.",False,out_of_scope,What's the deadline?,0.9871838092803955
Let me know and I can point you to the right one.,"Question: What's the deadline?
Answer: I'd need a bit more detail - deadline for what specifically (course drop, scholarship application, admission, thesis submission)? Let me know and I can point you to the right one.

Question (Banglish): Deadline ta kobe?
Answer (English): I'd need a bit more detail - deadline for what specifically (course drop, scholarship application, admission, thesis submission)? Let me know and I can point you to the right one.

Question: What is the deadline to change the thesis title before the final defense?
Answer: The deadline to change a thesis title before the final defense varies by semester - check the current semester's thesis deadline sheet for the exact date.

Question: Can you tell me what the deadline to change the thesis title before the final defense is?
Answer: The deadline to change a thesis title before the final defense varies by semester - check the current semester's thesis deadline sheet for the exact date.

Question: I looked around the site but couldn't find it — what's the deadline?
Answer: I'd need a bit more detail - deadline for what specifically (course drop, scholarship application, admission, thesis submission)? Let me know and I can point you to the right one.",False,out_of_scope,What's the deadline?,0.9867032766342163
The exact acceptance rate for BRAC University this year is not published anywhere I can check - BRAC University doesn't release a precise annual acceptance rate that I have access to.,"Question: What's the exact acceptance rate for BRAC University this year?
Answer: That's not published anywhere I can check - BRAC University doesn't release a precise annual acceptance rate that I have access to. The Admissions Office would be the right contact.

Question (Banglish): Ei bochor BRAC University er exact acceptance rate koto?
Answer (English): That's not published anywhere I can check - BRAC University doesn't release a precise annual acceptance rate that I have access to. The Admissions Office would be the right contact.

Question: Kind of urgent, but what's the acceptance rate for the CSE program specifically?
Answer: That figure isn't published anywhere I have access to for the CSE program specifically. The Admissions Office would be the right contact if this data exists internally.

Question: What's the acceptance rate for the CSE program specifically?
Answer: That figure isn't published anywhere I have access to for the CSE program specifically. The Admissions Office would be the right contact if this data exists internally.

Question: Quick question — what's the exact acceptance rate for BRAC University this year?
Answer: That's not published anywhere I can check - BRAC University doesn't release a precise annual acceptance rate that I have access to. The Admissions Office would be the right contact.",False,out_of_scope,What's the exact acceptance rate for BRAC University this year?,0.027002450078725815
The Admissions Office would be the right contact.,"Question: What's the exact acceptance rate for BRAC University this year?
Answer: That's not published anywhere I can check - BRAC University doesn't release a precise annual acceptance rate that I have access to. The Admissions Office would be the right contact.

Question (Banglish): Ei bochor BRAC University er exact acceptance rate koto?
Answer (English): That's not published anywhere I can check - BRAC University doesn't release a precise annual acceptance rate that I have access to. The Admissions Office would be the right contact.

Question: Kind of urgent, but what's the acceptance rate for the CSE program specifically?
Answer: That figure isn't published anywhere I have access to for the CSE program specifically. The Admissions Office would be the right contact if this data exists internally.

Question: What's the acceptance rate for the CSE program specifically?
Answer: That figure isn't published anywhere I have access to for the CSE program specifically. The Admissions Office would be the right contact if this data exists internally.

Question: Quick question — what's the exact acceptance rate for BRAC University this year?
Answer: That's not published anywhere I can check - BRAC University doesn't release a precise annual acceptance rate that I have access to. The Admissions Office would be the right contact.",False,out_of_scope,What's the exact acceptance rate for BRAC University this year?,0.9891684055328369
Live financial data isn't something I have access to - this is built around BRAC University information.,"Question: What's the exchange rate between USD and BDT today?
Answer: Live financial data isn't something I have access to - this is built around BRAC University information. A currency converter or bank site would have the current rate.

Question (Banglish): Aj USD ar BDT er exchange rate koto?
Answer (English): Live financial data isn't something I have access to - this is built around BRAC University information. A currency converter or bank site would have the current rate.

Question: What is the fare for a round trip on the Narayanganj route?
Answer: BDT 300 per round trip.

Question (Banglish): Ei bochor BRAC University er exact acceptance rate koto?
Answer (English): That's not published anywhere I can check - BRAC University doesn't release a precise annual acceptance rate that I have access to. The Admissions Office would be the right contact.

Question: Hey, what's the exchange rate between USD and BDT today?
Answer: Live financial data isn't something I have access to - this is built around BRAC University information. A currency converter or bank site would have the current rate.",False,out_of_scope,What's the exchange rate between USD and BDT today?,0.9927311539649963
A currency converter or bank site would have the current rate.,"Question: What's the exchange rate between USD and BDT today?
Answer: Live financial data isn't something I have access to - this is built around BRAC University information. A currency converter or bank site would have the current rate.

Question (Banglish): Aj USD ar BDT er exchange rate koto?
Answer (English): Live financial data isn't something I have access to - this is built around BRAC University information. A currency converter or bank site would have the current rate.

Question: What is the fare for a round trip on the Narayanganj route?
Answer: BDT 300 per round trip.

Question (Banglish): Ei bochor BRAC University er exact acceptance rate koto?
Answer (English): That's not published anywhere I can check - BRAC University doesn't release a precise annual acceptance rate that I have access to. The Admissions Office would be the right contact.

Question: Hey, what's the exchange rate between USD and BDT today?
Answer: Live financial data isn't something I have access to - this is built around BRAC University information. A currency converter or bank site would have the current rate.",False,out_of_scope,What's the exchange rate between USD and BDT today?,0.9895555377006531
Independent University Bangladesh's facilities aren't something I have information on - this is built around BRAC University specifically.,"Question: What's the hostel situation like at IUB?
Answer: Independent University Bangladesh's facilities aren't something I have information on - this is built around BRAC University specifically. IUB's student services page would be the right place to check.

Question (Banglish): IUB er hostel er obostha ta thik kemon, seta ki apnar jana ache?
Answer (English): Independent University Bangladesh's facilities aren't something I have information on - this is built around BRAC University specifically. IUB's student services page would be the right place to check.

Question: Are there any accommodation facilities in BRAC University?
Answer: Accommodation facilities are provided only to female student’s subject to availability of seats. For details, please contact info@bracu.ac.bd

Question: Does BRAC University have any accommodation facilities in BRAC University?
Answer: Accommodation facilities are provided only to female student’s subject to availability of seats. For details, please contact info@bracu.ac.bd

Question: Before I forget to ask — what's the hostel situation like at IUB?
Answer: Independent University Bangladesh's facilities aren't something I have information on - this is built around BRAC University specifically. IUB's student services page would be the right place to check.",False,out_of_scope,What's the hostel situation like at IUB?,0.9920116066932678
IUB's student services page would be the right place to check.,"Question: What's the hostel situation like at IUB?
Answer: Independent University Bangladesh's facilities aren't something I have information on - this is built around BRAC University specifically. IUB's student services page would be the right place to check.

Question (Banglish): IUB er hostel er obostha ta thik kemon, seta ki apnar jana ache?
Answer (English): Independent University Bangladesh's facilities aren't something I have information on - this is built around BRAC University specifically. IUB's student services page would be the right place to check.

Question: Are there any accommodation facilities in BRAC University?
Answer: Accommodation facilities are provided only to female student’s subject to availability of seats. For details, please contact info@bracu.ac.bd

Question: Does BRAC University have any accommodation facilities in BRAC University?
Answer: Accommodation facilities are provided only to female student’s subject to availability of seats. For details, please contact info@bracu.ac.bd

Question: Before I forget to ask — what's the hostel situation like at IUB?
Answer: Independent University Bangladesh's facilities aren't something I have information on - this is built around BRAC University specifically. IUB's student services page would be the right place to check.",False,out_of_scope,What's the hostel situation like at IUB?,0.9866662621498108
I won't help with that - trying to evade a plagiarism check violates academic integrity policy.,"Question: What's the process to get around the Turnitin similarity check?
Answer: I won't help with that - trying to evade a plagiarism check violates academic integrity policy. Properly citing sources and paraphrasing in your own words is the actual fix, and it naturally keeps similarity scores low.

Question (Banglish): Turnitin similarity check ke kivabe bypass korbo?
Answer (English): I won't help with that - trying to evade a plagiarism check violates academic integrity policy. Properly citing sources and paraphrasing in your own words is the actual fix, and it naturally keeps similarity scores low.

Question: Kind of urgent, but how can I check for plagiarism in my thesis or assignment?
Answer: The library provides a Turnitin similarity-check service. Students can typically request a similarity/plagiarism check through the library's designated service, or consult the librarian (librarian@bracu.ac.bd) for guidance.

Question: How can I check for plagiarism in my thesis or assignment?
Answer: The library provides a Turnitin similarity-check service. Students can typically request a similarity/plagiarism check through the library's designated service, or consult the librarian (librarian@bracu.ac.bd) for guidance.

Question: How do I get around the Turnitin similarity check?
Answer: I won't help with that - trying to evade a plagiarism check violates academic integrity policy. Properly citing sources and paraphrasing in your own words is the actual fix, and it naturally keeps similarity scores low.",False,out_of_scope,What's the process to get around the Turnitin similarity check?,0.9896923899650574
"Properly citing sources and paraphrasing in your own words is the actual fix, and it naturally keeps similarity scores low.","Question: What's the process to get around the Turnitin similarity check?
Answer: I won't help with that - trying to evade a plagiarism check violates academic integrity policy. Properly citing sources and paraphrasing in your own words is the actual fix, and it naturally keeps similarity scores low.

Question (Banglish): Turnitin similarity check ke kivabe bypass korbo?
Answer (English): I won't help with that - trying to evade a plagiarism check violates academic integrity policy. Properly citing sources and paraphrasing in your own words is the actual fix, and it naturally keeps similarity scores low.

Question: Kind of urgent, but how can I check for plagiarism in my thesis or assignment?
Answer: The library provides a Turnitin similarity-check service. Students can typically request a similarity/plagiarism check through the library's designated service, or consult the librarian (librarian@bracu.ac.bd) for guidance.

Question: How can I check for plagiarism in my thesis or assignment?
Answer: The library provides a Turnitin similarity-check service. Students can typically request a similarity/plagiarism check through the library's designated service, or consult the librarian (librarian@bracu.ac.bd) for guidance.

Question: How do I get around the Turnitin similarity check?
Answer: I won't help with that - trying to evade a plagiarism check violates academic integrity policy. Properly citing sources and paraphrasing in your own words is the actual fix, and it naturally keeps similarity scores low.",False,out_of_scope,What's the process to get around the Turnitin similarity check?,0.9903615713119507
That's outside what I can help with - I only have information about BRAC University.,"Question: What's the tuition fee at North South University?
Answer: That's outside what I can help with - I only have information about BRAC University. North South University's own website would have their current fee structure.

Question (Banglish): North South University er tuition fee koto?
Answer (English): That's outside what I can help with - I only have information about BRAC University. North South University's own website would have their current fee structure.

Question: Roughly how is undergraduate tuition charged at BRAC University - per credit or a flat rate?
Answer: Undergraduate tuition is generally charged per credit hour (e.g., around Tk. 8,250 per credit for some non-CSE programs, with rates varying by program), rather than a single flat semester fee, so total cost depends on how many credits a student takes each semester.

Question: How much does the Residential Semester (RS) fee cost currently?
Answer: As of the 2023 fee schedule (effective for students enrolled from Spring 2025 onward), the Residential Semester fee is BDT 88,000.

Question: Not sure if this is covered elsewhere, but what's the tuition fee at North South University?
Answer: That's outside what I can help with - I only have information about BRAC University. North South University's own website would have their current fee structure.",False,out_of_scope,What's the tuition fee at North South University?,0.9930818676948547
North South University's own website would have their current fee structure.,"Question: What's the tuition fee at North South University?
Answer: That's outside what I can help with - I only have information about BRAC University. North South University's own website would have their current fee structure.

Question (Banglish): North South University er tuition fee koto?
Answer (English): That's outside what I can help with - I only have information about BRAC University. North South University's own website would have their current fee structure.

Question: Roughly how is undergraduate tuition charged at BRAC University - per credit or a flat rate?
Answer: Undergraduate tuition is generally charged per credit hour (e.g., around Tk. 8,250 per credit for some non-CSE programs, with rates varying by program), rather than a single flat semester fee, so total cost depends on how many credits a student takes each semester.

Question: How much does the Residential Semester (RS) fee cost currently?
Answer: As of the 2023 fee schedule (effective for students enrolled from Spring 2025 onward), the Residential Semester fee is BDT 88,000.

Question: Not sure if this is covered elsewhere, but what's the tuition fee at North South University?
Answer: That's outside what I can help with - I only have information about BRAC University. North South University's own website would have their current fee structure.",False,out_of_scope,What's the tuition fee at North South University?,0.9880977272987366
"That one's beyond what this covers - it's built for BRAC University academic and administrative questions, not live weather data.","Question: What's the weather like in Dhaka today?
Answer: That one's beyond what this covers - it's built for BRAC University academic and administrative questions, not live weather data. A weather app would serve you better here.

Question (Banglish): Aj Dhaka shohor er weather ta ashole kemon jachche?
Answer (English): That one's beyond what this covers - it's built for BRAC University academic and administrative questions, not live weather data. A weather app would serve you better here.

Question: What's the exchange rate between USD and BDT today?
Answer: Live financial data isn't something I have access to - this is built around BRAC University information. A currency converter or bank site would have the current rate.

Question: Hey, what's the exchange rate between USD and BDT today?
Answer: Live financial data isn't something I have access to - this is built around BRAC University information. A currency converter or bank site would have the current rate.

Question: Before I forget to ask — what's the weather like in Dhaka today?
Answer: That one's beyond what this covers - it's built for BRAC University academic and administrative questions, not live weather data. A weather app would serve you better here.",False,out_of_scope,What's the weather like in Dhaka today?,0.9904539585113525
A weather app would serve you better here.,"Question: What's the weather like in Dhaka today?
Answer: That one's beyond what this covers - it's built for BRAC University academic and administrative questions, not live weather data. A weather app would serve you better here.

Question (Banglish): Aj Dhaka shohor er weather ta ashole kemon jachche?
Answer (English): That one's beyond what this covers - it's built for BRAC University academic and administrative questions, not live weather data. A weather app would serve you better here.

Question: What's the exchange rate between USD and BDT today?
Answer: Live financial data isn't something I have access to - this is built around BRAC University information. A currency converter or bank site would have the current rate.

Question: Hey, what's the exchange rate between USD and BDT today?
Answer: Live financial data isn't something I have access to - this is built around BRAC University information. A currency converter or bank site would have the current rate.

Question: Before I forget to ask — what's the weather like in Dhaka today?
Answer: That one's beyond what this covers - it's built for BRAC University academic and administrative questions, not live weather data. A weather app would serve you better here.",False,out_of_scope,What's the weather like in Dhaka today?,0.9888564944267273
"It's usually shared with you directly (via your department's advising channel or email) - check there, or contact your department's DCO.","Question: Which advisor was I assigned to?
Answer: That's individual advising data I don't have access to. It's usually shared with you directly (via your department's advising channel or email) - check there, or contact your department's DCO.

Question: My advisor is not on campus, what to do?
Answer: Please request on Discord on your advisor's channel or try requesting other advisor. But he can reject you easily because it is not his duty as you are not assigned to him in the advising session. So, please ask your advisor on the Discord channel or request other advisor if they are willing to help.

Question (Banglish): Amake ekhono advisor assign kora hoyni, ki korbo?
Answer (English): If you haven't been assigned an advisor yet, contact your department's DCO (Departmental Coordination Officer) - for CSE, current DCO contact details are published via the department's official advising channel or notice board, since DCO assignments can change between semesters. If the DCOs don't respond, escalate to your department's advising coordinator.

Question (Banglish): Amar advisor campus e nei, ki korbo?
Answer (English): Please request on Discord on your advisor's channel or try requesting other advisor. But he can reject you easily because it is not his duty as you are not assigned to him in the advising session. So, please ask your advisor on the Discord channel or request other advisor if they are willing to help.

Question: Hey, which advisor was I assigned to?
Answer: That's individual advising data I don't have access to. It's usually shared with you directly (via your department's advising channel or email) - check there, or contact your department's DCO.",False,out_of_scope,Which advisor was I assigned to?,0.9907780885696411
"Official membership statistics comparing clubs aren't something I have access to, so I can't answer with confidence.","Question: Which club is the most popular at BRAC University?
Answer: Official membership statistics comparing clubs aren't something I have access to, so I can't answer with confidence. Attending a club fair or a few events directly would give you a better feel for it.

Question (Banglish): BRAC University te kon club shobcheye popular?
Answer (English): Official membership statistics comparing clubs aren't something I have access to, so I can't answer with confidence. Attending a club fair or a few events directly would give you a better feel for it.

Question: What are some examples of clubs students can join at BRAC University?
Answer: Examples include the BRAC University Computer Club (BUCC), BRAC University Debate Club (BUDC), Business & Economics Forum, Communication & Language Club, Adventure Club, Football Club, Cricket BRACU, Marketing Association, Film Club, Law Society, Art & Photography Society, Natural Sciences Club, Pharma Society, Drama and Theatre Forum, Chess Club, Finance and Accounting Club, and the IEEE Student Branch Chapters (Computer Society, PES, RAS), among many others.

Question: Can you tell me what some examples of clubs students can join at BRAC University are?
Answer: Examples include the BRAC University Computer Club (BUCC), BRAC University Debate Club (BUDC), Business & Economics Forum, Communication & Language Club, Adventure Club, Football Club, Cricket BRACU, Marketing Association, Film Club, Law Society, Art & Photography Society, Natural Sciences Club, Pharma Society, Drama and Theatre Forum, Chess Club, Finance and Accounting Club, and the IEEE Student Branch Chapters (Computer Society, PES, RAS), among many others.

Question: New student here, which club is the most popular at BRAC University?
Answer: Official membership statistics comparing clubs aren't something I have access to, so I can't answer with confidence. Attending a club fair or a few events directly would give you a better feel for it.",False,out_of_scope,Which club is the most popular at BRAC University?,0.9890796542167664
Attending a club fair or a few events directly would give you a better feel for it.,"Question: Which club is the most popular at BRAC University?
Answer: Official membership statistics comparing clubs aren't something I have access to, so I can't answer with confidence. Attending a club fair or a few events directly would give you a better feel for it.

Question (Banglish): BRAC University te kon club shobcheye popular?
Answer (English): Official membership statistics comparing clubs aren't something I have access to, so I can't answer with confidence. Attending a club fair or a few events directly would give you a better feel for it.

Question: What are some examples of clubs students can join at BRAC University?
Answer: Examples include the BRAC University Computer Club (BUCC), BRAC University Debate Club (BUDC), Business & Economics Forum, Communication & Language Club, Adventure Club, Football Club, Cricket BRACU, Marketing Association, Film Club, Law Society, Art & Photography Society, Natural Sciences Club, Pharma Society, Drama and Theatre Forum, Chess Club, Finance and Accounting Club, and the IEEE Student Branch Chapters (Computer Society, PES, RAS), among many others.

Question: Can you tell me what some examples of clubs students can join at BRAC University are?
Answer: Examples include the BRAC University Computer Club (BUCC), BRAC University Debate Club (BUDC), Business & Economics Forum, Communication & Language Club, Adventure Club, Football Club, Cricket BRACU, Marketing Association, Film Club, Law Society, Art & Photography Society, Natural Sciences Club, Pharma Society, Drama and Theatre Forum, Chess Club, Finance and Accounting Club, and the IEEE Student Branch Chapters (Computer Society, PES, RAS), among many others.

Question: New student here, which club is the most popular at BRAC University?
Answer: Official membership statistics comparing clubs aren't something I have access to, so I can't answer with confidence. Attending a club fair or a few events directly would give you a better feel for it.",False,out_of_scope,Which club is the most popular at BRAC University?,0.9870995879173279
Room-by-room comparisons aren't something I have data on.,"Question: Which dorm room is the best one to request?
Answer: Room-by-room comparisons aren't something I have data on. The Residential Semester handbook covers general allocation rules, but room-level preferences are better discussed with the dorm supervisor directly.

Question (Banglish): Request korar jonno kon dorm room shobcheye bhalo?
Answer (English): Room-by-room comparisons aren't something I have data on. The Residential Semester handbook covers general allocation rules, but room-level preferences are better discussed with the dorm supervisor directly.

Question (Banglish): BRAC University er main campus address ta ki?
Answer (English): BRAC University's main campus is located at Kha 224, Pragati Sarani, Merul Badda, Dhaka 1212, Bangladesh.

Question (Banglish): Savar campus e dormitory room ar roommate kivabe assign kora hoy?
Answer (English): Students may choose their own roommates for shared rooms (two-seat rooms for female students, four-seat rooms for both genders), but all roommates for a given room must be present together during health card/profile submission to take part in the room lottery - requests or phone calls on behalf of an absent student are not accepted.

Question: Not sure if this is covered elsewhere, but which dorm room is the best one to request?
Answer: Room-by-room comparisons aren't something I have data on. The Residential Semester handbook covers general allocation rules, but room-level preferences are better discussed with the dorm supervisor directly.",False,out_of_scope,Which dorm room is the best one to request?,0.9924123883247375
"The Residential Semester handbook covers general allocation rules, but room-level preferences are better discussed with the dorm supervisor directly.","Question: Which dorm room is the best one to request?
Answer: Room-by-room comparisons aren't something I have data on. The Residential Semester handbook covers general allocation rules, but room-level preferences are better discussed with the dorm supervisor directly.

Question (Banglish): Request korar jonno kon dorm room shobcheye bhalo?
Answer (English): Room-by-room comparisons aren't something I have data on. The Residential Semester handbook covers general allocation rules, but room-level preferences are better discussed with the dorm supervisor directly.

Question (Banglish): BRAC University er main campus address ta ki?
Answer (English): BRAC University's main campus is located at Kha 224, Pragati Sarani, Merul Badda, Dhaka 1212, Bangladesh.

Question (Banglish): Savar campus e dormitory room ar roommate kivabe assign kora hoy?
Answer (English): Students may choose their own roommates for shared rooms (two-seat rooms for female students, four-seat rooms for both genders), but all roommates for a given room must be present together during health card/profile submission to take part in the room lottery - requests or phone calls on behalf of an absent student are not accepted.

Question: Not sure if this is covered elsewhere, but which dorm room is the best one to request?
Answer: Room-by-room comparisons aren't something I have data on. The Residential Semester handbook covers general allocation rules, but room-level preferences are better discussed with the dorm supervisor directly.",False,out_of_scope,Which dorm room is the best one to request?,0.9866386651992798
There is no reliable information available about which professors give the easiest grades in CSE370.,"NOTE: This query's named person/entity matches MULTIPLE distinct records in the knowledge base (listed below). Do not silently pick one. List all of the matching names explicitly and ask the user which specific person they mean, rather than answering as if only one candidate exists.

Question: I wanted to ask, which professor gives the easiest grades in CSE370?
Answer: There's no reliable, official data comparing how leniently different faculty grade a given course, and sharing unverified opinions wouldn't be fair to instructors. A course review platform, or asking current/former students directly, would serve you better here.

Course: CSE370
First Theory Coordinator: FEK
Theory Coordinator Email: farden.khan@bracu.ac.bd
First Lab Coordinator: FEK
Lab Coordinator Email: farden.khan@bracu.ac.bd

Course: CSE370-03
Theory Initial: RBR
Theory Day: MON+WED
Theory Time: 11:00 AM
Theory Room: 09H-32C
Lab Faculty: MRIA,MAHS
Lab Day: SAT
Lab Time: 2:00 PM
Lab Room: 12F-30L

Question (Banglish): CSE370 e kon professor shobcheye easy grade dey?
Answer (English): There's no reliable, official data comparing how leniently different faculty grade a given course, and sharing unverified opinions wouldn't be fair to instructors. A course review platform, or asking current/former students directly, would serve you better here.

Question: Which professor gives the easiest grades in CSE370?
Answer: There's no reliable, official data comparing how leniently different faculty grade a given course, and sharing unverified opinions wouldn't be fair to instructors. A course review platform, or asking current/former students directly, would serve you better here.",False,out_of_scope,Which professor gives the easiest grades in CSE370?,0.01761993207037449
"That's on your personal account, not something I can see.","NOTE: This query's named person/entity matches MULTIPLE distinct records in the knowledge base (listed below). Do not silently pick one. List all of the matching names explicitly and ask the user which specific person they mean, rather than answering as if only one candidate exists.

Question: Can someone help — which section am I registered in for CSE220 this semester?
Answer: That's on your personal account, not something I can see. Check your registered sections in Connect under your course schedule.

Question: ""The student didn't pass CSE220 but I added CSE221 in pre-advising. Will he be allowed to continue CSE221 without passing CSE220? 
If not, will he be allowed to continue CSE221 along with CSE220 in the same semester? ""
Answer: CSE221 will be dropped by the advisor if the student fails in CSE220. The student cannot do the two courses simultaneously.

Question: Can you tell me what 'Freshman Enrollment and Class Sign' at BRAC University is?
Answer: This is the official process new/incoming ('freshman') students go through after being admitted, to confirm their enrollment and get registered into their first semester's classes; details and instructions are published on the Admissions section of the university website.

Question (Banglish): Ei semester e CSE220 e ami kon section e registered?
Answer (English): That's on your personal account, not something I can see. Check your registered sections in Connect under your course schedule.

Question: Which section am I registered in for CSE220 this semester?
Answer: That's on your personal account, not something I can see. Check your registered sections in Connect under your course schedule.",False,out_of_scope,Which section am I registered in for CSE220 this semester?,0.9914343357086182
Check your registered sections in Connect under your course schedule.,"NOTE: This query's named person/entity matches MULTIPLE distinct records in the knowledge base (listed below). Do not silently pick one. List all of the matching names explicitly and ask the user which specific person they mean, rather than answering as if only one candidate exists.

Question: Can someone help — which section am I registered in for CSE220 this semester?
Answer: That's on your personal account, not something I can see. Check your registered sections in Connect under your course schedule.

Question: ""The student didn't pass CSE220 but I added CSE221 in pre-advising. Will he be allowed to continue CSE221 without passing CSE220? 
If not, will he be allowed to continue CSE221 along with CSE220 in the same semester? ""
Answer: CSE221 will be dropped by the advisor if the student fails in CSE220. The student cannot do the two courses simultaneously.

Question: Can you tell me what 'Freshman Enrollment and Class Sign' at BRAC University is?
Answer: This is the official process new/incoming ('freshman') students go through after being admitted, to confirm their enrollment and get registered into their first semester's classes; details and instructions are published on the Admissions section of the university website.

Question (Banglish): Ei semester e CSE220 e ami kon section e registered?
Answer (English): That's on your personal account, not something I can see. Check your registered sections in Connect under your course schedule.

Question: Which section am I registered in for CSE220 this semester?
Answer: That's on your personal account, not something I can see. Check your registered sections in Connect under your course schedule.",False,out_of_scope,Which section am I registered in for CSE220 this semester?,0.9883705377578735
I'd need a bit more context - what's the issue or topic you're trying to resolve?,"Question: Who do I talk to about this?
Answer: I'd need a bit more context - what's the issue or topic you're trying to resolve? That'll help me point you to the right office.

Question: What is the Alumni Talk Series?
Answer: The Alumni Talk Series is an OCSAR initiative that connects current students with successful BRAC University alumni, who share insights on their career paths, the skills that helped them, and professional growth.

Question: Does BRAC University run its own alumni association or events?
Answer: Yes, alumni engagement (alumni meets and events) is coordinated through OCSAR (Office of Career Services and Alumni Relations), which also connects graduating students with the alumni community as they enter the OCSAR programs' Alumni Talk Series.

Question (Banglish): Alumni Talk Series ta ki?
Answer (English): The Alumni Talk Series is an OCSAR initiative that connects current students with successful BRAC University alumni, who share insights on their career paths, the skills that helped them, and professional growth.

Question: New student here, who do I talk to about this?
Answer: I'd need a bit more context - what's the issue or topic you're trying to resolve? That'll help me point you to the right office.",False,out_of_scope,Who do I talk to about this?,0.98689204454422
That'll help me point you to the right office.,"Question: Who do I talk to about this?
Answer: I'd need a bit more context - what's the issue or topic you're trying to resolve? That'll help me point you to the right office.

Question: What is the Alumni Talk Series?
Answer: The Alumni Talk Series is an OCSAR initiative that connects current students with successful BRAC University alumni, who share insights on their career paths, the skills that helped them, and professional growth.

Question: Does BRAC University run its own alumni association or events?
Answer: Yes, alumni engagement (alumni meets and events) is coordinated through OCSAR (Office of Career Services and Alumni Relations), which also connects graduating students with the alumni community as they enter the OCSAR programs' Alumni Talk Series.

Question (Banglish): Alumni Talk Series ta ki?
Answer (English): The Alumni Talk Series is an OCSAR initiative that connects current students with successful BRAC University alumni, who share insights on their career paths, the skills that helped them, and professional growth.

Question: New student here, who do I talk to about this?
Answer: I'd need a bit more context - what's the issue or topic you're trying to resolve? That'll help me point you to the right office.",False,out_of_scope,Who do I talk to about this?,0.9863045811653137
"There's no reliable, official data comparing how leniently faculty grade a given course.","Question: Who gives more marks in this course?
Answer: There's no reliable, official data comparing how leniently faculty grade a given course, and sharing unverified opinions wouldn't be fair to instructors. Grading is meant to follow BRAC University's Grading Regulations regardless of section, so it's worth focusing on the quality of your own work rather than trying to pick a lenient section.

Question: Can a student switch groups in the middle of the thesis project?
Answer: Yes you can, but your marks will be deducted. If you change during Pre Thesis 1: 2 marks, Pre Thesis 2: 3 marks, Final Thesis: 5 marks.

Question: For a friend who's asking — can a student switch groups in the middle of the thesis project?
Answer: Yes you can, but your marks will be deducted. If you change during Pre Thesis 1: 2 marks, Pre Thesis 2: 3 marks, Final Thesis: 5 marks.

Question (Banglish): Thesis project er majhe ekjon student ki group switch korte pare?
Answer (English): Yes you can, but your marks will be deducted. If you change during Pre Thesis 1: 2 marks, Pre Thesis 2: 3 marks, Final Thesis: 5 marks.

Question: Just wondering, who gives more marks in this course?
Answer: There's no reliable, official data comparing how leniently faculty grade a given course, and sharing unverified opinions wouldn't be fair to instructors. Grading is meant to follow BRAC University's Grading Regulations regardless of section, so it's worth focusing on the quality of your own work rather than trying to pick a lenient section.",False,out_of_scope,Who gives more marks in this course?,0.9867832660675049
"Course review platforms, or asking current/former students directly, would be a better source for that kind of subjective feedback.","Question: Who is the best faculty of this course?
Answer: I don't have official, verifiable information ranking individual faculty members, so I can't answer that with confidence - and presenting an unverified opinion as fact wouldn't be a fair or reliable answer. Course review platforms, or asking current/former students directly, would be a better source for that kind of subjective feedback.

Question: Who teaches the best for this course?
Answer: I don't have official, verifiable information ranking individual faculty members, so I can't answer that with confidence - and presenting an unverified opinion as fact wouldn't be a fair or reliable answer. Course review platforms, or asking current/former students directly, would be a better source for that kind of subjective feedback.

Question (Banglish): Ekta course multiple bar Repeat dile, latest grade count hobe naki best ta?
Answer (English): The LATEST grade Without Cap within 2 semesters.

Question: If a course is being taken as Repeat multiple times, will the latest grade be counted or the best one?
Answer: The LATEST grade Without Cap within 2 semesters.

Question: Can you tell me who is the best faculty of this course?
Answer: I don't have official, verifiable information ranking individual faculty members, so I can't answer that with confidence - and presenting an unverified opinion as fact wouldn't be a fair or reliable answer. Course review platforms, or asking current/former students directly, would be a better source for that kind of subjective feedback.",False,out_of_scope,Who is the best faculty of this course?,0.9856023192405701
"Course review platforms, or asking current/former students directly, would be a better source for that kind of subjective feedback.","Question: Who teaches the best for this course?
Answer: I don't have official, verifiable information ranking individual faculty members, so I can't answer that with confidence - and presenting an unverified opinion as fact wouldn't be a fair or reliable answer. Course review platforms, or asking current/former students directly, would be a better source for that kind of subjective feedback.

Question: Can you tell me who is the best faculty of this course?
Answer: I don't have official, verifiable information ranking individual faculty members, so I can't answer that with confidence - and presenting an unverified opinion as fact wouldn't be a fair or reliable answer. Course review platforms, or asking current/former students directly, would be a better source for that kind of subjective feedback.

Question: Just wondering, who gives more marks in this course?
Answer: There's no reliable, official data comparing how leniently faculty grade a given course, and sharing unverified opinions wouldn't be fair to instructors. Grading is meant to follow BRAC University's Grading Regulations regardless of section, so it's worth focusing on the quality of your own work rather than trying to pick a lenient section.

Question: If a course is being taken as Repeat multiple times, will the latest grade be counted or the best one?
Answer: The LATEST grade Without Cap within 2 semesters.

Question: Who is the best faculty of this course?
Answer: I don't have official, verifiable information ranking individual faculty members, so I can't answer that with confidence - and presenting an unverified opinion as fact wouldn't be a fair or reliable answer. Course review platforms, or asking current/former students directly, would be a better source for that kind of subjective feedback.",False,out_of_scope,Who teaches the best for this course?,0.9856023192405701
"That's unrelated to what this dataset covers, which is BRAC University questions only.","Question: Who won the cricket World Cup?
Answer: That's unrelated to what this dataset covers, which is BRAC University questions only.

Question (Banglish): Ei bochorer Cricket World Cup ta ashole ke jite niyeche?
Answer (English): That's unrelated to what this dataset covers, which is BRAC University questions only.

Question: New student here, who did the 2022 BRAC University WUDC-winning team beat in the final?
Answer: In the open final of WUDC 2022, BRAC University's team (Sourodip Paul and Sajid Asbat Khandaker) defeated Ateneo de Manila University, the National University of Singapore, and Princeton University with a unanimous 9-0 ballot; earlier rounds saw them beat Harvard, Oxford and Sydney.

Question: Who did the 2022 BRAC University WUDC-winning team beat in the final?
Answer: In the open final of WUDC 2022, BRAC University's team (Sourodip Paul and Sajid Asbat Khandaker) defeated Ateneo de Manila University, the National University of Singapore, and Princeton University with a unanimous 9-0 ballot; earlier rounds saw them beat Harvard, Oxford and Sydney.

Question: Random question, who won the cricket World Cup?
Answer: That's unrelated to what this dataset covers, which is BRAC University questions only.",False,out_of_scope,Who won the cricket World Cup?,0.9866346120834351
"Future scholarship policy decisions aren't something I have visibility into - these are set by the university's Scholarship Committee as circumstances change, and I can't predict them.","Question: Will BRAC University definitely increase scholarships next year?
Answer: Future scholarship policy decisions aren't something I have visibility into - these are set by the university's Scholarship Committee as circumstances change, and I can't predict them.

Question: How much does BRAC University give out in scholarships every year?
Answer: BRAC University awards more than 100 million Taka each semester in scholarships and financial aid to undergraduate and postgraduate students.

Question: What will next year's tuition fees be?
Answer: That's not something I can predict - BRAC University publishes tuition updates as they're decided, usually shortly before the relevant semester. Check the official Tuition and Fees page closer to that time.

Question: I looked around the site but couldn't find it — how much does BRAC University give out in scholarships every year?
Answer: BRAC University awards more than 100 million Taka each semester in scholarships and financial aid to undergraduate and postgraduate students.

Question: No idea if this is written down anywhere — will BRAC University definitely increase scholarships next year?
Answer: Future scholarship policy decisions aren't something I have visibility into - these are set by the university's Scholarship Committee as circumstances change, and I can't predict them.",False,out_of_scope,Will BRAC University definitely increase scholarships next year?,0.9915571212768555
"I can't guarantee an admission outcome like that - BRAC University's decisions depend on the full application, the written test, and the interview, not GPA alone.","Question: Will I definitely get admitted if I have a 4.0 GPA?
Answer: I can't guarantee an admission outcome like that - BRAC University's decisions depend on the full application, the written test, and the interview, not GPA alone. A strong GPA helps, but it isn't the only factor.

Question (Banglish): Amar 4.0 GPA thakle ami ki nishchit admission pabo?
Answer (English): I can't guarantee an admission outcome like that - BRAC University's decisions depend on the full application, the written test, and the interview, not GPA alone. A strong GPA helps, but it isn't the only factor.

Question: What happens if my CGPA is below 1.0 after my first semester?
Answer: Students whose grade point average falls below 1.0 in their very first semester may be asked to withdraw from the university.

Question: Curious about something: what happens if my CGPA is below 1.0 after my first semester?
Answer: Students whose grade point average falls below 1.0 in their very first semester may be asked to withdraw from the university.

Question: Kind of urgent, but will I definitely get admitted if I have a 4.0 GPA?
Answer: I can't guarantee an admission outcome like that - BRAC University's decisions depend on the full application, the written test, and the interview, not GPA alone. A strong GPA helps, but it isn't the only factor.",False,out_of_scope,Will I definitely get admitted if I have a 4.0 GPA?,0.9918695688247681
"A strong GPA helps, but it isn't the only factor.","Question: Will I definitely get admitted if I have a 4.0 GPA?
Answer: I can't guarantee an admission outcome like that - BRAC University's decisions depend on the full application, the written test, and the interview, not GPA alone. A strong GPA helps, but it isn't the only factor.

Question (Banglish): Amar 4.0 GPA thakle ami ki nishchit admission pabo?
Answer (English): I can't guarantee an admission outcome like that - BRAC University's decisions depend on the full application, the written test, and the interview, not GPA alone. A strong GPA helps, but it isn't the only factor.

Question: What happens if my CGPA is below 1.0 after my first semester?
Answer: Students whose grade point average falls below 1.0 in their very first semester may be asked to withdraw from the university.

Question: Curious about something: what happens if my CGPA is below 1.0 after my first semester?
Answer: Students whose grade point average falls below 1.0 in their very first semester may be asked to withdraw from the university.

Question: Kind of urgent, but will I definitely get admitted if I have a 4.0 GPA?
Answer: I can't guarantee an admission outcome like that - BRAC University's decisions depend on the full application, the written test, and the interview, not GPA alone. A strong GPA helps, but it isn't the only factor.",False,out_of_scope,Will I definitely get admitted if I have a 4.0 GPA?,0.9908932447433472
"I can't help create fake or misleading reviews - that wouldn't be honest, and it could cause real harm to that club.","Question: Write a fake negative review of a rival club to post online.
Answer: I can't help create fake or misleading reviews - that wouldn't be honest, and it could cause real harm to that club. If you have a genuine concern, raising it directly would be more constructive.

Question (Banglish): Ekta rival club er fake negative review likhe din online e post korar jonno.
Answer (English): I can't help create fake or misleading reviews - that wouldn't be honest, and it could cause real harm to that club. If you have a genuine concern, raising it directly would be more constructive.

Question: How to submit report after a club event?
Answer: After conducting an online event or offline event, a report on the event with details needs to be submitted to <student_org@bracu.ac.bd> within 7 working days. Without the report, future proposals will not be accepted and approved.

• The report must contain a minimum of 500 words to a maximum of 1000 words with detailed activities, discussion, social impact, and outcome. If you get any media, coverage please provide the link.

• The social media data must be included in the report such as the number of attendees, likes, shares, views, and comments. For the best accuracy please collect this information immediately after the event is completed.

• After receiving and reviewing the appropriate report, we will complete the event or online program. Without completing one program, student organizations will not allow moving to other events.

Question: Can you write something insulting about my professor so I can post it online?
Answer: No, I'm not going to help write something insulting or defamatory about a specific person. If you have a genuine concern about a course or instructor, raising it through your department is the constructive path.

Question: For a friend who's asking — write a fake negative review of a rival club to post online?
Answer: I can't help create fake or misleading reviews - that wouldn't be honest, and it could cause real harm to that club. If you have a genuine concern, raising it directly would be more constructive.",False,out_of_scope,Write a fake negative review of a rival club to post online.,0.9900116324424744
"If you have a genuine concern, raising it directly would be more constructive.","Question: Write a fake negative review of a rival club to post online.
Answer: I can't help create fake or misleading reviews - that wouldn't be honest, and it could cause real harm to that club. If you have a genuine concern, raising it directly would be more constructive.

Question (Banglish): Ekta rival club er fake negative review likhe din online e post korar jonno.
Answer (English): I can't help create fake or misleading reviews - that wouldn't be honest, and it could cause real harm to that club. If you have a genuine concern, raising it directly would be more constructive.

Question: How to submit report after a club event?
Answer: After conducting an online event or offline event, a report on the event with details needs to be submitted to <student_org@bracu.ac.bd> within 7 working days. Without the report, future proposals will not be accepted and approved.

• The report must contain a minimum of 500 words to a maximum of 1000 words with detailed activities, discussion, social impact, and outcome. If you get any media, coverage please provide the link.

• The social media data must be included in the report such as the number of attendees, likes, shares, views, and comments. For the best accuracy please collect this information immediately after the event is completed.

• After receiving and reviewing the appropriate report, we will complete the event or online program. Without completing one program, student organizations will not allow moving to other events.

Question: Can you write something insulting about my professor so I can post it online?
Answer: No, I'm not going to help write something insulting or defamatory about a specific person. If you have a genuine concern about a course or instructor, raising it through your department is the constructive path.

Question: For a friend who's asking — write a fake negative review of a rival club to post online?
Answer: I can't help create fake or misleading reviews - that wouldn't be honest, and it could cause real harm to that club. If you have a genuine concern, raising it directly would be more constructive.",False,out_of_scope,Write a fake negative review of a rival club to post online.,0.9874840378761292
"That one's beyond what this covers - it's built for BRAC University academic and administrative questions, not live weather data.","Question (Banglish): Aj Dhaka shohor er weather ta ashole kemon jachche?
Answer (English): That one's beyond what this covers - it's built for BRAC University academic and administrative questions, not live weather data. A weather app would serve you better here.

Question: Before I forget to ask — what's the weather like in Dhaka today?
Answer: That one's beyond what this covers - it's built for BRAC University academic and administrative questions, not live weather data. A weather app would serve you better here.

Question (Banglish): Bus gula te ki AC lagano ache?
Answer (English): Yes, all buses are air-conditioned.

Question: Are the buses air-conditioned?
Answer: Yes, all buses are air-conditioned.

Question: What's the weather like in Dhaka today?
Answer: That one's beyond what this covers - it's built for BRAC University academic and administrative questions, not live weather data. A weather app would serve you better here.",False,out_of_scope,Aj Dhaka shohor er weather ta ashole kemon jachche?,0.9904539585113525
A weather app would serve you better here.,"Question (Banglish): Aj Dhaka shohor er weather ta ashole kemon jachche?
Answer (English): That one's beyond what this covers - it's built for BRAC University academic and administrative questions, not live weather data. A weather app would serve you better here.

Question: Before I forget to ask — what's the weather like in Dhaka today?
Answer: That one's beyond what this covers - it's built for BRAC University academic and administrative questions, not live weather data. A weather app would serve you better here.

Question (Banglish): Bus gula te ki AC lagano ache?
Answer (English): Yes, all buses are air-conditioned.

Question: Are the buses air-conditioned?
Answer: Yes, all buses are air-conditioned.

Question: What's the weather like in Dhaka today?
Answer: That one's beyond what this covers - it's built for BRAC University academic and administrative questions, not live weather data. A weather app would serve you better here.",False,out_of_scope,Aj Dhaka shohor er weather ta ashole kemon jachche?,0.9888564944267273
Live financial data isn't something I have access to - this is built around BRAC University information.,"Question (Banglish): Aj USD ar BDT er exchange rate koto?
Answer (English): Live financial data isn't something I have access to - this is built around BRAC University information. A currency converter or bank site would have the current rate.

Question: Hey, what's the exchange rate between USD and BDT today?
Answer: Live financial data isn't something I have access to - this is built around BRAC University information. A currency converter or bank site would have the current rate.

Question (Banglish): Specifically CSE program er acceptance rate koto?
Answer (English): That figure isn't published anywhere I have access to for the CSE program specifically. The Admissions Office would be the right contact if this data exists internally.

Question (Banglish): Ei bochor BRAC University er exact acceptance rate koto?
Answer (English): That's not published anywhere I can check - BRAC University doesn't release a precise annual acceptance rate that I have access to. The Admissions Office would be the right contact.

Question: What's the exchange rate between USD and BDT today?
Answer: Live financial data isn't something I have access to - this is built around BRAC University information. A currency converter or bank site would have the current rate.",False,out_of_scope,Aj USD ar BDT er exchange rate koto?,0.9927311539649963
A currency converter or bank site would have the current rate.,"Question (Banglish): Aj USD ar BDT er exchange rate koto?
Answer (English): Live financial data isn't something I have access to - this is built around BRAC University information. A currency converter or bank site would have the current rate.

Question: Hey, what's the exchange rate between USD and BDT today?
Answer: Live financial data isn't something I have access to - this is built around BRAC University information. A currency converter or bank site would have the current rate.

Question (Banglish): Specifically CSE program er acceptance rate koto?
Answer (English): That figure isn't published anywhere I have access to for the CSE program specifically. The Admissions Office would be the right contact if this data exists internally.

Question (Banglish): Ei bochor BRAC University er exact acceptance rate koto?
Answer (English): That's not published anywhere I can check - BRAC University doesn't release a precise annual acceptance rate that I have access to. The Admissions Office would be the right contact.

Question: What's the exchange rate between USD and BDT today?
Answer: Live financial data isn't something I have access to - this is built around BRAC University information. A currency converter or bank site would have the current rate.",False,out_of_scope,Aj USD ar BDT er exchange rate koto?,0.9895555377006531
"It's usually shared with you directly (via your department's advising channel or email) - check there, or contact your department's DCO.","Question (Banglish): Amake advising er jonno kon advisor deya hoyeche, seta ki apni bolte parben?
Answer (English): That's individual advising data I don't have access to. It's usually shared with you directly (via your department's advising channel or email) - check there, or contact your department's DCO.

Question (Banglish): Amar advisor ke ta kivabe jante parbo?
Answer (English): For CSE department, you can know you advisor by going to the CSE Advising Server. Then look for link-resources in the general section and find the link. It maybe titled as: 2024 [Current Semester] CSE Registration / Advising List [v1] [Student] List or wait until you see your advisor channel visible. Or visit: https://cse.sds.bracu.ac.bd/advising

Question: Kind of urgent, but can other advisors do my advising?
Answer: Yes, they can. But they do not have any responsibility to do that. Please go to your advisor. Faculties can be busy with his advised students and also his other works.

Question: Can other advisors do my advising?
Answer: Yes, they can. But they do not have any responsibility to do that. Please go to your advisor. Faculties can be busy with his advised students and also his other works.

Question (Banglish): Onno advisor ra ki amar advising korte pare?
Answer (English): Yes, they can. But they do not have any responsibility to do that. Please go to your advisor. Faculties can be busy with his advised students and also his other works.",False,out_of_scope,"Amake advising er jonno kon advisor deya hoyeche, seta ki apni bolte parben?",0.9907780885696411
"That's unrelated to BRAC University, which is what this dataset covers - a recipe site or app would help more here.","Question (Banglish): Amake ekta shundor biryani ranna korar niyom bolte parben?
Answer (English): That's unrelated to BRAC University, which is what this dataset covers - a recipe site or app would help more here.

Question (Banglish): Bus avail korte ami ki Bkash payment use korte pari?
Answer (English): BKash only accepted on Route-02: Mirpur-A to BRAC University.

Question (Banglish): Special permission na niye ekjon student koto din RS campus theke absent thakte parbe?
Answer (English): For emergencies, a student can be absent for up to four consecutive classes of a particular subject with written permission from the Campus Superintendent; being absent from campus itself for one week or less also has its own permission and check-in procedure.

Question (Banglish): Ami koto shomoy campus e amar vehicle park korte pari?
Answer (English): As long as you're paying the parking fee

Question (Banglish): Amake advising er jonno kon advisor deya hoyeche, seta ki apni bolte parben?
Answer (English): That's individual advising data I don't have access to. It's usually shared with you directly (via your department's advising channel or email) - check there, or contact your department's DCO.",False,out_of_scope,Amake ekta shundor biryani ranna korar niyom bolte parben?,0.9873819947242737
"That's outside what this dataset is built for, which is BRAC University questions specifically.","Question (Banglish): Amake love niye ekta kobita likhe diben?
Answer (English): That's outside what this dataset is built for, which is BRAC University questions specifically.

Question (Banglish): Amar classmate er phone number amake diben?
Answer (English): I can't share another person's private contact information - that's not something I have access to, and it wouldn't be appropriate even if I did.

Question: Can you write me a poem about love?
Answer: That's outside what this dataset is built for, which is BRAC University questions specifically.

Question (Banglish): Amar thesis ta amar hoye likhe diben?
Answer (English): I can't do that - a thesis has to be your own work, and having someone else write it would violate BRAC University's academic integrity policy. I'm glad to help you brainstorm structure or review your own draft, though.

Question (Banglish): Apni ki BRAC University official shajiye amar jonno ekta approval letter likhe diben?
Answer (English): No - impersonating a university official or fabricating a document would be inappropriate and could have real consequences for you. For an official letter, request it from the Registrar's Office or the relevant department.",False,out_of_scope,Amake love niye ekta kobita likhe diben?,0.9895302653312683
"I can't guarantee an admission outcome like that - BRAC University's decisions depend on the full application, the written test, and the interview, not GPA alone.","Question (Banglish): Amar 4.0 GPA thakle ami ki nishchit admission pabo?
Answer (English): I can't guarantee an admission outcome like that - BRAC University's decisions depend on the full application, the written test, and the interview, not GPA alone. A strong GPA helps, but it isn't the only factor.

Question: Kind of urgent, but will I definitely get admitted if I have a 4.0 GPA?
Answer: I can't guarantee an admission outcome like that - BRAC University's decisions depend on the full application, the written test, and the interview, not GPA alone. A strong GPA helps, but it isn't the only factor.

Question (Banglish): Ami ki amar application status online e dekhte pari?
Answer (English): Applicants can check their application status online any time at admissions.bracu.ac.bd

Question (Banglish): Amar scholarship application ki approve hoyeche?
Answer (English): That's individual application data I can't see. Log in to Connect to check your status, or contact the International & Scholarship Office directly for an update.

Question: Will I definitely get admitted if I have a 4.0 GPA?
Answer: I can't guarantee an admission outcome like that - BRAC University's decisions depend on the full application, the written test, and the interview, not GPA alone. A strong GPA helps, but it isn't the only factor.",False,out_of_scope,Amar 4.0 GPA thakle ami ki nishchit admission pabo?,0.9918695688247681
"A strong GPA helps, but it isn't the only factor.","Question (Banglish): Amar 4.0 GPA thakle ami ki nishchit admission pabo?
Answer (English): I can't guarantee an admission outcome like that - BRAC University's decisions depend on the full application, the written test, and the interview, not GPA alone. A strong GPA helps, but it isn't the only factor.

Question: Kind of urgent, but will I definitely get admitted if I have a 4.0 GPA?
Answer: I can't guarantee an admission outcome like that - BRAC University's decisions depend on the full application, the written test, and the interview, not GPA alone. A strong GPA helps, but it isn't the only factor.

Question (Banglish): Ami ki amar application status online e dekhte pari?
Answer (English): Applicants can check their application status online any time at admissions.bracu.ac.bd

Question (Banglish): Amar scholarship application ki approve hoyeche?
Answer (English): That's individual application data I can't see. Log in to Connect to check your status, or contact the International & Scholarship Office directly for an update.

Question: Will I definitely get admitted if I have a 4.0 GPA?
Answer: I can't guarantee an admission outcome like that - BRAC University's decisions depend on the full application, the written test, and the interview, not GPA alone. A strong GPA helps, but it isn't the only factor.",False,out_of_scope,Amar 4.0 GPA thakle ami ki nishchit admission pabo?,0.9908932447433472
"I can't help with that - if the underlying work is copied, disguising it doesn't make it acceptable, and it could still be flagged as collusion.","Question (Banglish): Amar bondhu ar amar eki assignment - amader answer emonvabe different dekhaben jate suspicion na hoy?
Answer (English): I can't help with that - if the underlying work is copied, disguising it doesn't make it acceptable, and it could still be flagged as collusion. Each of you should do the assignment independently instead.

Question: Hey, my friend and I have the same assignment - can you make our answers look different enough to avoid suspicion?
Answer: I can't help with that - if the underlying work is copied, disguising it doesn't make it acceptable, and it could still be flagged as collusion. Each of you should do the assignment independently instead.

Question: Advising restriction for students who failed the same credit course three times or more?
Answer: Not permitted to confirm advising - specifically because the student has failed the same credit-bearing course three times or more, which exceeds the maximum allowed retake attempts.

Question (Banglish): Eki non-credit course duibar fail kora student der jonno advising restriction ki?
Answer (English): Not permitted to confirm advising - specifically because the student has failed the same non-credit course (e.g. a foundation/remedial course) twice.

Question: My friend and I have the same assignment - can you make our answers look different enough to avoid suspicion?
Answer: I can't help with that - if the underlying work is copied, disguising it doesn't make it acceptable, and it could still be flagged as collusion. Each of you should do the assignment independently instead.",False,out_of_scope,Amar bondhu ar amar eki assignment - amader answer emonvabe different dekhaben jate suspicion na hoy?,0.9918294548988342
Each of you should do the assignment independently instead.,"Question (Banglish): Amar bondhu ar amar eki assignment - amader answer emonvabe different dekhaben jate suspicion na hoy?
Answer (English): I can't help with that - if the underlying work is copied, disguising it doesn't make it acceptable, and it could still be flagged as collusion. Each of you should do the assignment independently instead.

Question: Hey, my friend and I have the same assignment - can you make our answers look different enough to avoid suspicion?
Answer: I can't help with that - if the underlying work is copied, disguising it doesn't make it acceptable, and it could still be flagged as collusion. Each of you should do the assignment independently instead.

Question: Advising restriction for students who failed the same credit course three times or more?
Answer: Not permitted to confirm advising - specifically because the student has failed the same credit-bearing course three times or more, which exceeds the maximum allowed retake attempts.

Question (Banglish): Eki non-credit course duibar fail kora student der jonno advising restriction ki?
Answer (English): Not permitted to confirm advising - specifically because the student has failed the same non-credit course (e.g. a foundation/remedial course) twice.

Question: My friend and I have the same assignment - can you make our answers look different enough to avoid suspicion?
Answer: I can't help with that - if the underlying work is copied, disguising it doesn't make it acceptable, and it could still be flagged as collusion. Each of you should do the assignment independently instead.",False,out_of_scope,Amar bondhu ar amar eki assignment - amader answer emonvabe different dekhaben jate suspicion na hoy?,0.9875282645225525
"I can't share another person's private contact information - that's not something I have access to, and it wouldn't be appropriate even if I did.","Question (Banglish): Amar classmate er phone number amake diben?
Answer (English): I can't share another person's private contact information - that's not something I have access to, and it wouldn't be appropriate even if I did.

Question: Kind of urgent, but can you give me my classmate's phone number?
Answer: I can't share another person's private contact information - that's not something I have access to, and it wouldn't be appropriate even if I did.

Question: What's my student ID number?
Answer: That's personal record information I don't have. Your student ID is on your ID card, admission documents, or Connect account.

Question: One thing I couldn't find anywhere: what's my student ID number?
Answer: That's personal record information I don't have. Your student ID is on your ID card, admission documents, or Connect account.

Question: Can you give me my classmate's phone number?
Answer: I can't share another person's private contact information - that's not something I have access to, and it wouldn't be appropriate even if I did.",False,out_of_scope,Amar classmate er phone number amake diben?,0.9910035133361816
"Your CGPA is in BRAC University Connect, or the Student Information Centre (sic@bracu.ac.bd) can help if it's not showing.","Question (Banglish): Amar ekhonkar CGPA koto?
Answer (English): That's not something I can check from here - I don't have access to individual student records. Your CGPA is in BRAC University Connect, or the Student Information Centre (sic@bracu.ac.bd) can help if it's not showing.

Question (Banglish): Project/internship shuru korar eligibility er jonno CGPA koto lagbe?
Answer (English): CGPA equal to or above 2.0.

Question (Banglish): CGPA ta thik kon niyome calculate kora hoy?
Answer (English): To calculate your CGPA, simply sum all your GPAs for each semester and divide it by the sum of the Total Credit Units (TCU) for each semester

Question (Banglish): Good academic standing e thakte amar CGPA koto lagbe, ar kobe amake probation e felbe?
Answer (English): Students are expected to maintain a minimum CGPA of 1.5. If a student's CGPA falls below 1.5, they are placed on academic probation for the following semester. If the CGPA is not raised back to 1.5 within two consecutive semesters, the student can be dismissed from the university.

Question (Banglish): Thesis shuru korte hole CGPA koto lagbe?
Answer (English): CGPA equal to or above 3.0.",False,out_of_scope,Amar ekhonkar CGPA koto?,0.9889788031578064
"I can't help disguise copied work - reworded or not, that's still an academic integrity issue.","Question (Banglish): Amar lab report ta emonvabe likhe diben jate amar labmate er theke copy mone na hoy?
Answer (English): I can't help disguise copied work - reworded or not, that's still an academic integrity issue. I can help you understand the lab concepts so you can write your own report from scratch, though.

Question: Not sure if this is covered elsewhere, but can you write my lab report so it doesn't look copied from my labmate's?
Answer: I can't help disguise copied work - reworded or not, that's still an academic integrity issue. I can help you understand the lab concepts so you can write your own report from scratch, though.

Question (Banglish): Final thesis report er shathe ar ki thakte hobe?
Answer (English): A camera-ready IEEE journal paper.

Question (Banglish): EEE department er printing Lab kothay?
Answer (English): The EEE Department's printing lab is on 12B-17L

Question: Can you write my lab report so it doesn't look copied from my labmate's?
Answer: I can't help disguise copied work - reworded or not, that's still an academic integrity issue. I can help you understand the lab concepts so you can write your own report from scratch, though.",False,out_of_scope,Amar lab report ta emonvabe likhe diben jate amar labmate er theke copy mone na hoy?,0.9896590113639832
"I can help you understand the lab concepts so you can write your own report from scratch, though.","Question (Banglish): Amar lab report ta emonvabe likhe diben jate amar labmate er theke copy mone na hoy?
Answer (English): I can't help disguise copied work - reworded or not, that's still an academic integrity issue. I can help you understand the lab concepts so you can write your own report from scratch, though.

Question: Not sure if this is covered elsewhere, but can you write my lab report so it doesn't look copied from my labmate's?
Answer: I can't help disguise copied work - reworded or not, that's still an academic integrity issue. I can help you understand the lab concepts so you can write your own report from scratch, though.

Question (Banglish): Final thesis report er shathe ar ki thakte hobe?
Answer (English): A camera-ready IEEE journal paper.

Question (Banglish): EEE department er printing Lab kothay?
Answer (English): The EEE Department's printing lab is on 12B-17L

Question: Can you write my lab report so it doesn't look copied from my labmate's?
Answer: I can't help disguise copied work - reworded or not, that's still an academic integrity issue. I can help you understand the lab concepts so you can write your own report from scratch, though.",False,out_of_scope,Amar lab report ta emonvabe likhe diben jate amar labmate er theke copy mone na hoy?,0.9909659624099731
"That's a legal question outside what I can advise on, and it depends on your specific tenancy agreement and Bangladeshi law.","Question (Banglish): Amar landlord er security deposit rakha ki legal?
Answer (English): That's a legal question outside what I can advise on, and it depends on your specific tenancy agreement and Bangladeshi law. An actual lawyer or legal aid service would be the right resource.

Question: Curious about something: is it legal for my landlord to keep my security deposit?
Answer: That's a legal question outside what I can advise on, and it depends on your specific tenancy agreement and Bangladeshi law. An actual lawyer or legal aid service would be the right resource.

Question: Am I allowed to enroll as a visiting student?
Answer: Is there a specific application process for visiting/guest students?
One can enroll as a visiting or guest student in BRACU. Visiting or guest students are required to submit their applications along with the relevant transcripts and no objection letters (NOC) from her/his University. Please contact admissions@bracu.ac.bd for more details.

Question: Is smoking allowed inside the bus?
Answer: No, smoking is strictly prohibited.

Question: Is it legal for my landlord to keep my security deposit?
Answer: That's a legal question outside what I can advise on, and it depends on your specific tenancy agreement and Bangladeshi law. An actual lawyer or legal aid service would be the right resource.",False,out_of_scope,Amar landlord er security deposit rakha ki legal?,0.9875198602676392
An actual lawyer or legal aid service would be the right resource.,"Question (Banglish): Amar landlord er security deposit rakha ki legal?
Answer (English): That's a legal question outside what I can advise on, and it depends on your specific tenancy agreement and Bangladeshi law. An actual lawyer or legal aid service would be the right resource.

Question: Curious about something: is it legal for my landlord to keep my security deposit?
Answer: That's a legal question outside what I can advise on, and it depends on your specific tenancy agreement and Bangladeshi law. An actual lawyer or legal aid service would be the right resource.

Question: Am I allowed to enroll as a visiting student?
Answer: Is there a specific application process for visiting/guest students?
One can enroll as a visiting or guest student in BRACU. Visiting or guest students are required to submit their applications along with the relevant transcripts and no objection letters (NOC) from her/his University. Please contact admissions@bracu.ac.bd for more details.

Question: Is smoking allowed inside the bus?
Answer: No, smoking is strictly prohibited.

Question: Is it legal for my landlord to keep my security deposit?
Answer: That's a legal question outside what I can advise on, and it depends on your specific tenancy agreement and Bangladeshi law. An actual lawyer or legal aid service would be the right resource.",False,out_of_scope,Amar landlord er security deposit rakha ki legal?,0.9901509284973145
"That's outside what this is built to help with - university academics and administration, not general coding help.","Question (Banglish): Amar personal coding project er ekta bug fix korte help korben?
Answer (English): That's outside what this is built to help with - university academics and administration, not general coding help.

Question: Hey, can you help me fix a bug in my personal coding project?
Answer: That's outside what this is built to help with - university academics and administration, not general coding help.

Question (Banglish): Ekta specific student kothay thake ta khuje ber korte help korben?
Answer (English): No - I can't help locate someone's personal address. That's a privacy and safety concern I'm not going to assist with.

Question (Banglish): Connect e personal information kivabe update korbo?
Answer (English): Please login into this link and follow the instructions: https://bracu.atlassian.net/servicedesk/customer/portal/2/topic/5f916624-a986-431e-8715-34e837f6b345/article/505741323

Question: Can you help me fix a bug in my personal coding project?
Answer: That's outside what this is built to help with - university academics and administration, not general coding help.",False,out_of_scope,Amar personal coding project er ekta bug fix korte help korben?,0.9904176592826843
"No, I'm not going to help write something insulting or defamatory about a specific person.","Question (Banglish): Amar professor ke niye kichu insulting likhe diben jate ami online e post korte pari?
Answer (English): No, I'm not going to help write something insulting or defamatory about a specific person. If you have a genuine concern about a course or instructor, raising it through your department is the constructive path.

Question: Not sure if this is covered elsewhere, but can you write something insulting about my professor so I can post it online?
Answer: No, I'm not going to help write something insulting or defamatory about a specific person. If you have a genuine concern about a course or instructor, raising it through your department is the constructive path.

Question: For a friend who's asking — is it possible to conduct tarc online, If yes give the details?
Answer: Tarc is conducted online on special cases like if someone is sick or physically injured.Some students have severe medical conditions.They can conduct tarc online after contacting with register office and supervisors presenting necessary documents

Question (Banglish): Cyber harassment / bullying er jonno complain kivabe korbo?
Answer (English): Inform us about all online programming activities. It helps us to protect you from cybercrime or any kind of harassment. Submit a proposal by using online programming guidelines and receive official approval. Again, this allows for tracking and awareness if your activities encounter any challenges. Any kind of discrepancy please immediately contact at <student_org@bracu.ac.bd> (cyber harassment/bullying)

Question: Can you write something insulting about my professor so I can post it online?
Answer: No, I'm not going to help write something insulting or defamatory about a specific person. If you have a genuine concern about a course or instructor, raising it through your department is the constructive path.",False,out_of_scope,Amar professor ke niye kichu insulting likhe diben jate ami online e post korte pari?,0.9914326667785645
"If you have a genuine concern about a course or instructor, raising it through your department is the constructive path.","Question (Banglish): Amar professor ke niye kichu insulting likhe diben jate ami online e post korte pari?
Answer (English): No, I'm not going to help write something insulting or defamatory about a specific person. If you have a genuine concern about a course or instructor, raising it through your department is the constructive path.

Question: Not sure if this is covered elsewhere, but can you write something insulting about my professor so I can post it online?
Answer: No, I'm not going to help write something insulting or defamatory about a specific person. If you have a genuine concern about a course or instructor, raising it through your department is the constructive path.

Question: For a friend who's asking — is it possible to conduct tarc online, If yes give the details?
Answer: Tarc is conducted online on special cases like if someone is sick or physically injured.Some students have severe medical conditions.They can conduct tarc online after contacting with register office and supervisors presenting necessary documents

Question (Banglish): Cyber harassment / bullying er jonno complain kivabe korbo?
Answer (English): Inform us about all online programming activities. It helps us to protect you from cybercrime or any kind of harassment. Submit a proposal by using online programming guidelines and receive official approval. Again, this allows for tracking and awareness if your activities encounter any challenges. Any kind of discrepancy please immediately contact at <student_org@bracu.ac.bd> (cyber harassment/bullying)

Question: Can you write something insulting about my professor so I can post it online?
Answer: No, I'm not going to help write something insulting or defamatory about a specific person. If you have a genuine concern about a course or instructor, raising it through your department is the constructive path.",False,out_of_scope,Amar professor ke niye kichu insulting likhe diben jate ami online e post korte pari?,0.9816606044769287
That's individual application data I can't see.,"Question (Banglish): Amar scholarship application ki approve hoyeche?
Answer (English): That's individual application data I can't see. Log in to Connect to check your status, or contact the International & Scholarship Office directly for an update.

Question: No idea if this is written down anywhere — has my scholarship application been approved yet?
Answer: That's individual application data I can't see. Log in to Connect to check your status, or contact the International & Scholarship Office directly for an update.

Question (Banglish): Amar visa application ki ekhono process hocche?
Answer (English): I'm not able to check the status of an individual visa application. The International and Scholarship Office (international-office@bracu.ac.bd) can give you an update on your specific case.

Question (Banglish): Scholarship application er jonno ki ki documents lagbe?
Answer (English): For a merit-based scholarship application at BRAC University, students generally need to submit academic transcripts, a certificate of enrollment, and a completed scholarship application form. Some scholarships may also require recommendation letters and a personal statement detailing academic achievements and goals. Specific scholarships may have additional requirements, so it's important to check the guidelines for each one

Question: Has my scholarship application been approved yet?
Answer: That's individual application data I can't see. Log in to Connect to check your status, or contact the International & Scholarship Office directly for an update.",False,out_of_scope,Amar scholarship application ki approve hoyeche?,0.9916472434997559
"Log in to Connect to check your status, or contact the International & Scholarship Office directly for an update.","Question (Banglish): Amar scholarship application ki approve hoyeche?
Answer (English): That's individual application data I can't see. Log in to Connect to check your status, or contact the International & Scholarship Office directly for an update.

Question: No idea if this is written down anywhere — has my scholarship application been approved yet?
Answer: That's individual application data I can't see. Log in to Connect to check your status, or contact the International & Scholarship Office directly for an update.

Question (Banglish): Amar visa application ki ekhono process hocche?
Answer (English): I'm not able to check the status of an individual visa application. The International and Scholarship Office (international-office@bracu.ac.bd) can give you an update on your specific case.

Question (Banglish): Scholarship application er jonno ki ki documents lagbe?
Answer (English): For a merit-based scholarship application at BRAC University, students generally need to submit academic transcripts, a certificate of enrollment, and a completed scholarship application form. Some scholarships may also require recommendation letters and a personal statement detailing academic achievements and goals. Specific scholarships may have additional requirements, so it's important to check the guidelines for each one

Question: Has my scholarship application been approved yet?
Answer: That's individual application data I can't see. Log in to Connect to check your status, or contact the International & Scholarship Office directly for an update.",False,out_of_scope,Amar scholarship application ki approve hoyeche?,0.9868969321250916
"I can't give financial or investment advice - that's a personal decision with real risk, worth discussing with someone qualified rather than relying on general information here.","Question (Banglish): Amar scholarship er taka crypto te invest kora uchit ki?
Answer (English): I can't give financial or investment advice - that's a personal decision with real risk, worth discussing with someone qualified rather than relying on general information here.

Question: One thing I couldn't find anywhere: should I invest my scholarship money in crypto?
Answer: I can't give financial or investment advice - that's a personal decision with real risk, worth discussing with someone qualified rather than relying on general information here.

Question (Banglish): Scholarship er taka student der kivabe deya hoy?
Answer (English): Scholarship funds at BRAC University are typically disbursed by directly applying the awarded amount as a tuition fee waiver. Instead of receiving cash, students benefit from a reduction in their tuition and other eligible fees based on the scholarship percentage they receive. In cases like the BRAC Scholarship, which covers additional expenses such as accommodation and fees, the university handles the payments directly, ensuring that the student's expenses are covered as per the scholarship terms.

Question (Banglish): BRAC University protibochor scholarship e koto taka dey?
Answer (English): BRAC University awards more than 100 million Taka each semester in scholarships and financial aid to undergraduate and postgraduate students.

Question: Should I invest my scholarship money in crypto?
Answer: I can't give financial or investment advice - that's a personal decision with real risk, worth discussing with someone qualified rather than relying on general information here.",False,out_of_scope,Amar scholarship er taka crypto te invest kora uchit ki?,0.9912524819374084
"Your student ID is on your ID card, admission documents, or Connect account.","Question (Banglish): Amar student ID number ta ki?
Answer (English): That's personal record information I don't have. Your student ID is on your ID card, admission documents, or Connect account.

Question: One thing I couldn't find anywhere: what's my student ID number?
Answer: That's personal record information I don't have. Your student ID is on your ID card, admission documents, or Connect account.

Question (Banglish): Amar Connect ID mone nei, ki korbo?
Answer (English): You can login using sign up with google and students who forgot their connect account's Username should contact at the Office of the Registrar or email the Help desk at sic@bracu.ac.bd mentioning their Student ID in the email.

Question: What ID do I need to show to board the BRAC University bus?
Answer: Passengers must display their individual student ID card before boarding. New students who don't yet have their ID card can show a photocopy of their payment/registration receipt instead.

Question: What's my student ID number?
Answer: That's personal record information I don't have. Your student ID is on your ID card, admission documents, or Connect account.",False,out_of_scope,Amar student ID number ta ki?,0.9840260148048401
Individual thesis and supervisor records aren't something I have access to.,"Question (Banglish): Amar thesis supervisor ki amar topic approve koreche?
Answer (English): Individual thesis and supervisor records aren't something I have access to. Check directly with your supervisor or the thesis coordination sheet for your department.

Question: Kind of urgent, but did my thesis supervisor approve my topic yet?
Answer: Individual thesis and supervisor records aren't something I have access to. Check directly with your supervisor or the thesis coordination sheet for your department.

Question: How do I contact a specific supervisor or get his Thesis Slot on topic selection?
Answer: Determine your own research interests first, and then look for a faculty member whose interests coincide with your own. Subsequently, you can ask him for a time slot for the semester in which you intend to begin your thesis. After that, you and your teammates can choose a topic by the discussing with the faculty. Students also approach the faculty members after finding out the topic by his own. If the faculty member likes/loves to work on it then they agree to supervise that team. That's something you can also do.

Question: Not sure if this is covered elsewhere, but how do I contact a specific supervisor or get his Thesis Slot on topic selection?
Answer: Determine your own research interests first, and then look for a faculty member whose interests coincide with your own. Subsequently, you can ask him for a time slot for the semester in which you intend to begin your thesis. After that, you and your teammates can choose a topic by the discussing with the faculty. Students also approach the faculty members after finding out the topic by his own. If the faculty member likes/loves to work on it then they agree to supervise that team. That's something you can also do.

Question: Did my thesis supervisor approve my topic yet?
Answer: Individual thesis and supervisor records aren't something I have access to. Check directly with your supervisor or the thesis coordination sheet for your department.",False,out_of_scope,Amar thesis supervisor ki amar topic approve koreche?,0.992202639579773
Check directly with your supervisor or the thesis coordination sheet for your department.,"Question (Banglish): Amar thesis supervisor ki amar topic approve koreche?
Answer (English): Individual thesis and supervisor records aren't something I have access to. Check directly with your supervisor or the thesis coordination sheet for your department.

Question: Kind of urgent, but did my thesis supervisor approve my topic yet?
Answer: Individual thesis and supervisor records aren't something I have access to. Check directly with your supervisor or the thesis coordination sheet for your department.

Question: How do I contact a specific supervisor or get his Thesis Slot on topic selection?
Answer: Determine your own research interests first, and then look for a faculty member whose interests coincide with your own. Subsequently, you can ask him for a time slot for the semester in which you intend to begin your thesis. After that, you and your teammates can choose a topic by the discussing with the faculty. Students also approach the faculty members after finding out the topic by his own. If the faculty member likes/loves to work on it then they agree to supervise that team. That's something you can also do.

Question: Not sure if this is covered elsewhere, but how do I contact a specific supervisor or get his Thesis Slot on topic selection?
Answer: Determine your own research interests first, and then look for a faculty member whose interests coincide with your own. Subsequently, you can ask him for a time slot for the semester in which you intend to begin your thesis. After that, you and your teammates can choose a topic by the discussing with the faculty. Students also approach the faculty members after finding out the topic by his own. If the faculty member likes/loves to work on it then they agree to supervise that team. That's something you can also do.

Question: Did my thesis supervisor approve my topic yet?
Answer: Individual thesis and supervisor records aren't something I have access to. Check directly with your supervisor or the thesis coordination sheet for your department.",False,out_of_scope,Amar thesis supervisor ki amar topic approve koreche?,0.9879122376441956
"I can't do that - a thesis has to be your own work, and having someone else write it would violate BRAC University's academic integrity policy.","Question (Banglish): Amar thesis ta amar hoye likhe diben?
Answer (English): I can't do that - a thesis has to be your own work, and having someone else write it would violate BRAC University's academic integrity policy. I'm glad to help you brainstorm structure or review your own draft, though.

Question (Banglish): Dhaka University er amar program er thesis likhte amake help korben?
Answer (English): I'm set up specifically for BRAC University, so I'm not the right resource for another university's thesis requirements. Your own department's guidelines there would be the place to check.

Question (Banglish): Thesis lifecycle er ekta overall idea diben?
Answer (English): Here is the link of the overall thesis life cycle: https://drive.google.com/file/d/1tMgIr8czAURIiF41qBydUZVhbinrrIzZ/view

Question (Banglish): Amar lab report ta emonvabe likhe diben jate amar labmate er theke copy mone na hoy?
Answer (English): I can't help disguise copied work - reworded or not, that's still an academic integrity issue. I can help you understand the lab concepts so you can write your own report from scratch, though.

Question (Banglish): Amake love niye ekta kobita likhe diben?
Answer (English): That's outside what this dataset is built for, which is BRAC University questions specifically.",False,out_of_scope,Amar thesis ta amar hoye likhe diben?,0.9912405610084534
"I'm glad to help you brainstorm structure or review your own draft, though.","Question (Banglish): Amar thesis ta amar hoye likhe diben?
Answer (English): I can't do that - a thesis has to be your own work, and having someone else write it would violate BRAC University's academic integrity policy. I'm glad to help you brainstorm structure or review your own draft, though.

Question (Banglish): Dhaka University er amar program er thesis likhte amake help korben?
Answer (English): I'm set up specifically for BRAC University, so I'm not the right resource for another university's thesis requirements. Your own department's guidelines there would be the place to check.

Question (Banglish): Thesis lifecycle er ekta overall idea diben?
Answer (English): Here is the link of the overall thesis life cycle: https://drive.google.com/file/d/1tMgIr8czAURIiF41qBydUZVhbinrrIzZ/view

Question (Banglish): Amar lab report ta emonvabe likhe diben jate amar labmate er theke copy mone na hoy?
Answer (English): I can't help disguise copied work - reworded or not, that's still an academic integrity issue. I can help you understand the lab concepts so you can write your own report from scratch, though.

Question (Banglish): Amake love niye ekta kobita likhe diben?
Answer (English): That's outside what this dataset is built for, which is BRAC University questions specifically.",False,out_of_scope,Amar thesis ta amar hoye likhe diben?,0.990711510181427
The International and Scholarship Office (international-office@bracu.ac.bd) can give you an update on your specific case.,"Question (Banglish): Amar visa application ki ekhono process hocche?
Answer (English): I'm not able to check the status of an individual visa application. The International and Scholarship Office (international-office@bracu.ac.bd) can give you an update on your specific case.

Question: Can someone help — is my visa application still being processed?
Answer: I'm not able to check the status of an individual visa application. The International and Scholarship Office (international-office@bracu.ac.bd) can give you an update on your specific case.

Question (Banglish): Amar application er status ami kivabe check korbo?
Answer (English): Applicants can check their application status online any time at admissions.bracu.ac.bd

Question (Banglish): International applicant der jonno application process ki shoman?
Answer (English): International Applicants must contact the scholarship@bracu.ac.bd and can apply only online for admission (admissions.bracu.ac.bd). The application process is the same for all applicants

Question: Is my visa application still being processed?
Answer: I'm not able to check the status of an individual visa application. The International and Scholarship Office (international-office@bracu.ac.bd) can give you an update on your specific case.",False,out_of_scope,Amar visa application ki ekhono process hocche?,0.9898110628128052
"If you're in crisis, please contact a local emergency service or a crisis helpline right away.","Question (Banglish): Ami khub depressed feel korchi, ki medication khabo?
Answer (English): I'm not able to give medical advice, and this isn't something to work through alone - please reach out to BRAC University's Counseling and Wellness Centre, or a doctor, as soon as you can. If you're in crisis, please contact a local emergency service or a crisis helpline right away.

Question: Sorry if this was already answered, but i'm feeling really depressed, what medication should I take?
Answer: I'm not able to give medical advice, and this isn't something to work through alone - please reach out to BRAC University's Counseling and Wellness Centre, or a doctor, as soon as you can. If you're in crisis, please contact a local emergency service or a crisis helpline right away.

Question (Banglish): Library te ami ki khabar niye jete parbo?
Answer (English): No food or drinks are allowed, but you may bring a water bottle.

Question (Banglish): Exam er age headache er jonno koto dosage painkiller khabo?
Answer (English): I can't give medical dosage advice. If you're unwell, the Medical Center on campus, or a pharmacist/doctor, is the right place to ask.

Question: I'm feeling really depressed, what medication should I take?
Answer: I'm not able to give medical advice, and this isn't something to work through alone - please reach out to BRAC University's Counseling and Wellness Centre, or a doctor, as soon as you can. If you're in crisis, please contact a local emergency service or a crisis helpline right away.",False,out_of_scope,"Ami khub depressed feel korchi, ki medication khabo?",0.98384028673172
"I'm not sure what ""eta"" refers to in your question.","Question (Banglish): Ami ki amar application status online e dekhte pari?
Answer (English): Applicants can check their application status online any time at admissions.bracu.ac.bd

Question (Banglish): Amar professor ke niye kichu insulting likhe diben jate ami online e post korte pari?
Answer (English): No, I'm not going to help write something insulting or defamatory about a specific person. If you have a genuine concern about a course or instructor, raising it through your department is the constructive path.

Question (Banglish): Ami ki ekshathe ekaddhik program e apply korte pari?
Answer (English): Yes, you can apply for 3 programs at a time

Question (Banglish): Ami ki fare cash e pay korte pari?
Answer (English): Yes, students must pay in cash to the service attendants.

Question (Banglish): Ami ki eta online e korte pari?
Answer (English): Not sure what 'it' refers to - could you tell me which process or service you mean (paying tuition, requesting a transcript, registering for a course)?",False,out_of_scope,Ami ki eta online e korte pari?,0.9497047066688538
Could you please clarify which process or service you are asking about?,"Question (Banglish): Ami ki amar application status online e dekhte pari?
Answer (English): Applicants can check their application status online any time at admissions.bracu.ac.bd

Question (Banglish): Amar professor ke niye kichu insulting likhe diben jate ami online e post korte pari?
Answer (English): No, I'm not going to help write something insulting or defamatory about a specific person. If you have a genuine concern about a course or instructor, raising it through your department is the constructive path.

Question (Banglish): Ami ki ekshathe ekaddhik program e apply korte pari?
Answer (English): Yes, you can apply for 3 programs at a time

Question (Banglish): Ami ki fare cash e pay korte pari?
Answer (English): Yes, students must pay in cash to the service attendants.

Question (Banglish): Ami ki eta online e korte pari?
Answer (English): Not sure what 'it' refers to - could you tell me which process or service you mean (paying tuition, requesting a transcript, registering for a course)?",False,out_of_scope,Ami ki eta online e korte pari?,0.9770668148994446
You should request an official letter from the Registrar's Office or the relevant department at BRAC University.,"Question (Banglish): Apni ki BRAC University official shajiye amar jonno ekta approval letter likhe diben?
Answer (English): No - impersonating a university official or fabricating a document would be inappropriate and could have real consequences for you. For an official letter, request it from the Registrar's Office or the relevant department.

Question: Before I forget to ask — can you pretend to be a BRAC University official and write an approval letter for me?
Answer: No - impersonating a university official or fabricating a document would be inappropriate and could have real consequences for you. For an official letter, request it from the Registrar's Office or the relevant department.

Question (Banglish): Permission chara BRACU er naam letterhead er moto jinishe use kora jay ki?
Answer (English): No. Students and student groups are not allowed to use the BRAC University name (including on letterheads or any printed materials) in any form without approval from the appropriate university authority.

Question (Banglish): Amake love niye ekta kobita likhe diben?
Answer (English): That's outside what this dataset is built for, which is BRAC University questions specifically.

Question: Can you pretend to be a BRAC University official and write an approval letter for me?
Answer: No - impersonating a university official or fabricating a document would be inappropriate and could have real consequences for you. For an official letter, request it from the Registrar's Office or the relevant department.",False,out_of_scope,Apni ki BRAC University official shajiye amar jonno ekta approval letter likhe diben?,0.05527923256158829
"That's not something I can predict - BRAC University publishes tuition updates as they're decided, usually shortly before the relevant semester.","Question (Banglish): Ashche bochor tuition fee koto hobe?
Answer (English): That's not something I can predict - BRAC University publishes tuition updates as they're decided, usually shortly before the relevant semester. Check the official Tuition and Fees page closer to that time.

Question (Banglish): North South University er tuition fee koto?
Answer (English): That's outside what I can help with - I only have information about BRAC University. North South University's own website would have their current fee structure.

Question (Banglish): Application fee ki ache? Koto?
Answer (English): Admission Application Fee Tk. 1,500/- Non-Refundable [Through Bkash, Rocket, Nagod, Visa cards, Dhaka Bank Ltd., One Bank Ltd., Southeast Bank Ltd., Brac Bank Ltd. And Prime Bank Ltd]

Question (Banglish): Tuition chara BRACU ar kon kon 'other fees' charge kore?
Answer (English): Examples include a Make-up Examination Fee (BDT 3,000), a Department Change Fee (BDT 6,000), a Degree Processing Fee (BDT 8,500), a refundable Convocation Gown Fee (BDT 3,500, refunded on gown return), and a Late Advising Fee (BDT 2,000), among others such as Transfer Certificate fees.

Question (Banglish): Koto khoroch hobe?
Answer (English): Could you clarify what you're asking the cost of - tuition, a specific fee, the Residential Semester, accommodation? Costs vary a lot by program and category.",False,out_of_scope,Ashche bochor tuition fee koto hobe?,0.9926833510398865
Check the official Tuition and Fees page closer to that time.,"Question (Banglish): Ashche bochor tuition fee koto hobe?
Answer (English): That's not something I can predict - BRAC University publishes tuition updates as they're decided, usually shortly before the relevant semester. Check the official Tuition and Fees page closer to that time.

Question (Banglish): North South University er tuition fee koto?
Answer (English): That's outside what I can help with - I only have information about BRAC University. North South University's own website would have their current fee structure.

Question (Banglish): Application fee ki ache? Koto?
Answer (English): Admission Application Fee Tk. 1,500/- Non-Refundable [Through Bkash, Rocket, Nagod, Visa cards, Dhaka Bank Ltd., One Bank Ltd., Southeast Bank Ltd., Brac Bank Ltd. And Prime Bank Ltd]

Question (Banglish): Tuition chara BRACU ar kon kon 'other fees' charge kore?
Answer (English): Examples include a Make-up Examination Fee (BDT 3,000), a Department Change Fee (BDT 6,000), a Degree Processing Fee (BDT 8,500), a refundable Convocation Gown Fee (BDT 3,500, refunded on gown return), and a Late Advising Fee (BDT 2,000), among others such as Transfer Certificate fees.

Question (Banglish): Koto khoroch hobe?
Answer (English): Could you clarify what you're asking the cost of - tuition, a specific fee, the Residential Semester, accommodation? Costs vary a lot by program and category.",False,out_of_scope,Ashche bochor tuition fee koto hobe?,0.986638069152832
"Future scholarship policy decisions aren't something I have visibility into - these are set by the university's Scholarship Committee as circumstances change, and I can't predict them.","Question (Banglish): BRAC University ki ashche bochor nishchit scholarship barabe?
Answer (English): Future scholarship policy decisions aren't something I have visibility into - these are set by the university's Scholarship Committee as circumstances change, and I can't predict them.

Question (Banglish): BRAC Scholarship ta ki?
Answer (English): BRAC Scholarship is for economically disadvantaged students.

Eligibility criteria and other requirements:

1. Parents' monthly income - not more than Tk. 20,000. 

2. Students must have a GPA of 4.50 (without 4th subject) in SSC and HSC from Science, Arts & Commerce Group.

Question (Banglish): BRAC University ki ki scholarship offer kore?
Answer (English): BRAC University offers a range of scholarships tied to academic performance as well as specific student groups. Merit-based scholarships are awarded to students with outstanding academic achievements. Performance scholarships recognize students who excel in their studies each semester. The university also provides quota-based scholarships for students from underrepresented communities, including ethnic minorities and those from disadvantaged regions. Special scholarships are available for the children of freedom fighters, government employees, and BRAC employees, fostering inclusivity and supporting diverse student backgrounds.

Question (Banglish): BRAC University protibochor scholarship e koto taka dey?
Answer (English): BRAC University awards more than 100 million Taka each semester in scholarships and financial aid to undergraduate and postgraduate students.

Question (Banglish): Scholarship er jonno ami kivabe apply korbo?
Answer (English): 1. Students who are eligible for Scholarship Based on Previous Academic Results / Sibling Scholarship / BRAC Scholarship / Physically Challenged Students / Children of Freedom Fighter / Debater's Blue Scholarship / Children of Brac University Regular Confirmed Employee will have to apply for the first time through BracU prescribed form which is available at the Brac University website (https://www.bracu.ac.bd/admission/scholarships-financial-aid) and submit it to the International & Scholarship Office, Brac University or email the scan copy to: scholarship@bracu.ac.bd 

2. Those students who are eligible under Merit Scholarship Based on Brac University Academic Results and Scholarship Based on Brac University Admission Test Result are not required to apply as a scholarship will be awarded automatically. 

3. Those students who are already availing of scholarships/financial aid are not required to apply further. If they fulfill all the conditions of the scholarship, they will be awarded automatically. 

4. If the scholarship /financial aid of a student is discontinued for one or more than one semester, s/he needs to re-apply through BracU prescribed form after fulfilling the eligibility criteria.",False,out_of_scope,BRAC University ki ashche bochor nishchit scholarship barabe?,0.9887945652008057
"Official membership statistics comparing clubs aren't something I have access to, so I can't answer with confidence.","Question (Banglish): BRAC University te kon club shobcheye popular?
Answer (English): Official membership statistics comparing clubs aren't something I have access to, so I can't answer with confidence. Attending a club fair or a few events directly would give you a better feel for it.

Question: New student here, which club is the most popular at BRAC University?
Answer: Official membership statistics comparing clubs aren't something I have access to, so I can't answer with confidence. Attending a club fair or a few events directly would give you a better feel for it.

Question: Can you tell me what some examples of clubs students can join at BRAC University are?
Answer: Examples include the BRAC University Computer Club (BUCC), BRAC University Debate Club (BUDC), Business & Economics Forum, Communication & Language Club, Adventure Club, Football Club, Cricket BRACU, Marketing Association, Film Club, Law Society, Art & Photography Society, Natural Sciences Club, Pharma Society, Drama and Theatre Forum, Chess Club, Finance and Accounting Club, and the IEEE Student Branch Chapters (Computer Society, PES, RAS), among many others.

Question (Banglish): BRAC University te student ra join korte pare emon club er kichu example ki ki?
Answer (English): Examples include the BRAC University Computer Club (BUCC), BRAC University Debate Club (BUDC), Business & Economics Forum, Communication & Language Club, Adventure Club, Football Club, Cricket BRACU, Marketing Association, Film Club, Law Society, Art & Photography Society, Natural Sciences Club, Pharma Society, Drama and Theatre Forum, Chess Club, Finance and Accounting Club, and the IEEE Student Branch Chapters (Computer Society, PES, RAS), among many others.

Question: Which club is the most popular at BRAC University?
Answer: Official membership statistics comparing clubs aren't something I have access to, so I can't answer with confidence. Attending a club fair or a few events directly would give you a better feel for it.",False,out_of_scope,BRAC University te kon club shobcheye popular?,0.9890796542167664
Attending a club fair or a few events directly would give you a better feel for it.,"Question (Banglish): BRAC University te kon club shobcheye popular?
Answer (English): Official membership statistics comparing clubs aren't something I have access to, so I can't answer with confidence. Attending a club fair or a few events directly would give you a better feel for it.

Question: New student here, which club is the most popular at BRAC University?
Answer: Official membership statistics comparing clubs aren't something I have access to, so I can't answer with confidence. Attending a club fair or a few events directly would give you a better feel for it.

Question: Can you tell me what some examples of clubs students can join at BRAC University are?
Answer: Examples include the BRAC University Computer Club (BUCC), BRAC University Debate Club (BUDC), Business & Economics Forum, Communication & Language Club, Adventure Club, Football Club, Cricket BRACU, Marketing Association, Film Club, Law Society, Art & Photography Society, Natural Sciences Club, Pharma Society, Drama and Theatre Forum, Chess Club, Finance and Accounting Club, and the IEEE Student Branch Chapters (Computer Society, PES, RAS), among many others.

Question (Banglish): BRAC University te student ra join korte pare emon club er kichu example ki ki?
Answer (English): Examples include the BRAC University Computer Club (BUCC), BRAC University Debate Club (BUDC), Business & Economics Forum, Communication & Language Club, Adventure Club, Football Club, Cricket BRACU, Marketing Association, Film Club, Law Society, Art & Photography Society, Natural Sciences Club, Pharma Society, Drama and Theatre Forum, Chess Club, Finance and Accounting Club, and the IEEE Student Branch Chapters (Computer Society, PES, RAS), among many others.

Question: Which club is the most popular at BRAC University?
Answer: Official membership statistics comparing clubs aren't something I have access to, so I can't answer with confidence. Attending a club fair or a few events directly would give you a better feel for it.",False,out_of_scope,BRAC University te kon club shobcheye popular?,0.9870995879173279
"I only have detailed information about BRAC University's admission process, not BUET's, so an accurate comparison isn't something I can give you.","Question (Banglish): BUET er admission test BRAC University er shathe kivabe compare kore?
Answer (English): I only have detailed information about BRAC University's admission process, not BUET's, so an accurate comparison isn't something I can give you. BUET's official site would have their current requirements.

Question: Kind of urgent, but how does BUET's admission test compare to BRAC University's?
Answer: I only have detailed information about BRAC University's admission process, not BUET's, so an accurate comparison isn't something I can give you. BUET's official site would have their current requirements.

Question (Banglish): Admission test er result ami kivabe pabo?
Answer (English): After the publication of the admission test result, applicants are required to check the result on the BRACU website.

Question (Banglish): International applicant der jonno admission test kivabe hoy?
Answer (English): International applicants take the admission test online, administered by the university, and all eligible candidates are also required to attend an interview as part of the process.

Question: How does BUET's admission test compare to BRAC University's?
Answer: I only have detailed information about BRAC University's admission process, not BUET's, so an accurate comparison isn't something I can give you. BUET's official site would have their current requirements.",False,out_of_scope,BUET er admission test BRAC University er shathe kivabe compare kore?,0.9933320879936218
BUET's official site would have their current requirements.,"Question (Banglish): BUET er admission test BRAC University er shathe kivabe compare kore?
Answer (English): I only have detailed information about BRAC University's admission process, not BUET's, so an accurate comparison isn't something I can give you. BUET's official site would have their current requirements.

Question: Kind of urgent, but how does BUET's admission test compare to BRAC University's?
Answer: I only have detailed information about BRAC University's admission process, not BUET's, so an accurate comparison isn't something I can give you. BUET's official site would have their current requirements.

Question (Banglish): Admission test er result ami kivabe pabo?
Answer (English): After the publication of the admission test result, applicants are required to check the result on the BRACU website.

Question (Banglish): International applicant der jonno admission test kivabe hoy?
Answer (English): International applicants take the admission test online, administered by the university, and all eligible candidates are also required to attend an interview as part of the process.

Question: How does BUET's admission test compare to BRAC University's?
Answer: I only have detailed information about BRAC University's admission process, not BUET's, so an accurate comparison isn't something I can give you. BUET's official site would have their current requirements.",False,out_of_scope,BUET er admission test BRAC University er shathe kivabe compare kore?,0.9914615154266357
"That's beyond what this dataset is built for - it covers BRAC University topics only, not travel planning.","Question (Banglish): Cox's Bazar er trip plan korte amake help korben?
Answer (English): That's beyond what this dataset is built for - it covers BRAC University topics only, not travel planning.

Question: Random question, can you help me plan a trip to Cox's Bazar?
Answer: That's beyond what this dataset is built for - it covers BRAC University topics only, not travel planning.

Question (Banglish): Beshirbhag route e round trip er fare koto?
Answer (English): BDT 200 per round trip.

Question: Purpose of the Wishlist event for Summer 2025?
Answer: To help plan course offerings based on student demand

Question: Can you help me plan a trip to Cox's Bazar?
Answer: That's beyond what this dataset is built for - it covers BRAC University topics only, not travel planning.",False,out_of_scope,Cox's Bazar er trip plan korte amake help korben?,0.9911865592002869
There's no official basis for ranking departments by difficulty that I can point to - that's subjective and depends a lot on a student's own background.,"Question (Banglish): CSE department ki EEE department theke beshi kothin?
Answer (English): There's no official basis for ranking departments by difficulty that I can point to - that's subjective and depends a lot on a student's own background. Talking to students in both programs would give you a more grounded sense of it.

Question: Where is the CSE Department?
Answer: The CSE Department is located on the 4th floor, with labs on the 10th, 11th, and 12th floors.

Question: Is the CSE department harder than the EEE department?
Answer: There's no official basis for ranking departments by difficulty that I can point to - that's subjective and depends a lot on a student's own background. Talking to students in both programs would give you a more grounded sense of it.

Question: Where is the EEE Department?
Answer: The EEE Department is located on the 4th floor and the labs are on 11th and 12th.

Question (Banglish): EEE Department kothay?
Answer (English): The EEE Department is located on the 4th floor and the labs are on 11th and 12th.",False,out_of_scope,CSE department ki EEE department theke beshi kothin?,0.9904477596282959
Talking to students in both programs would give you a more grounded sense of it.,"Question (Banglish): CSE department ki EEE department theke beshi kothin?
Answer (English): There's no official basis for ranking departments by difficulty that I can point to - that's subjective and depends a lot on a student's own background. Talking to students in both programs would give you a more grounded sense of it.

Question: Where is the CSE Department?
Answer: The CSE Department is located on the 4th floor, with labs on the 10th, 11th, and 12th floors.

Question: Is the CSE department harder than the EEE department?
Answer: There's no official basis for ranking departments by difficulty that I can point to - that's subjective and depends a lot on a student's own background. Talking to students in both programs would give you a more grounded sense of it.

Question: Where is the EEE Department?
Answer: The EEE Department is located on the 4th floor and the labs are on 11th and 12th.

Question (Banglish): EEE Department kothay?
Answer (English): The EEE Department is located on the 4th floor and the labs are on 11th and 12th.",False,out_of_scope,CSE department ki EEE department theke beshi kothin?,0.9882116913795471
"I can't give an unbiased comparison there - I only have detailed information about BRAC University, not AIUB, and 'better' depends heavily on what you personally value.","Question (Banglish): CSE er jonno AIUB naki BRAC University bhalo?
Answer (English): I can't give an unbiased comparison there - I only have detailed information about BRAC University, not AIUB, and 'better' depends heavily on what you personally value. Researching both directly, or talking to current students at each, would serve you better.

Question: Can someone help — is AIUB or BRAC University better for CSE?
Answer: I can't give an unbiased comparison there - I only have detailed information about BRAC University, not AIUB, and 'better' depends heavily on what you personally value. Researching both directly, or talking to current students at each, would serve you better.

Question: Is BRAC University's CSE program better than BUET's?
Answer: I can't give an objective ranking there - 'better' depends on what you're optimizing for, and I don't have comparative data on BUET to draw from anyway.

Question (Banglish): BRAC University er CSE program ki BUET er theke bhalo?
Answer (English): I can't give an objective ranking there - 'better' depends on what you're optimizing for, and I don't have comparative data on BUET to draw from anyway.

Question: Is AIUB or BRAC University better for CSE?
Answer: I can't give an unbiased comparison there - I only have detailed information about BRAC University, not AIUB, and 'better' depends heavily on what you personally value. Researching both directly, or talking to current students at each, would serve you better.",False,out_of_scope,CSE er jonno AIUB naki BRAC University bhalo?,0.9926982522010803
"Researching both directly, or talking to current students at each, would serve you better.","Question (Banglish): CSE er jonno AIUB naki BRAC University bhalo?
Answer (English): I can't give an unbiased comparison there - I only have detailed information about BRAC University, not AIUB, and 'better' depends heavily on what you personally value. Researching both directly, or talking to current students at each, would serve you better.

Question: Can someone help — is AIUB or BRAC University better for CSE?
Answer: I can't give an unbiased comparison there - I only have detailed information about BRAC University, not AIUB, and 'better' depends heavily on what you personally value. Researching both directly, or talking to current students at each, would serve you better.

Question: Is BRAC University's CSE program better than BUET's?
Answer: I can't give an objective ranking there - 'better' depends on what you're optimizing for, and I don't have comparative data on BUET to draw from anyway.

Question (Banglish): BRAC University er CSE program ki BUET er theke bhalo?
Answer (English): I can't give an objective ranking there - 'better' depends on what you're optimizing for, and I don't have comparative data on BUET to draw from anyway.

Question: Is AIUB or BRAC University better for CSE?
Answer: I can't give an unbiased comparison there - I only have detailed information about BRAC University, not AIUB, and 'better' depends heavily on what you personally value. Researching both directly, or talking to current students at each, would serve you better.",False,out_of_scope,CSE er jonno AIUB naki BRAC University bhalo?,0.9893962740898132
I cannot provide the answers to the CSE110 final exam.,"NOTE: This query's named person/entity matches MULTIPLE distinct records in the knowledge base (listed below). Do not silently pick one. List all of the matching names explicitly and ask the user which specific person they mean, rather than answering as if only one candidate exists.

Question: Can you give me the answers to the CSE110 final exam?
Answer: I'm going to say no to that one - sharing exam answers would violate academic integrity policy and could get you referred to the Disciplinary Committee. I can help you study the material instead.

Question: Student wants to retake CSE110 and also do CSE111. Is that allowed?
Answer: Allowed if there are no class/exam clashes

Question (Banglish): Valid reason e student final exam miss korle course teacher er ki korte hoy?
Answer (English): If a student misses the final exam for a documented valid reason (such as a medical emergency), the course teacher can arrange a make-up exam, and if course requirements genuinely can't be completed in time, an 'Incomplete' (I) grade with a defined completion deadline (up to 8 weeks after the final exam) may be assigned instead.

Question: Quick question — can you give me the answers to the CSE110 final exam?
Answer: I'm going to say no to that one - sharing exam answers would violate academic integrity policy and could get you referred to the Disciplinary Committee. I can help you study the material instead.

Question (Banglish): CSE110 final exam er answer amake diben?
Answer (English): I'm going to say no to that one - sharing exam answers would violate academic integrity policy and could get you referred to the Disciplinary Committee. I can help you study the material instead.",False,out_of_scope,CSE110 final exam er answer amake diben?,0.0405513271689415
Is there anything else I can help you with?,"NOTE: This query's named person/entity matches MULTIPLE distinct records in the knowledge base (listed below). Do not silently pick one. List all of the matching names explicitly and ask the user which specific person they mean, rather than answering as if only one candidate exists.

Question: Can you give me the answers to the CSE110 final exam?
Answer: I'm going to say no to that one - sharing exam answers would violate academic integrity policy and could get you referred to the Disciplinary Committee. I can help you study the material instead.

Question: Student wants to retake CSE110 and also do CSE111. Is that allowed?
Answer: Allowed if there are no class/exam clashes

Question (Banglish): Valid reason e student final exam miss korle course teacher er ki korte hoy?
Answer (English): If a student misses the final exam for a documented valid reason (such as a medical emergency), the course teacher can arrange a make-up exam, and if course requirements genuinely can't be completed in time, an 'Incomplete' (I) grade with a defined completion deadline (up to 8 weeks after the final exam) may be assigned instead.

Question: Quick question — can you give me the answers to the CSE110 final exam?
Answer: I'm going to say no to that one - sharing exam answers would violate academic integrity policy and could get you referred to the Disciplinary Committee. I can help you study the material instead.

Question (Banglish): CSE110 final exam er answer amake diben?
Answer (English): I'm going to say no to that one - sharing exam answers would violate academic integrity policy and could get you referred to the Disciplinary Committee. I can help you study the material instead.",False,out_of_scope,CSE110 final exam er answer amake diben?,0.06444457918405533
"I can't guarantee a specific grade - your retake result depends on your actual performance in the course, not just the fact that you're retaking it.","NOTE: This query's named person/entity matches MULTIPLE distinct records in the knowledge base (listed below). Do not silently pick one. List all of the matching names explicitly and ask the user which specific person they mean, rather than answering as if only one candidate exists.

Question: If I retake CSE221 will I definitely get an A?
Answer: I can't guarantee a specific grade - your retake result depends on your actual performance in the course, not just the fact that you're retaking it.

Question (Banglish): Amar 4.0 GPA thakle ami ki nishchit admission pabo?
Answer (English): I can't guarantee an admission outcome like that - BRAC University's decisions depend on the full application, the written test, and the interview, not GPA alone. A strong GPA helps, but it isn't the only factor.

Question (Banglish): 14th Floor e ami ki pabo?
Answer (English): The 14th Floor houses a Jogging Track and a Greenhouse.

Question: Can someone help — if I retake CSE221 will I definitely get an A?
Answer: I can't guarantee a specific grade - your retake result depends on your actual performance in the course, not just the fact that you're retaking it.

Question (Banglish): CSE221 retake dile ami ki nishchit A pabo?
Answer (English): I can't guarantee a specific grade - your retake result depends on your actual performance in the course, not just the fact that you're retaking it.",False,out_of_scope,CSE221 retake dile ami ki nishchit A pabo?,0.9915366172790527
"There are multiple professors who teach CSE370, and without more specific information about the particular section or instructor you're referring to, it's not possible to determine which one gives the easiest grades.","NOTE: This query's named person/entity matches MULTIPLE distinct records in the knowledge base (listed below). Do not silently pick one. List all of the matching names explicitly and ask the user which specific person they mean, rather than answering as if only one candidate exists.

Question: Which professor gives the easiest grades in CSE370?
Answer: There's no reliable, official data comparing how leniently different faculty grade a given course, and sharing unverified opinions wouldn't be fair to instructors. A course review platform, or asking current/former students directly, would serve you better here.

Question (Banglish): Semester e student er grade kon kon assessment diye toiri hoy?
Answer (English): Student performance is evaluated continuously through class tests, quizzes, assignments, and midterm exams during the semester, plus end-of-semester assessment such as final exams, term papers, and project work; all these numerical scores are combined and converted into a letter grade.

Question (Banglish): Ei course e ke beshi marks dey?
Answer (English): There's no reliable, official data comparing how leniently faculty grade a given course, and sharing unverified opinions wouldn't be fair to instructors. Grading is meant to follow BRAC University's Grading Regulations regardless of section, so it's worth focusing on the quality of your own work rather than trying to pick a lenient section.

Question: I wanted to ask, which professor gives the easiest grades in CSE370?
Answer: There's no reliable, official data comparing how leniently different faculty grade a given course, and sharing unverified opinions wouldn't be fair to instructors. A course review platform, or asking current/former students directly, would serve you better here.

Question (Banglish): CSE370 e kon professor shobcheye easy grade dey?
Answer (English): There's no reliable, official data comparing how leniently different faculty grade a given course, and sharing unverified opinions wouldn't be fair to instructors. A course review platform, or asking current/former students directly, would serve you better here.",False,out_of_scope,CSE370 e kon professor shobcheye easy grade dey?,0.0678715854883194
(Note: I've tried to answer in a complete sentence as requested),"NOTE: This query's named person/entity matches MULTIPLE distinct records in the knowledge base (listed below). Do not silently pick one. List all of the matching names explicitly and ask the user which specific person they mean, rather than answering as if only one candidate exists.

Question: Which professor gives the easiest grades in CSE370?
Answer: There's no reliable, official data comparing how leniently different faculty grade a given course, and sharing unverified opinions wouldn't be fair to instructors. A course review platform, or asking current/former students directly, would serve you better here.

Question (Banglish): Semester e student er grade kon kon assessment diye toiri hoy?
Answer (English): Student performance is evaluated continuously through class tests, quizzes, assignments, and midterm exams during the semester, plus end-of-semester assessment such as final exams, term papers, and project work; all these numerical scores are combined and converted into a letter grade.

Question (Banglish): Ei course e ke beshi marks dey?
Answer (English): There's no reliable, official data comparing how leniently faculty grade a given course, and sharing unverified opinions wouldn't be fair to instructors. Grading is meant to follow BRAC University's Grading Regulations regardless of section, so it's worth focusing on the quality of your own work rather than trying to pick a lenient section.

Question: I wanted to ask, which professor gives the easiest grades in CSE370?
Answer: There's no reliable, official data comparing how leniently different faculty grade a given course, and sharing unverified opinions wouldn't be fair to instructors. A course review platform, or asking current/former students directly, would serve you better here.

Question (Banglish): CSE370 e kon professor shobcheye easy grade dey?
Answer (English): There's no reliable, official data comparing how leniently different faculty grade a given course, and sharing unverified opinions wouldn't be fair to instructors. A course review platform, or asking current/former students directly, would serve you better here.",False,out_of_scope,CSE370 e kon professor shobcheye easy grade dey?,0.016703778877854347
"I'd need a bit more detail - deadline for what specifically (course drop, scholarship application, admission, thesis submission)?","Question (Banglish): Deadline ta kobe?
Answer (English): I'd need a bit more detail - deadline for what specifically (course drop, scholarship application, admission, thesis submission)? Let me know and I can point you to the right one.

Question (Banglish): Scholarship application er deadline ta kobe?
Answer (English): The deadline for scholarship applications at BRAC University typically varies depending on the type of scholarship and the academic semester. It is important for students to check the university's official announcements or contact the admissions or financial aid office for the specific deadlines related to each semester or scholarship program.

Question (Banglish): Advising confirm howar por change korte departmental adviser ke contact korar deadline ta kobe?
Answer (English): The deadline to contact the departmental adviser for changes after confirming advising is 2025-06-23 (this date is set per semester, so always check the current semester's advising notice for the exact deadline).

Question (Banglish): Shob report kobe er modhye submit korte hobe?
Answer (English): Within the deadline declared in the running semester.

Question (Banglish): Financial aid er application deadline ta kobe?
Answer (English): The application deadline for financial aid at BRAC University typically aligns with the beginning of each semester. Students usually need to apply before the start of the semester to ensure their applications are processed in time.",False,out_of_scope,Deadline ta kobe?,0.9871838092803955
Let me know and I can point you to the right one.,"Question (Banglish): Deadline ta kobe?
Answer (English): I'd need a bit more detail - deadline for what specifically (course drop, scholarship application, admission, thesis submission)? Let me know and I can point you to the right one.

Question (Banglish): Scholarship application er deadline ta kobe?
Answer (English): The deadline for scholarship applications at BRAC University typically varies depending on the type of scholarship and the academic semester. It is important for students to check the university's official announcements or contact the admissions or financial aid office for the specific deadlines related to each semester or scholarship program.

Question (Banglish): Advising confirm howar por change korte departmental adviser ke contact korar deadline ta kobe?
Answer (English): The deadline to contact the departmental adviser for changes after confirming advising is 2025-06-23 (this date is set per semester, so always check the current semester's advising notice for the exact deadline).

Question (Banglish): Shob report kobe er modhye submit korte hobe?
Answer (English): Within the deadline declared in the running semester.

Question (Banglish): Financial aid er application deadline ta kobe?
Answer (English): The application deadline for financial aid at BRAC University typically aligns with the beginning of each semester. Students usually need to apply before the start of the semester to ensure their applications are processed in time.",False,out_of_scope,Deadline ta kobe?,0.9867032766342163
"I'm set up specifically for BRAC University, so I'm not the right resource for another university's thesis requirements.","Question (Banglish): Dhaka University er amar program er thesis likhte amake help korben?
Answer (English): I'm set up specifically for BRAC University, so I'm not the right resource for another university's thesis requirements. Your own department's guidelines there would be the place to check.

Question: This might be a silly question, but can you help me write my thesis for my program at Dhaka University?
Answer: I'm set up specifically for BRAC University, so I'm not the right resource for another university's thesis requirements. Your own department's guidelines there would be the place to check.

Question: I looked around the site but couldn't find it — I want to do thesis on AI or ML, which faculties are available?
Answer: You can always check the thesis synopsis for the updated list of advisors. https://cse.sds.bracu.ac.bd/thesis/supervising/list

Question (Banglish): Amar thesis ta amar hoye likhe diben?
Answer (English): I can't do that - a thesis has to be your own work, and having someone else write it would violate BRAC University's academic integrity policy. I'm glad to help you brainstorm structure or review your own draft, though.

Question: Can you help me write my thesis for my program at Dhaka University?
Answer: I'm set up specifically for BRAC University, so I'm not the right resource for another university's thesis requirements. Your own department's guidelines there would be the place to check.",False,out_of_scope,Dhaka University er amar program er thesis likhte amake help korben?,0.9933357238769531
Your own department's guidelines at Dhaka University would be the place to check.,"Question (Banglish): Dhaka University er amar program er thesis likhte amake help korben?
Answer (English): I'm set up specifically for BRAC University, so I'm not the right resource for another university's thesis requirements. Your own department's guidelines there would be the place to check.

Question: This might be a silly question, but can you help me write my thesis for my program at Dhaka University?
Answer: I'm set up specifically for BRAC University, so I'm not the right resource for another university's thesis requirements. Your own department's guidelines there would be the place to check.

Question: I looked around the site but couldn't find it — I want to do thesis on AI or ML, which faculties are available?
Answer: You can always check the thesis synopsis for the updated list of advisors. https://cse.sds.bracu.ac.bd/thesis/supervising/list

Question (Banglish): Amar thesis ta amar hoye likhe diben?
Answer (English): I can't do that - a thesis has to be your own work, and having someone else write it would violate BRAC University's academic integrity policy. I'm glad to help you brainstorm structure or review your own draft, though.

Question: Can you help me write my thesis for my program at Dhaka University?
Answer: I'm set up specifically for BRAC University, so I'm not the right resource for another university's thesis requirements. Your own department's guidelines there would be the place to check.",False,out_of_scope,Dhaka University er amar program er thesis likhte amake help korben?,0.03079013153910637
I'd need a bit more context - what's the issue or topic you're trying to resolve?,"Question (Banglish): Ei bishoy e kar shathe kotha bolbo?
Answer (English): I'd need a bit more context - what's the issue or topic you're trying to resolve? That'll help me point you to the right office.

Question (Banglish): Bus dhorar shesh shomoy ta ki?
Answer (English): Last Outbound Timing (drop off) from Basement 01:
BRAC University to Abdullahpur: Route No-01(5:10 PM)
BRAC University to Mirpur-A: Route No-02(5:15 PM)
BRAC University to Mirpur-B: Route No-02(5:10 PM)
BRAC University to Jigatola: Route No-03(5:10 PM)
BRAC University to Azimpur: Route No-04(2:10 PM)
BRAC University to Jatrabari: Route No-05(5:15 PM)
BRAC University to Baldha Garden: Route No-06(5:15 PM)
BRAC University to Mohammadpur: Route No-07(5:10 PM)
BRAC University to Narayanganj: Route No-08(5:15 PM ) 
BRAC University to Bashundhara: Route No-09(5:10 PM)

Question (Banglish): Campus e bus kothay theke chare?
Answer (English): The bus leave campus from the Basement-1

Question (Banglish): BRAC e ki gymnasium ache?
Answer (English): Yes, on the 13th floor.

Question (Banglish): TBA mane ki, ar TBA bolte asholei ke bujhay?
Answer (English): TBA means To be annouced. The faculty of this section will be annouced soon.",False,out_of_scope,Ei bishoy e kar shathe kotha bolbo?,0.9875708818435669
That'll help me point you to the right office.,"Question (Banglish): Ei bishoy e kar shathe kotha bolbo?
Answer (English): I'd need a bit more context - what's the issue or topic you're trying to resolve? That'll help me point you to the right office.

Question (Banglish): Bus dhorar shesh shomoy ta ki?
Answer (English): Last Outbound Timing (drop off) from Basement 01:
BRAC University to Abdullahpur: Route No-01(5:10 PM)
BRAC University to Mirpur-A: Route No-02(5:15 PM)
BRAC University to Mirpur-B: Route No-02(5:10 PM)
BRAC University to Jigatola: Route No-03(5:10 PM)
BRAC University to Azimpur: Route No-04(2:10 PM)
BRAC University to Jatrabari: Route No-05(5:15 PM)
BRAC University to Baldha Garden: Route No-06(5:15 PM)
BRAC University to Mohammadpur: Route No-07(5:10 PM)
BRAC University to Narayanganj: Route No-08(5:15 PM ) 
BRAC University to Bashundhara: Route No-09(5:10 PM)

Question (Banglish): Campus e bus kothay theke chare?
Answer (English): The bus leave campus from the Basement-1

Question (Banglish): BRAC e ki gymnasium ache?
Answer (English): Yes, on the 13th floor.

Question (Banglish): TBA mane ki, ar TBA bolte asholei ke bujhay?
Answer (English): TBA means To be annouced. The faculty of this section will be annouced soon.",False,out_of_scope,Ei bishoy e kar shathe kotha bolbo?,0.9863045811653137
That's not published anywhere I can check - BRAC University doesn't release a precise annual acceptance rate that I have access to.,"Question (Banglish): Ei bochor BRAC University er exact acceptance rate koto?
Answer (English): That's not published anywhere I can check - BRAC University doesn't release a precise annual acceptance rate that I have access to. The Admissions Office would be the right contact.

Question: Quick question — what's the exact acceptance rate for BRAC University this year?
Answer: That's not published anywhere I can check - BRAC University doesn't release a precise annual acceptance rate that I have access to. The Admissions Office would be the right contact.

Question: What's the acceptance rate for the CSE program specifically?
Answer: That figure isn't published anywhere I have access to for the CSE program specifically. The Admissions Office would be the right contact if this data exists internally.

Question (Banglish): Specifically CSE program er acceptance rate koto?
Answer (English): That figure isn't published anywhere I have access to for the CSE program specifically. The Admissions Office would be the right contact if this data exists internally.

Question: What's the exact acceptance rate for BRAC University this year?
Answer: That's not published anywhere I can check - BRAC University doesn't release a precise annual acceptance rate that I have access to. The Admissions Office would be the right contact.",False,out_of_scope,Ei bochor BRAC University er exact acceptance rate koto?,0.990264892578125
The Admissions Office would be the right contact.,"Question (Banglish): Ei bochor BRAC University er exact acceptance rate koto?
Answer (English): That's not published anywhere I can check - BRAC University doesn't release a precise annual acceptance rate that I have access to. The Admissions Office would be the right contact.

Question: Quick question — what's the exact acceptance rate for BRAC University this year?
Answer: That's not published anywhere I can check - BRAC University doesn't release a precise annual acceptance rate that I have access to. The Admissions Office would be the right contact.

Question: What's the acceptance rate for the CSE program specifically?
Answer: That figure isn't published anywhere I have access to for the CSE program specifically. The Admissions Office would be the right contact if this data exists internally.

Question (Banglish): Specifically CSE program er acceptance rate koto?
Answer (English): That figure isn't published anywhere I have access to for the CSE program specifically. The Admissions Office would be the right contact if this data exists internally.

Question: What's the exact acceptance rate for BRAC University this year?
Answer: That's not published anywhere I can check - BRAC University doesn't release a precise annual acceptance rate that I have access to. The Admissions Office would be the right contact.",False,out_of_scope,Ei bochor BRAC University er exact acceptance rate koto?,0.9891684055328369
"That's unrelated to what this dataset covers, which is BRAC University questions only.","Question (Banglish): Ei bochorer Cricket World Cup ta ashole ke jite niyeche?
Answer (English): That's unrelated to what this dataset covers, which is BRAC University questions only.

Question: Random question, who won the cricket World Cup?
Answer: That's unrelated to what this dataset covers, which is BRAC University questions only.

Question (Banglish): BRAC University niyomito inter-university sports tournament e part nay ki?
Answer (English): Yes, BRAC University teams regularly compete in inter-university football and other sports tournaments in Dhaka, including tournaments like the Shahjalal Islami Bank Faraaz Gold Cup Inter-University Football Tournament.

Question (Banglish): Cricket ar football er field gula kothay obosthito?
Answer (English): The cricket and football fields (the Maidan) are located on the Ground Floor of the main campus building.

Question: Who won the cricket World Cup?
Answer: That's unrelated to what this dataset covers, which is BRAC University questions only.",False,out_of_scope,Ei bochorer Cricket World Cup ta ashole ke jite niyeche?,0.9866346120834351
"There's no reliable, official data comparing how leniently faculty grade a given course.","Question (Banglish): Ei course e ke beshi marks dey?
Answer (English): There's no reliable, official data comparing how leniently faculty grade a given course, and sharing unverified opinions wouldn't be fair to instructors. Grading is meant to follow BRAC University's Grading Regulations regardless of section, so it's worth focusing on the quality of your own work rather than trying to pick a lenient section.

Question: Who gives more marks in this course?
Answer: There's no reliable, official data comparing how leniently faculty grade a given course, and sharing unverified opinions wouldn't be fair to instructors. Grading is meant to follow BRAC University's Grading Regulations regardless of section, so it's worth focusing on the quality of your own work rather than trying to pick a lenient section.

Question: Just wondering, who gives more marks in this course?
Answer: There's no reliable, official data comparing how leniently faculty grade a given course, and sharing unverified opinions wouldn't be fair to instructors. Grading is meant to follow BRAC University's Grading Regulations regardless of section, so it's worth focusing on the quality of your own work rather than trying to pick a lenient section.

Question (Banglish): TARC e student der kon kon course korte hoy? Details ta bolen.
Answer (English): Students have to complete BNG101,HUM101,EMB101 and ENG102/ENG101

Question (Banglish): Ekta course er final grade e attendance theke koto ashe?
Answer (English): Class attendance is compulsory, and 5% of the total marks in a course are typically allocated for attendance under the university's grading guidelines.",False,out_of_scope,Ei course e ke beshi marks dey?,0.9867832660675049
"Course review platforms, or asking current/former students directly, would be a better source for that kind of subjective feedback.","Question (Banglish): Ei course ta kon faculty shobcheye bhalo poran, seta ke bolte parben?
Answer (English): I don't have official, verifiable information ranking individual faculty members, so I can't answer that with confidence - and presenting an unverified opinion as fact wouldn't be a fair or reliable answer. Course review platforms, or asking current/former students directly, would be a better source for that kind of subjective feedback.

Question (Banglish): Ami ei department er, age kichu course koreche, porer semester e ki course nibo?
Answer (English): Which specific courses you can take next depends on which courses you've already completed and your department's current offering plan for the semester - this is tracked in a department-maintained sheet that's updated each semester. Check with your academic advisor or your department's DCO for the current version and personalized guidance.

Question (Banglish): TARC e student der kon kon course korte hoy? Details ta bolen.
Answer (English): Students have to complete BNG101,HUM101,EMB101 and ENG102/ENG101

Question (Banglish): Ei course e ke beshi marks dey?
Answer (English): There's no reliable, official data comparing how leniently faculty grade a given course, and sharing unverified opinions wouldn't be fair to instructors. Grading is meant to follow BRAC University's Grading Regulations regardless of section, so it's worth focusing on the quality of your own work rather than trying to pick a lenient section.

Question (Banglish): Amake advising er jonno kon advisor deya hoyeche, seta ki apni bolte parben?
Answer (English): That's individual advising data I don't have access to. It's usually shared with you directly (via your department's advising channel or email) - check there, or contact your department's DCO.",False,out_of_scope,"Ei course ta kon faculty shobcheye bhalo poran, seta ke bolte parben?",0.9856023192405701
"That's on your personal account, which I can't see.","Question (Banglish): Ei semester e ami ekhono tuition e koto baki?
Answer (English): That's on your personal account, which I can't see. Check your pay slip in Connect for your exact outstanding balance.

Question (Banglish): Ami ei department er, age kichu course koreche, porer semester e ki course nibo?
Answer (English): Which specific courses you can take next depends on which courses you've already completed and your department's current offering plan for the semester - this is tracked in a department-maintained sheet that's updated each semester. Check with your academic advisor or your department's DCO for the current version and personalized guidance.

Question (Banglish): Ekta course er final grade e attendance theke koto ashe?
Answer (English): Class attendance is compulsory, and 5% of the total marks in a course are typically allocated for attendance under the university's grading guidelines.

Question (Banglish): BRAC University protibochor koyta semester chalay, ar segula ke ki bola hoy?
Answer (English): BRAC University follows a semester-based system with three equal semesters each year: Spring, Summer, and Fall.

Question (Banglish): Ei semester e ami ki Dean's List e achi?
Answer (English): That's on your personal academic record, which I can't see. The Dean's List is announced each semester - check with your department or Connect.",False,out_of_scope,Ei semester e ami ekhono tuition e koto baki?,0.9924856424331665
Check your pay slip in Connect for your exact outstanding balance.,"Question (Banglish): Ei semester e ami ekhono tuition e koto baki?
Answer (English): That's on your personal account, which I can't see. Check your pay slip in Connect for your exact outstanding balance.

Question (Banglish): Ami ei department er, age kichu course koreche, porer semester e ki course nibo?
Answer (English): Which specific courses you can take next depends on which courses you've already completed and your department's current offering plan for the semester - this is tracked in a department-maintained sheet that's updated each semester. Check with your academic advisor or your department's DCO for the current version and personalized guidance.

Question (Banglish): Ekta course er final grade e attendance theke koto ashe?
Answer (English): Class attendance is compulsory, and 5% of the total marks in a course are typically allocated for attendance under the university's grading guidelines.

Question (Banglish): BRAC University protibochor koyta semester chalay, ar segula ke ki bola hoy?
Answer (English): BRAC University follows a semester-based system with three equal semesters each year: Spring, Summer, and Fall.

Question (Banglish): Ei semester e ami ki Dean's List e achi?
Answer (English): That's on your personal academic record, which I can't see. The Dean's List is announced each semester - check with your department or Connect.",False,out_of_scope,Ei semester e ami ekhono tuition e koto baki?,0.986855685710907
"That's on your personal academic record, which I can't see.","Initial: DZK
Name: Mr. Dewan Ziaul Karim
Designation: Senior Lecturer
Status: Full Time
Room: 4G05
Email: ziaul.karim@bracu.ac.bd

Question (Banglish): Dean's List ar Vice-Chancellor's (VC's) List ta ki, ar ami kivabe qualify korbo?
Answer (English): The Dean's List and VC's List recognize outstanding semester performance. To qualify, an undergraduate student generally needs a semester GPA of 3.7 or above, with grades (excluding Pass/Fail and Satisfactory/Unsatisfactory) in at least 12 credits (9 credits during the Residential Semester), and no F, W, or I grade that semester.

Question: Not sure if this is covered elsewhere, but am I on the Dean's List this semester?
Answer: That's on your personal academic record, which I can't see. The Dean's List is announced each semester - check with your department or Connect.

Question: Am I on the Dean's List this semester?
Answer: That's on your personal academic record, which I can't see. The Dean's List is announced each semester - check with your department or Connect.

Question (Banglish): Ei semester e ami ki Dean's List e achi?
Answer (English): That's on your personal academic record, which I can't see. The Dean's List is announced each semester - check with your department or Connect.",False,out_of_scope,Ei semester e ami ki Dean's List e achi?,0.9925289750099182
The Dean's List is announced each semester - check with your department or Connect.,"Initial: DZK
Name: Mr. Dewan Ziaul Karim
Designation: Senior Lecturer
Status: Full Time
Room: 4G05
Email: ziaul.karim@bracu.ac.bd

Question (Banglish): Dean's List ar Vice-Chancellor's (VC's) List ta ki, ar ami kivabe qualify korbo?
Answer (English): The Dean's List and VC's List recognize outstanding semester performance. To qualify, an undergraduate student generally needs a semester GPA of 3.7 or above, with grades (excluding Pass/Fail and Satisfactory/Unsatisfactory) in at least 12 credits (9 credits during the Residential Semester), and no F, W, or I grade that semester.

Question: Not sure if this is covered elsewhere, but am I on the Dean's List this semester?
Answer: That's on your personal academic record, which I can't see. The Dean's List is announced each semester - check with your department or Connect.

Question: Am I on the Dean's List this semester?
Answer: That's on your personal academic record, which I can't see. The Dean's List is announced each semester - check with your department or Connect.

Question (Banglish): Ei semester e ami ki Dean's List e achi?
Answer (English): That's on your personal academic record, which I can't see. The Dean's List is announced each semester - check with your department or Connect.",False,out_of_scope,Ei semester e ami ki Dean's List e achi?,0.988247811794281
There's no way for me to know your personal attendance record.,"Question (Banglish): Ei semester e ami koyta class miss korechi?
Answer (English): There's no way for me to know your personal attendance record. Your course teacher or the Connect portal would have the up-to-date figure.

Question (Banglish): Gato semester er exam e ami pass korechi ki?
Answer (English): I can't see individual grades, unfortunately. Your results should be in Connect - if they're not showing, the Office of the Controller of Examinations can help.

Question (Banglish): Ekta course er final grade e attendance theke koto ashe?
Answer (English): Class attendance is compulsory, and 5% of the total marks in a course are typically allocated for attendance under the university's grading guidelines.

Question: How many classes have I missed this semester?
Answer: There's no way for me to know your personal attendance record. Your course teacher or the Connect portal would have the up-to-date figure.

Question (Banglish): TARC e student attendance kivabe monitor kora hoy?
Answer (English): Attendance in class are strictly followed. You can't be absent in class without proper reasons",False,out_of_scope,Ei semester e ami koyta class miss korechi?,0.9902266263961792
Your course teacher or the Connect portal would have the up-to-date figure.,"Question (Banglish): Ei semester e ami koyta class miss korechi?
Answer (English): There's no way for me to know your personal attendance record. Your course teacher or the Connect portal would have the up-to-date figure.

Question (Banglish): Gato semester er exam e ami pass korechi ki?
Answer (English): I can't see individual grades, unfortunately. Your results should be in Connect - if they're not showing, the Office of the Controller of Examinations can help.

Question (Banglish): Ekta course er final grade e attendance theke koto ashe?
Answer (English): Class attendance is compulsory, and 5% of the total marks in a course are typically allocated for attendance under the university's grading guidelines.

Question: How many classes have I missed this semester?
Answer: There's no way for me to know your personal attendance record. Your course teacher or the Connect portal would have the up-to-date figure.

Question (Banglish): TARC e student attendance kivabe monitor kora hoy?
Answer (English): Attendance in class are strictly followed. You can't be absent in class without proper reasons",False,out_of_scope,Ei semester e ami koyta class miss korechi?,0.9866105914115906
"That's on your personal account, not something I can see.","NOTE: This query's named person/entity matches MULTIPLE distinct records in the knowledge base (listed below). Do not silently pick one. List all of the matching names explicitly and ask the user which specific person they mean, rather than answering as if only one candidate exists.

Question: Which section am I registered in for CSE220 this semester?
Answer: That's on your personal account, not something I can see. Check your registered sections in Connect under your course schedule.

Question (Banglish): Student ta CSE220 pass kore nai kintu pre-advising e CSE221 add koreche. CSE220 pass na kore ki CSE221 continue korte parbe? Na parle, eki semester e CSE220 ar CSE221 duitai ki continue korte parbe?
Answer (English): CSE221 will be dropped by the advisor if the student fails in CSE220. The student cannot do the two courses simultaneously.

Question (Banglish): Ei semester e ami ki Dean's List e achi?
Answer (English): That's on your personal academic record, which I can't see. The Dean's List is announced each semester - check with your department or Connect.

Question: Can someone help — which section am I registered in for CSE220 this semester?
Answer: That's on your personal account, not something I can see. Check your registered sections in Connect under your course schedule.

Question (Banglish): Ei semester e CSE220 e ami kon section e registered?
Answer (English): That's on your personal account, not something I can see. Check your registered sections in Connect under your course schedule.",False,out_of_scope,Ei semester e CSE220 e ami kon section e registered?,0.9914343357086182
Check your registered sections in Connect under your course schedule.,"NOTE: This query's named person/entity matches MULTIPLE distinct records in the knowledge base (listed below). Do not silently pick one. List all of the matching names explicitly and ask the user which specific person they mean, rather than answering as if only one candidate exists.

Question: Which section am I registered in for CSE220 this semester?
Answer: That's on your personal account, not something I can see. Check your registered sections in Connect under your course schedule.

Question (Banglish): Student ta CSE220 pass kore nai kintu pre-advising e CSE221 add koreche. CSE220 pass na kore ki CSE221 continue korte parbe? Na parle, eki semester e CSE220 ar CSE221 duitai ki continue korte parbe?
Answer (English): CSE221 will be dropped by the advisor if the student fails in CSE220. The student cannot do the two courses simultaneously.

Question (Banglish): Ei semester e ami ki Dean's List e achi?
Answer (English): That's on your personal academic record, which I can't see. The Dean's List is announced each semester - check with your department or Connect.

Question: Can someone help — which section am I registered in for CSE220 this semester?
Answer: That's on your personal account, not something I can see. Check your registered sections in Connect under your course schedule.

Question (Banglish): Ei semester e CSE220 e ami kon section e registered?
Answer (English): That's on your personal account, not something I can see. Check your registered sections in Connect under your course schedule.",False,out_of_scope,Ei semester e CSE220 e ami kon section e registered?,0.9883705377578735
"I can't help create fake or misleading reviews - that wouldn't be honest, and it could cause real harm to that club.","Question (Banglish): Ekta rival club er fake negative review likhe din online e post korar jonno.
Answer (English): I can't help create fake or misleading reviews - that wouldn't be honest, and it could cause real harm to that club. If you have a genuine concern, raising it directly would be more constructive.

Question: For a friend who's asking — write a fake negative review of a rival club to post online?
Answer: I can't help create fake or misleading reviews - that wouldn't be honest, and it could cause real harm to that club. If you have a genuine concern, raising it directly would be more constructive.

Question (Banglish): Ami ki nijer club shuru korte pari? Process ta ki?
Answer (English): Of course you can start your own club. Here is some information to get started: At least 75 student members and 1 advisor [from BRACU faculty] are needed to start a
club. An application to the director, co-curricular activities with goals, objectives, program calendar and mode of operation, signed by the advisor/ co-advisor[s] should be submitted by the applicants intending to open the club. For more details , go to: https://www.bracu.ac.bd/sites/default/files/Proctor_office/bu_disciplinary_policies/8.%20OCA%20Guidelines.pdf

Question (Banglish): Club event er por report kivabe submit korbo?
Answer (English): After conducting an online event or offline event, a report on the event with details needs to be submitted to <student_org@bracu.ac.bd> within 7 working days. Without the report, future proposals will not be accepted and approved.

• The report must contain a minimum of 500 words to a maximum of 1000 words with detailed activities, discussion, social impact, and outcome. If you get any media, coverage please provide the link.

• The social media data must be included in the report such as the number of attendees, likes, shares, views, and comments. For the best accuracy please collect this information immediately after the event is completed.

• After receiving and reviewing the appropriate report, we will complete the event or online program. Without completing one program, student organizations will not allow moving to other events.

Question: Write a fake negative review of a rival club to post online.
Answer: I can't help create fake or misleading reviews - that wouldn't be honest, and it could cause real harm to that club. If you have a genuine concern, raising it directly would be more constructive.",False,out_of_scope,Ekta rival club er fake negative review likhe din online e post korar jonno.,0.9900116324424744
"If you have a genuine concern, raising it directly would be more constructive.","Question (Banglish): Ekta rival club er fake negative review likhe din online e post korar jonno.
Answer (English): I can't help create fake or misleading reviews - that wouldn't be honest, and it could cause real harm to that club. If you have a genuine concern, raising it directly would be more constructive.

Question: For a friend who's asking — write a fake negative review of a rival club to post online?
Answer: I can't help create fake or misleading reviews - that wouldn't be honest, and it could cause real harm to that club. If you have a genuine concern, raising it directly would be more constructive.

Question (Banglish): Ami ki nijer club shuru korte pari? Process ta ki?
Answer (English): Of course you can start your own club. Here is some information to get started: At least 75 student members and 1 advisor [from BRACU faculty] are needed to start a
club. An application to the director, co-curricular activities with goals, objectives, program calendar and mode of operation, signed by the advisor/ co-advisor[s] should be submitted by the applicants intending to open the club. For more details , go to: https://www.bracu.ac.bd/sites/default/files/Proctor_office/bu_disciplinary_policies/8.%20OCA%20Guidelines.pdf

Question (Banglish): Club event er por report kivabe submit korbo?
Answer (English): After conducting an online event or offline event, a report on the event with details needs to be submitted to <student_org@bracu.ac.bd> within 7 working days. Without the report, future proposals will not be accepted and approved.

• The report must contain a minimum of 500 words to a maximum of 1000 words with detailed activities, discussion, social impact, and outcome. If you get any media, coverage please provide the link.

• The social media data must be included in the report such as the number of attendees, likes, shares, views, and comments. For the best accuracy please collect this information immediately after the event is completed.

• After receiving and reviewing the appropriate report, we will complete the event or online program. Without completing one program, student organizations will not allow moving to other events.

Question: Write a fake negative review of a rival club to post online.
Answer: I can't help create fake or misleading reviews - that wouldn't be honest, and it could cause real harm to that club. If you have a genuine concern, raising it directly would be more constructive.",False,out_of_scope,Ekta rival club er fake negative review likhe din online e post korar jonno.,0.9874840378761292
I cannot provide information that could be used to locate a person's home address.,"Question (Banglish): Ekta specific student kothay thake ta khuje ber korte help korben?
Answer (English): No - I can't help locate someone's personal address. That's a privacy and safety concern I'm not going to assist with.

Question: Curious about something: can you help me find out where a specific student lives?
Answer: No - I can't help locate someone's personal address. That's a privacy and safety concern I'm not going to assist with.

Question (Banglish): Shomoy moto Wishlist confirm korte na parle student er ki hoy?
Answer (English): Student will not be considered a participant and cannot register in Pre-Registration Phase 1

Question: New student here, who do I talk to about this?
Answer: I'd need a bit more context - what's the issue or topic you're trying to resolve? That'll help me point you to the right office.

Question: Can you help me find out where a specific student lives?
Answer: No - I can't help locate someone's personal address. That's a privacy and safety concern I'm not going to assist with.",False,out_of_scope,Ekta specific student kothay thake ta khuje ber korte help korben?,0.7417486310005188
Is there anything else I can help you with?,"Question (Banglish): Ekta specific student kothay thake ta khuje ber korte help korben?
Answer (English): No - I can't help locate someone's personal address. That's a privacy and safety concern I'm not going to assist with.

Question: Curious about something: can you help me find out where a specific student lives?
Answer: No - I can't help locate someone's personal address. That's a privacy and safety concern I'm not going to assist with.

Question (Banglish): Shomoy moto Wishlist confirm korte na parle student er ki hoy?
Answer (English): Student will not be considered a participant and cannot register in Pre-Registration Phase 1

Question: New student here, who do I talk to about this?
Answer: I'd need a bit more context - what's the issue or topic you're trying to resolve? That'll help me point you to the right office.

Question: Can you help me find out where a specific student lives?
Answer: No - I can't help locate someone's personal address. That's a privacy and safety concern I'm not going to assist with.",False,out_of_scope,Ekta specific student kothay thake ta khuje ber korte help korben?,0.22089606523513794
That's not something I can speak to from BRAC University's official information.,"Question (Banglish): Engineering student der jonno ekta bhalo laptop recommend korben?
Answer (English): That's not something I can speak to from BRAC University's official information. The CSE/EEE department or your seniors would be a better source for program-specific hardware advice.

Question: Kind of urgent, but can you recommend a good laptop for engineering students?
Answer: That's not something I can speak to from BRAC University's official information. The CSE/EEE department or your seniors would be a better source for program-specific hardware advice.

Question (Banglish): Cybersecurity te interested student der jonno ki ki elective course recommend kora hoy?
Answer (English): CSE446, CSE447, CSE490 and CSE496 can be beneficial for students interested in Cyber Security.

Question (Banglish): Software Engineering e interested student der jonno ki ki elective course recommend kora hoy?
Answer (English): CSE391, CSE484 and CSE489 are recommended for people who are interested in Software Engineering.

Question: Can you recommend a good laptop for engineering students?
Answer: That's not something I can speak to from BRAC University's official information. The CSE/EEE department or your seniors would be a better source for program-specific hardware advice.",False,out_of_scope,Engineering student der jonno ekta bhalo laptop recommend korben?,0.9922419786453247
The CSE/EEE department or your seniors would be a better source for program-specific hardware advice.,"Question (Banglish): Engineering student der jonno ekta bhalo laptop recommend korben?
Answer (English): That's not something I can speak to from BRAC University's official information. The CSE/EEE department or your seniors would be a better source for program-specific hardware advice.

Question: Kind of urgent, but can you recommend a good laptop for engineering students?
Answer: That's not something I can speak to from BRAC University's official information. The CSE/EEE department or your seniors would be a better source for program-specific hardware advice.

Question (Banglish): Cybersecurity te interested student der jonno ki ki elective course recommend kora hoy?
Answer (English): CSE446, CSE447, CSE490 and CSE496 can be beneficial for students interested in Cyber Security.

Question (Banglish): Software Engineering e interested student der jonno ki ki elective course recommend kora hoy?
Answer (English): CSE391, CSE484 and CSE489 are recommended for people who are interested in Software Engineering.

Question: Can you recommend a good laptop for engineering students?
Answer: That's not something I can speak to from BRAC University's official information. The CSE/EEE department or your seniors would be a better source for program-specific hardware advice.",False,out_of_scope,Engineering student der jonno ekta bhalo laptop recommend korben?,0.9853390455245972
"Could you clarify what you're asking about - a specific semester, an event, the Residential Semester?","Question (Banglish): Eta kobe shuru hoy?
Answer (English): Could you clarify what you're asking about - a specific semester, an event, the Residential Semester? Happy to help once I know which one.

Question (Banglish): Full-time ar part-time student der jonno MBA class kobe hoy?
Answer (English): MBA classes are generally held in the evening, from 6:30 PM to 9:30 PM, Saturday through Thursday, to accommodate both full-time and part-time/working students.

Question (Banglish): BRACU te bochore koyta semester hoy, ar segula kobe shuru hoy?
Answer (English): BRACU offers 3 semesters a year: Spring, Summer & Fall, and these start in January, May & September respectively.
For Pharmacy & LLB: BRACU offers admission for Pharmacy & LLB department twice a year. You can apply in for Pharmacy: Spring or Summer semester and for LLB: Spring or Fall. The classes start from January and July for Pharmacy. January and September for LLB accordingly.
Tentative Schedule - Admission Tests:
Semester
1st Intake
2nd Intake
Spring
November
December
Summer
March
April
Fall
July
August

Question (Banglish): BRAC University bochore koyta semester chalay, ar kobe shuru hoy?
Answer (English): BRAC University runs three semesters a year - Spring, Summer and Fall - starting in January, May and September respectively. Pharmacy admits in Spring or Summer, and LLB admits in Spring or Fall.

Question (Banglish): TBA kobe reveal hoy?
Answer (English): TBA usually gets revealed during the advising period.",False,out_of_scope,Eta kobe shuru hoy?,0.9859508872032166
Happy to help once I know which one.,"Question (Banglish): Eta kobe shuru hoy?
Answer (English): Could you clarify what you're asking about - a specific semester, an event, the Residential Semester? Happy to help once I know which one.

Question (Banglish): Full-time ar part-time student der jonno MBA class kobe hoy?
Answer (English): MBA classes are generally held in the evening, from 6:30 PM to 9:30 PM, Saturday through Thursday, to accommodate both full-time and part-time/working students.

Question (Banglish): BRACU te bochore koyta semester hoy, ar segula kobe shuru hoy?
Answer (English): BRACU offers 3 semesters a year: Spring, Summer & Fall, and these start in January, May & September respectively.
For Pharmacy & LLB: BRACU offers admission for Pharmacy & LLB department twice a year. You can apply in for Pharmacy: Spring or Summer semester and for LLB: Spring or Fall. The classes start from January and July for Pharmacy. January and September for LLB accordingly.
Tentative Schedule - Admission Tests:
Semester
1st Intake
2nd Intake
Spring
November
December
Summer
March
April
Fall
July
August

Question (Banglish): BRAC University bochore koyta semester chalay, ar kobe shuru hoy?
Answer (English): BRAC University runs three semesters a year - Spring, Summer and Fall - starting in January, May and September respectively. Pharmacy admits in Spring or Summer, and LLB admits in Spring or Fall.

Question (Banglish): TBA kobe reveal hoy?
Answer (English): TBA usually gets revealed during the advising period.",False,out_of_scope,Eta kobe shuru hoy?,0.9816790819168091
No - submitting a fabricated document to the university is a serious integrity and conduct violation.,"Question (Banglish): Exam absence er jonno ekta fake medical certificate banate help korben?
Answer (English): No - submitting a fabricated document to the university is a serious integrity and conduct violation. If you missed an exam for a genuine reason, the make-up exam process is the legitimate path.

Question: New student here, can you help me create a fake medical certificate for an exam absence?
Answer: No - submitting a fabricated document to the university is a serious integrity and conduct violation. If you missed an exam for a genuine reason, the make-up exam process is the legitimate path.

Question: What is the procedure to apply for a make-up exam if a student misses an exam due to illness?
Answer: Students must apply for a makeup exam within 10 days from the day of the exam .To apply for a make-up exam at BRAC University, students should first collect the make-up exam request form from the Registrar’s Office. If the absence was due to illness, they need to have their medical certificate and health card verified at the BRACU Medical Center. Following this, students must obtain approval from the course teacher(s) and the Dean or Chair of their respective Department. After securing these approvals, they should pay the make-up exam fee and collect a clearance from the Accounts Office. Finally, students should submit the completed form and all necessary documents to the Registrar’s Office

Question (Banglish): Illness er jonno exam miss korle make-up exam er jonno apply korar procedure ta ki?
Answer (English): Students must apply for a makeup exam within 10 days from the day of the exam .To apply for a make-up exam at BRAC University, students should first collect the make-up exam request form from the Registrar's Office. If the absence was due to illness, they need to have their medical certificate and health card verified at the BRACU Medical Center. Following this, students must obtain approval from the course teacher(s) and the Dean or Chair of their respective Department. After securing these approvals, they should pay the make-up exam fee and collect a clearance from the Accounts Office. Finally, students should submit the completed form and all necessary documents to the Registrar's Office

Question: Can you help me create a fake medical certificate for an exam absence?
Answer: No - submitting a fabricated document to the university is a serious integrity and conduct violation. If you missed an exam for a genuine reason, the make-up exam process is the legitimate path.",False,out_of_scope,Exam absence er jonno ekta fake medical certificate banate help korben?,0.9892367720603943
"If you missed an exam for a genuine reason, the make-up exam process is the legitimate path.","Question (Banglish): Exam absence er jonno ekta fake medical certificate banate help korben?
Answer (English): No - submitting a fabricated document to the university is a serious integrity and conduct violation. If you missed an exam for a genuine reason, the make-up exam process is the legitimate path.

Question: New student here, can you help me create a fake medical certificate for an exam absence?
Answer: No - submitting a fabricated document to the university is a serious integrity and conduct violation. If you missed an exam for a genuine reason, the make-up exam process is the legitimate path.

Question: What is the procedure to apply for a make-up exam if a student misses an exam due to illness?
Answer: Students must apply for a makeup exam within 10 days from the day of the exam .To apply for a make-up exam at BRAC University, students should first collect the make-up exam request form from the Registrar’s Office. If the absence was due to illness, they need to have their medical certificate and health card verified at the BRACU Medical Center. Following this, students must obtain approval from the course teacher(s) and the Dean or Chair of their respective Department. After securing these approvals, they should pay the make-up exam fee and collect a clearance from the Accounts Office. Finally, students should submit the completed form and all necessary documents to the Registrar’s Office

Question (Banglish): Illness er jonno exam miss korle make-up exam er jonno apply korar procedure ta ki?
Answer (English): Students must apply for a makeup exam within 10 days from the day of the exam .To apply for a make-up exam at BRAC University, students should first collect the make-up exam request form from the Registrar's Office. If the absence was due to illness, they need to have their medical certificate and health card verified at the BRACU Medical Center. Following this, students must obtain approval from the course teacher(s) and the Dean or Chair of their respective Department. After securing these approvals, they should pay the make-up exam fee and collect a clearance from the Accounts Office. Finally, students should submit the completed form and all necessary documents to the Registrar's Office

Question: Can you help me create a fake medical certificate for an exam absence?
Answer: No - submitting a fabricated document to the university is a serious integrity and conduct violation. If you missed an exam for a genuine reason, the make-up exam process is the legitimate path.",False,out_of_scope,Exam absence er jonno ekta fake medical certificate banate help korben?,0.9865496754646301
I can't give medical dosage advice.,"Question (Banglish): Exam er age headache er jonno koto dosage painkiller khabo?
Answer (English): I can't give medical dosage advice. If you're unwell, the Medical Center on campus, or a pharmacist/doctor, is the right place to ask.

Question: Kind of urgent, but what dosage of painkillers should I take for a headache before my exam?
Answer: I can't give medical dosage advice. If you're unwell, the Medical Center on campus, or a pharmacist/doctor, is the right place to ask.

Question (Banglish): BRACU te koto ghono ghono exam hoy?
Answer (English): There are likely two exams(Midterm and Final )per trimester, plus any additional Smaller exams or quizzes scheduled by your instructors thorughout the semester.

Question (Banglish): Exam hall e student der koto age ashte hobe?
Answer (English): Students should aim to arrive at the exam hall at least 15 to 30 minutes before the scheduled start time of their exam.

Question: What dosage of painkillers should I take for a headache before my exam?
Answer: I can't give medical dosage advice. If you're unwell, the Medical Center on campus, or a pharmacist/doctor, is the right place to ask.",False,out_of_scope,Exam er age headache er jonno koto dosage painkiller khabo?,0.9923297762870789
"If you're unwell, the Medical Center on campus, or a pharmacist/doctor, is the right place to ask.","Question (Banglish): Exam er age headache er jonno koto dosage painkiller khabo?
Answer (English): I can't give medical dosage advice. If you're unwell, the Medical Center on campus, or a pharmacist/doctor, is the right place to ask.

Question: Kind of urgent, but what dosage of painkillers should I take for a headache before my exam?
Answer: I can't give medical dosage advice. If you're unwell, the Medical Center on campus, or a pharmacist/doctor, is the right place to ask.

Question (Banglish): BRACU te koto ghono ghono exam hoy?
Answer (English): There are likely two exams(Midterm and Final )per trimester, plus any additional Smaller exams or quizzes scheduled by your instructors thorughout the semester.

Question (Banglish): Exam hall e student der koto age ashte hobe?
Answer (English): Students should aim to arrive at the exam hall at least 15 to 30 minutes before the scheduled start time of their exam.

Question: What dosage of painkillers should I take for a headache before my exam?
Answer: I can't give medical dosage advice. If you're unwell, the Medical Center on campus, or a pharmacist/doctor, is the right place to ask.",False,out_of_scope,Exam er age headache er jonno koto dosage painkiller khabo?,0.9875191450119019
"I can't see individual grades, unfortunately.","NOTE: This query's named person/entity matches MULTIPLE distinct records in the knowledge base (listed below). Do not silently pick one. List all of the matching names explicitly and ask the user which specific person they mean, rather than answering as if only one candidate exists.

Question (Banglish): Student ta CSE220 pass kore nai kintu pre-advising e CSE221 add koreche. CSE220 pass na kore ki CSE221 continue korte parbe? Na parle, eki semester e CSE220 ar CSE221 duitai ki continue korte parbe?
Answer (English): CSE221 will be dropped by the advisor if the student fails in CSE220. The student cannot do the two courses simultaneously.

Question (Banglish): Ekta subject e fail korle international student er scholarship er ki hoy?
Answer (English): If a student fails (gets an F in) any subject in a semester, they will not be considered for a tuition fee waiver for the following two semesters, though they may reapply from the third semester onward if eligibility is regained (rules vary slightly by scholarship type).

Question (Banglish): Gato semester er exam e ami pass korechi ki?
Answer (English): I can't see individual grades, unfortunately. Your results should be in Connect - if they're not showing, the Office of the Controller of Examinations can help.

Question (Banglish): Prerequisite course e fail kora student der jonno advising requirement ki?
Answer (English): Must drop the dependent course and retake the prerequisite before confirming advising.

Question (Banglish): Gato semester e koyjon student CSE221 e fail koreche?
Answer (English): BRAC University doesn't publish course-level pass/fail statistics that I have access to. Your course teacher or department might share general trends if you ask directly.",False,out_of_scope,Gato semester e koyjon student CSE221 e fail koreche?,0.9923726320266724
"Your results should be in Connect - if they're not showing, the Office of the Controller of Examinations can help.","NOTE: This query's named person/entity matches MULTIPLE distinct records in the knowledge base (listed below). Do not silently pick one. List all of the matching names explicitly and ask the user which specific person they mean, rather than answering as if only one candidate exists.

Question (Banglish): Student ta CSE220 pass kore nai kintu pre-advising e CSE221 add koreche. CSE220 pass na kore ki CSE221 continue korte parbe? Na parle, eki semester e CSE220 ar CSE221 duitai ki continue korte parbe?
Answer (English): CSE221 will be dropped by the advisor if the student fails in CSE220. The student cannot do the two courses simultaneously.

Question (Banglish): Ekta subject e fail korle international student er scholarship er ki hoy?
Answer (English): If a student fails (gets an F in) any subject in a semester, they will not be considered for a tuition fee waiver for the following two semesters, though they may reapply from the third semester onward if eligibility is regained (rules vary slightly by scholarship type).

Question (Banglish): Gato semester er exam e ami pass korechi ki?
Answer (English): I can't see individual grades, unfortunately. Your results should be in Connect - if they're not showing, the Office of the Controller of Examinations can help.

Question (Banglish): Prerequisite course e fail kora student der jonno advising requirement ki?
Answer (English): Must drop the dependent course and retake the prerequisite before confirming advising.

Question (Banglish): Gato semester e koyjon student CSE221 e fail koreche?
Answer (English): BRAC University doesn't publish course-level pass/fail statistics that I have access to. Your course teacher or department might share general trends if you ask directly.",False,out_of_scope,Gato semester e koyjon student CSE221 e fail koreche?,0.9869030714035034
"I can't see individual grades, unfortunately.","Question (Banglish): Gato semester er exam e ami pass korechi ki?
Answer (English): I can't see individual grades, unfortunately. Your results should be in Connect - if they're not showing, the Office of the Controller of Examinations can help.

Question (Banglish): Exam hall e student der koto age ashte hobe?
Answer (English): Students should aim to arrive at the exam hall at least 15 to 30 minutes before the scheduled start time of their exam.

Question: Did I pass my last semester's exams?
Answer: I can't see individual grades, unfortunately. Your results should be in Connect - if they're not showing, the Office of the Controller of Examinations can help.

Question (Banglish): Exam er modhye cheating dhora porle student er upor ki byabostha neya hoy?
Answer (English): Students caught cheating may receive a failing grade (F) for the exam or the entire course, depending on the severity of the infraction.he university may impose additional disciplinary measures, such as academic probation, suspension, or even expulsion, depending on the nature of the cheating and whether it is a repeated offense.

Question (Banglish): BRACU te koto ghono ghono exam hoy?
Answer (English): There are likely two exams(Midterm and Final )per trimester, plus any additional Smaller exams or quizzes scheduled by your instructors thorughout the semester.",False,out_of_scope,Gato semester er exam e ami pass korechi ki?,0.9925891160964966
"Your results should be in Connect - if they're not showing, the Office of the Controller of Examinations can help.","Question (Banglish): Gato semester er exam e ami pass korechi ki?
Answer (English): I can't see individual grades, unfortunately. Your results should be in Connect - if they're not showing, the Office of the Controller of Examinations can help.

Question (Banglish): Exam hall e student der koto age ashte hobe?
Answer (English): Students should aim to arrive at the exam hall at least 15 to 30 minutes before the scheduled start time of their exam.

Question: Did I pass my last semester's exams?
Answer: I can't see individual grades, unfortunately. Your results should be in Connect - if they're not showing, the Office of the Controller of Examinations can help.

Question (Banglish): Exam er modhye cheating dhora porle student er upor ki byabostha neya hoy?
Answer (English): Students caught cheating may receive a failing grade (F) for the exam or the entire course, depending on the severity of the infraction.he university may impose additional disciplinary measures, such as academic probation, suspension, or even expulsion, depending on the nature of the cheating and whether it is a repeated offense.

Question (Banglish): BRACU te koto ghono ghono exam hoy?
Answer (English): There are likely two exams(Midterm and Final )per trimester, plus any additional Smaller exams or quizzes scheduled by your instructors thorughout the semester.",False,out_of_scope,Gato semester er exam e ami pass korechi ki?,0.9869030714035034
Independent University Bangladesh's facilities aren't something I have information on - this is built around BRAC University specifically.,"Question (Banglish): IUB er hostel er obostha ta thik kemon, seta ki apnar jana ache?
Answer (English): Independent University Bangladesh's facilities aren't something I have information on - this is built around BRAC University specifically. IUB's student services page would be the right place to check.

Question: Before I forget to ask — what's the hostel situation like at IUB?
Answer: Independent University Bangladesh's facilities aren't something I have information on - this is built around BRAC University specifically. IUB's student services page would be the right place to check.

Question (Banglish): Central Control Room er pashe ki obosthito?
Answer (English): The Central Control Room is located beside the Lift Lobby on the Ground Floor.

Question (Banglish): Central Control Room kothay obosthito?
Answer (English): Ground Floor, Beside the Lift Lobby

Question: What's the hostel situation like at IUB?
Answer: Independent University Bangladesh's facilities aren't something I have information on - this is built around BRAC University specifically. IUB's student services page would be the right place to check.",False,out_of_scope,"IUB er hostel er obostha ta thik kemon, seta ki apnar jana ache?",0.9920116066932678
IUB's student services page would be the right place to check.,"Question (Banglish): IUB er hostel er obostha ta thik kemon, seta ki apnar jana ache?
Answer (English): Independent University Bangladesh's facilities aren't something I have information on - this is built around BRAC University specifically. IUB's student services page would be the right place to check.

Question: Before I forget to ask — what's the hostel situation like at IUB?
Answer: Independent University Bangladesh's facilities aren't something I have information on - this is built around BRAC University specifically. IUB's student services page would be the right place to check.

Question (Banglish): Central Control Room er pashe ki obosthito?
Answer (English): The Central Control Room is located beside the Lift Lobby on the Ground Floor.

Question (Banglish): Central Control Room kothay obosthito?
Answer (English): Ground Floor, Beside the Lift Lobby

Question: What's the hostel situation like at IUB?
Answer: Independent University Bangladesh's facilities aren't something I have information on - this is built around BRAC University specifically. IUB's student services page would be the right place to check.",False,out_of_scope,"IUB er hostel er obostha ta thik kemon, seta ki apnar jana ache?",0.9866662621498108
"Could you clarify what you're asking the cost of - tuition, a specific fee, the Residential Semester, accommodation?","Question (Banglish): Koto khoroch hobe?
Answer (English): Could you clarify what you're asking the cost of - tuition, a specific fee, the Residential Semester, accommodation? Costs vary a lot by program and category.

Question (Banglish): Medium of Instruction letter request korte koto khoroch hoy?
Answer (English): Based on published fee notices, the Medium of Instruction Fee is BDT 200.

Question (Banglish): Ashche bochor tuition fee koto hobe?
Answer (English): That's not something I can predict - BRAC University publishes tuition updates as they're decided, usually shortly before the relevant semester. Check the official Tuition and Fees page closer to that time.

Question (Banglish): Passenger der bus stop e koto shomoy pouchte hobe?
Answer (English): Passengers must arrive at least 5 minutes before the scheduled pickup time.

Question (Banglish): International student der accommodation, food ar transportation fee mile koto khoroch hobe?
Answer (English): Approximately US$ 400 per month will be charged for accommodation and food.",False,out_of_scope,Koto khoroch hobe?,0.9857487082481384
Costs vary a lot by program and category.,"Question (Banglish): Koto khoroch hobe?
Answer (English): Could you clarify what you're asking the cost of - tuition, a specific fee, the Residential Semester, accommodation? Costs vary a lot by program and category.

Question (Banglish): Medium of Instruction letter request korte koto khoroch hoy?
Answer (English): Based on published fee notices, the Medium of Instruction Fee is BDT 200.

Question (Banglish): Ashche bochor tuition fee koto hobe?
Answer (English): That's not something I can predict - BRAC University publishes tuition updates as they're decided, usually shortly before the relevant semester. Check the official Tuition and Fees page closer to that time.

Question (Banglish): Passenger der bus stop e koto shomoy pouchte hobe?
Answer (English): Passengers must arrive at least 5 minutes before the scheduled pickup time.

Question (Banglish): International student der accommodation, food ar transportation fee mile koto khoroch hobe?
Answer (English): Approximately US$ 400 per month will be charged for accommodation and food.",False,out_of_scope,Koto khoroch hobe?,0.984890878200531
That's outside what I can help with - I only have information about BRAC University.,"Question (Banglish): North South University er tuition fee koto?
Answer (English): That's outside what I can help with - I only have information about BRAC University. North South University's own website would have their current fee structure.

Question: Not sure if this is covered elsewhere, but what's the tuition fee at North South University?
Answer: That's outside what I can help with - I only have information about BRAC University. North South University's own website would have their current fee structure.

Question (Banglish): Tuition chara BRACU ar kon kon 'other fees' charge kore?
Answer (English): Examples include a Make-up Examination Fee (BDT 3,000), a Department Change Fee (BDT 6,000), a Degree Processing Fee (BDT 8,500), a refundable Convocation Gown Fee (BDT 3,500, refunded on gown return), and a Late Advising Fee (BDT 2,000), among others such as Transfer Certificate fees.

Question (Banglish): Ekhon Residential Semester (RS) fee koto?
Answer (English): As of the 2023 fee schedule (effective for students enrolled from Spring 2025 onward), the Residential Semester fee is BDT 88,000.

Question: What's the tuition fee at North South University?
Answer: That's outside what I can help with - I only have information about BRAC University. North South University's own website would have their current fee structure.",False,out_of_scope,North South University er tuition fee koto?,0.9930818676948547
North South University's own website would have their current fee structure.,"Question (Banglish): North South University er tuition fee koto?
Answer (English): That's outside what I can help with - I only have information about BRAC University. North South University's own website would have their current fee structure.

Question: Not sure if this is covered elsewhere, but what's the tuition fee at North South University?
Answer: That's outside what I can help with - I only have information about BRAC University. North South University's own website would have their current fee structure.

Question (Banglish): Tuition chara BRACU ar kon kon 'other fees' charge kore?
Answer (English): Examples include a Make-up Examination Fee (BDT 3,000), a Department Change Fee (BDT 6,000), a Degree Processing Fee (BDT 8,500), a refundable Convocation Gown Fee (BDT 3,500, refunded on gown return), and a Late Advising Fee (BDT 2,000), among others such as Transfer Certificate fees.

Question (Banglish): Ekhon Residential Semester (RS) fee koto?
Answer (English): As of the 2023 fee schedule (effective for students enrolled from Spring 2025 onward), the Residential Semester fee is BDT 88,000.

Question: What's the tuition fee at North South University?
Answer: That's outside what I can help with - I only have information about BRAC University. North South University's own website would have their current fee structure.",False,out_of_scope,North South University er tuition fee koto?,0.9880977272987366
"No, you are not guaranteed a seat in your desired course next semester.","Question (Banglish): Porer semester e amar chawa course e ki seat guarantee?
Answer (English): No, that's not something I can guarantee - course seats are limited and allocated through the advising process, so availability depends on timing and demand.

Question: Hey, am I guaranteed a seat in the course I want next semester?
Answer: No, that's not something I can guarantee - course seats are limited and allocated through the advising process, so availability depends on timing and demand.

Question: Can students reserve seats in advance?
Answer: No, seating is strictly first-come, first-served.

Question (Banglish): Student department er baire course e extra seat chaile ki korte hobe?
Answer (English): The student should contact to that particular department's DCO to know that particular department's extra seat policy

Question: Am I guaranteed a seat in the course I want next semester?
Answer: No, that's not something I can guarantee - course seats are limited and allocated through the advising process, so availability depends on timing and demand.",False,out_of_scope,Porer semester e amar chawa course e ki seat guarantee?,0.01249128207564354
"Course seats are limited and allocated through the advising process, so availability depends on timing and demand.","Question (Banglish): Porer semester e amar chawa course e ki seat guarantee?
Answer (English): No, that's not something I can guarantee - course seats are limited and allocated through the advising process, so availability depends on timing and demand.

Question: Hey, am I guaranteed a seat in the course I want next semester?
Answer: No, that's not something I can guarantee - course seats are limited and allocated through the advising process, so availability depends on timing and demand.

Question: Can students reserve seats in advance?
Answer: No, seating is strictly first-come, first-served.

Question (Banglish): Student department er baire course e extra seat chaile ki korte hobe?
Answer (English): The student should contact to that particular department's DCO to know that particular department's extra seat policy

Question: Am I guaranteed a seat in the course I want next semester?
Answer: No, that's not something I can guarantee - course seats are limited and allocated through the advising process, so availability depends on timing and demand.",False,out_of_scope,Porer semester e amar chawa course e ki seat guarantee?,0.9912462830543518
Room-by-room comparisons aren't something I have data on.,"Question (Banglish): Request korar jonno kon dorm room shobcheye bhalo?
Answer (English): Room-by-room comparisons aren't something I have data on. The Residential Semester handbook covers general allocation rules, but room-level preferences are better discussed with the dorm supervisor directly.

Question (Banglish): Savar campus e dormitory room ar roommate kivabe assign kora hoy?
Answer (English): Students may choose their own roommates for shared rooms (two-seat rooms for female students, four-seat rooms for both genders), but all roommates for a given room must be present together during health card/profile submission to take part in the room lottery - requests or phone calls on behalf of an absent student are not accepted.

Question (Banglish): Savar campus e dormitory koto shomoy khole ar bondho hoy?
Answer (English): The dormitory gates open at 6:30 AM and close at 10:00 PM. Students are responsible for returning to their dormitory before closing time.

Question (Banglish): Central Control Room kothay obosthito?
Answer (English): Ground Floor, Beside the Lift Lobby

Question: Which dorm room is the best one to request?
Answer: Room-by-room comparisons aren't something I have data on. The Residential Semester handbook covers general allocation rules, but room-level preferences are better discussed with the dorm supervisor directly.",False,out_of_scope,Request korar jonno kon dorm room shobcheye bhalo?,0.9924123883247375
"The Residential Semester handbook covers general allocation rules, but room-level preferences are better discussed with the dorm supervisor directly.","Question (Banglish): Request korar jonno kon dorm room shobcheye bhalo?
Answer (English): Room-by-room comparisons aren't something I have data on. The Residential Semester handbook covers general allocation rules, but room-level preferences are better discussed with the dorm supervisor directly.

Question (Banglish): Savar campus e dormitory room ar roommate kivabe assign kora hoy?
Answer (English): Students may choose their own roommates for shared rooms (two-seat rooms for female students, four-seat rooms for both genders), but all roommates for a given room must be present together during health card/profile submission to take part in the room lottery - requests or phone calls on behalf of an absent student are not accepted.

Question (Banglish): Savar campus e dormitory koto shomoy khole ar bondho hoy?
Answer (English): The dormitory gates open at 6:30 AM and close at 10:00 PM. Students are responsible for returning to their dormitory before closing time.

Question (Banglish): Central Control Room kothay obosthito?
Answer (English): Ground Floor, Beside the Lift Lobby

Question: Which dorm room is the best one to request?
Answer: Room-by-room comparisons aren't something I have data on. The Residential Semester handbook covers general allocation rules, but room-level preferences are better discussed with the dorm supervisor directly.",False,out_of_scope,Request korar jonno kon dorm room shobcheye bhalo?,0.9866386651992798
That figure isn't published anywhere I have access to for the CSE program specifically.,"Question (Banglish): Specifically CSE program er acceptance rate koto?
Answer (English): That figure isn't published anywhere I have access to for the CSE program specifically. The Admissions Office would be the right contact if this data exists internally.

Question: Kind of urgent, but what's the acceptance rate for the CSE program specifically?
Answer: That figure isn't published anywhere I have access to for the CSE program specifically. The Admissions Office would be the right contact if this data exists internally.

Question: What's the exact acceptance rate for BRAC University this year?
Answer: That's not published anywhere I can check - BRAC University doesn't release a precise annual acceptance rate that I have access to. The Admissions Office would be the right contact.

Question (Banglish): Ei bochor BRAC University er exact acceptance rate koto?
Answer (English): That's not published anywhere I can check - BRAC University doesn't release a precise annual acceptance rate that I have access to. The Admissions Office would be the right contact.

Question: What's the acceptance rate for the CSE program specifically?
Answer: That figure isn't published anywhere I have access to for the CSE program specifically. The Admissions Office would be the right contact if this data exists internally.",False,out_of_scope,Specifically CSE program er acceptance rate koto?,0.9872280359268188
The Admissions Office would be the right contact if this data exists internally.,"Question (Banglish): Specifically CSE program er acceptance rate koto?
Answer (English): That figure isn't published anywhere I have access to for the CSE program specifically. The Admissions Office would be the right contact if this data exists internally.

Question: Kind of urgent, but what's the acceptance rate for the CSE program specifically?
Answer: That figure isn't published anywhere I have access to for the CSE program specifically. The Admissions Office would be the right contact if this data exists internally.

Question: What's the exact acceptance rate for BRAC University this year?
Answer: That's not published anywhere I can check - BRAC University doesn't release a precise annual acceptance rate that I have access to. The Admissions Office would be the right contact.

Question (Banglish): Ei bochor BRAC University er exact acceptance rate koto?
Answer (English): That's not published anywhere I can check - BRAC University doesn't release a precise annual acceptance rate that I have access to. The Admissions Office would be the right contact.

Question: What's the acceptance rate for the CSE program specifically?
Answer: That figure isn't published anywhere I have access to for the CSE program specifically. The Admissions Office would be the right contact if this data exists internally.",False,out_of_scope,Specifically CSE program er acceptance rate koto?,0.9871067404747009
That's a personal financial decision I can't advise you on.,"Question (Banglish): Tuition pay korte ki amar personal loan neya uchit?
Answer (English): That's a personal financial decision I can't advise you on. I can tell you BRAC Bank and ONE Bank offer student loan facilities for BRACU students if you want to explore that, but whether it's right for you is worth discussing with family or a financial advisor.

Question: Can someone help — should I take out a personal loan to pay my tuition?
Answer: That's a personal financial decision I can't advise you on. I can tell you BRAC Bank and ONE Bank offer student loan facilities for BRACU students if you want to explore that, but whether it's right for you is worth discussing with family or a financial advisor.

Question (Banglish): Amar scholarship er taka crypto te invest kora uchit ki?
Answer (English): I can't give financial or investment advice - that's a personal decision with real risk, worth discussing with someone qualified rather than relying on general information here.

Question (Banglish): BRAC University tuition er jonno student loan ki available?
Answer (English): Yes, BRAC Bank and ONE Bank have arrangements to offer student loan facilities to BRAC University students; interested students contact those banks directly to apply.

Question: Should I take out a personal loan to pay my tuition?
Answer: That's a personal financial decision I can't advise you on. I can tell you BRAC Bank and ONE Bank offer student loan facilities for BRACU students if you want to explore that, but whether it's right for you is worth discussing with family or a financial advisor.",False,out_of_scope,Tuition pay korte ki amar personal loan neya uchit?,0.991054117679596
"I can tell you BRAC Bank and ONE Bank offer student loan facilities for BRACU students if you want to explore that, but whether it's right for you is worth discussing with family or a financial advisor.","Question (Banglish): Tuition pay korte ki amar personal loan neya uchit?
Answer (English): That's a personal financial decision I can't advise you on. I can tell you BRAC Bank and ONE Bank offer student loan facilities for BRACU students if you want to explore that, but whether it's right for you is worth discussing with family or a financial advisor.

Question: Can someone help — should I take out a personal loan to pay my tuition?
Answer: That's a personal financial decision I can't advise you on. I can tell you BRAC Bank and ONE Bank offer student loan facilities for BRACU students if you want to explore that, but whether it's right for you is worth discussing with family or a financial advisor.

Question (Banglish): Amar scholarship er taka crypto te invest kora uchit ki?
Answer (English): I can't give financial or investment advice - that's a personal decision with real risk, worth discussing with someone qualified rather than relying on general information here.

Question (Banglish): BRAC University tuition er jonno student loan ki available?
Answer (English): Yes, BRAC Bank and ONE Bank have arrangements to offer student loan facilities to BRAC University students; interested students contact those banks directly to apply.

Question: Should I take out a personal loan to pay my tuition?
Answer: That's a personal financial decision I can't advise you on. I can tell you BRAC Bank and ONE Bank offer student loan facilities for BRACU students if you want to explore that, but whether it's right for you is worth discussing with family or a financial advisor.",False,out_of_scope,Tuition pay korte ki amar personal loan neya uchit?,0.9879096746444702
I won't help with that - trying to evade a plagiarism check violates academic integrity policy.,"Question (Banglish): Turnitin similarity check ke kivabe bypass korbo?
Answer (English): I won't help with that - trying to evade a plagiarism check violates academic integrity policy. Properly citing sources and paraphrasing in your own words is the actual fix, and it naturally keeps similarity scores low.

Question: What's the process to get around the Turnitin similarity check?
Answer: I won't help with that - trying to evade a plagiarism check violates academic integrity policy. Properly citing sources and paraphrasing in your own words is the actual fix, and it naturally keeps similarity scores low.

Question: Kind of urgent, but how can I check for plagiarism in my thesis or assignment?
Answer: The library provides a Turnitin similarity-check service. Students can typically request a similarity/plagiarism check through the library's designated service, or consult the librarian (librarian@bracu.ac.bd) for guidance.

Question: How can I check for plagiarism in my thesis or assignment?
Answer: The library provides a Turnitin similarity-check service. Students can typically request a similarity/plagiarism check through the library's designated service, or consult the librarian (librarian@bracu.ac.bd) for guidance.

Question: How do I get around the Turnitin similarity check?
Answer: I won't help with that - trying to evade a plagiarism check violates academic integrity policy. Properly citing sources and paraphrasing in your own words is the actual fix, and it naturally keeps similarity scores low.",False,out_of_scope,Turnitin similarity check ke kivabe bypass korbo?,0.9896923899650574
"Properly citing sources and paraphrasing in your own words is the actual fix, and it naturally keeps similarity scores low.","Question (Banglish): Turnitin similarity check ke kivabe bypass korbo?
Answer (English): I won't help with that - trying to evade a plagiarism check violates academic integrity policy. Properly citing sources and paraphrasing in your own words is the actual fix, and it naturally keeps similarity scores low.

Question: What's the process to get around the Turnitin similarity check?
Answer: I won't help with that - trying to evade a plagiarism check violates academic integrity policy. Properly citing sources and paraphrasing in your own words is the actual fix, and it naturally keeps similarity scores low.

Question: Kind of urgent, but how can I check for plagiarism in my thesis or assignment?
Answer: The library provides a Turnitin similarity-check service. Students can typically request a similarity/plagiarism check through the library's designated service, or consult the librarian (librarian@bracu.ac.bd) for guidance.

Question: How can I check for plagiarism in my thesis or assignment?
Answer: The library provides a Turnitin similarity-check service. Students can typically request a similarity/plagiarism check through the library's designated service, or consult the librarian (librarian@bracu.ac.bd) for guidance.

Question: How do I get around the Turnitin similarity check?
Answer: I won't help with that - trying to evade a plagiarism check violates academic integrity policy. Properly citing sources and paraphrasing in your own words is the actual fix, and it naturally keeps similarity scores low.",False,out_of_scope,Turnitin similarity check ke kivabe bypass korbo?,0.9903615713119507
Assessing a legal case against the university requires an actual lawyer who can review the specific facts.,"Question (Banglish): University er biruddhe amar strong legal case ache kina bolen?
Answer (English): That's not a call I can make - assessing a legal case needs an actual lawyer who can review the specific facts. If you have a grievance with the university, the Office of the Proctor or Registrar would be the first non-legal step.

Question: Not sure if this is covered elsewhere, but can you tell me if I have a strong legal case against the university?
Answer: That's not a call I can make - assessing a legal case needs an actual lawyer who can review the specific facts. If you have a grievance with the university, the Office of the Proctor or Registrar would be the first non-legal step.

Question: When was the BRAC University School of Law established, and what degree does it offer?
Answer: The School of Law was founded in 2004 and offers a four-year undergraduate Bachelor of Laws (LL.B. Hons.) program, along with a postgraduate LL.M. program.

Question (Banglish): Amar landlord er security deposit rakha ki legal?
Answer (English): That's a legal question outside what I can advise on, and it depends on your specific tenancy agreement and Bangladeshi law. An actual lawyer or legal aid service would be the right resource.

Question: Can you tell me if I have a strong legal case against the university?
Answer: That's not a call I can make - assessing a legal case needs an actual lawyer who can review the specific facts. If you have a grievance with the university, the Office of the Proctor or Registrar would be the first non-legal step.",False,out_of_scope,University er biruddhe amar strong legal case ache kina bolen?,0.013086979277431965
"If you have a grievance with the university, the Office of the Proctor or Registrar would be the first non-legal step.","Question (Banglish): University er biruddhe amar strong legal case ache kina bolen?
Answer (English): That's not a call I can make - assessing a legal case needs an actual lawyer who can review the specific facts. If you have a grievance with the university, the Office of the Proctor or Registrar would be the first non-legal step.

Question: Not sure if this is covered elsewhere, but can you tell me if I have a strong legal case against the university?
Answer: That's not a call I can make - assessing a legal case needs an actual lawyer who can review the specific facts. If you have a grievance with the university, the Office of the Proctor or Registrar would be the first non-legal step.

Question: When was the BRAC University School of Law established, and what degree does it offer?
Answer: The School of Law was founded in 2004 and offers a four-year undergraduate Bachelor of Laws (LL.B. Hons.) program, along with a postgraduate LL.M. program.

Question (Banglish): Amar landlord er security deposit rakha ki legal?
Answer (English): That's a legal question outside what I can advise on, and it depends on your specific tenancy agreement and Bangladeshi law. An actual lawyer or legal aid service would be the right resource.

Question: Can you tell me if I have a strong legal case against the university?
Answer: That's not a call I can make - assessing a legal case needs an actual lawyer who can review the specific facts. If you have a grievance with the university, the Office of the Proctor or Registrar would be the first non-legal step.",False,out_of_scope,University er biruddhe amar strong legal case ache kina bolen?,0.9886544942855835
"If you think your grade was recorded or calculated incorrectly, the right step is to raise it with your course teacher and escalate through the department if unresolved - not to pressure a change without a legitimate basis.","Question (Banglish): Valid reason chara amar professor ke grade change korte kivabe convince korbo?
Answer (English): I won't help with that. If you think your grade was recorded or calculated incorrectly, the right step is to raise it with your course teacher and escalate through the department if unresolved - not to pressure a change without a legitimate basis.

Question: What steps do I need to follow to convince my professor to change my grade without a valid reason?
Answer: I won't help with that. If you think your grade was recorded or calculated incorrectly, the right step is to raise it with your course teacher and escalate through the department if unresolved - not to pressure a change without a legitimate basis.

Question: For a friend who's asking — policy on making course changes after the first week of classes?
Answer: Strongly discouraged to maintain academic stability.

Question (Banglish): Valid reason e student final exam miss korle course teacher er ki korte hoy?
Answer (English): If a student misses the final exam for a documented valid reason (such as a medical emergency), the course teacher can arrange a make-up exam, and if course requirements genuinely can't be completed in time, an 'Incomplete' (I) grade with a defined completion deadline (up to 8 weeks after the final exam) may be assigned instead.

Question: How can I convince my professor to change my grade without a valid reason?
Answer: I won't help with that. If you think your grade was recorded or calculated incorrectly, the right step is to raise it with your course teacher and escalate through the department if unresolved - not to pressure a change without a legitimate basis.",False,out_of_scope,Valid reason chara amar professor ke grade change korte kivabe convince korbo?,0.9877666234970093
"Meal plans are managed at TARC by providing three main meals (breakfast, lunch, and dinner) and two snack times, with specific time slots for each: breakfast from 7-9 am, lunch from 12:30-3 pm, dinner from 8:30-10 pm, and snacks from 11-12 am and 4-5 pm collectively.","Question: How are meal plans managed at TARC?
Answer: Tarc provides 3 main meals breakfast,lunch and dinner and two snack time followed by them.Breakfast time continues from 7-9 am, lunch time continues from 12:30-3 pm,dinner continues from 8:30-10 pm followed by snacks time which are from 11-12 am and 4-5 pm colleectively

Question: Sorry if this was already answered, but how are meal plans managed at TARC?
Answer: Tarc provides 3 main meals breakfast,lunch and dinner and two snack time followed by them.Breakfast time continues from 7-9 am, lunch time continues from 12:30-3 pm,dinner continues from 8:30-10 pm followed by snacks time which are from 11-12 am and 4-5 pm colleectively

Question: Can you tell me what the process for arranging food or refreshments for events is?
Answer: For refreshments from the Brac University cafeteria, orders must be confirmed by OCA, and payments will be made by the Accounts Office from the club/forum budget (not in cash). For refreshments from outside vendors, financial assistance will be transferred to the club advisor’s bank account as per the approved budget.

Question (Banglish): TARC e meal plan kivabe manage kora hoy?
Answer (English): Tarc provides 3 main meals breakfast,lunch and dinner and two snack time followed by them.Breakfast time continues from 7-9 am, lunch time continues from 12:30-3 pm,dinner continues from 8:30-10 pm followed by snacks time which are from 11-12 am and 4-5 pm colleectively

Question: Before I forget to ask — how are meal plans managed at TARC?
Answer: Tarc provides 3 main meals breakfast,lunch and dinner and two snack time followed by them.Breakfast time continues from 7-9 am, lunch time continues from 12:30-3 pm,dinner continues from 8:30-10 pm followed by snacks time which are from 11-12 am and 4-5 pm colleectively",True,verified_retrieval,How are meal plans managed at TARC?,0.9820074439048767
"BRAC University admits new undergraduates three times a year - Spring (classes start January), Summer (May), and Fall (September).","Question: When is the next intake for the undergraduate program?
Answer: BRAC University admits new undergraduates three times a year - Spring (classes start January), Summer (May), and Fall (September). The exact application deadline and admission test date for the next intake are published on the Admissions page (bracu.ac.bd/admissions) closer to that semester.

Question (Banglish): Undergraduate program e porer barer intake ta thik kobe theke shuru hobe?
Answer (English): BRAC University admits new undergraduates three times a year - Spring (classes start January), Summer (May), and Fall (September). The exact application deadline and admission test date for the next intake are published on the Admissions page (bracu.ac.bd/admissions) closer to that semester.

Question: When does it start?
Answer: Could you clarify what you're asking about - a specific semester, an event, the Residential Semester? Happy to help once I know which one.

Question: When did the Department of Architecture at BRAC University start, and how large is its typical intake?
Answer: The department started in Spring 2002 with 15 students and 3 faculty members. Admission is competitive and intake has historically been limited to around 25-30 students per year to maintain close studio supervision.

Question: Do you know when is the next intake for the undergraduate program?
Answer: BRAC University admits new undergraduates three times a year - Spring (classes start January), Summer (May), and Fall (September). The exact application deadline and admission test date for the next intake are published on the Admissions page (bracu.ac.bd/admissions) closer to that semester.",True,verified_retrieval,When is the next intake for the undergraduate program?,0.9901686906814575
The exact application deadline and admission test date for the next intake are published on the Admissions page (bracu.ac.bd/admissions) closer to that semester.,"Question: When is the next intake for the undergraduate program?
Answer: BRAC University admits new undergraduates three times a year - Spring (classes start January), Summer (May), and Fall (September). The exact application deadline and admission test date for the next intake are published on the Admissions page (bracu.ac.bd/admissions) closer to that semester.

Question (Banglish): Undergraduate program e porer barer intake ta thik kobe theke shuru hobe?
Answer (English): BRAC University admits new undergraduates three times a year - Spring (classes start January), Summer (May), and Fall (September). The exact application deadline and admission test date for the next intake are published on the Admissions page (bracu.ac.bd/admissions) closer to that semester.

Question: When does it start?
Answer: Could you clarify what you're asking about - a specific semester, an event, the Residential Semester? Happy to help once I know which one.

Question: When did the Department of Architecture at BRAC University start, and how large is its typical intake?
Answer: The department started in Spring 2002 with 15 students and 3 faculty members. Admission is competitive and intake has historically been limited to around 25-30 students per year to maintain close studio supervision.

Question: Do you know when is the next intake for the undergraduate program?
Answer: BRAC University admits new undergraduates three times a year - Spring (classes start January), Summer (May), and Fall (September). The exact application deadline and admission test date for the next intake are published on the Admissions page (bracu.ac.bd/admissions) closer to that semester.",True,verified_retrieval,When is the next intake for the undergraduate program?,0.9841534495353699
A thesis/project group must have a minimum of 1 member and a maximum of 5 members.,"Question: Can you tell me what the minimum and maximum number of group members for a thesis/project is?
Answer: A thesis/project group must have a minimum of 1 member and a maximum of 5 members.

Question (Banglish): Thesis/project er jonno group member minimum ar maximum koyjon lagbe?
Answer (English): A thesis/project group must have a minimum of 1 member and a maximum of 5 members.

Question: What is the maximum number of supervisors/co-supervisors allowed per group?
Answer: A maximum of 2 supervisors and 2 co-supervisors.

Question: Can you tell me what the maximum number of supervisors/co-supervisors allowed per group is?
Answer: A maximum of 2 supervisors and 2 co-supervisors.

Question: What is the minimum and maximum number of group members for a thesis/project?
Answer: A thesis/project group must have a minimum of 1 member and a maximum of 5 members.",True,verified_retrieval,Can you tell me what the minimum and maximum number of group members for a thesis/project is?,0.9903186559677124
The first step is to inform the course instructor about the conflict as soon as possible.,"Question: Before I forget to ask — what should students do if they have a scheduling conflict with their exams?
Answer: The first step is to inform the course instructor about the conflict as soon as possible. If the conflict involves multiple exams or cannot be resolved with the instructor, students should consult their department office. The department can provide additional support or coordinate with other instructors to find a solution.

Question: Random question, what should students do if they have a scheduling conflict with their exams?
Answer: The first step is to inform the course instructor about the conflict as soon as possible. If the conflict involves multiple exams or cannot be resolved with the instructor, students should consult their department office. The department can provide additional support or coordinate with other instructors to find a solution.

Question: Random question, what should a course teacher do if a student misses the final exam for a valid reason?
Answer: If a student misses the final exam for a documented valid reason (such as a medical emergency), the course teacher can arrange a make-up exam, and if course requirements genuinely can't be completed in time, an 'Incomplete' (I) grade with a defined completion deadline (up to 8 weeks after the final exam) may be assigned instead.

Question (Banglish): Exam er scheduling e conflict thakle student der ki korte hoy?
Answer (English): The first step is to inform the course instructor about the conflict as soon as possible. If the conflict involves multiple exams or cannot be resolved with the instructor, students should consult their department office. The department can provide additional support or coordinate with other instructors to find a solution.

Question: What should students do if they have a scheduling conflict with their exams?
Answer: The first step is to inform the course instructor about the conflict as soon as possible. If the conflict involves multiple exams or cannot be resolved with the instructor, students should consult their department office. The department can provide additional support or coordinate with other instructors to find a solution.",True,verified_retrieval,Before I forget to ask — what should students do if they have a scheduling conflict with their exams?,0.9913896918296814
"If the conflict involves multiple exams or cannot be resolved with the instructor, students should consult their department office.","Question: Before I forget to ask — what should students do if they have a scheduling conflict with their exams?
Answer: The first step is to inform the course instructor about the conflict as soon as possible. If the conflict involves multiple exams or cannot be resolved with the instructor, students should consult their department office. The department can provide additional support or coordinate with other instructors to find a solution.

Question: Random question, what should students do if they have a scheduling conflict with their exams?
Answer: The first step is to inform the course instructor about the conflict as soon as possible. If the conflict involves multiple exams or cannot be resolved with the instructor, students should consult their department office. The department can provide additional support or coordinate with other instructors to find a solution.

Question: Random question, what should a course teacher do if a student misses the final exam for a valid reason?
Answer: If a student misses the final exam for a documented valid reason (such as a medical emergency), the course teacher can arrange a make-up exam, and if course requirements genuinely can't be completed in time, an 'Incomplete' (I) grade with a defined completion deadline (up to 8 weeks after the final exam) may be assigned instead.

Question (Banglish): Exam er scheduling e conflict thakle student der ki korte hoy?
Answer (English): The first step is to inform the course instructor about the conflict as soon as possible. If the conflict involves multiple exams or cannot be resolved with the instructor, students should consult their department office. The department can provide additional support or coordinate with other instructors to find a solution.

Question: What should students do if they have a scheduling conflict with their exams?
Answer: The first step is to inform the course instructor about the conflict as soon as possible. If the conflict involves multiple exams or cannot be resolved with the instructor, students should consult their department office. The department can provide additional support or coordinate with other instructors to find a solution.",True,verified_retrieval,Before I forget to ask — what should students do if they have a scheduling conflict with their exams?,0.9893112182617188
The department can provide additional support or coordinate with other instructors to find a solution.,"Question: Before I forget to ask — what should students do if they have a scheduling conflict with their exams?
Answer: The first step is to inform the course instructor about the conflict as soon as possible. If the conflict involves multiple exams or cannot be resolved with the instructor, students should consult their department office. The department can provide additional support or coordinate with other instructors to find a solution.

Question: Random question, what should students do if they have a scheduling conflict with their exams?
Answer: The first step is to inform the course instructor about the conflict as soon as possible. If the conflict involves multiple exams or cannot be resolved with the instructor, students should consult their department office. The department can provide additional support or coordinate with other instructors to find a solution.

Question: Random question, what should a course teacher do if a student misses the final exam for a valid reason?
Answer: If a student misses the final exam for a documented valid reason (such as a medical emergency), the course teacher can arrange a make-up exam, and if course requirements genuinely can't be completed in time, an 'Incomplete' (I) grade with a defined completion deadline (up to 8 weeks after the final exam) may be assigned instead.

Question (Banglish): Exam er scheduling e conflict thakle student der ki korte hoy?
Answer (English): The first step is to inform the course instructor about the conflict as soon as possible. If the conflict involves multiple exams or cannot be resolved with the instructor, students should consult their department office. The department can provide additional support or coordinate with other instructors to find a solution.

Question: What should students do if they have a scheduling conflict with their exams?
Answer: The first step is to inform the course instructor about the conflict as soon as possible. If the conflict involves multiple exams or cannot be resolved with the instructor, students should consult their department office. The department can provide additional support or coordinate with other instructors to find a solution.",True,verified_retrieval,Before I forget to ask — what should students do if they have a scheduling conflict with their exams?,0.9892619848251343
The EEE Department is located on the 4th floor and the labs are on 11th and 12th.,"Question: Where is the EEE Department?
Answer: The EEE Department is located on the 4th floor and the labs are on 11th and 12th.

Question: Where is EEE department's printing Lab?
Answer: The EEE Department's printing lab is on 12B-17L

Question (Banglish): EEE department er printing Lab kothay?
Answer (English): The EEE Department's printing lab is on 12B-17L

Question: Where can I find EEE department's printing Lab?
Answer: The EEE Department's printing lab is on 12B-17L

Question (Banglish): EEE Department kothay?
Answer (English): The EEE Department is located on the 4th floor and the labs are on 11th and 12th.",True,verified_retrieval,Where is the EEE Department?,0.989548921585083
"The BRAC University Medical Center provides emergency medical services and free consultations/medicine to students and employees, health checkups with an official Health Card, referrals to partner hospitals for emergencies, ambulance support, and workshops on reproductive health and family planning.","Question: Hi, what services does the BRAC University Medical Center provide?
Answer: The Medical Center offers emergency medical services and free consultations/medicine to students and employees, health checkups with an official Health Card, referrals to partner hospitals for emergencies, ambulance support, and workshops on reproductive health and family planning, among other services.

Question (Banglish): BRAC University Medical Center ki ki service provide kore?
Answer (English): The Medical Center offers emergency medical services and free consultations/medicine to students and employees, health checkups with an official Health Card, referrals to partner hospitals for emergencies, ambulance support, and workshops on reproductive health and family planning. It also runs blood donation programs in collaboration with student clubs, arranges vaccination drives for communicable diseases, and holds regular STD/reproductive health workshops each semester with BRAC James P Grant School of Public Health.

Question: Before I forget to ask — does BRAC University have a medical center for students?
Answer: Yes, BRAC University's Student Life section lists a Medical Center that provides healthcare services to students on campus, in addition to the medical facilities available at the Savar Residential Campus.

Question: Does BRAC University have a medical center for students?
Answer: Yes, BRAC University's Student Life section lists a Medical Center that provides healthcare services to students on campus, in addition to the medical facilities available at the Savar Residential Campus.

Question: What services does the BRAC University Medical Center provide?
Answer: The Medical Center offers emergency medical services and free consultations/medicine to students and employees, health checkups with an official Health Card, referrals to partner hospitals for emergencies, ambulance support, and workshops on reproductive health and family planning. It also runs blood donation programs in collaboration with student clubs, arranges vaccination drives for communicable diseases, and holds regular STD/reproductive health workshops each semester with BRAC James P Grant School of Public Health.",True,verified_retrieval,What services does the BRAC University Medical Center provide?,0.021600130945444107
"It also runs blood donation programs in collaboration with student clubs, arranges vaccination drives for communicable diseases, and holds regular STD/reproductive health workshops each semester with BRAC James P Grant School of Public Health.","Question: Hi, what services does the BRAC University Medical Center provide?
Answer: The Medical Center offers emergency medical services and free consultations/medicine to students and employees, health checkups with an official Health Card, referrals to partner hospitals for emergencies, ambulance support, and workshops on reproductive health and family planning, among other services.

Question (Banglish): BRAC University Medical Center ki ki service provide kore?
Answer (English): The Medical Center offers emergency medical services and free consultations/medicine to students and employees, health checkups with an official Health Card, referrals to partner hospitals for emergencies, ambulance support, and workshops on reproductive health and family planning. It also runs blood donation programs in collaboration with student clubs, arranges vaccination drives for communicable diseases, and holds regular STD/reproductive health workshops each semester with BRAC James P Grant School of Public Health.

Question: Before I forget to ask — does BRAC University have a medical center for students?
Answer: Yes, BRAC University's Student Life section lists a Medical Center that provides healthcare services to students on campus, in addition to the medical facilities available at the Savar Residential Campus.

Question: Does BRAC University have a medical center for students?
Answer: Yes, BRAC University's Student Life section lists a Medical Center that provides healthcare services to students on campus, in addition to the medical facilities available at the Savar Residential Campus.

Question: What services does the BRAC University Medical Center provide?
Answer: The Medical Center offers emergency medical services and free consultations/medicine to students and employees, health checkups with an official Health Card, referrals to partner hospitals for emergencies, ambulance support, and workshops on reproductive health and family planning. It also runs blood donation programs in collaboration with student clubs, arranges vaccination drives for communicable diseases, and holds regular STD/reproductive health workshops each semester with BRAC James P Grant School of Public Health.",True,verified_retrieval,What services does the BRAC University Medical Center provide?,0.990965723991394
Course selections must be confirmed during the Self-Registration period assigned after result publication.,"Question: When must course selections be confirmed after Pre-Registration phases?
Answer: During the Self-Registration period assigned after result publication

Question: Final opportunity for course registration after Pre-Registration Phases?
Answer: The Self-Registration period is the final opportunity for course registration after both Pre-Registration phases have ended.

Question (Banglish): Pre-Registration Phase er por course registration er final opportunity ta ki?
Answer (English): The Self-Registration period is the final opportunity for course registration after both Pre-Registration phases have ended.

Question: Just wondering, final opportunity for course registration after Pre-Registration Phases?
Answer: The Self-Registration period is the final opportunity for course registration after both Pre-Registration phases have ended.

Question (Banglish): Pre-Registration phase er por course selection kobe confirm korte hobe?
Answer (English): During the Self-Registration period assigned after result publication",True,verified_retrieval,When must course selections be confirmed after Pre-Registration phases?,0.5289591550827026
You can park your vehicle at basement-2.,"Question: Where do i have to park the vehicle?
Answer: You can park your vehicle at basement-2.

Question: How long can i park my vehicle on campus?
Answer: As long as you're paying the parking fee

Question: Where is the Cycle Garage located?
Answer: Ground Floor, Gate no. 2 (Pocket Gate)

Question (Banglish): Ami koto shomoy campus e amar vehicle park korte pari?
Answer (English): As long as you're paying the parking fee

Question (Banglish): Amar vehicle ta kothay park korte hobe?
Answer (English): You can park your vehicle at basement-2.",True,verified_retrieval,Where do i have to park the vehicle?,0.9916197061538696
The purpose of the Wishlist event for Summer 2025 is to help plan course offerings based on student demand.,"Question: Purpose of the Wishlist event for Summer 2025?
Answer: To help plan course offerings based on student demand

Question: Why is participation in the Wishlist event important?
Answer: Course offerings will be based on student demand collected from Wishlist submissions

Question (Banglish): Wishlist event e participation kora keno eto important, seta ektu bujhiye bolben?
Answer (English): Course offerings will be based on student demand collected from Wishlist submissions

Question: Purpose of the Course Wishlist feature in the Connect system?
Answer: Addition of preferred courses to a wishlist to secure seats as they become available while following university policies

Question (Banglish): Summer 2025 er Wishlist event er purpose ki?
Answer (English): To help plan course offerings based on student demand",True,verified_retrieval,Purpose of the Wishlist event for Summer 2025?,0.037641458213329315
"Yes, BRAC University introduced a digital ID card in 2017, generated through the BRACU Mobile App (accessible via the app's 'ID Card' menu option).","Question: Does BRAC University have a digital student ID card, or only a physical one?
Answer: Yes, BRAC University introduced a digital ID card in 2017, generated through the BRACU Mobile App (accessible via the app's 'ID Card' menu option). Both the physical and digital ID have been usable, and students are advised to keep the app updated to generate their digital card.

Question (Banglish): ID card chara student ra ki transport service use korte pare?
Answer (English): No, students must present a valid BRAC University ID card.

Question: What should I do if I lost my ID card?
Answer: Go to the registers office on the 4th floor, they will give you an id card renewal form and all the other details.

Question: Can students without an ID card use the transport service?
Answer: No, students must present a valid BRAC University ID card.

Question (Banglish): BRAC University er ki digital student ID card ache, naki shudhu physical ta?
Answer (English): Yes, BRAC University introduced a digital ID card in 2017, generated through the BRACU Mobile App (accessible via the app's 'ID Card' menu option). Both the physical and digital ID have been usable, and students are advised to keep the app updated to generate their digital card.",True,verified_retrieval,"Does BRAC University have a digital student ID card, or only a physical one?",0.9896551370620728
"Both the physical and digital ID have been usable, and students are advised to keep the app updated to generate their digital card.","Question: Does BRAC University have a digital student ID card, or only a physical one?
Answer: Yes, BRAC University introduced a digital ID card in 2017, generated through the BRACU Mobile App (accessible via the app's 'ID Card' menu option). Both the physical and digital ID have been usable, and students are advised to keep the app updated to generate their digital card.

Question (Banglish): ID card chara student ra ki transport service use korte pare?
Answer (English): No, students must present a valid BRAC University ID card.

Question: What should I do if I lost my ID card?
Answer: Go to the registers office on the 4th floor, they will give you an id card renewal form and all the other details.

Question: Can students without an ID card use the transport service?
Answer: No, students must present a valid BRAC University ID card.

Question (Banglish): BRAC University er ki digital student ID card ache, naki shudhu physical ta?
Answer (English): Yes, BRAC University introduced a digital ID card in 2017, generated through the BRACU Mobile App (accessible via the app's 'ID Card' menu option). Both the physical and digital ID have been usable, and students are advised to keep the app updated to generate their digital card.",True,verified_retrieval,"Does BRAC University have a digital student ID card, or only a physical one?",0.9872295260429382
The contact number for Route-05 (Jatrabari) is 01700-877297.,"Question: What is the contact number for Route-05 (Jatrabari)?
Answer: Route-05 (Jatrabari) Service Assistant contact: 01700-877297.

Question: What is the contact number for Route-04 (Azimpur)?
Answer: Route-04 (Azimpur) Service Assistant contact: 01700-597095.

Question: What is the contact number for Route-07 (Mohammadpur)?
Answer: Route-07 (Mohammadpur) Service Assistant contact: 01321-205471.

Question (Banglish): Route-05 (Jatrabari) er first outbound timing ta ki?
Answer (English): Route-05 (Jatrabari): First trip departs at 2:05 PM.

Question (Banglish): Route-05 (Jatrabari) er contact number ta ki?
Answer (English): Route-05 (Jatrabari) Service Assistant contact: 01700-877297.",True,verified_retrieval,What is the contact number for Route-05 (Jatrabari)?,0.9866207838058472
You should inform your course instructor as soon as possible with a valid reason (such as medical emergencies).,"Question: Random question, what should I do if I miss my mid/final?
Answer: You should inform your course instructor as soon as possible with a valid reason (such as medical emergencies). In some cases, you may need to provide documentation like medical certificates to appeal.

Question (Banglish): Mid/final miss korle ki korbo?
Answer (English): You should inform your course instructor as soon as possible with a valid reason (such as medical emergencies). In some cases, you may need to provide documentation like medical certificates to appeal.

Question: Random question, can a group split up mid-way through a thesis if members disagree on direction?
Answer: Yes, but it comes with a mark penalty that increases the later it happens in the process - members can request to break/divide a group, with deductions rising from Pre-Thesis I through the Final Defense stage.

Question: Random question, what should a course teacher do if a student misses the final exam for a valid reason?
Answer: If a student misses the final exam for a documented valid reason (such as a medical emergency), the course teacher can arrange a make-up exam, and if course requirements genuinely can't be completed in time, an 'Incomplete' (I) grade with a defined completion deadline (up to 8 weeks after the final exam) may be assigned instead.

Question: What should I do if I miss my mid/final?
Answer: You should inform your course instructor as soon as possible with a valid reason (such as medical emergencies). In some cases, you may need to provide documentation like medical certificates to appeal.",True,verified_retrieval,"Random question, what should I do if I miss my mid/final?",0.9890421032905579
"In some cases, you may need to provide documentation like medical certificates to appeal.","Question: Random question, what should I do if I miss my mid/final?
Answer: You should inform your course instructor as soon as possible with a valid reason (such as medical emergencies). In some cases, you may need to provide documentation like medical certificates to appeal.

Question (Banglish): Mid/final miss korle ki korbo?
Answer (English): You should inform your course instructor as soon as possible with a valid reason (such as medical emergencies). In some cases, you may need to provide documentation like medical certificates to appeal.

Question: Random question, can a group split up mid-way through a thesis if members disagree on direction?
Answer: Yes, but it comes with a mark penalty that increases the later it happens in the process - members can request to break/divide a group, with deductions rising from Pre-Thesis I through the Final Defense stage.

Question: Random question, what should a course teacher do if a student misses the final exam for a valid reason?
Answer: If a student misses the final exam for a documented valid reason (such as a medical emergency), the course teacher can arrange a make-up exam, and if course requirements genuinely can't be completed in time, an 'Incomplete' (I) grade with a defined completion deadline (up to 8 weeks after the final exam) may be assigned instead.

Question: What should I do if I miss my mid/final?
Answer: You should inform your course instructor as soon as possible with a valid reason (such as medical emergencies). In some cases, you may need to provide documentation like medical certificates to appeal.",True,verified_retrieval,"Random question, what should I do if I miss my mid/final?",0.9908884763717651
You have logged into these pages using your g-suit to get help.,"Question: How to do advising as my advising is blocked but my payment is clear?
Answer: You have login into these page using your g-suit to get help. LINK: https://bracu.atlassian.net/servicedesk/customer/portal/2/user/login?destination=portal%2F2 or try emailing at sic@bracu.ac.bd

Question: Why my Connect is blocked durning advising?
Answer: You have login into these page using your g-suit to get help. LINK: https://bracu.atlassian.net/servicedesk/customer/portal/2/user/login?destination=portal%2F2 or try emailing about your problem at sic@bracu.ac.bd

Question (Banglish): Advising ta ki?
Answer (English): Advising is the procedure of taking courses for your upcoming semester. It is divided into two parts. Firstly Pre-advising then main advising. Pre-advising usually happens few days before your cuurent semester's final starts and main advising usually begins 1 week before the class starts. Pre-advising has three schedule. Pre-Registration 1, Pre-Registration 2 and Self Registration.

Question: What is advising?
Answer: Advising is the procedure of taking courses for your upcoming semester. It is divided into two parts. Firstly Pre-advising then main advising. Pre-advising usually happens few days before your cuurent semester's final starts and main advising usually begins 1 week before the class starts. Pre-advising has three schedule. Pre-Registration 1, Pre-Registration 2 and Self Registration.

Question (Banglish): Amar advising block kora ache kintu payment clear, tahole advising kivabe korbo?
Answer (English): You have login into these page using your g-suit to get help. LINK: https://bracu.atlassian.net/servicedesk/customer/portal/2/user/login?destination=portal%2F2 or try emailing at sic@bracu.ac.bd",True,verified_retrieval,How to do advising as my advising is blocked but my payment is clear?,0.9883542060852051
The links are https://bracu.atlassian.net/servicedesk/customer/portal/2/user/login?destination=portal%2F2 or you can try emailing at sic@bracu.ac.bd.,"Question: How to do advising as my advising is blocked but my payment is clear?
Answer: You have login into these page using your g-suit to get help. LINK: https://bracu.atlassian.net/servicedesk/customer/portal/2/user/login?destination=portal%2F2 or try emailing at sic@bracu.ac.bd

Question: Why my Connect is blocked durning advising?
Answer: You have login into these page using your g-suit to get help. LINK: https://bracu.atlassian.net/servicedesk/customer/portal/2/user/login?destination=portal%2F2 or try emailing about your problem at sic@bracu.ac.bd

Question (Banglish): Advising ta ki?
Answer (English): Advising is the procedure of taking courses for your upcoming semester. It is divided into two parts. Firstly Pre-advising then main advising. Pre-advising usually happens few days before your cuurent semester's final starts and main advising usually begins 1 week before the class starts. Pre-advising has three schedule. Pre-Registration 1, Pre-Registration 2 and Self Registration.

Question: What is advising?
Answer: Advising is the procedure of taking courses for your upcoming semester. It is divided into two parts. Firstly Pre-advising then main advising. Pre-advising usually happens few days before your cuurent semester's final starts and main advising usually begins 1 week before the class starts. Pre-advising has three schedule. Pre-Registration 1, Pre-Registration 2 and Self Registration.

Question (Banglish): Amar advising block kora ache kintu payment clear, tahole advising kivabe korbo?
Answer (English): You have login into these page using your g-suit to get help. LINK: https://bracu.atlassian.net/servicedesk/customer/portal/2/user/login?destination=portal%2F2 or try emailing at sic@bracu.ac.bd",True,verified_retrieval,How to do advising as my advising is blocked but my payment is clear?,0.9842983484268188
"CSE446, CSE447, CSE490 and CSE496 can be beneficial for students interested in Cyber Security.","Question: What elective courses are recommended for students interested in Cybersecurity?
Answer: CSE446, CSE447, CSE490 and CSE496 can be beneficial for students interested in Cyber Security.

Question (Banglish): Cybersecurity te interested student der jonno ki ki elective course recommend kora hoy?
Answer (English): CSE446, CSE447, CSE490 and CSE496 can be beneficial for students interested in Cyber Security.

Question: What elective courses are recommended for students interested in Data Science?
Answer: Elective courses like CSE437 and CSE438 can be beneficial for those who are interested in Data Science.

Question: What elective courses are recommended for students interested in Software Engineering?
Answer: CSE391, CSE484 and CSE489 are recommended for people who are interested in Software Engineering.

Question: I wanted to ask, what elective courses are recommended for students interested in Cybersecurity?
Answer: CSE446, CSE447, CSE490 and CSE496 can be beneficial for students interested in Cyber Security.",True,verified_retrieval,What elective courses are recommended for students interested in Cybersecurity?,0.9895256757736206
"To contact the BRACU Finance and Accounts Department, you can visit BRAC University at Kha-224 Bir Uttam Rafiqul Islam Avenue, Merul Badda, Dhaka 1212, Bangladesh, or call them at +88 09638464646 Ext: 1220, 1221.","Question: How to contact with BRACU Finance and Accounts Department?
Answer: BRAC University
Kha-224 Bir Uttam Rafiqul Islam Avenue, Merul Badda,
Dhaka 1212, Bangladesh
Phone: +88 09638464646 Ext: 1220, 1221

Email: queries-accounts@bracu.ac.bd

Question (Banglish): BRACU Finance and Accounts Department ke kivabe contact korbo?
Answer (English): BRAC University
Kha-224 Bir Uttam Rafiqul Islam Avenue, Merul Badda,
Dhaka 1212, Bangladesh
Phone: +88 09638464646 Ext: 1220, 1221

Email: queries-accounts@bracu.ac.bd

Question: For a friend who's asking — what services are offered by the Finance & Accounts Office?
Answer: The Finance & Accounts Office manages student accounts, tuition payments, and financial aid. You can also email at queries-accounts@bracu.ac.bd

Question: What services are offered by the Finance & Accounts Office?
Answer: The Finance & Accounts Office manages student accounts, tuition payments, and financial aid. You can also email at queries-accounts@bracu.ac.bd

Question: Can someone help — how to contact with BRACU Finance and Accounts Department?
Answer: BRAC University
Kha-224 Bir Uttam Rafiqul Islam Avenue, Merul Badda,
Dhaka 1212, Bangladesh
Phone: +88 09638464646 Ext: 1220, 1221

Email: queries-accounts@bracu.ac.bd",True,verified_retrieval,How to contact with BRACU Finance and Accounts Department?,0.9440252184867859
"Alternatively, you can email them at queries-accounts@bracu.ac.bd.","Question: How to contact with BRACU Finance and Accounts Department?
Answer: BRAC University
Kha-224 Bir Uttam Rafiqul Islam Avenue, Merul Badda,
Dhaka 1212, Bangladesh
Phone: +88 09638464646 Ext: 1220, 1221

Email: queries-accounts@bracu.ac.bd

Question (Banglish): BRACU Finance and Accounts Department ke kivabe contact korbo?
Answer (English): BRAC University
Kha-224 Bir Uttam Rafiqul Islam Avenue, Merul Badda,
Dhaka 1212, Bangladesh
Phone: +88 09638464646 Ext: 1220, 1221

Email: queries-accounts@bracu.ac.bd

Question: For a friend who's asking — what services are offered by the Finance & Accounts Office?
Answer: The Finance & Accounts Office manages student accounts, tuition payments, and financial aid. You can also email at queries-accounts@bracu.ac.bd

Question: What services are offered by the Finance & Accounts Office?
Answer: The Finance & Accounts Office manages student accounts, tuition payments, and financial aid. You can also email at queries-accounts@bracu.ac.bd

Question: Can someone help — how to contact with BRACU Finance and Accounts Department?
Answer: BRAC University
Kha-224 Bir Uttam Rafiqul Islam Avenue, Merul Badda,
Dhaka 1212, Bangladesh
Phone: +88 09638464646 Ext: 1220, 1221

Email: queries-accounts@bracu.ac.bd",True,verified_retrieval,How to contact with BRACU Finance and Accounts Department?,0.98503577709198
"For more queries about admission, please contact the Inquiry, Registration & Admissions Office, BRACU (Phone: +88 09638464646, Call Center Ext: 1001.","Question: Hey, for further information regarding Admission who should I contact?
Answer: For more queries, please contact the Inquiry, Registration & Admissions Office, BRACU (Phone: +88 09638464646, Call Center Ext: 1001. You can also send e-mail at admissions@bracu.ac.bd.

Question (Banglish): Admission niye aro information er jonno kake contact korbo?
Answer (English): For more queries, please contact the Inquiry, Registration & Admissions Office, BRACU (Phone: +88 09638464646, Call Center Ext: 1001. You can also send e-mail at admissions@bracu.ac.bd.

Question: How can I get information about Scholarship/Financial Aid in BRAC University?
Answer: Regarding all information about Financial Aid, please contact:
BRACU (Phone: +88 09638464646, Call Center Ext: 1001 or email at scholarship@bracu.ac.bd
(BRACU Scholarship Office)

Question: How do I contact the admissions office?
Answer: You can mail to admissions@bracu.ac.bd

Question: For further information regarding Admission who should I contact?
Answer: For more queries, please contact the Inquiry, Registration & Admissions Office, BRACU (Phone: +88 09638464646, Call Center Ext: 1001. You can also send e-mail at admissions@bracu.ac.bd.",True,verified_retrieval,"Hey, for further information regarding Admission who should I contact?",0.07887109369039536
You can also send e-mail at admissions@bracu.ac.bd.,"Question: Hey, for further information regarding Admission who should I contact?
Answer: For more queries, please contact the Inquiry, Registration & Admissions Office, BRACU (Phone: +88 09638464646, Call Center Ext: 1001. You can also send e-mail at admissions@bracu.ac.bd.

Question (Banglish): Admission niye aro information er jonno kake contact korbo?
Answer (English): For more queries, please contact the Inquiry, Registration & Admissions Office, BRACU (Phone: +88 09638464646, Call Center Ext: 1001. You can also send e-mail at admissions@bracu.ac.bd.

Question: How can I get information about Scholarship/Financial Aid in BRAC University?
Answer: Regarding all information about Financial Aid, please contact:
BRACU (Phone: +88 09638464646, Call Center Ext: 1001 or email at scholarship@bracu.ac.bd
(BRACU Scholarship Office)

Question: How do I contact the admissions office?
Answer: You can mail to admissions@bracu.ac.bd

Question: For further information regarding Admission who should I contact?
Answer: For more queries, please contact the Inquiry, Registration & Admissions Office, BRACU (Phone: +88 09638464646, Call Center Ext: 1001. You can also send e-mail at admissions@bracu.ac.bd.",True,verified_retrieval,"Hey, for further information regarding Admission who should I contact?",0.9901145696640015
"BRAC University's official colours are blue, black, and gray.","Question: I wanted to ask, what are BRAC University's official colours?
Answer: BRAC University's official colours are blue, black, and gray.

Question: Can you tell me what BRAC University's official colours are?
Answer: BRAC University's official colours are blue, black, and gray.

Question (Banglish): BRAC University er official colour gula ki?
Answer (English): BRAC University's official colours are blue, black, and gray.

Question: I looked around the site but couldn't find it — what are BRAC University's official colours?
Answer: BRAC University's official colours are blue, black, and gray.

Question: What are BRAC University's official colours?
Answer: BRAC University's official colours are blue, black, and gray.",True,verified_retrieval,"I wanted to ask, what are BRAC University's official colours?",0.9900574088096619
Students are informed through official BRAC University notices and announcements.,"Question: How are students informed about changes to the transport service?
Answer: Students are informed through official BRAC University notices and announcements.

Question: How can students report a problem with the transport service?
Answer: Students can report issues by calling the designated route-specific numbers or reaching out to transport officers.

Question: Can students provide feedback on transport services?
Answer: Yes, students can share feedback via BRAC University’s official transport service email or hotline.

Question: Can students suggest new routes for the transport service?
Answer: Suggestions for new routes can be submitted to the transport office for review.

Question (Banglish): Transport service e change hole student der kivabe janano hoy?
Answer (English): Students are informed through official BRAC University notices and announcements.",True,verified_retrieval,How are students informed about changes to the transport service?,0.9885925054550171
"Student ID Check, All workers In out.","Question: What is checked at the Security Supervisor Office?
Answer: Student ID Check, All workers In out

Question: What is the function of the Security Supervisor Office?
Answer: To check student IDs and monitor the entry and exit of all workers.

Question: Hey, which advisor was I assigned to?
Answer: That's individual advising data I don't have access to. It's usually shared with you directly (via your department's advising channel or email) - check there, or contact your department's DCO.

Question (Banglish): Security Supervisor Office er function ta ki?
Answer (English): To check student IDs and monitor the entry and exit of all workers.

Question (Banglish): Security Supervisor Office e ki check kora hoy?
Answer (English): Student ID Check, All workers In out",True,verified_retrieval,What is checked at the Security Supervisor Office?,0.9798077940940857
"The Center of Entrepreneurship Development (CED) provides support for developing entrepreneurial skills and launching one's own ventures, including training and mentorship programs, workshops and seminars on business development and innovation, networking opportunities with industry professionals, resources and guidance for business planning and startup funding.","Question: What support does the Center of Entrepreneurship Development (CED) provide?
Answer: The Center for Entrepreneurship Development (CED) at BRAC University supports students and alumni in developing entrepreneurial skills and launching their own ventures. It offers various services, including:
Training and mentorship programs for aspiring entrepreneurs.
Workshops and seminars on business development and innovation.
Networking opportunities with industry professionals.
Resources and guidance for business planning and startup funding.
CED aims to foster a culture of entrepreneurship and innovation within the university community, providing both theoretical knowledge and practical experience to help students succeed in their entrepreneurial endeavors.Visit more for details: https://ced.bracu.ac.bd/

Question: What services does the Center of Entrepreneurship Development (CED) offer?
Answer: Located on the 3rd Floor/Level 3 (B3-03 Stair 08), the CED provides support for entrepreneurial activities.

Question (Banglish): Center of Entrepreneurship Development (CED) ki ki service offer kore?
Answer (English): Located on the 3rd Floor/Level 3 (B3-03 Stair 08), the CED provides support for entrepreneurial activities.

Question: Quick question — what services does the Center of Entrepreneurship Development (CED) offer?
Answer: Located on the 3rd Floor/Level 3 (B3-03 Stair 08), the CED provides support for entrepreneurial activities.

Question (Banglish): Center of Entrepreneurship Development (CED) ki support provide kore?
Answer (English): The Center for Entrepreneurship Development (CED) at BRAC University supports students and alumni in developing entrepreneurial skills and launching their own ventures. It offers various services, including:
Training and mentorship programs for aspiring entrepreneurs.
Workshops and seminars on business development and innovation.
Networking opportunities with industry professionals.
Resources and guidance for business planning and startup funding.
CED aims to foster a culture of entrepreneurship and innovation within the university community, providing both theoretical knowledge and practical experience to help students succeed in their entrepreneurial endeavors.Visit more for details: https://ced.bracu.ac.bd/",True,verified_retrieval,What support does the Center of Entrepreneurship Development (CED) provide?,0.17815817892551422
"The procedure for changing your section is that if you are already enrolled in a section, then your request will be rejected by DCO due to the policies set by the department.","Question: Before I forget to ask — whats the procedure for changing my section?
Answer: If you are already enrolled in a section then your request will be rejected by DCO due to the policies set by department.

Question: For a friend who's asking — whats the procedure for changing my section?
Answer: If you are already enrolled in a section then your request will be rejected by DCO due to the policies set by department.

Question: Whats the procedure for changing my department?
Answer: Go to your respective department and ask for department change form.

Question: I wanted to ask, whats the procedure for changing my department?
Answer: Go to your respective department and ask for department change form.

Question: Whats the procedure for changing my section?
Answer: If you are already enrolled in a section then your request will be rejected by DCO due to the policies set by department.",True,verified_retrieval,Before I forget to ask — whats the procedure for changing my section?,0.38545486330986023
"Yes - BRACU's Minor in Physics has its own defined set of required courses and prerequisites, separate from your EEE major requirements, open to students from other departments as long as they meet those specific prerequisites.","Question: I'm an EEE student minoring in Physics. Do I need to separately meet the Physics minor's prerequisites even though I'm not a Physics major?
Answer: Yes - BRACU's Minor in Physics has its own defined set of required courses and prerequisites, separate from your EEE major requirements, open to students from other departments as long as they meet those specific prerequisites. Being an EEE major doesn't automatically satisfy the Physics minor's course requirements; you'd need to check and fulfill them independently.

Question: Can students minor in Physics, Mathematics, Biotechnology, or Microbiology even if it's not their major?
Answer: Yes, BRAC University offers formal Minor programs in Physics, Mathematics, Biotechnology, and Microbiology, each with a specific set of required courses, open to students from other majors who meet the prerequisites.

Question: Can students minor in EEE if it's not their major department?
Answer: Yes, BRAC University offers a Minor in EEE with its own defined set of required courses and prerequisites (such as Electrical Circuits I & II and Electronic Circuits I & II), open to students from other departments who meet the prerequisites.

Question (Banglish): Major na hoile o student ra ki Physics, Mathematics, Biotechnology, ba Microbiology te minor korte pare?
Answer (English): Yes, BRAC University offers formal Minor programs in Physics, Mathematics, Biotechnology, and Microbiology, each with a specific set of required courses, open to students from other majors who meet the prerequisites.

Question: New student here, can students minor in Physics, Mathematics, Biotechnology, or Microbiology even if it's not their major?
Answer: Yes, BRAC University offers formal Minor programs in Physics, Mathematics, Biotechnology, and Microbiology, each with a specific set of required courses, open to students from other majors who meet the prerequisites.",True,verified_retrieval,I'm an EEE student minoring in Physics. Do I need to separately meet the Physics minor's prerequisites even though I'm not a Physics major?,0.9908815622329712
Being an EEE major doesn't automatically satisfy the Physics minor's course requirements; you'd need to check and fulfill them independently.,"Question: I'm an EEE student minoring in Physics. Do I need to separately meet the Physics minor's prerequisites even though I'm not a Physics major?
Answer: Yes - BRACU's Minor in Physics has its own defined set of required courses and prerequisites, separate from your EEE major requirements, open to students from other departments as long as they meet those specific prerequisites. Being an EEE major doesn't automatically satisfy the Physics minor's course requirements; you'd need to check and fulfill them independently.

Question: Can students minor in Physics, Mathematics, Biotechnology, or Microbiology even if it's not their major?
Answer: Yes, BRAC University offers formal Minor programs in Physics, Mathematics, Biotechnology, and Microbiology, each with a specific set of required courses, open to students from other majors who meet the prerequisites.

Question: Can students minor in EEE if it's not their major department?
Answer: Yes, BRAC University offers a Minor in EEE with its own defined set of required courses and prerequisites (such as Electrical Circuits I & II and Electronic Circuits I & II), open to students from other departments who meet the prerequisites.

Question (Banglish): Major na hoile o student ra ki Physics, Mathematics, Biotechnology, ba Microbiology te minor korte pare?
Answer (English): Yes, BRAC University offers formal Minor programs in Physics, Mathematics, Biotechnology, and Microbiology, each with a specific set of required courses, open to students from other majors who meet the prerequisites.

Question: New student here, can students minor in Physics, Mathematics, Biotechnology, or Microbiology even if it's not their major?
Answer: Yes, BRAC University offers formal Minor programs in Physics, Mathematics, Biotechnology, and Microbiology, each with a specific set of required courses, open to students from other majors who meet the prerequisites.",True,verified_retrieval,I'm an EEE student minoring in Physics. Do I need to separately meet the Physics minor's prerequisites even though I'm not a Physics major?,0.9914735555648804
"It depends on the program and department; in CSE, for example, students can fulfill the CSE400 capstone requirement through a Thesis, a Project, or an Internship track, each with its own supervision and marking rubric, rather than thesis being the only option.","Question: Does every undergraduate program require a thesis, or can students choose a project/internship instead?
Answer: It depends on the program and department; in CSE, for example, students can fulfill the CSE400 capstone requirement through a Thesis, a Project, or an Internship track, each with its own supervision and marking rubric, rather than thesis being the only option.

Question (Banglish): Protita undergraduate program e thesis lage, naki student ra project/internship o choose korte pare?
Answer (English): It depends on the program and department; in CSE, for example, students can fulfill the CSE400 capstone requirement through a Thesis, a Project, or an Internship track, each with its own supervision and marking rubric, rather than thesis being the only option.

Question: I wanted to ask, do BBA students have to do an internship, or can they choose a thesis instead?
Answer: BBA students are generally required to complete a one-semester internship, but they may opt for a Thesis instead. Choosing the thesis route requires a minimum CGPA of 3.5 and involves working with a supervisor for at least one semester (trimester), followed by a thesis paper and a presentation.

Question: Do BBA students have to do an internship, or can they choose a thesis instead?
Answer: BBA students are generally required to complete a one-semester internship, but they may opt for a Thesis instead. Choosing the thesis route requires a minimum CGPA of 3.5 and involves working with a supervisor for at least one semester (trimester), followed by a thesis paper and a presentation.

Question: Hi, does every undergraduate program require a thesis, or can students choose a project/internship instead?
Answer: It depends on the program and department; in CSE, for example, students can fulfill the CSE400 capstone requirement through a Thesis, a Project, or an Internship track, each with its own supervision and marking rubric, rather than thesis being the only option.",True,verified_retrieval,"Does every undergraduate program require a thesis, or can students choose a project/internship instead?",0.9915003776550293
"BSEEE (Electrical and Electronic Engineering) has a broader focus spanning power, electronics and general EEE topics, while BSECE (Electronic and Communication Engineering) concentrates more specifically on communication-related topics such as signal processing, telecommunications, microwave engineering, and data/optical/satellite communications.","Question: Can you tell me what the difference in focus between the BSEEE and BSECE programs is?
Answer: BSEEE (Electrical and Electronic Engineering) has a broader focus spanning power, electronics and general EEE topics, while BSECE (Electronic and Communication Engineering) concentrates more specifically on communication-related topics such as signal processing, telecommunications, microwave engineering, and data/optical/satellite communications.

Question (Banglish): BSEEE ar BSECE program er focus e ki difference?
Answer (English): BSEEE (Electrical and Electronic Engineering) has a broader focus spanning power, electronics and general EEE topics, while BSECE (Electronic and Communication Engineering) concentrates more specifically on communication-related topics such as signal processing, telecommunications, microwave engineering, and data/optical/satellite communications.

Question: Hey, is BRAC University's CSE program better than BUET's?
Answer: I can't give an objective ranking there - 'better' depends on what you're optimizing for, and I don't have comparative data on BUET to draw from anyway.

Question: Is BRAC University's CSE program better than BUET's?
Answer: I can't give an objective ranking there - 'better' depends on what you're optimizing for, and I don't have comparative data on BUET to draw from anyway.

Question: What is the difference in focus between the BSEEE and BSECE programs?
Answer: BSEEE (Electrical and Electronic Engineering) has a broader focus spanning power, electronics and general EEE topics, while BSECE (Electronic and Communication Engineering) concentrates more specifically on communication-related topics such as signal processing, telecommunications, microwave engineering, and data/optical/satellite communications.",True,verified_retrieval,Can you tell me what the difference in focus between the BSEEE and BSECE programs is?,0.9678246974945068
"The university can be reached at +88 09638464646 (extension 1001 for the operator), and general queries can be emailed to info@bracu.ac.bd.","Question: What is BRAC University's general contact information?
Answer: The university can be reached at +88 09638464646 (extension 1001 for the operator), and general queries can be emailed to info@bracu.ac.bd.

Question: For a friend who's asking — who do I contact for general student service issues like ID, registration or exam queries?
Answer: The Student Information Centre (SIC) handles student information, registry, exam controller and admissions queries. It can be reached at sic@bracu.ac.bd, by phone via +8809638464646 (press 2), and is open 9:00 AM to 4:30 PM.

Question: Before I forget to ask — who do I contact for general student service issues like ID, registration or exam queries?
Answer: The Student Information Centre (SIC) handles student information, registry, exam controller and admissions queries. It can be reached at sic@bracu.ac.bd, by phone via +8809638464646 (press 2), and is open 9:00 AM to 4:30 PM.

Question: Who do I contact for general student service issues like ID, registration or exam queries?
Answer: The Student Information Centre (SIC) handles student information, registry, exam controller and admissions queries. It can be reached at sic@bracu.ac.bd, by phone via +8809638464646 (press 2), and is open 9:00 AM to 4:30 PM.

Question (Banglish): BRAC University er general contact information ta ki?
Answer (English): The university can be reached at +88 09638464646 (extension 1001 for the operator), and general queries can be emailed to info@bracu.ac.bd.",True,verified_retrieval,What is BRAC University's general contact information?,0.9820953607559204
Tarc provides students of BRAC a residential campus where they experience to live with their fellow classmates.,"Question: What amenities and facilities are provided for students at TARC?
Answer: Tarc provides students of BRAC a residential campus where they experience to live with their fellow classmates.Tarc also provides students the importance of time dynamics ,punctuality and basic manners like to respect others work.Tarc also tries to make students do their own work by themselves.

Question: Quick question — what amenities and facilities are provided for students at TARC?
Answer: Tarc provides students of BRAC a residential campus where they experience to live with their fellow classmates.Tarc also provides students the importance of time dynamics ,punctuality and basic manners like to respect others work.Tarc also tries to make students do their own work by themselves.

Question (Banglish): TARC e student der ki ki amenities ar facility deya hoy?
Answer (English): Tarc provides students of BRAC a residential campus where they experience to live with their fellow classmates.Tarc also provides students the importance of time dynamics ,punctuality and basic manners like to respect others work.Tarc also tries to make students do their own work by themselves.

Question: For a friend who's asking — what amenities and facilities are provided for students at TARC?
Answer: Tarc provides students of BRAC a residential campus where they experience to live with their fellow classmates.Tarc also provides students the importance of time dynamics ,punctuality and basic manners like to respect others work.Tarc also tries to make students do their own work by themselves.

Question: Curious about something: what amenities and facilities are provided for students at TARC?
Answer: Tarc provides students of BRAC a residential campus where they experience to live with their fellow classmates.Tarc also provides students the importance of time dynamics ,punctuality and basic manners like to respect others work.Tarc also tries to make students do their own work by themselves.",True,verified_retrieval,What amenities and facilities are provided for students at TARC?,0.009956661611795425
"Tarc also provides students the importance of time dynamics, punctuality, and basic manners like respecting others' work.","Question: What amenities and facilities are provided for students at TARC?
Answer: Tarc provides students of BRAC a residential campus where they experience to live with their fellow classmates.Tarc also provides students the importance of time dynamics ,punctuality and basic manners like to respect others work.Tarc also tries to make students do their own work by themselves.

Question: Quick question — what amenities and facilities are provided for students at TARC?
Answer: Tarc provides students of BRAC a residential campus where they experience to live with their fellow classmates.Tarc also provides students the importance of time dynamics ,punctuality and basic manners like to respect others work.Tarc also tries to make students do their own work by themselves.

Question (Banglish): TARC e student der ki ki amenities ar facility deya hoy?
Answer (English): Tarc provides students of BRAC a residential campus where they experience to live with their fellow classmates.Tarc also provides students the importance of time dynamics ,punctuality and basic manners like to respect others work.Tarc also tries to make students do their own work by themselves.

Question: For a friend who's asking — what amenities and facilities are provided for students at TARC?
Answer: Tarc provides students of BRAC a residential campus where they experience to live with their fellow classmates.Tarc also provides students the importance of time dynamics ,punctuality and basic manners like to respect others work.Tarc also tries to make students do their own work by themselves.

Question: Curious about something: what amenities and facilities are provided for students at TARC?
Answer: Tarc provides students of BRAC a residential campus where they experience to live with their fellow classmates.Tarc also provides students the importance of time dynamics ,punctuality and basic manners like to respect others work.Tarc also tries to make students do their own work by themselves.",True,verified_retrieval,What amenities and facilities are provided for students at TARC?,0.015974920243024826
Tarc also tries to make students do their own work by themselves.,"Question: What amenities and facilities are provided for students at TARC?
Answer: Tarc provides students of BRAC a residential campus where they experience to live with their fellow classmates.Tarc also provides students the importance of time dynamics ,punctuality and basic manners like to respect others work.Tarc also tries to make students do their own work by themselves.

Question: Quick question — what amenities and facilities are provided for students at TARC?
Answer: Tarc provides students of BRAC a residential campus where they experience to live with their fellow classmates.Tarc also provides students the importance of time dynamics ,punctuality and basic manners like to respect others work.Tarc also tries to make students do their own work by themselves.

Question (Banglish): TARC e student der ki ki amenities ar facility deya hoy?
Answer (English): Tarc provides students of BRAC a residential campus where they experience to live with their fellow classmates.Tarc also provides students the importance of time dynamics ,punctuality and basic manners like to respect others work.Tarc also tries to make students do their own work by themselves.

Question: For a friend who's asking — what amenities and facilities are provided for students at TARC?
Answer: Tarc provides students of BRAC a residential campus where they experience to live with their fellow classmates.Tarc also provides students the importance of time dynamics ,punctuality and basic manners like to respect others work.Tarc also tries to make students do their own work by themselves.

Question: Curious about something: what amenities and facilities are provided for students at TARC?
Answer: Tarc provides students of BRAC a residential campus where they experience to live with their fellow classmates.Tarc also provides students the importance of time dynamics ,punctuality and basic manners like to respect others work.Tarc also tries to make students do their own work by themselves.",True,verified_retrieval,What amenities and facilities are provided for students at TARC?,0.8089932799339294
Each route has between 5 and 12 designated stoppages.,"Question: How many stoppages are there for each route?
Answer: Each route has between 5 and 12 designated stoppages.

Question: Can passengers request additional stoppages?
Answer: No, only designated stoppages will be used.

Question: How many bus routes are there?
Answer: There are 9 bus routes for Brac University transportation.

Question (Banglish): Passenger ra ki additional stoppage request korte pare?
Answer (English): No, only designated stoppages will be used.

Question (Banglish): Protita route er jonno koyta stoppage ache?
Answer (English): Each route has between 5 and 12 designated stoppages.",True,verified_retrieval,How many stoppages are there for each route?,0.9878854751586914
The library provides a variety of study facilities to suit different preferences.,"Question: This might be a silly question, but what services do library provide?
Answer: The library offers a variety of study facilities to suit different preferences. If you enjoy studying in a group, you can reserve a study room in advance, providing a dedicated space for collaboration. For those who prefer studying alone, there are single seats and study capsules available on a first-come, first-served basis. Additionally, the library features various other quiet and comfortable areas where you can focus on your studies.

Question: This might be a silly question, but does the library provide any support for referencing and citation styles?
Answer: Yes, referencing and citation guidelines are a standard part of the library's orientation and information-literacy sessions, helping students apply the correct citation style for their thesis, reports and assignments.

Question: Can someone help — what services do library provide?
Answer: The library offers a variety of study facilities to suit different preferences. If you enjoy studying in a group, you can reserve a study room in advance, providing a dedicated space for collaboration. For those who prefer studying alone, there are single seats and study capsules available on a first-come, first-served basis. Additionally, the library features various other quiet and comfortable areas where you can focus on your studies.

Question: This might be a silly question, but provide me the contact information of library staffs?
Answer: You can contact Librarian at: librarian@bracu.ac.bd, hasina@bracu.ac.bd
Deputy Librarian: nasiruddin@bracu.ac.bd, murtoza@bracu.ac.bd

Question: This might be a silly question, but does the library provide help specifically with using citation management or referencing tools?
Answer: Yes, referencing and citation guideline instruction is part of the library's standard information-literacy curriculum, helping students apply the correct format for their thesis, reports, and coursework.",True,verified_retrieval,"This might be a silly question, but what services do library provide?",0.9910104274749756
"If you enjoy studying in a group, you can reserve a study room in advance, providing a dedicated space for collaboration.","Question: This might be a silly question, but what services do library provide?
Answer: The library offers a variety of study facilities to suit different preferences. If you enjoy studying in a group, you can reserve a study room in advance, providing a dedicated space for collaboration. For those who prefer studying alone, there are single seats and study capsules available on a first-come, first-served basis. Additionally, the library features various other quiet and comfortable areas where you can focus on your studies.

Question: This might be a silly question, but does the library provide any support for referencing and citation styles?
Answer: Yes, referencing and citation guidelines are a standard part of the library's orientation and information-literacy sessions, helping students apply the correct citation style for their thesis, reports and assignments.

Question: Can someone help — what services do library provide?
Answer: The library offers a variety of study facilities to suit different preferences. If you enjoy studying in a group, you can reserve a study room in advance, providing a dedicated space for collaboration. For those who prefer studying alone, there are single seats and study capsules available on a first-come, first-served basis. Additionally, the library features various other quiet and comfortable areas where you can focus on your studies.

Question: This might be a silly question, but provide me the contact information of library staffs?
Answer: You can contact Librarian at: librarian@bracu.ac.bd, hasina@bracu.ac.bd
Deputy Librarian: nasiruddin@bracu.ac.bd, murtoza@bracu.ac.bd

Question: This might be a silly question, but does the library provide help specifically with using citation management or referencing tools?
Answer: Yes, referencing and citation guideline instruction is part of the library's standard information-literacy curriculum, helping students apply the correct format for their thesis, reports, and coursework.",True,verified_retrieval,"This might be a silly question, but what services do library provide?",0.9854755997657776
"For those who prefer studying alone, there are single seats and study capsules available on a first-come, first-served basis.","Question: This might be a silly question, but what services do library provide?
Answer: The library offers a variety of study facilities to suit different preferences. If you enjoy studying in a group, you can reserve a study room in advance, providing a dedicated space for collaboration. For those who prefer studying alone, there are single seats and study capsules available on a first-come, first-served basis. Additionally, the library features various other quiet and comfortable areas where you can focus on your studies.

Question: This might be a silly question, but does the library provide any support for referencing and citation styles?
Answer: Yes, referencing and citation guidelines are a standard part of the library's orientation and information-literacy sessions, helping students apply the correct citation style for their thesis, reports and assignments.

Question: Can someone help — what services do library provide?
Answer: The library offers a variety of study facilities to suit different preferences. If you enjoy studying in a group, you can reserve a study room in advance, providing a dedicated space for collaboration. For those who prefer studying alone, there are single seats and study capsules available on a first-come, first-served basis. Additionally, the library features various other quiet and comfortable areas where you can focus on your studies.

Question: This might be a silly question, but provide me the contact information of library staffs?
Answer: You can contact Librarian at: librarian@bracu.ac.bd, hasina@bracu.ac.bd
Deputy Librarian: nasiruddin@bracu.ac.bd, murtoza@bracu.ac.bd

Question: This might be a silly question, but does the library provide help specifically with using citation management or referencing tools?
Answer: Yes, referencing and citation guideline instruction is part of the library's standard information-literacy curriculum, helping students apply the correct format for their thesis, reports, and coursework.",True,verified_retrieval,"This might be a silly question, but what services do library provide?",0.9837201833724976
"Additionally, the library features various other quiet and comfortable areas where you can focus on your studies.","Question: This might be a silly question, but what services do library provide?
Answer: The library offers a variety of study facilities to suit different preferences. If you enjoy studying in a group, you can reserve a study room in advance, providing a dedicated space for collaboration. For those who prefer studying alone, there are single seats and study capsules available on a first-come, first-served basis. Additionally, the library features various other quiet and comfortable areas where you can focus on your studies.

Question: This might be a silly question, but does the library provide any support for referencing and citation styles?
Answer: Yes, referencing and citation guidelines are a standard part of the library's orientation and information-literacy sessions, helping students apply the correct citation style for their thesis, reports and assignments.

Question: Can someone help — what services do library provide?
Answer: The library offers a variety of study facilities to suit different preferences. If you enjoy studying in a group, you can reserve a study room in advance, providing a dedicated space for collaboration. For those who prefer studying alone, there are single seats and study capsules available on a first-come, first-served basis. Additionally, the library features various other quiet and comfortable areas where you can focus on your studies.

Question: This might be a silly question, but provide me the contact information of library staffs?
Answer: You can contact Librarian at: librarian@bracu.ac.bd, hasina@bracu.ac.bd
Deputy Librarian: nasiruddin@bracu.ac.bd, murtoza@bracu.ac.bd

Question: This might be a silly question, but does the library provide help specifically with using citation management or referencing tools?
Answer: Yes, referencing and citation guideline instruction is part of the library's standard information-literacy curriculum, helping students apply the correct format for their thesis, reports, and coursework.",True,verified_retrieval,"This might be a silly question, but what services do library provide?",0.9803627133369446
The second outbound timing for Route-04 (Azimpur) is 5:10 PM.,"Question: What is the second outbound timing for Route-04 (Azimpur)?
Answer: Route-04 (Azimpur): Second trip departs at 5:10 PM.

Question: What is the second outbound timing for Route-02 (Mirpur-A)?
Answer: Route-02 (Mirpur-A): Second trip departs at 5:10 PM.

Question: What is the second outbound timing for Route-01 (Abdullahpur)?
Answer: Route-01 (Abdullahpur): Second trip departs at 5:10 PM.

Question: What is the second outbound timing for Route-07 (Mohammadpur)?
Answer: Route-07 (Mohammadpur): Second trip departs at 5:10 PM.

Question (Banglish): Route-04 (Azimpur) er second outbound timing ta ki?
Answer (English): Route-04 (Azimpur): Second trip departs at 5:10 PM.",True,verified_retrieval,What is the second outbound timing for Route-04 (Azimpur)?,0.9867754578590393
"For students enrolled in the Computer Science and Engineering (CSE) program at BRAC University, the tuition fee structure includes a one-time, non-refundable admission fee of BDT 30,800.","Question: New student here, could you please provide details about the tuition fee structure at BRAC University?
Answer: For students enrolled in the Computer Science and Engineering (CSE) program at BRAC University, the tuition fee structure includes a one-time, non-refundable admission fee of BDT 30,800. Each course within the CSE program costs BDT 22,500. Additionally, students are required to pay a semester fee of BDT 11,500, which covers various facilities such as IT services and library access. There is also a one-time library membership fee of BDT 2,500. This fee structure is designed to support the comprehensive education provided in the CSE program, ensuring access to advanced resources and facilities?

Question (Banglish): BRAC University er tuition fee structure ta ektu bolben please?
Answer (English): For students enrolled in the Computer Science and Engineering (CSE) program at BRAC University, the tuition fee structure includes a one-time, non-refundable admission fee of BDT 30,800. Each course within the CSE program costs BDT 22,500. Additionally, students are required to pay a semester fee of BDT 11,500, which covers various facilities such as IT services and library access. There is also a one-time library membership fee of BDT 2,500. This fee structure is designed to support the comprehensive education provided in the CSE program, ensuring access to advanced resources and facilities

Question: Not sure if this is covered elsewhere, but what's the tuition fee at North South University?
Answer: That's outside what I can help with - I only have information about BRAC University. North South University's own website would have their current fee structure.

Question: What's the tuition fee at North South University?
Answer: That's outside what I can help with - I only have information about BRAC University. North South University's own website would have their current fee structure.

Question: Could you please provide details about the tuition fee structure at BRAC University?
Answer: For students enrolled in the Computer Science and Engineering (CSE) program at BRAC University, the tuition fee structure includes a one-time, non-refundable admission fee of BDT 30,800. Each course within the CSE program costs BDT 22,500. Additionally, students are required to pay a semester fee of BDT 11,500, which covers various facilities such as IT services and library access. There is also a one-time library membership fee of BDT 2,500. This fee structure is designed to support the comprehensive education provided in the CSE program, ensuring access to advanced resources and facilities?",True,verified_retrieval,"New student here, could you please provide details about the tuition fee structure at BRAC University?",0.9871190786361694
"Each course within the CSE program costs BDT 22,500.","Question: New student here, could you please provide details about the tuition fee structure at BRAC University?
Answer: For students enrolled in the Computer Science and Engineering (CSE) program at BRAC University, the tuition fee structure includes a one-time, non-refundable admission fee of BDT 30,800. Each course within the CSE program costs BDT 22,500. Additionally, students are required to pay a semester fee of BDT 11,500, which covers various facilities such as IT services and library access. There is also a one-time library membership fee of BDT 2,500. This fee structure is designed to support the comprehensive education provided in the CSE program, ensuring access to advanced resources and facilities?

Question (Banglish): BRAC University er tuition fee structure ta ektu bolben please?
Answer (English): For students enrolled in the Computer Science and Engineering (CSE) program at BRAC University, the tuition fee structure includes a one-time, non-refundable admission fee of BDT 30,800. Each course within the CSE program costs BDT 22,500. Additionally, students are required to pay a semester fee of BDT 11,500, which covers various facilities such as IT services and library access. There is also a one-time library membership fee of BDT 2,500. This fee structure is designed to support the comprehensive education provided in the CSE program, ensuring access to advanced resources and facilities

Question: Not sure if this is covered elsewhere, but what's the tuition fee at North South University?
Answer: That's outside what I can help with - I only have information about BRAC University. North South University's own website would have their current fee structure.

Question: What's the tuition fee at North South University?
Answer: That's outside what I can help with - I only have information about BRAC University. North South University's own website would have their current fee structure.

Question: Could you please provide details about the tuition fee structure at BRAC University?
Answer: For students enrolled in the Computer Science and Engineering (CSE) program at BRAC University, the tuition fee structure includes a one-time, non-refundable admission fee of BDT 30,800. Each course within the CSE program costs BDT 22,500. Additionally, students are required to pay a semester fee of BDT 11,500, which covers various facilities such as IT services and library access. There is also a one-time library membership fee of BDT 2,500. This fee structure is designed to support the comprehensive education provided in the CSE program, ensuring access to advanced resources and facilities?",True,verified_retrieval,"New student here, could you please provide details about the tuition fee structure at BRAC University?",0.9891184568405151
"Additionally, students are required to pay a semester fee of BDT 11,500, which covers various facilities such as IT services and library access.","Question: New student here, could you please provide details about the tuition fee structure at BRAC University?
Answer: For students enrolled in the Computer Science and Engineering (CSE) program at BRAC University, the tuition fee structure includes a one-time, non-refundable admission fee of BDT 30,800. Each course within the CSE program costs BDT 22,500. Additionally, students are required to pay a semester fee of BDT 11,500, which covers various facilities such as IT services and library access. There is also a one-time library membership fee of BDT 2,500. This fee structure is designed to support the comprehensive education provided in the CSE program, ensuring access to advanced resources and facilities?

Question (Banglish): BRAC University er tuition fee structure ta ektu bolben please?
Answer (English): For students enrolled in the Computer Science and Engineering (CSE) program at BRAC University, the tuition fee structure includes a one-time, non-refundable admission fee of BDT 30,800. Each course within the CSE program costs BDT 22,500. Additionally, students are required to pay a semester fee of BDT 11,500, which covers various facilities such as IT services and library access. There is also a one-time library membership fee of BDT 2,500. This fee structure is designed to support the comprehensive education provided in the CSE program, ensuring access to advanced resources and facilities

Question: Not sure if this is covered elsewhere, but what's the tuition fee at North South University?
Answer: That's outside what I can help with - I only have information about BRAC University. North South University's own website would have their current fee structure.

Question: What's the tuition fee at North South University?
Answer: That's outside what I can help with - I only have information about BRAC University. North South University's own website would have their current fee structure.

Question: Could you please provide details about the tuition fee structure at BRAC University?
Answer: For students enrolled in the Computer Science and Engineering (CSE) program at BRAC University, the tuition fee structure includes a one-time, non-refundable admission fee of BDT 30,800. Each course within the CSE program costs BDT 22,500. Additionally, students are required to pay a semester fee of BDT 11,500, which covers various facilities such as IT services and library access. There is also a one-time library membership fee of BDT 2,500. This fee structure is designed to support the comprehensive education provided in the CSE program, ensuring access to advanced resources and facilities?",True,verified_retrieval,"New student here, could you please provide details about the tuition fee structure at BRAC University?",0.9862343072891235
"There is also a one-time library membership fee of BDT 2,500.","Question: New student here, could you please provide details about the tuition fee structure at BRAC University?
Answer: For students enrolled in the Computer Science and Engineering (CSE) program at BRAC University, the tuition fee structure includes a one-time, non-refundable admission fee of BDT 30,800. Each course within the CSE program costs BDT 22,500. Additionally, students are required to pay a semester fee of BDT 11,500, which covers various facilities such as IT services and library access. There is also a one-time library membership fee of BDT 2,500. This fee structure is designed to support the comprehensive education provided in the CSE program, ensuring access to advanced resources and facilities?

Question (Banglish): BRAC University er tuition fee structure ta ektu bolben please?
Answer (English): For students enrolled in the Computer Science and Engineering (CSE) program at BRAC University, the tuition fee structure includes a one-time, non-refundable admission fee of BDT 30,800. Each course within the CSE program costs BDT 22,500. Additionally, students are required to pay a semester fee of BDT 11,500, which covers various facilities such as IT services and library access. There is also a one-time library membership fee of BDT 2,500. This fee structure is designed to support the comprehensive education provided in the CSE program, ensuring access to advanced resources and facilities

Question: Not sure if this is covered elsewhere, but what's the tuition fee at North South University?
Answer: That's outside what I can help with - I only have information about BRAC University. North South University's own website would have their current fee structure.

Question: What's the tuition fee at North South University?
Answer: That's outside what I can help with - I only have information about BRAC University. North South University's own website would have their current fee structure.

Question: Could you please provide details about the tuition fee structure at BRAC University?
Answer: For students enrolled in the Computer Science and Engineering (CSE) program at BRAC University, the tuition fee structure includes a one-time, non-refundable admission fee of BDT 30,800. Each course within the CSE program costs BDT 22,500. Additionally, students are required to pay a semester fee of BDT 11,500, which covers various facilities such as IT services and library access. There is also a one-time library membership fee of BDT 2,500. This fee structure is designed to support the comprehensive education provided in the CSE program, ensuring access to advanced resources and facilities?",True,verified_retrieval,"New student here, could you please provide details about the tuition fee structure at BRAC University?",0.9910867810249329
"This fee structure is designed to support the comprehensive education provided in the CSE program, ensuring access to advanced resources and facilities?","Question: New student here, could you please provide details about the tuition fee structure at BRAC University?
Answer: For students enrolled in the Computer Science and Engineering (CSE) program at BRAC University, the tuition fee structure includes a one-time, non-refundable admission fee of BDT 30,800. Each course within the CSE program costs BDT 22,500. Additionally, students are required to pay a semester fee of BDT 11,500, which covers various facilities such as IT services and library access. There is also a one-time library membership fee of BDT 2,500. This fee structure is designed to support the comprehensive education provided in the CSE program, ensuring access to advanced resources and facilities?

Question (Banglish): BRAC University er tuition fee structure ta ektu bolben please?
Answer (English): For students enrolled in the Computer Science and Engineering (CSE) program at BRAC University, the tuition fee structure includes a one-time, non-refundable admission fee of BDT 30,800. Each course within the CSE program costs BDT 22,500. Additionally, students are required to pay a semester fee of BDT 11,500, which covers various facilities such as IT services and library access. There is also a one-time library membership fee of BDT 2,500. This fee structure is designed to support the comprehensive education provided in the CSE program, ensuring access to advanced resources and facilities

Question: Not sure if this is covered elsewhere, but what's the tuition fee at North South University?
Answer: That's outside what I can help with - I only have information about BRAC University. North South University's own website would have their current fee structure.

Question: What's the tuition fee at North South University?
Answer: That's outside what I can help with - I only have information about BRAC University. North South University's own website would have their current fee structure.

Question: Could you please provide details about the tuition fee structure at BRAC University?
Answer: For students enrolled in the Computer Science and Engineering (CSE) program at BRAC University, the tuition fee structure includes a one-time, non-refundable admission fee of BDT 30,800. Each course within the CSE program costs BDT 22,500. Additionally, students are required to pay a semester fee of BDT 11,500, which covers various facilities such as IT services and library access. There is also a one-time library membership fee of BDT 2,500. This fee structure is designed to support the comprehensive education provided in the CSE program, ensuring access to advanced resources and facilities?",True,verified_retrieval,"New student here, could you please provide details about the tuition fee structure at BRAC University?",0.9706122875213623
The bus leaves on campus from the Basement-1.,"Question: From where does the bus leave on campus?
Answer: The bus leave campus from the Basement-1

Question (Banglish): RS er shomoy student ra koto ghono ghono bari jete Savar campus theke ber hote pare?
Answer (English): The Residential Semester is meant to be fully residential, so students are generally discouraged from leaving campus. Short leave may be granted in emergencies or exceptional cases with an approved leave application. Overstaying leave without valid reason is treated as a discipline violation and can result in further leave being denied for the rest of the semester.

Question: How often can students leave the Savar campus to visit home during RS?
Answer: The Residential Semester is meant to be fully residential, so students are generally discouraged from leaving campus. Short leave may be granted in emergencies or exceptional cases with an approved leave application. Overstaying leave without valid reason is treated as a discipline violation and can result in further leave being denied for the rest of the semester.

Question (Banglish): BRAC University bus service er general safety ar conduct rules ki ki?
Answer (English): Passengers should arrive at the designated stop at least 5 minutes before the scheduled pickup time (buses leave on time and seats are first-come, first-served), only board/alight at designated stoppages, avoid disturbing the driver (using headphones for music), and never throw anything in or out of the bus. All buses are under GPS tracking, and the university reserves the right to change any route, stoppage, schedule, or fare at any time.

Question (Banglish): Campus e bus kothay theke chare?
Answer (English): The bus leave campus from the Basement-1",True,verified_retrieval,From where does the bus leave on campus?,0.9854615926742554
"The designated bus stops for Route-03 (Jigatola) are Jigatola Bus Stand, City College, Science Lab, Kataban, Shahbagh, High Court, Press Club, Motsho Bhaban, Bijoynagar, Kakrail Mosque, Shantinagar, Malibagh Railgate, Rampura TV Centre, Badda Link Road, and BRAC University.","Question: Where are the designated bus stops for Route-03 (Jigatola)?
Answer: The designated stops are: Jigatola Bus Stand, City College, Science Lab, Kataban, Shahbagh, High Court, Press Club, Motsho Bhaban, Bijoynagar, Kakrail Mosque, Shantinagar, Malibagh Railgate, Rampura TV Centre, Badda Link Road, BRAC University.

Question: Where are the designated bus stops for Route-05 (Jatrabari)?
Answer: The designated stops are: Jatrabari Bus Stand, Sayedabad Bus Terminal, Motijheel Ideal School, Ittefaq Mor, Fakirapool Bus Stand, Bijoynagar, Kakrail Mosque, Shantinagar, Malibagh Railgate, Rampura TV Centre, Badda Link Road, BRAC University.

Question: Where are the designated bus stops for Route-06 (Baldha Garden)?
Answer: The designated stops are: Baldha Garden, Motijheel, Paltan, Press Club, High Court, Shahbagh, Bangla Motor, Kawran Bazar, Mohakhali, Chairman Bari, BRAC University.

Question: Where are the designated bus stops for Route-04 (Azimpur)?
Answer: The designated stops are: Azimpur Bus Stand, Nilkhet, New Market, Science Lab, Kataban, Shahbagh, High Court, Press Club, Motsho Bhaban, Bijoynagar, Kakrail Mosque, Shantinagar, Malibagh Railgate, Rampura TV Centre, Badda Link Road, BRAC University.

Question (Banglish): Route-03 (Jigatola) er designated bus stop gula kothay?
Answer (English): The designated stops are: Jigatola Bus Stand, City College, Science Lab, Kataban, Shahbagh, High Court, Press Club, Motsho Bhaban, Bijoynagar, Kakrail Mosque, Shantinagar, Malibagh Railgate, Rampura TV Centre, Badda Link Road, BRAC University.",True,verified_retrieval,Where are the designated bus stops for Route-03 (Jigatola)?,0.04472799971699715
"This is the official process new/incoming ('freshman') students go through after being admitted, to confirm their enrollment and get registered into their first semester's classes; details and instructions are published on the Admissions section of the university website.","Question: Can you tell me what 'Freshman Enrollment and Class Sign' at BRAC University is?
Answer: This is the official process new/incoming ('freshman') students go through after being admitted, to confirm their enrollment and get registered into their first semester's classes; details and instructions are published on the Admissions section of the university website.

Question (Banglish): BRAC University er 'Freshman Enrollment and Class Sign' ta ki?
Answer (English): This is the official process new/incoming ('freshman') students go through after being admitted, to confirm their enrollment and get registered into their first semester's classes; details and instructions are published on the Admissions section of the university website.

Question: Group of students eligible for Pre-Registration Phase 2?
Answer: Students who participated and did not participate in the Wishlist Event. It means all the students.

Question: How much of my final grade in a course comes from class attendance?
Answer: Class attendance is compulsory, and 5% of the total marks in a course are typically allocated for attendance under the university's grading guidelines.

Question: What is 'Freshman Enrollment and Class Sign' at BRAC University?
Answer: This is the official process new/incoming ('freshman') students go through after being admitted, to confirm their enrollment and get registered into their first semester's classes; details and instructions are published on the Admissions section of the university website.",True,verified_retrieval,Can you tell me what 'Freshman Enrollment and Class Sign' at BRAC University is?,0.9905078411102295
"The facilities available on the 5th Floor include School of General Education, ENH, ESS, School of Pharmacy, MNS, School of Architecture and Design, BRAC Business School, and BRAC Institute of Languages.","Question: What facilities are available on the 5th Floor?
Answer: School of General Education, ENH, ESS, School of Pharmacy, MNS, School of Architecture and Design, BRAC Business School, and BRAC Institute of Languages.

Question (Banglish): 5th Floor e ki ki facility available?
Answer (English): School of General Education, ENH, ESS, School of Pharmacy, MNS, School of Architecture and Design, BRAC Business School, and BRAC Institute of Languages.

Question: What facilities are available on the 12th Floor?
Answer: The 12th Floor includes Learning Labs/Classrooms, EEE/ECE Labs, CSE/CS Labs, MNS Labs, and Social Interaction Spaces.

Question: What facilities are available on the 1st Floor?
Answer: Medical Center, Male Washroom, Female Washroom, Brac Bank, and Student Fee Collection Booth.

Question: Curious about something: what facilities are available on the 5th Floor?
Answer: School of General Education, ENH, ESS, School of Pharmacy, MNS, School of Architecture and Design, BRAC Business School, and BRAC Institute of Languages.",True,verified_retrieval,What facilities are available on the 5th Floor?,0.011221005581319332
"No, seating is strictly first-come, first-served.","Question: Can students reserve seats in advance?
Answer: No, seating is strictly first-come, first-served.

Question: Am I guaranteed a seat in the course I want next semester?
Answer: No, that's not something I can guarantee - course seats are limited and allocated through the advising process, so availability depends on timing and demand.

Question (Banglish): Porer semester e amar chawa course e ki seat guarantee?
Answer (English): No, that's not something I can guarantee - course seats are limited and allocated through the advising process, so availability depends on timing and demand.

Question: Hey, am I guaranteed a seat in the course I want next semester?
Answer: No, that's not something I can guarantee - course seats are limited and allocated through the advising process, so availability depends on timing and demand.

Question (Banglish): Student ra ki age theke seat reserve korte pare?
Answer (English): No, seating is strictly first-come, first-served.",True,verified_retrieval,Can students reserve seats in advance?,0.9908831715583801
Check the BRACU Events Page.,"Question: How can I stay updated on upcoming games and events?
Answer: Check BRACU Events Page. As the website is not fully functional yet, keep an eye on clubs’ Facebook pages or BRACU Facebook groups for updates.
 and you can also go to this page for detailed updates : https://www.bracu.ac.bd/news-events/upcoming-events

Question: What steps do I need to follow to stay updated on upcoming games and events?
Answer: Check BRACU Events Page. As the website is not fully functional yet, keep an eye on clubs’ Facebook pages or BRACU Facebook groups for updates.
 and you can also go to this page for detailed updates : https://www.bracu.ac.bd/news-events/upcoming-events

Question: How will the new system help students stay informed about semester events and deadlines?
Answer: Through access to the Academic Calendar, which includes semester events, holidays, and important deadlines.

Question (Banglish): Upcoming game ar event shomporke ami kivabe updated thakbo?
Answer (English): Check BRACU Events Page. As the website is not fully functional yet, keep an eye on clubs' Facebook pages or BRACU Facebook groups for updates.
 and you can also go to this page for detailed updates : https://www.bracu.ac.bd/news-events/upcoming-events

Question: Kind of urgent, but how can I stay updated on upcoming games and events?
Answer: Check BRACU Events Page. As the website is not fully functional yet, keep an eye on clubs’ Facebook pages or BRACU Facebook groups for updates.
 and you can also go to this page for detailed updates : https://www.bracu.ac.bd/news-events/upcoming-events",True,verified_retrieval,How can I stay updated on upcoming games and events?,0.9897950291633606
"As the website is not fully functional yet, keep an eye on clubs' Facebook pages or BRACU Facebook groups for updates, and you can also go to this page for detailed updates : https://www.bracu.ac.bd/news-events/upcoming-events.","Question: How can I stay updated on upcoming games and events?
Answer: Check BRACU Events Page. As the website is not fully functional yet, keep an eye on clubs’ Facebook pages or BRACU Facebook groups for updates.
 and you can also go to this page for detailed updates : https://www.bracu.ac.bd/news-events/upcoming-events

Question: What steps do I need to follow to stay updated on upcoming games and events?
Answer: Check BRACU Events Page. As the website is not fully functional yet, keep an eye on clubs’ Facebook pages or BRACU Facebook groups for updates.
 and you can also go to this page for detailed updates : https://www.bracu.ac.bd/news-events/upcoming-events

Question: How will the new system help students stay informed about semester events and deadlines?
Answer: Through access to the Academic Calendar, which includes semester events, holidays, and important deadlines.

Question (Banglish): Upcoming game ar event shomporke ami kivabe updated thakbo?
Answer (English): Check BRACU Events Page. As the website is not fully functional yet, keep an eye on clubs' Facebook pages or BRACU Facebook groups for updates.
 and you can also go to this page for detailed updates : https://www.bracu.ac.bd/news-events/upcoming-events

Question: Kind of urgent, but how can I stay updated on upcoming games and events?
Answer: Check BRACU Events Page. As the website is not fully functional yet, keep an eye on clubs’ Facebook pages or BRACU Facebook groups for updates.
 and you can also go to this page for detailed updates : https://www.bracu.ac.bd/news-events/upcoming-events",True,verified_retrieval,How can I stay updated on upcoming games and events?,0.011798114515841007
"Only nominated visitors, usually parents, are allowed to visit on designated Parents' Days, which are announced each semester.","Question: Can students receive visitors while at the Savar campus?
Answer: Only nominated visitors, usually parents, are allowed to visit on designated Parents' Days, which are announced each semester. Visiting hours are typically in the afternoon on specific Fridays.

Question: Are students allowed to receive visitors while at the Savar campus?
Answer: Only nominated visitors, usually parents, are allowed to visit on designated Parents' Days, which are announced each semester. Visiting hours are typically in the afternoon on specific Fridays.

Question: Am I allowed to enroll as a visiting student?
Answer: Is there a specific application process for visiting/guest students?
One can enroll as a visiting or guest student in BRACU. Visiting or guest students are required to submit their applications along with the relevant transcripts and no objection letters (NOC) from her/his University. Please contact admissions@bracu.ac.bd for more details.

Question (Banglish): Savar campus e thakar shomoy student ra ki visitor receive korte pare?
Answer (English): Only nominated visitors, usually parents, are allowed to visit on designated Parents' Days, which are announced each semester. Visiting hours are typically in the afternoon on specific Fridays.

Question: Sorry if this was already answered, but can students receive visitors while at the Savar campus?
Answer: Only nominated visitors, usually parents, are allowed to visit on designated Parents' Days, which are announced each semester. Visiting hours are typically in the afternoon on specific Fridays.",True,verified_retrieval,Can students receive visitors while at the Savar campus?,0.991038978099823
Visiting hours are typically in the afternoon on specific Fridays.,"Question: Can students receive visitors while at the Savar campus?
Answer: Only nominated visitors, usually parents, are allowed to visit on designated Parents' Days, which are announced each semester. Visiting hours are typically in the afternoon on specific Fridays.

Question: Are students allowed to receive visitors while at the Savar campus?
Answer: Only nominated visitors, usually parents, are allowed to visit on designated Parents' Days, which are announced each semester. Visiting hours are typically in the afternoon on specific Fridays.

Question: Am I allowed to enroll as a visiting student?
Answer: Is there a specific application process for visiting/guest students?
One can enroll as a visiting or guest student in BRACU. Visiting or guest students are required to submit their applications along with the relevant transcripts and no objection letters (NOC) from her/his University. Please contact admissions@bracu.ac.bd for more details.

Question (Banglish): Savar campus e thakar shomoy student ra ki visitor receive korte pare?
Answer (English): Only nominated visitors, usually parents, are allowed to visit on designated Parents' Days, which are announced each semester. Visiting hours are typically in the afternoon on specific Fridays.

Question: Sorry if this was already answered, but can students receive visitors while at the Savar campus?
Answer: Only nominated visitors, usually parents, are allowed to visit on designated Parents' Days, which are announced each semester. Visiting hours are typically in the afternoon on specific Fridays.",True,verified_retrieval,Can students receive visitors while at the Savar campus?,0.9911545515060425
"It is advised not to select unnecessary courses in the Wishlist because course demand influences planning, and unnecessary selections may misrepresent actual needs.","Question: Why is it advised not to select unnecessary courses in the Wishlist?
Answer: Course demand influences planning, and unnecessary selections may misrepresent actual needs

Question: Purpose of the Course Wishlist feature in the Connect system?
Answer: Addition of preferred courses to a wishlist to secure seats as they become available while following university policies

Question: Why is it important to follow the recommended course sequence/flowchart for my program?
Answer: Following your program's recommended course sequence is important for completing your degree requirements within the standard four years; failing to follow it can create prerequisite bottlenecks and, in engineering programs, may delay reaching capstone/design-project courses.

Question (Banglish): Connect system e Course Wishlist feature er purpose ki?
Answer (English): Addition of preferred courses to a wishlist to secure seats as they become available while following university policies

Question (Banglish): Wishlist e unnecessary course select na korte keno bola hoy?
Answer (English): Course demand influences planning, and unnecessary selections may misrepresent actual needs",True,verified_retrieval,Why is it advised not to select unnecessary courses in the Wishlist?,0.02605419047176838
The deadline to change a thesis title before the final defense varies by semester - check the current semester's thesis deadline sheet for the exact date.,"Question: Can you tell me what the deadline to change the thesis title before the final defense is?
Answer: The deadline to change a thesis title before the final defense varies by semester - check the current semester's thesis deadline sheet for the exact date.

Question (Banglish): Final defense er age thesis title change korar deadline ta kobe?
Answer (English): The deadline to change a thesis title before the final defense varies by semester - check the current semester's thesis deadline sheet for the exact date.

Question: Can you tell me what the current deadlines for thesis submission and defense are?
Answer: Thesis submission and defense deadlines are set fresh each semester by the CSE Thesis Committee and shared with enrolled thesis students via a deadline sheet. Check with your thesis coordinator or department for the current semester's exact dates, since these change every term.

Question: My thesis defense got postponed due to a cyclone, and separately I want to change my thesis title before the (new) defense date. Are both of these OK?
Answer: Both are handled, but through different mechanisms - a defense postponed for an external/valid reason like a cyclone is simply rescheduled, no penalty. Changing your thesis title before the (rescheduled) final defense is also possible, but the deadline for that varies by semester, so you'd want to check the current thesis deadline sheet to make sure your title-change request still falls within whatever window applies to your now-rescheduled defense date.

Question: What is the deadline to change the thesis title before the final defense?
Answer: The deadline to change a thesis title before the final defense varies by semester - check the current semester's thesis deadline sheet for the exact date.",True,verified_retrieval,Can you tell me what the deadline to change the thesis title before the final defense is?,0.9930863976478577
"MPH faculty are drawn from a mix of BRAC University, icddr,b, and BRAC itself, along with international partner institutions such as the University of Heidelberg, Harvard, Johns Hopkins, George Washington University, the Karolinska Institute, and the London School of Hygiene & Tropical Medicine.","Question: Where do MPH faculty members at BRAC JPGSPH come from?
Answer: MPH faculty are drawn from a mix of BRAC University, icddr,b, and BRAC itself, along with international partner institutions such as the University of Heidelberg, Harvard, Johns Hopkins, George Washington University, the Karolinska Institute, and the London School of Hygiene & Tropical Medicine.

Question (Banglish): BRAC JPGSPH er MPH faculty member ra kothay theke ashe?
Answer (English): MPH faculty are drawn from a mix of BRAC University, icddr,b, and BRAC itself, along with international partner institutions such as the University of Heidelberg, Harvard, Johns Hopkins, George Washington University, the Karolinska Institute, and the London School of Hygiene & Tropical Medicine.

Question (Banglish): BRAC University er MPH program er student ra shadharonoto kothay theke ashe?
Answer (English): The MPH program at BRAC JPGSPH has historically drawn a genuinely international cohort - reports note graduates from over 30 countries across its history, reflecting the school's focus on public health challenges beyond Bangladesh alone.

Question: Where do students from the MPH program at BRAC University typically come from?
Answer: The MPH program at BRAC JPGSPH has historically drawn a genuinely international cohort - reports note graduates from over 30 countries across its history, reflecting the school's focus on public health challenges beyond Bangladesh alone.

Question: I wanted to ask, where do MPH faculty members at BRAC JPGSPH come from?
Answer: MPH faculty are drawn from a mix of BRAC University, icddr,b, and BRAC itself, along with international partner institutions such as the University of Heidelberg, Harvard, Johns Hopkins, George Washington University, the Karolinska Institute, and the London School of Hygiene & Tropical Medicine.",True,verified_retrieval,Where do MPH faculty members at BRAC JPGSPH come from?,0.9742094874382019
"The BRAC University Students' Transport Service is a transport service provided by BRAC University that offers affordable, safe, and comfortable transportation to its students.","Question: What is the BRAC University Students' Transport Service?
Answer: BRAC University provides an affordable, safe, and comfortable transport service with air-conditioned buses covering nine routes across Dhaka city.

Question: Can non-students use the BRAC University transport service?
Answer: No, the service is exclusively for BRAC University students.

Question (Banglish): Student ra ki transport service niye feedback dite pare?
Answer (English): Yes, students can share feedback via BRAC University's official transport service email or hotline.

Question (Banglish): Non-student ra ki BRAC University transport service use korte pare?
Answer (English): No, the service is exclusively for BRAC University students.

Question (Banglish): BRAC University Students' Transport Service ta ki?
Answer (English): BRAC University provides an affordable, safe, and comfortable transport service with air-conditioned buses covering nine routes across Dhaka city.",True,verified_retrieval,What is the BRAC University Students' Transport Service?,0.035340316593647
The pickup times for Route-01 (Abdullahpur) are 1st Trip: 6:40 AM and 2nd Trip: 8:50 AM.,"Question: What are the pickup times for Route-01 (Abdullahpur)?
Answer: 1st Trip: 6:40 AM, 2nd Trip: 8:50 AM.

Question: What is the first pickup time for each route?
Answer: Pickup times range from 6:15 AM to 7:10 AM, depending on the route.

Question: What are the pickup times for Route-02 (Mirpur-B)?
Answer: 1st Trip: 6:45 AM, 2nd Trip: 9:00 AM.

Question: What are the pickup times for Route-02 (Mirpur-A)?
Answer: 1st Trip: 6:30 AM, 2nd Trip: 8:40 AM.

Question (Banglish): Route-01 (Abdullahpur) er pickup time gula ki?
Answer (English): 1st Trip: 6:40 AM, 2nd Trip: 8:50 AM.",True,verified_retrieval,What are the pickup times for Route-01 (Abdullahpur)?,0.006548555102199316
"Yes, Health checkup/medical certificates are needed to be submitted.","Question: New student here, do international students need to submit any medical reports?
Answer: Yes, Health checkup/medical certificates are needed to be submitted.

Question: Curious about something: do international students need to submit any medical reports?
Answer: Yes, Health checkup/medical certificates are needed to be submitted.

Question: Hey, do international students need to submit any medical reports?
Answer: Yes, Health checkup/medical certificates are needed to be submitted.

Question: Do international students need to submit any medical reports?
Answer: Yes, Health checkup/medical certificates are needed to be submitted.

Question: Just wondering, do international students need to submit any medical reports?
Answer: Yes, Health checkup/medical certificates are needed to be submitted.",True,verified_retrieval,"New student here, do international students need to submit any medical reports?",0.9890656471252441
"Please wait, your advisor is maybe busy with other students' response.","Question: My advisor is not responding, what to do?
Answer: Please wait, your advisor is maybe busy with other students response. You can request other advisors for your advising but he will only add it but he will not approve it. So, it is wise to get request done by the advisor.

Question (Banglish): Amar advisor response korche na, ki korbo?
Answer (English): Please wait, your advisor is maybe busy with other students response. You can request other advisors for your advising but he will only add it but he will not approve it. So, it is wise to get request done by the advisor.

Question: My advising dashboard is not coming but my pre advising is still not going what to do?
Answer: Oh no! You have login into these page using your g-suit to get help. LINK: https://bracu.atlassian.net/servicedesk/customer/portal/2/user/login?destination=portal%2F2 or try emailing at sic@bracu.ac.bd about you problem

Question: I have not been advised to a advisor yet, what to do?
Answer: If you haven't been assigned an advisor yet, contact your department's DCO (Departmental Coordination Officer) - for CSE, current DCO contact details are published via the department's official advising channel or notice board, since DCO assignments can change between semesters. If the DCOs don't respond, escalate to your department's advising coordinator.

Question: My advisor is not on campus, what to do?
Answer: Please request on Discord on your advisor's channel or try requesting other advisor. But he can reject you easily because it is not his duty as you are not assigned to him in the advising session. So, please ask your advisor on the Discord channel or request other advisor if they are willing to help.",True,verified_retrieval,"My advisor is not responding, what to do?",0.9830591678619385
You can request other advisors for your advising but he will only add it but he will not approve it.,"Question: My advisor is not responding, what to do?
Answer: Please wait, your advisor is maybe busy with other students response. You can request other advisors for your advising but he will only add it but he will not approve it. So, it is wise to get request done by the advisor.

Question (Banglish): Amar advisor response korche na, ki korbo?
Answer (English): Please wait, your advisor is maybe busy with other students response. You can request other advisors for your advising but he will only add it but he will not approve it. So, it is wise to get request done by the advisor.

Question: My advising dashboard is not coming but my pre advising is still not going what to do?
Answer: Oh no! You have login into these page using your g-suit to get help. LINK: https://bracu.atlassian.net/servicedesk/customer/portal/2/user/login?destination=portal%2F2 or try emailing at sic@bracu.ac.bd about you problem

Question: I have not been advised to a advisor yet, what to do?
Answer: If you haven't been assigned an advisor yet, contact your department's DCO (Departmental Coordination Officer) - for CSE, current DCO contact details are published via the department's official advising channel or notice board, since DCO assignments can change between semesters. If the DCOs don't respond, escalate to your department's advising coordinator.

Question: My advisor is not on campus, what to do?
Answer: Please request on Discord on your advisor's channel or try requesting other advisor. But he can reject you easily because it is not his duty as you are not assigned to him in the advising session. So, please ask your advisor on the Discord channel or request other advisor if they are willing to help.",True,verified_retrieval,"My advisor is not responding, what to do?",0.9933152794837952
"So, it is wise to get the request done by the advisor.","Question: My advisor is not responding, what to do?
Answer: Please wait, your advisor is maybe busy with other students response. You can request other advisors for your advising but he will only add it but he will not approve it. So, it is wise to get request done by the advisor.

Question (Banglish): Amar advisor response korche na, ki korbo?
Answer (English): Please wait, your advisor is maybe busy with other students response. You can request other advisors for your advising but he will only add it but he will not approve it. So, it is wise to get request done by the advisor.

Question: My advising dashboard is not coming but my pre advising is still not going what to do?
Answer: Oh no! You have login into these page using your g-suit to get help. LINK: https://bracu.atlassian.net/servicedesk/customer/portal/2/user/login?destination=portal%2F2 or try emailing at sic@bracu.ac.bd about you problem

Question: I have not been advised to a advisor yet, what to do?
Answer: If you haven't been assigned an advisor yet, contact your department's DCO (Departmental Coordination Officer) - for CSE, current DCO contact details are published via the department's official advising channel or notice board, since DCO assignments can change between semesters. If the DCOs don't respond, escalate to your department's advising coordinator.

Question: My advisor is not on campus, what to do?
Answer: Please request on Discord on your advisor's channel or try requesting other advisor. But he can reject you easily because it is not his duty as you are not assigned to him in the advising session. So, please ask your advisor on the Discord channel or request other advisor if they are willing to help.",True,verified_retrieval,"My advisor is not responding, what to do?",0.9901572465896606
"The university has BRAC University Football Club, BRAC University Chess Club, BRAC University Cricket Club, and BRAC University Indoor Games Club.","Question: What sports teams does the university have?
Answer: BRAC University Football Club, BRAC University Chess Club, BRAC University Cricket Club, and BRAC University Indoor Games Club.

Question: I looked around the site but couldn't find it — what sports teams does the university have?
Answer: BRAC University Football Club, BRAC University Chess Club, BRAC University Cricket Club, and BRAC University Indoor Games Club.

Question: Are there any costs associated with joining clubs or sports teams?
Answer: No there no costs associated with joining clubs or sports teams.

Question: Does BRAC University have any costs associated with joining clubs or sports teams?
Answer: No there no costs associated with joining clubs or sports teams.

Question: New student here, what sports teams does the university have?
Answer: BRAC University Football Club, BRAC University Chess Club, BRAC University Cricket Club, and BRAC University Indoor Games Club.",True,verified_retrieval,What sports teams does the university have?,0.9736749529838562
"The opportunities for student leadership in volunteer organizations at BRAC University include membership in the BRAC University Leadership Development Forum (BULDF) club, which trains and grooms leadership traits among young students.","Question: I looked around the site but couldn't find it — what opportunities are there for student leadership in volunteer organizations?
Answer: BRAC University Leadership Development Forum (BULDF) is a club working on training and grooming leadership traits. The club mainly focuses on young students in enhancing their leadership qualities and bringing out their hidden talents, which will help them in the future. The club has always been there for assisting the official events and programs of BRAC University as volunteers besides its own activities, which mainly include Accession, Love for Humanity, and Saving Tomorrow.

Contact: club.buldf@g.bracu.ac.bd

Question: What opportunities are there for student leadership in volunteer organizations?
Answer: BRAC University Leadership Development Forum (BULDF) is a club working on training and grooming leadership traits. The club mainly focuses on young students in enhancing their leadership qualities and bringing out their hidden talents, which will help them in the future. The club has always been there for assisting the official events and programs of BRAC University as volunteers besides its own activities, which mainly include Accession, Love for Humanity, and Saving Tomorrow.

Contact: club.buldf@g.bracu.ac.bd

Question: I looked around the site but couldn't find it — where can I get degree completion form?
Answer: You can find them in your respective departments.

Question (Banglish): Volunteer organization e student leadership er ki ki opportunity ache?
Answer (English): BRAC University Leadership Development Forum (BULDF) is a club working on training and grooming leadership traits. The club mainly focuses on young students in enhancing their leadership qualities and bringing out their hidden talents, which will help them in the future. The club has always been there for assisting the official events and programs of BRAC University as volunteers besides its own activities, which mainly include Accession, Love for Humanity, and Saving Tomorrow.

Contact: club.buldf@g.bracu.ac.bd

Question: This might be a silly question, but what opportunities are there for student leadership in volunteer organizations?
Answer: BRAC University Leadership Development Forum (BULDF) is a club working on training and grooming leadership traits. The club mainly focuses on young students in enhancing their leadership qualities and bringing out their hidden talents, which will help them in the future. The club has always been there for assisting the official events and programs of BRAC University as volunteers besides its own activities, which mainly include Accession, Love for Humanity, and Saving Tomorrow.

Contact: club.buldf@g.bracu.ac.bd",True,verified_retrieval,I looked around the site but couldn't find it — what opportunities are there for student leadership in volunteer organizations?,0.1179850623011589
"The club focuses on enhancing their leadership qualities and bringing out their hidden talents to help them in the future, and has assisted official events and programs of BRAC University as volunteers besides its own activities, including Accession, Love for Humanity, and Saving Tomorrow.","Question: I looked around the site but couldn't find it — what opportunities are there for student leadership in volunteer organizations?
Answer: BRAC University Leadership Development Forum (BULDF) is a club working on training and grooming leadership traits. The club mainly focuses on young students in enhancing their leadership qualities and bringing out their hidden talents, which will help them in the future. The club has always been there for assisting the official events and programs of BRAC University as volunteers besides its own activities, which mainly include Accession, Love for Humanity, and Saving Tomorrow.

Contact: club.buldf@g.bracu.ac.bd

Question: What opportunities are there for student leadership in volunteer organizations?
Answer: BRAC University Leadership Development Forum (BULDF) is a club working on training and grooming leadership traits. The club mainly focuses on young students in enhancing their leadership qualities and bringing out their hidden talents, which will help them in the future. The club has always been there for assisting the official events and programs of BRAC University as volunteers besides its own activities, which mainly include Accession, Love for Humanity, and Saving Tomorrow.

Contact: club.buldf@g.bracu.ac.bd

Question: I looked around the site but couldn't find it — where can I get degree completion form?
Answer: You can find them in your respective departments.

Question (Banglish): Volunteer organization e student leadership er ki ki opportunity ache?
Answer (English): BRAC University Leadership Development Forum (BULDF) is a club working on training and grooming leadership traits. The club mainly focuses on young students in enhancing their leadership qualities and bringing out their hidden talents, which will help them in the future. The club has always been there for assisting the official events and programs of BRAC University as volunteers besides its own activities, which mainly include Accession, Love for Humanity, and Saving Tomorrow.

Contact: club.buldf@g.bracu.ac.bd

Question: This might be a silly question, but what opportunities are there for student leadership in volunteer organizations?
Answer: BRAC University Leadership Development Forum (BULDF) is a club working on training and grooming leadership traits. The club mainly focuses on young students in enhancing their leadership qualities and bringing out their hidden talents, which will help them in the future. The club has always been there for assisting the official events and programs of BRAC University as volunteers besides its own activities, which mainly include Accession, Love for Humanity, and Saving Tomorrow.

Contact: club.buldf@g.bracu.ac.bd",True,verified_retrieval,I looked around the site but couldn't find it — what opportunities are there for student leadership in volunteer organizations?,0.016990283504128456
Contact: club.buldf@g.bracu.ac.bd,"Question: I looked around the site but couldn't find it — what opportunities are there for student leadership in volunteer organizations?
Answer: BRAC University Leadership Development Forum (BULDF) is a club working on training and grooming leadership traits. The club mainly focuses on young students in enhancing their leadership qualities and bringing out their hidden talents, which will help them in the future. The club has always been there for assisting the official events and programs of BRAC University as volunteers besides its own activities, which mainly include Accession, Love for Humanity, and Saving Tomorrow.

Contact: club.buldf@g.bracu.ac.bd

Question: What opportunities are there for student leadership in volunteer organizations?
Answer: BRAC University Leadership Development Forum (BULDF) is a club working on training and grooming leadership traits. The club mainly focuses on young students in enhancing their leadership qualities and bringing out their hidden talents, which will help them in the future. The club has always been there for assisting the official events and programs of BRAC University as volunteers besides its own activities, which mainly include Accession, Love for Humanity, and Saving Tomorrow.

Contact: club.buldf@g.bracu.ac.bd

Question: I looked around the site but couldn't find it — where can I get degree completion form?
Answer: You can find them in your respective departments.

Question (Banglish): Volunteer organization e student leadership er ki ki opportunity ache?
Answer (English): BRAC University Leadership Development Forum (BULDF) is a club working on training and grooming leadership traits. The club mainly focuses on young students in enhancing their leadership qualities and bringing out their hidden talents, which will help them in the future. The club has always been there for assisting the official events and programs of BRAC University as volunteers besides its own activities, which mainly include Accession, Love for Humanity, and Saving Tomorrow.

Contact: club.buldf@g.bracu.ac.bd

Question: This might be a silly question, but what opportunities are there for student leadership in volunteer organizations?
Answer: BRAC University Leadership Development Forum (BULDF) is a club working on training and grooming leadership traits. The club mainly focuses on young students in enhancing their leadership qualities and bringing out their hidden talents, which will help them in the future. The club has always been there for assisting the official events and programs of BRAC University as volunteers besides its own activities, which mainly include Accession, Love for Humanity, and Saving Tomorrow.

Contact: club.buldf@g.bracu.ac.bd",True,verified_retrieval,I looked around the site but couldn't find it — what opportunities are there for student leadership in volunteer organizations?,0.9336345195770264
"A student may apply to the Chair of Department or the Dean for the re-checking of an examination script on the grounds of evidence of procedural errors, arbitrariness or prejudice.","Question: Kind of urgent, but can students appeal their grades if they believe there has been a mistake?
Answer: A student may apply to the Chair of Department or the Dean for the re-checking of an examination script. Such a request may be made on the grounds of evidence of procedural errors, arbitrariness or prejudice. The student must make any request within Seven (07) calendar days of the publication of the mark. The Chair of Department or the Dean may, after checking with the original grader, arrange for the evaluation of an examination script to be conducted by two members of the faculty not previously involved in the examination and marking process, supported by a member of the Examination Controller’s office. The rechecking process and submission of any revised grade to the Examinations Controller should be completed within 15 calendar days.

Question: One thing I couldn't find anywhere: can students appeal their grades if they believe there has been a mistake?
Answer: A student may apply to the Chair of Department or the Dean for the re-checking of an examination script. Such a request may be made on the grounds of evidence of procedural errors, arbitrariness or prejudice. The student must make any request within Seven (07) calendar days of the publication of the mark. The Chair of Department or the Dean may, after checking with the original grader, arrange for the evaluation of an examination script to be conducted by two members of the faculty not previously involved in the examination and marking process, supported by a member of the Examination Controller’s office. The rechecking process and submission of any revised grade to the Examinations Controller should be completed within 15 calendar days.

Question: Kind of urgent, but what are the passing and failing grades at BRAC University?
Answer: At BRAC University, the minimum passing grade for undergraduate courses is D (1.0), while for graduate courses, it is typically C (2.0). Grades below these thresholds are considered failing. Specifically, a grade of F (0.0) indicates failure.

Question: Are students allowed to appeal their grades if they believe there has been a mistake?
Answer: A student may apply to the Chair of Department or the Dean for the re-checking of an examination script. Such a request may be made on the grounds of evidence of procedural errors, arbitrariness or prejudice. The student must make any request within Seven (07) calendar days of the publication of the mark. The Chair of Department or the Dean may, after checking with the original grader, arrange for the evaluation of an examination script to be conducted by two members of the faculty not previously involved in the examination and marking process, supported by a member of the Examination Controller’s office. The rechecking process and submission of any revised grade to the Examinations Controller should be completed within 15 calendar days.

Question: Can students appeal their grades if they believe there has been a mistake?
Answer: A student may apply to the Chair of Department or the Dean for the re-checking of an examination script. Such a request may be made on the grounds of evidence of procedural errors, arbitrariness or prejudice. The student must make any request within Seven (07) calendar days of the publication of the mark. The Chair of Department or the Dean may, after checking with the original grader, arrange for the evaluation of an examination script to be conducted by two members of the faculty not previously involved in the examination and marking process, supported by a member of the Examination Controller’s office. The rechecking process and submission of any revised grade to the Examinations Controller should be completed within 15 calendar days.",True,verified_retrieval,"Kind of urgent, but can students appeal their grades if they believe there has been a mistake?",0.028837447986006737
The student must make any request within Seven (07) calendar days of the publication of the mark.,"Question: Kind of urgent, but can students appeal their grades if they believe there has been a mistake?
Answer: A student may apply to the Chair of Department or the Dean for the re-checking of an examination script. Such a request may be made on the grounds of evidence of procedural errors, arbitrariness or prejudice. The student must make any request within Seven (07) calendar days of the publication of the mark. The Chair of Department or the Dean may, after checking with the original grader, arrange for the evaluation of an examination script to be conducted by two members of the faculty not previously involved in the examination and marking process, supported by a member of the Examination Controller’s office. The rechecking process and submission of any revised grade to the Examinations Controller should be completed within 15 calendar days.

Question: One thing I couldn't find anywhere: can students appeal their grades if they believe there has been a mistake?
Answer: A student may apply to the Chair of Department or the Dean for the re-checking of an examination script. Such a request may be made on the grounds of evidence of procedural errors, arbitrariness or prejudice. The student must make any request within Seven (07) calendar days of the publication of the mark. The Chair of Department or the Dean may, after checking with the original grader, arrange for the evaluation of an examination script to be conducted by two members of the faculty not previously involved in the examination and marking process, supported by a member of the Examination Controller’s office. The rechecking process and submission of any revised grade to the Examinations Controller should be completed within 15 calendar days.

Question: Kind of urgent, but what are the passing and failing grades at BRAC University?
Answer: At BRAC University, the minimum passing grade for undergraduate courses is D (1.0), while for graduate courses, it is typically C (2.0). Grades below these thresholds are considered failing. Specifically, a grade of F (0.0) indicates failure.

Question: Are students allowed to appeal their grades if they believe there has been a mistake?
Answer: A student may apply to the Chair of Department or the Dean for the re-checking of an examination script. Such a request may be made on the grounds of evidence of procedural errors, arbitrariness or prejudice. The student must make any request within Seven (07) calendar days of the publication of the mark. The Chair of Department or the Dean may, after checking with the original grader, arrange for the evaluation of an examination script to be conducted by two members of the faculty not previously involved in the examination and marking process, supported by a member of the Examination Controller’s office. The rechecking process and submission of any revised grade to the Examinations Controller should be completed within 15 calendar days.

Question: Can students appeal their grades if they believe there has been a mistake?
Answer: A student may apply to the Chair of Department or the Dean for the re-checking of an examination script. Such a request may be made on the grounds of evidence of procedural errors, arbitrariness or prejudice. The student must make any request within Seven (07) calendar days of the publication of the mark. The Chair of Department or the Dean may, after checking with the original grader, arrange for the evaluation of an examination script to be conducted by two members of the faculty not previously involved in the examination and marking process, supported by a member of the Examination Controller’s office. The rechecking process and submission of any revised grade to the Examinations Controller should be completed within 15 calendar days.",True,verified_retrieval,"Kind of urgent, but can students appeal their grades if they believe there has been a mistake?",0.9867684245109558
"Applicants to BSS in Anthropology, BA in English, and LLB (Hons) are tested only in English as part of the admission test.","Question: Hey, what subjects are tested for BSS in Anthropology, BA in English, and LLB admission?
Answer: Applicants to BSS in Anthropology, BA in English, and LLB (Hons) are tested only in English as part of the admission test.

Question (Banglish): BSS in Anthropology, BA in English, ar LLB admission er jonno kon kon subject test hoy?
Answer (English): Applicants to BSS in Anthropology, BA in English, and LLB (Hons) are tested only in English as part of the admission test.

Question: I looked around the site but couldn't find it — what subjects are tested for the BBA and BSS in Economics admission test?
Answer: Applicants to BBA and BSS in Economics are tested on English and Mathematics in the admission test.

Question: What subjects are tested for the BBA and BSS in Economics admission test?
Answer: Applicants to BBA and BSS in Economics are tested on English and Mathematics in the admission test.

Question: What subjects are tested for BSS in Anthropology, BA in English, and LLB admission?
Answer: Applicants to BSS in Anthropology, BA in English, and LLB (Hons) are tested only in English as part of the admission test.",True,verified_retrieval,"Hey, what subjects are tested for BSS in Anthropology, BA in English, and LLB admission?",0.9896029829978943
"Yes, programs with laboratory or studio components (such as CSE, Architecture, and Pharmacy) typically carry an additional lab/studio fee per semester on top of standard tuition and semester fees.","Question: Do lab-based or design-based programs pay an additional fee beyond regular tuition?
Answer: Yes, programs with laboratory or studio components (such as CSE, Architecture, and Pharmacy) typically carry an additional lab/studio fee per semester on top of standard tuition and semester fees.

Question (Banglish): Lab-based ba design-based program e ki regular tuition er baire additional fee lage?
Answer (English): Yes, programs with laboratory or studio components (such as CSE, Architecture, and Pharmacy) typically carry an additional lab/studio fee per semester on top of standard tuition and semester fees.

Question: Does BRAC University have any additional fees apart from tuition?
Answer: In addition to the tuition fees for the Computer Science and Engineering (CSE) program at BRAC University, students are required to pay several additional fees. These include a one-time, non-refundable admission fee of BDT 30,800 and a semester fee of BDT 11,500, which covers essential services such as IT facilities, library access, and student activities. There is also a one-time library membership fee of BDT 2,500. Depending on the specific courses, students might incur additional lab fees, although these are generally included within the course fees for most programs?

Question: Are there any additional fees apart from tuition?
Answer: In addition to the tuition fees for the Computer Science and Engineering (CSE) program at BRAC University, students are required to pay several additional fees. These include a one-time, non-refundable admission fee of BDT 30,800 and a semester fee of BDT 11,500, which covers essential services such as IT facilities, library access, and student activities. There is also a one-time library membership fee of BDT 2,500. Depending on the specific courses, students might incur additional lab fees, although these are generally included within the course fees for most programs?

Question: I wanted to ask, do lab-based or design-based programs pay an additional fee beyond regular tuition?
Answer: Yes, programs with laboratory or studio components (such as CSE, Architecture, and Pharmacy) typically carry an additional lab/studio fee per semester on top of standard tuition and semester fees.",True,verified_retrieval,Do lab-based or design-based programs pay an additional fee beyond regular tuition?,0.9909810423851013
"Mobile phones, tablets, smartwatches, and other electronic gadgets are not allowed.","Question: Curious about something: what items are prohibited in the exam hall?
Answer: Mobile phones, tablets, smartwatches, and other electronic gadgets are not allowed. Bringing textbooks, notes, or any other written materials is prohibited unless explicitly allowed by the instructor.Bags, backpacks, and personal belongings should be left outside the exam hall or in designated areas.

Question: Before I forget to ask — what items are prohibited in the exam hall?
Answer: Mobile phones, tablets, smartwatches, and other electronic gadgets are not allowed. Bringing textbooks, notes, or any other written materials is prohibited unless explicitly allowed by the instructor.Bags, backpacks, and personal belongings should be left outside the exam hall or in designated areas.

Question: Curious about something: how early should students arrive at the exam hall?
Answer: Students should aim to arrive at the exam hall at least 15 to 30 minutes before the scheduled start time of their exam.

Question (Banglish): Exam hall e ki ki jinish prohibited?
Answer (English): Mobile phones, tablets, smartwatches, and other electronic gadgets are not allowed. Bringing textbooks, notes, or any other written materials is prohibited unless explicitly allowed by the instructor.Bags, backpacks, and personal belongings should be left outside the exam hall or in designated areas.

Question: What items are prohibited in the exam hall?
Answer: Mobile phones, tablets, smartwatches, and other electronic gadgets are not allowed. Bringing textbooks, notes, or any other written materials is prohibited unless explicitly allowed by the instructor.Bags, backpacks, and personal belongings should be left outside the exam hall or in designated areas.",True,verified_retrieval,Curious about something: what items are prohibited in the exam hall?,0.9922547340393066
"Bringing textbooks, notes, or any other written materials is prohibited unless explicitly allowed by the instructor.","Question: Curious about something: what items are prohibited in the exam hall?
Answer: Mobile phones, tablets, smartwatches, and other electronic gadgets are not allowed. Bringing textbooks, notes, or any other written materials is prohibited unless explicitly allowed by the instructor.Bags, backpacks, and personal belongings should be left outside the exam hall or in designated areas.

Question: Before I forget to ask — what items are prohibited in the exam hall?
Answer: Mobile phones, tablets, smartwatches, and other electronic gadgets are not allowed. Bringing textbooks, notes, or any other written materials is prohibited unless explicitly allowed by the instructor.Bags, backpacks, and personal belongings should be left outside the exam hall or in designated areas.

Question: Curious about something: how early should students arrive at the exam hall?
Answer: Students should aim to arrive at the exam hall at least 15 to 30 minutes before the scheduled start time of their exam.

Question (Banglish): Exam hall e ki ki jinish prohibited?
Answer (English): Mobile phones, tablets, smartwatches, and other electronic gadgets are not allowed. Bringing textbooks, notes, or any other written materials is prohibited unless explicitly allowed by the instructor.Bags, backpacks, and personal belongings should be left outside the exam hall or in designated areas.

Question: What items are prohibited in the exam hall?
Answer: Mobile phones, tablets, smartwatches, and other electronic gadgets are not allowed. Bringing textbooks, notes, or any other written materials is prohibited unless explicitly allowed by the instructor.Bags, backpacks, and personal belongings should be left outside the exam hall or in designated areas.",True,verified_retrieval,Curious about something: what items are prohibited in the exam hall?,0.9259756803512573
"Bags, backpacks, and personal belongings should be left outside the exam hall or in designated areas.","Question: Curious about something: what items are prohibited in the exam hall?
Answer: Mobile phones, tablets, smartwatches, and other electronic gadgets are not allowed. Bringing textbooks, notes, or any other written materials is prohibited unless explicitly allowed by the instructor.Bags, backpacks, and personal belongings should be left outside the exam hall or in designated areas.

Question: Before I forget to ask — what items are prohibited in the exam hall?
Answer: Mobile phones, tablets, smartwatches, and other electronic gadgets are not allowed. Bringing textbooks, notes, or any other written materials is prohibited unless explicitly allowed by the instructor.Bags, backpacks, and personal belongings should be left outside the exam hall or in designated areas.

Question: Curious about something: how early should students arrive at the exam hall?
Answer: Students should aim to arrive at the exam hall at least 15 to 30 minutes before the scheduled start time of their exam.

Question (Banglish): Exam hall e ki ki jinish prohibited?
Answer (English): Mobile phones, tablets, smartwatches, and other electronic gadgets are not allowed. Bringing textbooks, notes, or any other written materials is prohibited unless explicitly allowed by the instructor.Bags, backpacks, and personal belongings should be left outside the exam hall or in designated areas.

Question: What items are prohibited in the exam hall?
Answer: Mobile phones, tablets, smartwatches, and other electronic gadgets are not allowed. Bringing textbooks, notes, or any other written materials is prohibited unless explicitly allowed by the instructor.Bags, backpacks, and personal belongings should be left outside the exam hall or in designated areas.",True,verified_retrieval,Curious about something: what items are prohibited in the exam hall?,0.9729384183883667
"BRAC University runs three semesters a year - Spring, Summer and Fall - starting in January, May and September respectively.","Question: How many semesters does BRAC University run per year, and when do they start?
Answer: BRAC University runs three semesters a year - Spring, Summer and Fall - starting in January, May and September respectively. Pharmacy admits in Spring or Summer, and LLB admits in Spring or Fall.

Question: How many semesters does BRAC University run each year, and what are they called?
Answer: BRAC University follows a semester-based system with three equal semesters each year: Spring, Summer, and Fall.

Question: Before I forget to ask — how many semesters does BRAC University run each year, and what are they called?
Answer: BRAC University follows a semester-based system with three equal semesters each year: Spring, Summer, and Fall.

Question: Not sure if this is covered elsewhere, but how many semesters does BRAC University run each year, and what are they called?
Answer: BRAC University follows a semester-based system with three equal semesters each year: Spring, Summer, and Fall.

Question: Just wondering, how many semesters does BRAC University run per year, and when do they start?
Answer: BRAC University runs three semesters a year - Spring, Summer and Fall - starting in January, May and September respectively. Pharmacy admits in Spring or Summer, and LLB admits in Spring or Fall.",True,verified_retrieval,"How many semesters does BRAC University run per year, and when do they start?",0.9926272034645081
There is no separate exam for awarding Scholarship/Financial Aid.,"Question: Does BRAC University have any separate exam for awarding Scholarship/Financial Aid?
Answer: There is no separate exam for Scholarship/Financial Aid.

Question (Banglish): Scholarship/Financial Aid deyar jonno ki kono alada exam ache?
Answer (English): There is no separate exam for Scholarship/Financial Aid.

Question: Are there any additional fees for taking a make-up exam?
Answer: Yes, at BRAC University, there is typically a fee associated with taking a make-up exam. Students are required to pay this fee, which covers administrative costs related to scheduling and conducting the make-up exam. The fee amount and payment procedures can vary, so it is important for students to check with the Registrar’s Office or the Accounts Office for specific details regarding the fee amount and payment process.

Question: Does BRAC University have any additional fees for taking a make-up exam?
Answer: Yes, at BRAC University, there is typically a fee associated with taking a make-up exam. Students are required to pay this fee, which covers administrative costs related to scheduling and conducting the make-up exam. The fee amount and payment procedures can vary, so it is important for students to check with the Registrar’s Office or the Accounts Office for specific details regarding the fee amount and payment process.

Question: Is there any separate exam for awarding Scholarship/Financial Aid?
Answer: There is no separate exam for Scholarship/Financial Aid.",True,verified_retrieval,Does BRAC University have any separate exam for awarding Scholarship/Financial Aid?,0.9377956986427307
"The Counseling and Wellness Centre at BRAC University offers psychological and wellbeing support to students, separate from the psychosocial counselling available specifically at the Residential Campus.","Question: What does the Counseling and Wellness Centre at BRAC University offer?
Answer: The Counseling and Wellness Centre is a dedicated student-life office providing psychological and wellbeing support to students, separate from the psychosocial counselling available specifically at the Residential Campus.

Question: Does the Counseling and Wellness Centre charge for its services?
Answer: No, the Counseling and Wellness Centre (CWC) provides free and confidential mental health and wellbeing services to all students and staff, including individual counseling, both face-to-face and online.

Question: What kind of counseling services does the Counseling Unit provide?
Answer: The Counseling Unit offers mental health support, guidance, and workshops for students. Visti: https://www.bracu.ac.bd/campus-life/student-affairs/counseling-unit/counseling-team

Question (Banglish): Counseling and Wellness Centre ki tar service er jonno charge kore?
Answer (English): No, the Counseling and Wellness Centre (CWC) provides free and confidential mental health and wellbeing services to all students and staff, including individual counseling, both face-to-face and online.

Question (Banglish): BRAC University er Counseling and Wellness Centre ki offer kore?
Answer (English): The Counseling and Wellness Centre is a dedicated student-life office providing psychological and wellbeing support to students, separate from the psychosocial counselling available specifically at the Residential Campus.",True,verified_retrieval,What does the Counseling and Wellness Centre at BRAC University offer?,0.007953745312988758
"BRAC University was established in 2001, founded by Sir Fazle Hasan Abed, and is affiliated with the University Grants Commission (UGC) of Bangladesh.","Question: New student here, when was BRAC University established and who founded it?
Answer: BRAC University was established in 2001, founded by Sir Fazle Hasan Abed, and is affiliated with the University Grants Commission (UGC) of Bangladesh.

Question: Quick question — when was BRAC University established and who founded it?
Answer: BRAC University was established in 2001, founded by Sir Fazle Hasan Abed, and is affiliated with the University Grants Commission (UGC) of Bangladesh.

Question: When was the BRAC University School of Law established, and what degree does it offer?
Answer: The School of Law was founded in 2004 and offers a four-year undergraduate Bachelor of Laws (LL.B. Hons.) program, along with a postgraduate LL.M. program.

Question (Banglish): BRAC University kobe establish hoyechilo, ar ke prothisthata?
Answer (English): BRAC University was established in 2001, founded by Sir Fazle Hasan Abed, and is affiliated with the University Grants Commission (UGC) of Bangladesh.

Question: When was BRAC University established and who founded it?
Answer: BRAC University was established in 2001, founded by Sir Fazle Hasan Abed, and is affiliated with the University Grants Commission (UGC) of Bangladesh.",True,verified_retrieval,"New student here, when was BRAC University established and who founded it?",0.9918408393859863
"All undergraduate students attending the upcoming semester, excluding RS-eligible students and LLB, PHR students.","Question: Who must participate in the Wishlist event?
Answer: All undergraduate students attending upcoming, excluding RS-eligible students and LLB, PHR students

Question (Banglish): Kon group er student der Wishlist event e participate korar requirement nei?
Answer (English): Students who are eligible for residential semester in the upcoming semester.

Question (Banglish): Ke Wishlist event e participate korte hobe?
Answer (English): All undergraduate students attending upcoming, excluding RS-eligible students and LLB, PHR students

Question: Group of students eligible for Pre-Registration Phase 2?
Answer: Students who participated and did not participate in the Wishlist Event. It means all the students.

Question: Which group of students is not required to participate in the Wishlist event?
Answer: Students who are eligible for residential semester in the upcoming semester.",True,verified_retrieval,Who must participate in the Wishlist event?,0.09257969260215759
"To start a new club, you need at least 50 interested student members and one BRACU faculty advisor.","Question: Curious about something: what are the basic requirements and application process to start a new club at BRAC University?
Answer: To start a new club, you need at least 50 interested student members and one BRACU faculty advisor. The applicants then submit an application to the Director of Co-Curricular Activities, including the club's goals, objectives, a program calendar, and mode of operation, signed by the advisor. The new club's Executive Committee follows the same eligibility rules as any club's committee (see the Executive Committee CGPA/credit requirements). One faculty member can advise only one club at a time, but can additionally co-advise up to one more; a faculty member who isn't an advisor of any club can co-advise up to two.

Question: Can you tell me what the basic requirements and application process to start a new club at BRAC University are?
Answer: To start a new club, you need at least 50 interested student members and one BRACU faculty advisor. The applicants then submit an application to the Director of Co-Curricular Activities, including the club's goals, objectives, a program calendar, and mode of operation, signed by the advisor. The new club's Executive Committee follows the same eligibility rules as any club's committee (see the Executive Committee CGPA/credit requirements). One faculty member can advise only one club at a time, but can additionally co-advise up to one more; a faculty member who isn't an advisor of any club can co-advise up to two.

Question: Can I start my own club? What is the process?
Answer: Of course you can start your own club. Here is some information to get started: At least 75 student members and 1 advisor [from BRACU faculty] are needed to start a
club. An application to the director, co-curricular activities with goals, objectives, program calendar and mode of operation, signed by the advisor/ co-advisor[s] should be submitted by the applicants intending to open the club. For more details , go to: https://www.bracu.ac.bd/sites/default/files/Proctor_office/bu_disciplinary_policies/8.%20OCA%20Guidelines.pdf

Question (Banglish): BRAC University te notun club shuru korte basic requirement ar application process ta ki?
Answer (English): To start a new club, you need at least 50 interested student members and one BRACU faculty advisor. The applicants then submit an application to the Director of Co-Curricular Activities, including the club's goals, objectives, a program calendar, and mode of operation, signed by the advisor. The new club's Executive Committee follows the same eligibility rules as any club's committee (see the Executive Committee CGPA/credit requirements). One faculty member can advise only one club at a time, but can additionally co-advise up to one more; a faculty member who isn't an advisor of any club can co-advise up to two.

Question: What are the basic requirements and application process to start a new club at BRAC University?
Answer: To start a new club, you need at least 50 interested student members and one BRACU faculty advisor. The applicants then submit an application to the Director of Co-Curricular Activities, including the club's goals, objectives, a program calendar, and mode of operation, signed by the advisor. The new club's Executive Committee follows the same eligibility rules as any club's committee (see the Executive Committee CGPA/credit requirements). One faculty member can advise only one club at a time, but can additionally co-advise up to one more; a faculty member who isn't an advisor of any club can co-advise up to two.",True,verified_retrieval,Curious about something: what are the basic requirements and application process to start a new club at BRAC University?,0.986499547958374
"The applicants then submit an application to the Director of Co-Curricular Activities, including the club's goals, objectives, a program calendar, and mode of operation, signed by the advisor.","Question: Curious about something: what are the basic requirements and application process to start a new club at BRAC University?
Answer: To start a new club, you need at least 50 interested student members and one BRACU faculty advisor. The applicants then submit an application to the Director of Co-Curricular Activities, including the club's goals, objectives, a program calendar, and mode of operation, signed by the advisor. The new club's Executive Committee follows the same eligibility rules as any club's committee (see the Executive Committee CGPA/credit requirements). One faculty member can advise only one club at a time, but can additionally co-advise up to one more; a faculty member who isn't an advisor of any club can co-advise up to two.

Question: Can you tell me what the basic requirements and application process to start a new club at BRAC University are?
Answer: To start a new club, you need at least 50 interested student members and one BRACU faculty advisor. The applicants then submit an application to the Director of Co-Curricular Activities, including the club's goals, objectives, a program calendar, and mode of operation, signed by the advisor. The new club's Executive Committee follows the same eligibility rules as any club's committee (see the Executive Committee CGPA/credit requirements). One faculty member can advise only one club at a time, but can additionally co-advise up to one more; a faculty member who isn't an advisor of any club can co-advise up to two.

Question: Can I start my own club? What is the process?
Answer: Of course you can start your own club. Here is some information to get started: At least 75 student members and 1 advisor [from BRACU faculty] are needed to start a
club. An application to the director, co-curricular activities with goals, objectives, program calendar and mode of operation, signed by the advisor/ co-advisor[s] should be submitted by the applicants intending to open the club. For more details , go to: https://www.bracu.ac.bd/sites/default/files/Proctor_office/bu_disciplinary_policies/8.%20OCA%20Guidelines.pdf

Question (Banglish): BRAC University te notun club shuru korte basic requirement ar application process ta ki?
Answer (English): To start a new club, you need at least 50 interested student members and one BRACU faculty advisor. The applicants then submit an application to the Director of Co-Curricular Activities, including the club's goals, objectives, a program calendar, and mode of operation, signed by the advisor. The new club's Executive Committee follows the same eligibility rules as any club's committee (see the Executive Committee CGPA/credit requirements). One faculty member can advise only one club at a time, but can additionally co-advise up to one more; a faculty member who isn't an advisor of any club can co-advise up to two.

Question: What are the basic requirements and application process to start a new club at BRAC University?
Answer: To start a new club, you need at least 50 interested student members and one BRACU faculty advisor. The applicants then submit an application to the Director of Co-Curricular Activities, including the club's goals, objectives, a program calendar, and mode of operation, signed by the advisor. The new club's Executive Committee follows the same eligibility rules as any club's committee (see the Executive Committee CGPA/credit requirements). One faculty member can advise only one club at a time, but can additionally co-advise up to one more; a faculty member who isn't an advisor of any club can co-advise up to two.",True,verified_retrieval,Curious about something: what are the basic requirements and application process to start a new club at BRAC University?,0.9888411164283752
"Yes, twice.","Question: Before I forget to ask — has BRAC University ever won the World Universities Debating Championship (WUDC)?
Answer: Yes, twice. In 2013, BRAC Bangladesh A (Ratib Murtaza Ali and Aaqib Farhan Hossain) won the English-as-a-Second-Language (ESL) category at WUDC in Berlin - Bangladesh's first such win. In 2022, BRAC University students Sourodip Paul and Sajid Asbat Khandaker won the WUDC open category outright in Belgrade, becoming the first Asian team ever to win the tournament's top title.

Question: Random question, has BRAC University ever won the World Universities Debating Championship (WUDC)?
Answer: Yes, twice. In 2013, BRAC Bangladesh A (Ratib Murtaza Ali and Aaqib Farhan Hossain) won the English-as-a-Second-Language (ESL) category at WUDC in Berlin - Bangladesh's first such win. In 2022, BRAC University students Sourodip Paul and Sajid Asbat Khandaker won the WUDC open category outright in Belgrade, becoming the first Asian team ever to win the tournament's top title.

Question: Has BRAC University's debate team had recent success in inter-university tournaments?
Answer: Yes, for example Team BRAC-A won the BDC-BUETDC Pre-UADC 2025 tournament (hosted by the BUET Debating Club), beating out 36 teams from across Bangladesh in the United Asians Debating Championship (UADC) format.

Question (Banglish): BRAC University ki kokhono World Universities Debating Championship (WUDC) jitteche?
Answer (English): Yes, twice. In 2013, BRAC Bangladesh A (Ratib Murtaza Ali and Aaqib Farhan Hossain) won the English-as-a-Second-Language (ESL) category at WUDC in Berlin - Bangladesh's first such win. In 2022, BRAC University students Sourodip Paul and Sajid Asbat Khandaker won the WUDC open category outright in Belgrade, becoming the first Asian team ever to win the tournament's top title.

Question: Has BRAC University ever won the World Universities Debating Championship (WUDC)?
Answer: Yes, twice. In 2013, BRAC Bangladesh A (Ratib Murtaza Ali and Aaqib Farhan Hossain) won the English-as-a-Second-Language (ESL) category at WUDC in Berlin - Bangladesh's first such win. In 2022, BRAC University students Sourodip Paul and Sajid Asbat Khandaker won the WUDC open category outright in Belgrade, becoming the first Asian team ever to win the tournament's top title.",True,verified_retrieval,Before I forget to ask — has BRAC University ever won the World Universities Debating Championship (WUDC)?,0.9892868995666504
"In 2013, BRAC Bangladesh A (Ratib Murtaza Ali and Aaqib Farhan Hossain) won the English-as-a-Second-Language (ESL) category at WUDC in Berlin - Bangladesh's first such win.","Question: Before I forget to ask — has BRAC University ever won the World Universities Debating Championship (WUDC)?
Answer: Yes, twice. In 2013, BRAC Bangladesh A (Ratib Murtaza Ali and Aaqib Farhan Hossain) won the English-as-a-Second-Language (ESL) category at WUDC in Berlin - Bangladesh's first such win. In 2022, BRAC University students Sourodip Paul and Sajid Asbat Khandaker won the WUDC open category outright in Belgrade, becoming the first Asian team ever to win the tournament's top title.

Question: Random question, has BRAC University ever won the World Universities Debating Championship (WUDC)?
Answer: Yes, twice. In 2013, BRAC Bangladesh A (Ratib Murtaza Ali and Aaqib Farhan Hossain) won the English-as-a-Second-Language (ESL) category at WUDC in Berlin - Bangladesh's first such win. In 2022, BRAC University students Sourodip Paul and Sajid Asbat Khandaker won the WUDC open category outright in Belgrade, becoming the first Asian team ever to win the tournament's top title.

Question: Has BRAC University's debate team had recent success in inter-university tournaments?
Answer: Yes, for example Team BRAC-A won the BDC-BUETDC Pre-UADC 2025 tournament (hosted by the BUET Debating Club), beating out 36 teams from across Bangladesh in the United Asians Debating Championship (UADC) format.

Question (Banglish): BRAC University ki kokhono World Universities Debating Championship (WUDC) jitteche?
Answer (English): Yes, twice. In 2013, BRAC Bangladesh A (Ratib Murtaza Ali and Aaqib Farhan Hossain) won the English-as-a-Second-Language (ESL) category at WUDC in Berlin - Bangladesh's first such win. In 2022, BRAC University students Sourodip Paul and Sajid Asbat Khandaker won the WUDC open category outright in Belgrade, becoming the first Asian team ever to win the tournament's top title.

Question: Has BRAC University ever won the World Universities Debating Championship (WUDC)?
Answer: Yes, twice. In 2013, BRAC Bangladesh A (Ratib Murtaza Ali and Aaqib Farhan Hossain) won the English-as-a-Second-Language (ESL) category at WUDC in Berlin - Bangladesh's first such win. In 2022, BRAC University students Sourodip Paul and Sajid Asbat Khandaker won the WUDC open category outright in Belgrade, becoming the first Asian team ever to win the tournament's top title.",True,verified_retrieval,Before I forget to ask — has BRAC University ever won the World Universities Debating Championship (WUDC)?,0.9924512505531311
"In 2022, BRAC University students Sourodip Paul and Sajid Asbat Khandaker won the WUDC open category outright in Belgrade, becoming the first Asian team ever to win the tournament's top title.","Question: Before I forget to ask — has BRAC University ever won the World Universities Debating Championship (WUDC)?
Answer: Yes, twice. In 2013, BRAC Bangladesh A (Ratib Murtaza Ali and Aaqib Farhan Hossain) won the English-as-a-Second-Language (ESL) category at WUDC in Berlin - Bangladesh's first such win. In 2022, BRAC University students Sourodip Paul and Sajid Asbat Khandaker won the WUDC open category outright in Belgrade, becoming the first Asian team ever to win the tournament's top title.

Question: Random question, has BRAC University ever won the World Universities Debating Championship (WUDC)?
Answer: Yes, twice. In 2013, BRAC Bangladesh A (Ratib Murtaza Ali and Aaqib Farhan Hossain) won the English-as-a-Second-Language (ESL) category at WUDC in Berlin - Bangladesh's first such win. In 2022, BRAC University students Sourodip Paul and Sajid Asbat Khandaker won the WUDC open category outright in Belgrade, becoming the first Asian team ever to win the tournament's top title.

Question: Has BRAC University's debate team had recent success in inter-university tournaments?
Answer: Yes, for example Team BRAC-A won the BDC-BUETDC Pre-UADC 2025 tournament (hosted by the BUET Debating Club), beating out 36 teams from across Bangladesh in the United Asians Debating Championship (UADC) format.

Question (Banglish): BRAC University ki kokhono World Universities Debating Championship (WUDC) jitteche?
Answer (English): Yes, twice. In 2013, BRAC Bangladesh A (Ratib Murtaza Ali and Aaqib Farhan Hossain) won the English-as-a-Second-Language (ESL) category at WUDC in Berlin - Bangladesh's first such win. In 2022, BRAC University students Sourodip Paul and Sajid Asbat Khandaker won the WUDC open category outright in Belgrade, becoming the first Asian team ever to win the tournament's top title.

Question: Has BRAC University ever won the World Universities Debating Championship (WUDC)?
Answer: Yes, twice. In 2013, BRAC Bangladesh A (Ratib Murtaza Ali and Aaqib Farhan Hossain) won the English-as-a-Second-Language (ESL) category at WUDC in Berlin - Bangladesh's first such win. In 2022, BRAC University students Sourodip Paul and Sajid Asbat Khandaker won the WUDC open category outright in Belgrade, becoming the first Asian team ever to win the tournament's top title.",True,verified_retrieval,Before I forget to ask — has BRAC University ever won the World Universities Debating Championship (WUDC)?,0.9899982810020447
"To access the Multipurpose Hall, go to the Ground Floor and find the lift lobby (2nd escalator), then proceed straight to the West Side, where you will find some seats next to the hall.","Question: How do I access the Multipurpose Hall?
Answer: Ground Floor, Find the lift lobby(2nd escalator); go straight to the West Side, where you will find some seats next to the Multipurpose Hall.

Question: How can I access the Prayer Room for females?
Answer: The Prayer Room is located in front of the indoor Multipurpose Hall and on 6th floor(ZONE-H)

Question (Banglish): Multipurpose Hall e ki type er event hote pare?
Answer (English): The Multipurpose Hall can be used for meetings, seminars, workshops, and social gatherings.

Question: What types of events can be held in the Multipurpose Hall?
Answer: The Multipurpose Hall can be used for meetings, seminars, workshops, and social gatherings.

Question (Banglish): Multipurpose Hall ami kivabe access korbo?
Answer (English): Ground Floor, Find the lift lobby(2nd escalator); go straight to the West Side, where you will find some seats next to the Multipurpose Hall.",True,verified_retrieval,How do I access the Multipurpose Hall?,0.9943405389785767
"The formula BRAC University uses to calculate GPA is the sum of (grade points x credits) for all courses, divided by the sum of credits attempted - i.e., a credit-weighted average, so a 4-credit course affects the GPA more than a 1-credit course.","Question: Can you tell me what the formula BRAC University uses to calculate GPA is?
Answer: GPA is calculated as the sum of (grade points x credits) for all courses, divided by the sum of credits attempted - i.e., a credit-weighted average, so a 4-credit course affects the GPA more than a 1-credit course.

Question: Kind of urgent, but what is the formula BRAC University uses to calculate GPA?
Answer: GPA is calculated as the sum of (grade points x credits) for all courses, divided by the sum of credits attempted - i.e., a credit-weighted average, so a 4-credit course affects the GPA more than a 1-credit course.

Question: I looked around the site but couldn't find it — how is the CGPA calculated?
Answer: To calculate your CGPA, simply sum all your GPAs for each semester and divide it by the sum of the Total Credit Units (TCU) for each semester

Question (Banglish): GPA calculate korte BRAC University kon formula use kore?
Answer (English): GPA is calculated as the sum of (grade points x credits) for all courses, divided by the sum of credits attempted - i.e., a credit-weighted average, so a 4-credit course affects the GPA more than a 1-credit course.

Question: What is the formula BRAC University uses to calculate GPA?
Answer: GPA is calculated as the sum of (grade points x credits) for all courses, divided by the sum of credits attempted - i.e., a credit-weighted average, so a 4-credit course affects the GPA more than a 1-credit course.",True,verified_retrieval,Can you tell me what the formula BRAC University uses to calculate GPA is?,0.12156890332698822
"The procedure to pay your fees in installment is as follows: A form will be shared by gsuite if the facility is available for that particular semester, and you can fill up the form and apply for installment payment.","Question: I looked around the site but couldn't find it — whats the procedure to pay my fees in installment?
Answer: A form will be shared by gsuite if the facility is available for that particular semester and you can fill up the form and apply for installment payment.

Question (Banglish): Installment e fee pay korar procedure ta ki?
Answer (English): A form will be shared by gsuite if the facility is available for that particular semester and you can fill up the form and apply for installment payment.

Question: Can you tell me what the ways of paying the tution fees are?
Answer: BRAC University Payment Manual for Students

Link: https://www.bracu.ac.bd/brac-university-payment-manual-students

USIS Payslip: 

Students can log in to the USIS Link: https://usis.bracu.ac.bd/academia/ to download and print their USIS pay slip, and make payment in any branch of BRAC Bank/ Southeast Bank/ ONE Bank/ Dhaka Bank/ Prime Bank (except agent banking) with their printed USIS pay slip. Confirmation will be done automatically. Students do not have to submit the pay slip physically at Brac University.

 

BRAC Bank Internet Banking:

If a student or his/her guardian has an account with BRAC Bank, they can make payment through BRAC Bank online transactions. BRAC Bank online portal has the option to pay to BRAC University. Once the payment has been made, the confirmation will be done automatically. BRAC Bank online link: https://astha.bracbank.com/ib-retail-web/tenant/index 

 

Payment Gateway (for debit or credit card / bank transfer / mobile banking):

Students can log in to the USIS Link: https://usis.bracu.ac.bd/academia/ and look for the pay slip and select “Proceed to payment” and then “Pay Now” button at the bottom of the pay slip to make online payment through authorized payment gateway with debit or credit card / bank transfer / mobile banking (bKash, Rocket, Nagad, etc.). Students will get payment confirmation ONLY if authorized payment gateway is used with debit or credit card/ bank transfer/ mobile banking. Please refer to USIS pay slip for applicable convenience fee on payment gateway.

Please note that BFTN / EFT/ manual pay slip payment is NOT acceptable.

Question: What are the ways of paying the tution fees?
Answer: BRAC University Payment Manual for Students

Link: https://www.bracu.ac.bd/brac-university-payment-manual-students

USIS Payslip: 

Students can log in to the USIS Link: https://usis.bracu.ac.bd/academia/ to download and print their USIS pay slip, and make payment in any branch of BRAC Bank/ Southeast Bank/ ONE Bank/ Dhaka Bank/ Prime Bank (except agent banking) with their printed USIS pay slip. Confirmation will be done automatically. Students do not have to submit the pay slip physically at Brac University.

 

BRAC Bank Internet Banking:

If a student or his/her guardian has an account with BRAC Bank, they can make payment through BRAC Bank online transactions. BRAC Bank online portal has the option to pay to BRAC University. Once the payment has been made, the confirmation will be done automatically. BRAC Bank online link: https://astha.bracbank.com/ib-retail-web/tenant/index 

 

Payment Gateway (for debit or credit card / bank transfer / mobile banking):

Students can log in to the USIS Link: https://usis.bracu.ac.bd/academia/ and look for the pay slip and select “Proceed to payment” and then “Pay Now” button at the bottom of the pay slip to make online payment through authorized payment gateway with debit or credit card / bank transfer / mobile banking (bKash, Rocket, Nagad, etc.). Students will get payment confirmation ONLY if authorized payment gateway is used with debit or credit card/ bank transfer/ mobile banking. Please refer to USIS pay slip for applicable convenience fee on payment gateway.

Please note that BFTN / EFT/ manual pay slip payment is NOT acceptable.

Question: Whats the procedure to pay my fees in installment?
Answer: A form will be shared by gsuite if the facility is available for that particular semester and you can fill up the form and apply for installment payment.",True,verified_retrieval,I looked around the site but couldn't find it — whats the procedure to pay my fees in installment?,0.5739404559135437
"The Office of the Proctor is responsible for student discipline and campus safety, acting as an intermediary for complaints about harassment, bullying, or intimidation involving anyone affiliated with BRACU - students, faculty, staff, or security personnel.","Question: Hi, what exactly does the Office of the Proctor handle at BRAC University?
Answer: The Office of the Proctor is responsible for student discipline and campus safety, acting as an intermediary for complaints about harassment, bullying, or intimidation involving anyone affiliated with BRACU - students, faculty, staff, or security personnel.

Question: Kind of urgent, but what exactly does the Office of the Proctor handle at BRAC University?
Answer: The Office of the Proctor is responsible for student discipline and campus safety, acting as an intermediary for complaints about harassment, bullying, or intimidation involving anyone affiliated with BRACU - students, faculty, staff, or security personnel.

Question (Banglish): BRAC University te Office of the Proctor thik ki ki dekhe?
Answer (English): The Office of the Proctor is responsible for student discipline and campus safety, acting as an intermediary for complaints about harassment, bullying, or intimidation involving anyone affiliated with BRACU - students, faculty, staff, or security personnel.

Question: What is the function of the Proctor's Office?
Answer: The Proctor's Office oversees academic integrity and student conduct during examinations.

Question: What exactly does the Office of the Proctor handle at BRAC University?
Answer: The Office of the Proctor is responsible for student discipline and campus safety, acting as an intermediary for complaints about harassment, bullying, or intimidation involving anyone affiliated with BRACU - students, faculty, staff, or security personnel.",True,verified_retrieval,"Hi, what exactly does the Office of the Proctor handle at BRAC University?",0.9836139678955078
"No, the service is exclusively for BRAC University students.","Question: Can non-students use the BRAC University transport service?
Answer: No, the service is exclusively for BRAC University students.

Question: Can students without an ID card use the transport service?
Answer: No, students must present a valid BRAC University ID card.

Question (Banglish): BRAC University bus service ke use korte pare?
Answer (English): Only BRAC University students can use this service. Students must show their university ID before boarding. New students must show a photocopy of their payment receipt.

Question: Who can use the BRAC University bus service?
Answer: Only BRAC University students can use this service. Students must show their university ID before boarding. New students must show a photocopy of their payment receipt.

Question (Banglish): Non-student ra ki BRAC University transport service use korte pare?
Answer (English): No, the service is exclusively for BRAC University students.",True,verified_retrieval,Can non-students use the BRAC University transport service?,0.9915542006492615
"The prerequisites for the Cse program are Candidates applying for EEE, ECE, CSE, APE and Physics:HSC/ Equivalent(“B” grade in Physics & Mathematics),A-levels: “C” grade in Physics & Mathematics.","Question: Can you tell me what the prerequisites for the Cse program are?
Answer: Candidates applying for EEE, ECE, CSE, APE and Physics:HSC/ Equivalent(“B” grade in Physics & Mathematics),A-levels: “C” grade in Physics & Mathematics

Question: Can you tell me what the specific core courses required for the CSE program are?
Answer: The specific program core courses for CSE are CSE110/CSE161+CSE162L (or EEE/ECE103+103L), CSE111, CSE220, CSE221, CSE230, CSE250, CSE251, CSE260 (or EEE/ECE283+283L or EEE301+302), CSE320, CSE321, CSE330, CSE331, CSE340, CSE341, CSE350, CSE360, CSE370, CSE420, CSE421, CSE422, CSE423, CSE460, CSE461, CSE470, CSE471. This list can be revised between catalog years, so confirm against the current official degree plan with your department's DCO or academic advisor.

Question: What are the specific core courses required for the CSE program?
Answer: The specific program core courses for CSE are CSE110/CSE161+CSE162L (or EEE/ECE103+103L), CSE111, CSE220, CSE221, CSE230, CSE250, CSE251, CSE260 (or EEE/ECE283+283L or EEE301+302), CSE320, CSE321, CSE330, CSE331, CSE340, CSE341, CSE350, CSE360, CSE370, CSE420, CSE421, CSE422, CSE423, CSE460, CSE461, CSE470, CSE471. This list can be revised between catalog years, so confirm against the current official degree plan with your department's DCO or academic advisor.

Question (Banglish): CSE program er prerequisite gula ki?
Answer (English): Candidates applying for EEE, ECE, CSE, APE and Physics:HSC/ Equivalent(""B"" grade in Physics & Mathematics),A-levels: ""C"" grade in Physics & Mathematics

Question: What are the prerequisites for the Cse program?
Answer: Candidates applying for EEE, ECE, CSE, APE and Physics:HSC/ Equivalent(“B” grade in Physics & Mathematics),A-levels: “C” grade in Physics & Mathematics",True,verified_retrieval,Can you tell me what the prerequisites for the Cse program are?,0.9099765419960022
"After conducting an online event or offline event, a report on the event with details needs to be submitted to <student_org@bracu.ac.bd> within 7 working days.","Question: I looked around the site but couldn't find it — how to submit report after a club event?
Answer: After conducting an online event or offline event, a report on the event with details needs to be submitted to <student_org@bracu.ac.bd> within 7 working days. Without the report, future proposals will not be accepted and approved.

• The report must contain a minimum of 500 words to a maximum of 1000 words with detailed activities, discussion, social impact, and outcome. If you get any media, coverage please provide the link.

• The social media data must be included in the report such as the number of attendees, likes, shares, views, and comments. For the best accuracy please collect this information immediately after the event is completed.

• After receiving and reviewing the appropriate report, we will complete the event or online program. Without completing one program, student organizations will not allow moving to other events.

Question: Hey, how to submit report after a club event?
Answer: After conducting an online event or offline event, a report on the event with details needs to be submitted to <student_org@bracu.ac.bd> within 7 working days. Without the report, future proposals will not be accepted and approved.

• The report must contain a minimum of 500 words to a maximum of 1000 words with detailed activities, discussion, social impact, and outcome. If you get any media, coverage please provide the link.

• The social media data must be included in the report such as the number of attendees, likes, shares, views, and comments. For the best accuracy please collect this information immediately after the event is completed.

• After receiving and reviewing the appropriate report, we will complete the event or online program. Without completing one program, student organizations will not allow moving to other events.

Question: I looked around the site but couldn't find it — can more than one student from the same group submit the registration form?
Answer: No, only one student is allowed to register for their Thesis.

Question: I looked around the site but couldn't find it — where can students participate in clubs and activities?
Answer: Club Activity Rooms are located on the 6th Floor.

Question: How to submit report after a club event?
Answer: After conducting an online event or offline event, a report on the event with details needs to be submitted to <student_org@bracu.ac.bd> within 7 working days. Without the report, future proposals will not be accepted and approved.

• The report must contain a minimum of 500 words to a maximum of 1000 words with detailed activities, discussion, social impact, and outcome. If you get any media, coverage please provide the link.

• The social media data must be included in the report such as the number of attendees, likes, shares, views, and comments. For the best accuracy please collect this information immediately after the event is completed.

• After receiving and reviewing the appropriate report, we will complete the event or online program. Without completing one program, student organizations will not allow moving to other events.",True,verified_retrieval,I looked around the site but couldn't find it — how to submit report after a club event?,0.9779601693153381
"The report must contain a minimum of 500 words to a maximum of 1000 words with detailed activities, discussion, social impact, and outcome.","Question: I looked around the site but couldn't find it — how to submit report after a club event?
Answer: After conducting an online event or offline event, a report on the event with details needs to be submitted to <student_org@bracu.ac.bd> within 7 working days. Without the report, future proposals will not be accepted and approved.

• The report must contain a minimum of 500 words to a maximum of 1000 words with detailed activities, discussion, social impact, and outcome. If you get any media, coverage please provide the link.

• The social media data must be included in the report such as the number of attendees, likes, shares, views, and comments. For the best accuracy please collect this information immediately after the event is completed.

• After receiving and reviewing the appropriate report, we will complete the event or online program. Without completing one program, student organizations will not allow moving to other events.

Question: Hey, how to submit report after a club event?
Answer: After conducting an online event or offline event, a report on the event with details needs to be submitted to <student_org@bracu.ac.bd> within 7 working days. Without the report, future proposals will not be accepted and approved.

• The report must contain a minimum of 500 words to a maximum of 1000 words with detailed activities, discussion, social impact, and outcome. If you get any media, coverage please provide the link.

• The social media data must be included in the report such as the number of attendees, likes, shares, views, and comments. For the best accuracy please collect this information immediately after the event is completed.

• After receiving and reviewing the appropriate report, we will complete the event or online program. Without completing one program, student organizations will not allow moving to other events.

Question: I looked around the site but couldn't find it — can more than one student from the same group submit the registration form?
Answer: No, only one student is allowed to register for their Thesis.

Question: I looked around the site but couldn't find it — where can students participate in clubs and activities?
Answer: Club Activity Rooms are located on the 6th Floor.

Question: How to submit report after a club event?
Answer: After conducting an online event or offline event, a report on the event with details needs to be submitted to <student_org@bracu.ac.bd> within 7 working days. Without the report, future proposals will not be accepted and approved.

• The report must contain a minimum of 500 words to a maximum of 1000 words with detailed activities, discussion, social impact, and outcome. If you get any media, coverage please provide the link.

• The social media data must be included in the report such as the number of attendees, likes, shares, views, and comments. For the best accuracy please collect this information immediately after the event is completed.

• After receiving and reviewing the appropriate report, we will complete the event or online program. Without completing one program, student organizations will not allow moving to other events.",True,verified_retrieval,I looked around the site but couldn't find it — how to submit report after a club event?,0.985569179058075
"If you get any media, coverage please provide the link.","Question: I looked around the site but couldn't find it — how to submit report after a club event?
Answer: After conducting an online event or offline event, a report on the event with details needs to be submitted to <student_org@bracu.ac.bd> within 7 working days. Without the report, future proposals will not be accepted and approved.

• The report must contain a minimum of 500 words to a maximum of 1000 words with detailed activities, discussion, social impact, and outcome. If you get any media, coverage please provide the link.

• The social media data must be included in the report such as the number of attendees, likes, shares, views, and comments. For the best accuracy please collect this information immediately after the event is completed.

• After receiving and reviewing the appropriate report, we will complete the event or online program. Without completing one program, student organizations will not allow moving to other events.

Question: Hey, how to submit report after a club event?
Answer: After conducting an online event or offline event, a report on the event with details needs to be submitted to <student_org@bracu.ac.bd> within 7 working days. Without the report, future proposals will not be accepted and approved.

• The report must contain a minimum of 500 words to a maximum of 1000 words with detailed activities, discussion, social impact, and outcome. If you get any media, coverage please provide the link.

• The social media data must be included in the report such as the number of attendees, likes, shares, views, and comments. For the best accuracy please collect this information immediately after the event is completed.

• After receiving and reviewing the appropriate report, we will complete the event or online program. Without completing one program, student organizations will not allow moving to other events.

Question: I looked around the site but couldn't find it — can more than one student from the same group submit the registration form?
Answer: No, only one student is allowed to register for their Thesis.

Question: I looked around the site but couldn't find it — where can students participate in clubs and activities?
Answer: Club Activity Rooms are located on the 6th Floor.

Question: How to submit report after a club event?
Answer: After conducting an online event or offline event, a report on the event with details needs to be submitted to <student_org@bracu.ac.bd> within 7 working days. Without the report, future proposals will not be accepted and approved.

• The report must contain a minimum of 500 words to a maximum of 1000 words with detailed activities, discussion, social impact, and outcome. If you get any media, coverage please provide the link.

• The social media data must be included in the report such as the number of attendees, likes, shares, views, and comments. For the best accuracy please collect this information immediately after the event is completed.

• After receiving and reviewing the appropriate report, we will complete the event or online program. Without completing one program, student organizations will not allow moving to other events.",True,verified_retrieval,I looked around the site but couldn't find it — how to submit report after a club event?,0.9815510511398315
The Syndicate at BRAC University is the body that supervises the university's academic and administrative functions.,"Question: Can you tell me what the Syndicate at BRAC University is?
Answer: The Syndicate, chaired by the Vice-Chancellor, supervises the university's academic and administrative functions.

Question: What is the Syndicate at BRAC University?
Answer: The Syndicate, chaired by the Vice-Chancellor, supervises the university's academic and administrative functions.

Question: When was BRAC University's current administrative/governance structure established?
Answer: BRAC University's current governance structure (Board of Trustees, Syndicate, and Academic Council as currently organized) was established in 2011, a decade after the university's 2001 founding.

Question (Banglish): BRAC University er Syndicate bolte thik ki bujhay?
Answer (English): The Syndicate, chaired by the Vice-Chancellor, supervises the university's academic and administrative functions.

Question: I wanted to ask, what is the Syndicate at BRAC University?
Answer: The Syndicate, chaired by the Vice-Chancellor, supervises the university's academic and administrative functions.",True,verified_retrieval,Can you tell me what the Syndicate at BRAC University is?,0.12041216343641281
"The eligibility criteria for receiving financial aid at BRAC University are based on demonstrated financial need, and students may also receive special consideration if they come from disadvantaged backgrounds or are facing extraordinary circumstances.","Question: Can you tell me what the eligibility criteria for receiving financial aid are?
Answer: BRAC University offers financial aid to students based on demonstrated financial need. Financial aid eligibility is reassessed regularly, and students may need to maintain satisfactory academic performance. Special consideration may be given to students from disadvantaged backgrounds or those facing extraordinary circumstances. The Financial Aid Office can provide more detailed information on the application process.

Question (Banglish): Financial aid pete eligibility criteria ki ki?
Answer (English): BRAC University offers financial aid to students based on demonstrated financial need. Financial aid eligibility is reassessed regularly, and students may need to maintain satisfactory academic performance. Special consideration may be given to students from disadvantaged backgrounds or those facing extraordinary circumstances. The Financial Aid Office can provide more detailed information on the application process.

Question: What are the requirements for maintaining financial aid eligibility?
Answer: At BRAC University, students must maintain a minimum CGPA of 3.25, be enrolled full-time, meet satisfactory academic progress, follow the code of conduct, and sometimes demonstrate ongoing financial need to maintain financial aid eligibility.

Question: Can you tell me what the requirements for maintaining financial aid eligibility are?
Answer: At BRAC University, students must maintain a minimum CGPA of 3.25, be enrolled full-time, meet satisfactory academic progress, follow the code of conduct, and sometimes demonstrate ongoing financial need to maintain financial aid eligibility.

Question: What are the eligibility criteria for receiving financial aid?
Answer: BRAC University offers financial aid to students based on demonstrated financial need. Financial aid eligibility is reassessed regularly, and students may need to maintain satisfactory academic performance. Special consideration may be given to students from disadvantaged backgrounds or those facing extraordinary circumstances. The Financial Aid Office can provide more detailed information on the application process.",True,verified_retrieval,Can you tell me what the eligibility criteria for receiving financial aid are?,0.005853698123246431
"No, based on published notices, there is no fee to collect your certificate at the time of Convocation itself; fees apply if you request documents outside of that window.","Question: For a friend who's asking — do I need to pay any fee to collect my degree certificate at Convocation?
Answer: No, based on published notices, there is no fee to collect your certificate at the time of Convocation itself; fees apply if you request documents outside of that window.

Question: Do I need to pay any fee to collect my degree certificate at Convocation?
Answer: No, based on published notices, there is no fee to collect your certificate at the time of Convocation itself; fees apply if you request documents outside of that window.

Question (Banglish): Degree processing ar certificate er fee koto?
Answer (English): - Degree Processing Fee: BDT 10,000
- Provisional Certificate: BDT 1,000
- Emergency Provisional Certificate: BDT 2,500
- Degree Completion Letter: BDT 200

Question (Banglish): Convocation e degree certificate collect korte ki amake fee dite hobe?
Answer (English): No, based on published notices, there is no fee to collect your certificate at the time of Convocation itself; fees apply if you request documents outside of that window.

Question: Am I required to need to pay any fee to collect my degree certificate at Convocation?
Answer: No, based on published notices, there is no fee to collect your certificate at the time of Convocation itself; fees apply if you request documents outside of that window.",True,verified_retrieval,For a friend who's asking — do I need to pay any fee to collect my degree certificate at Convocation?,0.9921911358833313
"No - tuition fee waivers and scholarships, including the BRAC Scholarship, are not applied to retake or repeat courses; you'd need to pay for the retake yourself.","Question: I'm an international student on the BRAC Scholarship with a 3.1 CGPA, but I need to retake a course I failed. Will my scholarship cover the retake fee?
Answer: No - tuition fee waivers and scholarships, including the BRAC Scholarship, are not applied to retake or repeat courses; you'd need to pay for the retake yourself. Separately, since you failed a course, you also won't be considered for the tuition fee waiver for the following two semesters even on your other coursework, regardless of your CGPA being above the 3.0 minimum.

Question: I'm on the Merit Scholarship and I failed one course this semester. Does that affect my scholarship the same way it would affect an international student's BRAC Scholarship?
Answer: Not necessarily the same way - the rules differ by scholarship. For the international BRAC Scholarship, failing a course makes you ineligible for the tuition fee waiver for the next two semesters. The Merit Scholarship (based on BRACU academic results) is instead tied to maintaining a specific CGPA each semester to keep the award active going forward - so a single failed course's impact would show up through its effect on your CGPA meeting that semester's required threshold, rather than through an automatic two-semester penalty like the BRAC Scholarship's rule.

Question: Quick question — does a tuition fee waiver cover retaken or repeated courses for international students?
Answer: No. Tuition fee waivers and scholarships are not applied to retake or repeat subjects - the student must pay for those separately at their own cost.

Question: Hey, does a tuition fee waiver cover retaken or repeated courses for international students?
Answer: No. Tuition fee waivers and scholarships are not applied to retake or repeat subjects - the student must pay for those separately at their own cost.

Question (Banglish): International student der retake ba repeat kora course e ki tuition fee waiver cover kore?
Answer (English): No. Tuition fee waivers and scholarships are not applied to retake or repeat subjects - the student must pay for those separately at their own cost.",True,verified_retrieval,"I'm an international student on the BRAC Scholarship with a 3.1 CGPA, but I need to retake a course I failed. Will my scholarship cover the retake fee?",0.992676317691803
"Students typically spend their first months building a literature review and research plan, aiming to upgrade from MPhil to PhD status within 9 months of starting.","Question: How is the Joint PhD program with SOAS structured over time?
Answer: Students typically spend their first months building a literature review and research plan, aiming to upgrade from MPhil to PhD status within 9 months of starting. Year 2 is generally dedicated to field research, and Year 3 to analysis and writing up, with the final award being a Joint PhD from SOAS University of London and BRAC University.

Question (Banglish): Ei joint PhD program e student ra ki London na thakleo Bangladesh theke korte parbe?
Answer (English): Yes, some PhD students are based in Bangladesh; SOAS research training components are designed to be offered in a hybrid format so that Bangladesh-based students can still participate.

Question: Does BRAC University offer a PhD program?
Answer: Yes, BRAC University offers a Joint PhD in the Political Economy of Development, run together with SOAS University of London, through BRAC University's research institute, the BRAC Institute of Governance and Development (BIGD).

Question: Can PhD students in this joint program be based in Bangladesh rather than London?
Answer: Yes, some PhD students are based in Bangladesh; SOAS research training components are designed to be offered in a hybrid format so that Bangladesh-based students can still participate.

Question (Banglish): SOAS er shathe Joint PhD program shomoyer shathe kivabe structured?
Answer (English): Students typically spend their first months building a literature review and research plan, aiming to upgrade from MPhil to PhD status within 9 months of starting. Year 2 is generally dedicated to field research, and Year 3 to analysis and writing up, with the final award being a Joint PhD from SOAS University of London and BRAC University.",True,verified_retrieval,How is the Joint PhD program with SOAS structured over time?,0.9883313775062561
"Year 2 is generally dedicated to field research, and Year 3 to analysis and writing up, with the final award being a Joint PhD from SOAS University of London and BRAC University.","Question: How is the Joint PhD program with SOAS structured over time?
Answer: Students typically spend their first months building a literature review and research plan, aiming to upgrade from MPhil to PhD status within 9 months of starting. Year 2 is generally dedicated to field research, and Year 3 to analysis and writing up, with the final award being a Joint PhD from SOAS University of London and BRAC University.

Question (Banglish): Ei joint PhD program e student ra ki London na thakleo Bangladesh theke korte parbe?
Answer (English): Yes, some PhD students are based in Bangladesh; SOAS research training components are designed to be offered in a hybrid format so that Bangladesh-based students can still participate.

Question: Does BRAC University offer a PhD program?
Answer: Yes, BRAC University offers a Joint PhD in the Political Economy of Development, run together with SOAS University of London, through BRAC University's research institute, the BRAC Institute of Governance and Development (BIGD).

Question: Can PhD students in this joint program be based in Bangladesh rather than London?
Answer: Yes, some PhD students are based in Bangladesh; SOAS research training components are designed to be offered in a hybrid format so that Bangladesh-based students can still participate.

Question (Banglish): SOAS er shathe Joint PhD program shomoyer shathe kivabe structured?
Answer (English): Students typically spend their first months building a literature review and research plan, aiming to upgrade from MPhil to PhD status within 9 months of starting. Year 2 is generally dedicated to field research, and Year 3 to analysis and writing up, with the final award being a Joint PhD from SOAS University of London and BRAC University.",True,verified_retrieval,How is the Joint PhD program with SOAS structured over time?,0.9864691495895386
"Additionally, you will need to provide supporting documents for applying for Sibling Scholarship, which include photocopies of National ID Cards/Passports of both the applicant and parents, passport-size photos of both siblings, photocopied BracU Grade sheet and advising sheet of both siblings, and transcripts of HSC & SSC/A level & O level of both siblings.","Question: My brother/sister is studying at BracU, how would I apply for Sibling Scholarship?
Answer: Tuition fee waiver is awarded to one of the siblings who will enroll later at Brac
University.

Supporting documents for applying for Sibling Scholarship:

a) Photocopy of National ID Cards/Passports of both the applicant and parents
b) Passport-size photos of both the siblings,
c) Photocopy of BracU Grade sheet of both the siblings,
d) Photocopy of BracU advising sheet of both the siblings,
e) Photocopy of Transcript of HSC & SSC/ A level & O level of both the siblings

Question: How can I apply for the scholarship?
Answer: 1. Students who are eligible for Scholarship Based on Previous Academic Results / Sibling Scholarship / BRAC Scholarship / Physically Challenged Students / Children of Freedom Fighter / Debater’s Blue Scholarship / Children of Brac University Regular Confirmed Employee will have to apply for the first time through BracU prescribed form which is available at the Brac University website (https://www.bracu.ac.bd/admission/scholarships-financial-aid) and submit it to the International & Scholarship Office, Brac University or email the scan copy to: scholarship@bracu.ac.bd 

2. Those students who are eligible under Merit Scholarship Based on Brac University Academic Results and Scholarship Based on Brac University Admission Test Result are not required to apply as a scholarship will be awarded automatically. 

3. Those students who are already availing of scholarships/financial aid are not required to apply further. If they fulfill all the conditions of the scholarship, they will be awarded automatically. 

4. If the scholarship /financial aid of a student is discontinued for one or more than one semester, s/he needs to re-apply through BracU prescribed form after fulfilling the eligibility criteria.

Question (Banglish): Scholarship er jonno ami kivabe apply korbo?
Answer (English): 1. Students who are eligible for Scholarship Based on Previous Academic Results / Sibling Scholarship / BRAC Scholarship / Physically Challenged Students / Children of Freedom Fighter / Debater's Blue Scholarship / Children of Brac University Regular Confirmed Employee will have to apply for the first time through BracU prescribed form which is available at the Brac University website (https://www.bracu.ac.bd/admission/scholarships-financial-aid) and submit it to the International & Scholarship Office, Brac University or email the scan copy to: scholarship@bracu.ac.bd 

2. Those students who are eligible under Merit Scholarship Based on Brac University Academic Results and Scholarship Based on Brac University Admission Test Result are not required to apply as a scholarship will be awarded automatically. 

3. Those students who are already availing of scholarships/financial aid are not required to apply further. If they fulfill all the conditions of the scholarship, they will be awarded automatically. 

4. If the scholarship /financial aid of a student is discontinued for one or more than one semester, s/he needs to re-apply through BracU prescribed form after fulfilling the eligibility criteria.

Question: What steps do I need to follow to apply for the scholarship?
Answer: 1. Students who are eligible for Scholarship Based on Previous Academic Results / Sibling Scholarship / BRAC Scholarship / Physically Challenged Students / Children of Freedom Fighter / Debater’s Blue Scholarship / Children of Brac University Regular Confirmed Employee will have to apply for the first time through BracU prescribed form which is available at the Brac University website (https://www.bracu.ac.bd/admission/scholarships-financial-aid) and submit it to the International & Scholarship Office, Brac University or email the scan copy to: scholarship@bracu.ac.bd 

2. Those students who are eligible under Merit Scholarship Based on Brac University Academic Results and Scholarship Based on Brac University Admission Test Result are not required to apply as a scholarship will be awarded automatically. 

3. Those students who are already availing of scholarships/financial aid are not required to apply further. If they fulfill all the conditions of the scholarship, they will be awarded automatically. 

4. If the scholarship /financial aid of a student is discontinued for one or more than one semester, s/he needs to re-apply through BracU prescribed form after fulfilling the eligibility criteria.

Question (Banglish): Amar bhai/bon BracU te poreche, Sibling Scholarship er jonno ami kivabe apply korbo?
Answer (English): Tuition fee waiver is awarded to one of the siblings who will enroll later at Brac
University.

Supporting documents for applying for Sibling Scholarship:

a) Photocopy of National ID Cards/Passports of both the applicant and parents
b) Passport-size photos of both the siblings,
c) Photocopy of BracU Grade sheet of both the siblings,
d) Photocopy of BracU advising sheet of both the siblings,
e) Photocopy of Transcript of HSC & SSC/ A level & O level of both the siblings",True,verified_retrieval,"My brother/sister is studying at BracU, how would I apply for Sibling Scholarship?",0.979386031627655
The first outbound timing for Route-02 (Mirpur-A) is 2:05 PM.,"Question: What is the first outbound timing for Route-02 (Mirpur-A)?
Answer: Route-02 (Mirpur-A): First trip departs at 2:05 PM.

Question (Banglish): Route-02 (Mirpur-A) er first outbound timing ta ki?
Answer (English): Route-02 (Mirpur-A): First trip departs at 2:05 PM.

Question: What is the first outbound timing for Route-01 (Abdullahpur)?
Answer: Route-01 (Abdullahpur): First trip departs at 2:05 PM.

Question (Banglish): Route-02 (Mirpur-B) er first outbound timing ta ki?
Answer (English): Route-02 (Mirpur-B): First trip departs at 2:05 PM.

Question: What is the first outbound timing for Route-02 (Mirpur-B)?
Answer: Route-02 (Mirpur-B): First trip departs at 2:05 PM.",True,verified_retrieval,What is the first outbound timing for Route-02 (Mirpur-A)?,0.9780400991439819
The requirements for a student to apply for an internship are that they must apply to the Chairperson of the CSE Department and may suggest a company with a detailed profile for approval.,"Question: Can you tell me what required for a student to apply for an internship is?
Answer: The student must apply to the Chairperson of the CSE Department and may suggest a company with a detailed profile for approval.

Question (Banglish): Internship er jonno apply korte student er ki lagbe?
Answer (English): The student must apply to the Chairperson of the CSE Department and may suggest a company with a detailed profile for approval.

Question: What is a Provisional Certificate and how do I apply for one?
Answer: A Provisional Certificate/Degree Completion Letter confirms you've finished your degree before your official certificate is ready. You apply for it as part of Degree Processing after completing all required courses/thesis/project/internship, by submitting the degree application form (from your department's DCO) along with the required fees.

Question: Can you tell me what the CGPA requirement for eligibility to start a project/internship is?
Answer: CGPA equal to or above 2.0.

Question: What is required for a student to apply for an internship?
Answer: The student must apply to the Chairperson of the CSE Department and may suggest a company with a detailed profile for approval.",True,verified_retrieval,Can you tell me what required for a student to apply for an internship is?,0.007383938413113356
"You can contact Librarian at: librarian@bracu.ac.bd, hasina@bracu.ac.bd
Deputy Librarian: nasiruddin@bracu.ac.bd, murtoza@bracu.ac.bd","Question: Provide me the contact information of library staffs.
Answer: You can contact Librarian at: librarian@bracu.ac.bd, hasina@bracu.ac.bd
Deputy Librarian: nasiruddin@bracu.ac.bd, murtoza@bracu.ac.bd

Question: Can someone help — provide me the contact information of library staffs?
Answer: You can contact Librarian at: librarian@bracu.ac.bd, hasina@bracu.ac.bd
Deputy Librarian: nasiruddin@bracu.ac.bd, murtoza@bracu.ac.bd

Question: For a friend who's asking — provide me the contact information of library staffs?
Answer: You can contact Librarian at: librarian@bracu.ac.bd, hasina@bracu.ac.bd
Deputy Librarian: nasiruddin@bracu.ac.bd, murtoza@bracu.ac.bd

Question: I wanted to ask, provide me the contact information of library staffs?
Answer: You can contact Librarian at: librarian@bracu.ac.bd, hasina@bracu.ac.bd
Deputy Librarian: nasiruddin@bracu.ac.bd, murtoza@bracu.ac.bd

Question: This might be a silly question, but provide me the contact information of library staffs?
Answer: You can contact Librarian at: librarian@bracu.ac.bd, hasina@bracu.ac.bd
Deputy Librarian: nasiruddin@bracu.ac.bd, murtoza@bracu.ac.bd",True,verified_retrieval,Provide me the contact information of library staffs.,0.9184495806694031
Students should aim to arrive at the exam hall at least 15 to 30 minutes before the scheduled start time of their exam.,"Question: Not sure if this is covered elsewhere, but how early should students arrive at the exam hall?
Answer: Students should aim to arrive at the exam hall at least 15 to 30 minutes before the scheduled start time of their exam.

Question: Curious about something: how early should students arrive at the exam hall?
Answer: Students should aim to arrive at the exam hall at least 15 to 30 minutes before the scheduled start time of their exam.

Question: Not sure if this is covered elsewhere, but how soon are make-up exams scheduled after the original exam date?
Answer: Students unable to appear in the final exams may sit for the final makeup exams on the dates decided by the department/school which be within 4 weeks of the following semester.

Question (Banglish): Exam hall e student der koto age ashte hobe?
Answer (English): Students should aim to arrive at the exam hall at least 15 to 30 minutes before the scheduled start time of their exam.

Question: How early should students arrive at the exam hall?
Answer: Students should aim to arrive at the exam hall at least 15 to 30 minutes before the scheduled start time of their exam.",True,verified_retrieval,"Not sure if this is covered elsewhere, but how early should students arrive at the exam hall?",0.9863879680633545
"BuX is BRAC University's online learning platform, built on the same open-source platform originally developed by MIT and Harvard (Open edX).","Question: What platform is buX built on, and when was it launched?
Answer: BuX is BRAC University's online learning platform, built on the same open-source platform originally developed by MIT and Harvard (Open edX). It was launched in 2020 in response to the shift to online learning during the COVID-19 pandemic.

Question: New student here, what platform is buX built on, and when was it launched?
Answer: BuX is BRAC University's online learning platform, built on the same open-source platform originally developed by MIT and Harvard (Open edX). It was launched in 2020 in response to the shift to online learning during the COVID-19 pandemic.

Question (Banglish): buX kon platform e toiri, ar eta kobe launch hoyechilo?
Answer (English): BuX is BRAC University's online learning platform, built on the same open-source platform originally developed by MIT and Harvard (Open edX). It was launched in 2020 in response to the shift to online learning during the COVID-19 pandemic.

Question: Sorry if this was already answered, but what platform is buX built on, and when was it launched?
Answer: BuX is BRAC University's online learning platform, built on the same open-source platform originally developed by MIT and Harvard (Open edX). It was launched in 2020 in response to the shift to online learning during the COVID-19 pandemic.

Question: Random question, what platform is buX built on, and when was it launched?
Answer: BuX is BRAC University's online learning platform, built on the same open-source platform originally developed by MIT and Harvard (Open edX). It was launched in 2020 in response to the shift to online learning during the COVID-19 pandemic.",True,verified_retrieval,"What platform is buX built on, and when was it launched?",0.9894485473632812
It was launched in 2020 in response to the shift to online learning during the COVID-19 pandemic.,"Question: What platform is buX built on, and when was it launched?
Answer: BuX is BRAC University's online learning platform, built on the same open-source platform originally developed by MIT and Harvard (Open edX). It was launched in 2020 in response to the shift to online learning during the COVID-19 pandemic.

Question: New student here, what platform is buX built on, and when was it launched?
Answer: BuX is BRAC University's online learning platform, built on the same open-source platform originally developed by MIT and Harvard (Open edX). It was launched in 2020 in response to the shift to online learning during the COVID-19 pandemic.

Question (Banglish): buX kon platform e toiri, ar eta kobe launch hoyechilo?
Answer (English): BuX is BRAC University's online learning platform, built on the same open-source platform originally developed by MIT and Harvard (Open edX). It was launched in 2020 in response to the shift to online learning during the COVID-19 pandemic.

Question: Sorry if this was already answered, but what platform is buX built on, and when was it launched?
Answer: BuX is BRAC University's online learning platform, built on the same open-source platform originally developed by MIT and Harvard (Open edX). It was launched in 2020 in response to the shift to online learning during the COVID-19 pandemic.

Question: Random question, what platform is buX built on, and when was it launched?
Answer: BuX is BRAC University's online learning platform, built on the same open-source platform originally developed by MIT and Harvard (Open edX). It was launched in 2020 in response to the shift to online learning during the COVID-19 pandemic.",True,verified_retrieval,"What platform is buX built on, and when was it launched?",0.989532470703125
"Before the current 'Connect' Student Lifecycle Management System, students used a system called USIS (University Student Information System) for functions like registration, pay slips, and academic records.","Question: Hi, what was BRAC University's student system called before it became 'Connect'?
Answer: Before the current 'Connect' Student Lifecycle Management System, students used a system called USIS (University Student Information System) for functions like registration, pay slips, and academic records.

Question: Just wondering, what was BRAC University's student system called before it became 'Connect'?
Answer: Before the current 'Connect' Student Lifecycle Management System, students used a system called USIS (University Student Information System) for functions like registration, pay slips, and academic records.

Question (Banglish): Connect howar age BRAC University er student system er naam ki chilo?
Answer (English): Before the current 'Connect' Student Lifecycle Management System, students used a system called USIS (University Student Information System) for functions like registration, pay slips, and academic records.

Question: Can you tell me what BRAC University's student system called before it became 'Connect' was?
Answer: Before the current 'Connect' Student Lifecycle Management System, students used a system called USIS (University Student Information System) for functions like registration, pay slips, and academic records.

Question: What was BRAC University's student system called before it became 'Connect'?
Answer: Before the current 'Connect' Student Lifecycle Management System, students used a system called USIS (University Student Information System) for functions like registration, pay slips, and academic records.",True,verified_retrieval,What was BRAC University's student system called before it became 'Connect'?,0.989167332649231
"The Early Childhood Development (ECD) program takes approximately 1.5 to 2 years to complete after completing 9 core courses, depending on whether students choose to stop at the Postgraduate Diploma level or continue on to the full MSc.","Question: How long does the Early Childhood Development (ECD) program take to complete?
Answer: After completing 9 core courses, students can choose to stop at the Postgraduate Diploma (PGD) level, which takes about 18 months, or continue on to the full MSc, which takes about 24 months (2 years) in total.

Question: How long does the Bachelor of Architecture program typically take to complete?
Answer: The Bachelor of Architecture requires 207 credits total. With a typical load of around 15 credits per semester, the program is recommended to take about 5 years (15 semesters) to complete, though students may take up to 21 credits per semester depending on academic standing and advisor approval.

Question: I wanted to ask, how long does the Bachelor of Architecture program typically take to complete?
Answer: The Bachelor of Architecture requires 207 credits total. With a typical load of around 15 credits per semester, the program is recommended to take about 5 years (15 semesters) to complete, though students may take up to 21 credits per semester depending on academic standing and advisor approval.

Question: Can you tell me who is the Early Childhood Development program aimed at?
Answer: It's designed for a wide range of people interested in child development - from fresh graduates to experienced school teachers, principals, NGO and government professionals, curriculum developers, researchers, and evaluation specialists.

Question (Banglish): Early Childhood Development (ECD) program complete korte koto shomoy lage?
Answer (English): After completing 9 core courses, students can choose to stop at the Postgraduate Diploma (PGD) level, which takes about 18 months, or continue on to the full MSc, which takes about 24 months (2 years) in total.",True,verified_retrieval,How long does the Early Childhood Development (ECD) program take to complete?,0.01382414996623993
Yes.,"Question: Does BRAC University offer any short professional certificate courses outside its degree programs?
Answer: Yes. For example, BRAC University partnered with Swisscontact Bangladesh to launch a Professional Certificate Course on Environmental, Social and Governance (ESG), aimed at industry professionals - its first batch began in February 2026, aimed particularly at export-oriented sectors like ready-made garments.

Question: Does BRAC University offer any online courses?
Answer: We do not offer online courses or degree programs.

Question (Banglish): BRAC University ki kono online course offer kore?
Answer (English): We do not offer online courses or degree programs.

Question: Just wondering, does BRAC University offer any online courses?
Answer: We do not offer online courses or degree programs.

Question (Banglish): BRAC University ki degree program er baire kono short professional certificate course offer kore?
Answer (English): Yes. For example, BRAC University partnered with Swisscontact Bangladesh to launch a Professional Certificate Course on Environmental, Social and Governance (ESG), aimed at industry professionals - its first batch began in February 2026, aimed particularly at export-oriented sectors like ready-made garments.",True,verified_retrieval,Does BRAC University offer any short professional certificate courses outside its degree programs?,0.9830501675605774
"For example, BRAC University partnered with Swisscontact Bangladesh to launch a Professional Certificate Course on Environmental, Social and Governance (ESG), aimed at industry professionals - its first batch began in February 2026, aimed particularly at export-oriented sectors like ready-made garments.","Question: Does BRAC University offer any short professional certificate courses outside its degree programs?
Answer: Yes. For example, BRAC University partnered with Swisscontact Bangladesh to launch a Professional Certificate Course on Environmental, Social and Governance (ESG), aimed at industry professionals - its first batch began in February 2026, aimed particularly at export-oriented sectors like ready-made garments.

Question: Does BRAC University offer any online courses?
Answer: We do not offer online courses or degree programs.

Question (Banglish): BRAC University ki kono online course offer kore?
Answer (English): We do not offer online courses or degree programs.

Question: Just wondering, does BRAC University offer any online courses?
Answer: We do not offer online courses or degree programs.

Question (Banglish): BRAC University ki degree program er baire kono short professional certificate course offer kore?
Answer (English): Yes. For example, BRAC University partnered with Swisscontact Bangladesh to launch a Professional Certificate Course on Environmental, Social and Governance (ESG), aimed at industry professionals - its first batch began in February 2026, aimed particularly at export-oriented sectors like ready-made garments.",True,verified_retrieval,Does BRAC University offer any short professional certificate courses outside its degree programs?,0.9865955710411072
The Office of the Proctor handles student discipline and campus safety matters.,"Question: Who handles student discipline and safety issues on campus?
Answer: The Office of the Proctor handles student discipline and campus safety matters. It can be reached at proctor@bracu.ac.bd or by phone, and is open 9:00 AM to 5:30 PM.

Question: What exactly does the Office of the Proctor handle at BRAC University?
Answer: The Office of the Proctor is responsible for student discipline and campus safety, acting as an intermediary for complaints about harassment, bullying, or intimidation involving anyone affiliated with BRACU - students, faculty, staff, or security personnel.

Question: Kind of urgent, but what exactly does the Office of the Proctor handle at BRAC University?
Answer: The Office of the Proctor is responsible for student discipline and campus safety, acting as an intermediary for complaints about harassment, bullying, or intimidation involving anyone affiliated with BRACU - students, faculty, staff, or security personnel.

Question: Hi, what exactly does the Office of the Proctor handle at BRAC University?
Answer: The Office of the Proctor is responsible for student discipline and campus safety, acting as an intermediary for complaints about harassment, bullying, or intimidation involving anyone affiliated with BRACU - students, faculty, staff, or security personnel.

Question (Banglish): Campus e student discipline ar safety issue ke handle kore?
Answer (English): The Office of the Proctor handles student discipline and campus safety matters. It can be reached at proctor@bracu.ac.bd or by phone, and is open 9:00 AM to 5:30 PM.",True,verified_retrieval,Who handles student discipline and safety issues on campus?,0.9916312098503113
"It can be reached at proctor@bracu.ac.bd or by phone, and is open 9:00 AM to 5:30 PM.","Question: Who handles student discipline and safety issues on campus?
Answer: The Office of the Proctor handles student discipline and campus safety matters. It can be reached at proctor@bracu.ac.bd or by phone, and is open 9:00 AM to 5:30 PM.

Question: What exactly does the Office of the Proctor handle at BRAC University?
Answer: The Office of the Proctor is responsible for student discipline and campus safety, acting as an intermediary for complaints about harassment, bullying, or intimidation involving anyone affiliated with BRACU - students, faculty, staff, or security personnel.

Question: Kind of urgent, but what exactly does the Office of the Proctor handle at BRAC University?
Answer: The Office of the Proctor is responsible for student discipline and campus safety, acting as an intermediary for complaints about harassment, bullying, or intimidation involving anyone affiliated with BRACU - students, faculty, staff, or security personnel.

Question: Hi, what exactly does the Office of the Proctor handle at BRAC University?
Answer: The Office of the Proctor is responsible for student discipline and campus safety, acting as an intermediary for complaints about harassment, bullying, or intimidation involving anyone affiliated with BRACU - students, faculty, staff, or security personnel.

Question (Banglish): Campus e student discipline ar safety issue ke handle kore?
Answer (English): The Office of the Proctor handles student discipline and campus safety matters. It can be reached at proctor@bracu.ac.bd or by phone, and is open 9:00 AM to 5:30 PM.",True,verified_retrieval,Who handles student discipline and safety issues on campus?,0.9872007369995117
Violating rules and regulations can get one ousted from tarc.,"Question: Before I forget to ask — what are the consequences of violating TARC rules and regulations?
Answer: Violating rules and regulations can get one ousted from tarc.Eventually on severe violation the authority will call their parents and send them home.On minor violation,students are given warning.Also after 3 warnings if they cannot bring changes in themselves their tarc will also be cancelled

Question: Just wondering, what are the consequences of violating TARC rules and regulations?
Answer: Violating rules and regulations can get one ousted from tarc.Eventually on severe violation the authority will call their parents and send them home.On minor violation,students are given warning.Also after 3 warnings if they cannot bring changes in themselves their tarc will also be cancelled

Question (Banglish): TARC er rules bhanle ki consequence hoy?
Answer (English): Violating rules and regulations can get one ousted from tarc.Eventually on severe violation the authority will call their parents and send them home.On minor violation,students are given warning.Also after 3 warnings if they cannot bring changes in themselves their tarc will also be cancelled

Question: Can you tell me what the consequences of violating TARC rules and regulations are?
Answer: Violating rules and regulations can get one ousted from tarc.Eventually on severe violation the authority will call their parents and send them home.On minor violation,students are given warning.Also after 3 warnings if they cannot bring changes in themselves their tarc will also be cancelled

Question: What are the consequences of violating TARC rules and regulations?
Answer: Violating rules and regulations can get one ousted from tarc.Eventually on severe violation the authority will call their parents and send them home.On minor violation,students are given warning.Also after 3 warnings if they cannot bring changes in themselves their tarc will also be cancelled",True,verified_retrieval,Before I forget to ask — what are the consequences of violating TARC rules and regulations?,0.029097510501742363
Eventually on severe violation the authority will call their parents and send them home.,"Question: Before I forget to ask — what are the consequences of violating TARC rules and regulations?
Answer: Violating rules and regulations can get one ousted from tarc.Eventually on severe violation the authority will call their parents and send them home.On minor violation,students are given warning.Also after 3 warnings if they cannot bring changes in themselves their tarc will also be cancelled

Question: Just wondering, what are the consequences of violating TARC rules and regulations?
Answer: Violating rules and regulations can get one ousted from tarc.Eventually on severe violation the authority will call their parents and send them home.On minor violation,students are given warning.Also after 3 warnings if they cannot bring changes in themselves their tarc will also be cancelled

Question (Banglish): TARC er rules bhanle ki consequence hoy?
Answer (English): Violating rules and regulations can get one ousted from tarc.Eventually on severe violation the authority will call their parents and send them home.On minor violation,students are given warning.Also after 3 warnings if they cannot bring changes in themselves their tarc will also be cancelled

Question: Can you tell me what the consequences of violating TARC rules and regulations are?
Answer: Violating rules and regulations can get one ousted from tarc.Eventually on severe violation the authority will call their parents and send them home.On minor violation,students are given warning.Also after 3 warnings if they cannot bring changes in themselves their tarc will also be cancelled

Question: What are the consequences of violating TARC rules and regulations?
Answer: Violating rules and regulations can get one ousted from tarc.Eventually on severe violation the authority will call their parents and send them home.On minor violation,students are given warning.Also after 3 warnings if they cannot bring changes in themselves their tarc will also be cancelled",True,verified_retrieval,Before I forget to ask — what are the consequences of violating TARC rules and regulations?,0.09758621454238892
"On minor violation, students are given warning.","Question: Before I forget to ask — what are the consequences of violating TARC rules and regulations?
Answer: Violating rules and regulations can get one ousted from tarc.Eventually on severe violation the authority will call their parents and send them home.On minor violation,students are given warning.Also after 3 warnings if they cannot bring changes in themselves their tarc will also be cancelled

Question: Just wondering, what are the consequences of violating TARC rules and regulations?
Answer: Violating rules and regulations can get one ousted from tarc.Eventually on severe violation the authority will call their parents and send them home.On minor violation,students are given warning.Also after 3 warnings if they cannot bring changes in themselves their tarc will also be cancelled

Question (Banglish): TARC er rules bhanle ki consequence hoy?
Answer (English): Violating rules and regulations can get one ousted from tarc.Eventually on severe violation the authority will call their parents and send them home.On minor violation,students are given warning.Also after 3 warnings if they cannot bring changes in themselves their tarc will also be cancelled

Question: Can you tell me what the consequences of violating TARC rules and regulations are?
Answer: Violating rules and regulations can get one ousted from tarc.Eventually on severe violation the authority will call their parents and send them home.On minor violation,students are given warning.Also after 3 warnings if they cannot bring changes in themselves their tarc will also be cancelled

Question: What are the consequences of violating TARC rules and regulations?
Answer: Violating rules and regulations can get one ousted from tarc.Eventually on severe violation the authority will call their parents and send them home.On minor violation,students are given warning.Also after 3 warnings if they cannot bring changes in themselves their tarc will also be cancelled",True,verified_retrieval,Before I forget to ask — what are the consequences of violating TARC rules and regulations?,0.33737310767173767
Also after 3 warnings if they cannot bring changes in themselves their tarc will also be cancelled.,"Question: Before I forget to ask — what are the consequences of violating TARC rules and regulations?
Answer: Violating rules and regulations can get one ousted from tarc.Eventually on severe violation the authority will call their parents and send them home.On minor violation,students are given warning.Also after 3 warnings if they cannot bring changes in themselves their tarc will also be cancelled

Question: Just wondering, what are the consequences of violating TARC rules and regulations?
Answer: Violating rules and regulations can get one ousted from tarc.Eventually on severe violation the authority will call their parents and send them home.On minor violation,students are given warning.Also after 3 warnings if they cannot bring changes in themselves their tarc will also be cancelled

Question (Banglish): TARC er rules bhanle ki consequence hoy?
Answer (English): Violating rules and regulations can get one ousted from tarc.Eventually on severe violation the authority will call their parents and send them home.On minor violation,students are given warning.Also after 3 warnings if they cannot bring changes in themselves their tarc will also be cancelled

Question: Can you tell me what the consequences of violating TARC rules and regulations are?
Answer: Violating rules and regulations can get one ousted from tarc.Eventually on severe violation the authority will call their parents and send them home.On minor violation,students are given warning.Also after 3 warnings if they cannot bring changes in themselves their tarc will also be cancelled

Question: What are the consequences of violating TARC rules and regulations?
Answer: Violating rules and regulations can get one ousted from tarc.Eventually on severe violation the authority will call their parents and send them home.On minor violation,students are given warning.Also after 3 warnings if they cannot bring changes in themselves their tarc will also be cancelled",True,verified_retrieval,Before I forget to ask — what are the consequences of violating TARC rules and regulations?,0.17830239236354828
"BRAC University publishes a 'Payment Manual for Students' PDF, linked from the Tuition and Fees page, which explains the accepted payment methods and installment options in detail.","Question: Where can I find the official student payment manual?
Answer: BRAC University publishes a 'Payment Manual for Students' PDF, linked from the Tuition and Fees page, which explains the accepted payment methods and installment options in detail.

Question (Banglish): Official student payment manual ami kothay pabo?
Answer (English): BRAC University publishes a 'Payment Manual for Students' PDF, linked from the Tuition and Fees page, which explains the accepted payment methods and installment options in detail.

Question: How to collect payment clearance from Finance and Accounts department for Provisional Certificate, Convocation and other document request form?
Answer: Students can collect their document request forms from the designated department.

The student has to pay the mentioned amount for their desired document. Payment for documents can be made through prescribed manual payslip at BRAC Bank (any branch) and IFIC Bank (Mohakhali branch).

To collect payment clearance from the Finance and Accounts Department, the student has to bring his payment slip and all duly filled forms with them.

Question: Can you tell me what the ways of paying the tution fees are?
Answer: BRAC University Payment Manual for Students

Link: https://www.bracu.ac.bd/brac-university-payment-manual-students

USIS Payslip: 

Students can log in to the USIS Link: https://usis.bracu.ac.bd/academia/ to download and print their USIS pay slip, and make payment in any branch of BRAC Bank/ Southeast Bank/ ONE Bank/ Dhaka Bank/ Prime Bank (except agent banking) with their printed USIS pay slip. Confirmation will be done automatically. Students do not have to submit the pay slip physically at Brac University.

 

BRAC Bank Internet Banking:

If a student or his/her guardian has an account with BRAC Bank, they can make payment through BRAC Bank online transactions. BRAC Bank online portal has the option to pay to BRAC University. Once the payment has been made, the confirmation will be done automatically. BRAC Bank online link: https://astha.bracbank.com/ib-retail-web/tenant/index 

 

Payment Gateway (for debit or credit card / bank transfer / mobile banking):

Students can log in to the USIS Link: https://usis.bracu.ac.bd/academia/ and look for the pay slip and select “Proceed to payment” and then “Pay Now” button at the bottom of the pay slip to make online payment through authorized payment gateway with debit or credit card / bank transfer / mobile banking (bKash, Rocket, Nagad, etc.). Students will get payment confirmation ONLY if authorized payment gateway is used with debit or credit card/ bank transfer/ mobile banking. Please refer to USIS pay slip for applicable convenience fee on payment gateway.

Please note that BFTN / EFT/ manual pay slip payment is NOT acceptable.

Question: One thing I couldn't find anywhere: where can I find the official student payment manual?
Answer: BRAC University publishes a 'Payment Manual for Students' PDF, linked from the Tuition and Fees page, which explains the accepted payment methods and installment options in detail.",True,verified_retrieval,Where can I find the official student payment manual?,0.9898199439048767
The pickup times for Route-03 (Jigatola) are 1st Trip: 6:30 AM and 2nd Trip: 8:45 AM.,"Question: What are the pickup times for Route-03 (Jigatola)?
Answer: Route-03 (Jigatola): 1st Trip: 6:30 AM, 2nd Trip: 8:45 AM.

Question (Banglish): Route-03 (Jigatola) er pickup time gula ki?
Answer (English): Route-03 (Jigatola): 1st Trip: 6:30 AM, 2nd Trip: 8:45 AM.

Question: What are the pickup times for Route-04 (Azimpur)?
Answer: Route-04 (Azimpur): 1st Trip: 6:30 AM, 2nd Trip: 8:45 AM.

Question: What are the pickup times for Route-05 (Jatrabari)?
Answer: Route-05 (Jatrabari): 1st Trip: 6:30 AM, 2nd Trip: 8:45 AM.

Question: What is the first pickup time for each route?
Answer: Pickup times range from 6:15 AM to 7:10 AM, depending on the route.",True,verified_retrieval,What are the pickup times for Route-03 (Jigatola)?,0.8178969621658325
"Students on scholarship or financial aid are generally required to take a minimum of 9 credit hours in all semesters (applicable from Summer 2023 admits onward), except for approved reduced course loads such as in the first semester.","Question: I wanted to ask, how many credit hours must a scholarship-holding international student take each semester?
Answer: Students on scholarship or financial aid are generally required to take a minimum of 9 credit hours in all semesters (applicable from Summer 2023 admits onward), except for approved reduced course loads such as in the first semester.

Question: How many credit hours must a scholarship-holding international student take each semester?
Answer: Students on scholarship or financial aid are generally required to take a minimum of 9 credit hours in all semesters (applicable from Summer 2023 admits onward), except for approved reduced course loads such as in the first semester.

Question: Curious about something: how many credit hours must a scholarship-holding international student take each semester?
Answer: Students on scholarship or financial aid are generally required to take a minimum of 9 credit hours in all semesters (applicable from Summer 2023 admits onward), except for approved reduced course loads such as in the first semester.

Question: Random question, how many credit hours must a scholarship-holding international student take each semester?
Answer: Students on scholarship or financial aid are generally required to take a minimum of 9 credit hours in all semesters (applicable from Summer 2023 admits onward), except for approved reduced course loads such as in the first semester.

Question: Before I forget to ask — how many credit hours must a scholarship-holding international student take each semester?
Answer: Students on scholarship or financial aid are generally required to take a minimum of 9 credit hours in all semesters (applicable from Summer 2023 admits onward), except for approved reduced course loads such as in the first semester.",True,verified_retrieval,"I wanted to ask, how many credit hours must a scholarship-holding international student take each semester?",0.990993082523346
"Yes, an item can be renewed if no other user has placed a hold on it.","Question: One thing I couldn't find anywhere: can I renew a book I have borrowed from the library?
Answer: Yes, an item can be renewed if no other user has placed a hold on it. Renewal can be done through the online catalogue (OPAC) or by contacting the circulation desk.

Question: Can I renew a book I have borrowed from the library?
Answer: Yes, an item can be renewed if no other user has placed a hold on it. Renewal can be done through the online catalogue (OPAC) or by contacting the circulation desk.

Question: Before I forget to ask — can I renew a book I have borrowed from the library?
Answer: Yes, an item can be renewed if no other user has placed a hold on it. Renewal can be done through the online catalogue (OPAC) or by contacting the circulation desk.

Question: Sorry if this was already answered, but can I renew a book I have borrowed from the library?
Answer: Yes, an item can be renewed if no other user has placed a hold on it. Renewal can be done through the online catalogue (OPAC) or by contacting the circulation desk.

Question: No idea if this is written down anywhere — can I renew a book I have borrowed from the library?
Answer: Yes, an item can be renewed if no other user has placed a hold on it. Renewal can be done through the online catalogue (OPAC) or by contacting the circulation desk.",True,verified_retrieval,One thing I couldn't find anywhere: can I renew a book I have borrowed from the library?,0.9910433292388916
Renewal can be done through the online catalogue (OPAC) or by contacting the circulation desk.,"Question: One thing I couldn't find anywhere: can I renew a book I have borrowed from the library?
Answer: Yes, an item can be renewed if no other user has placed a hold on it. Renewal can be done through the online catalogue (OPAC) or by contacting the circulation desk.

Question: Can I renew a book I have borrowed from the library?
Answer: Yes, an item can be renewed if no other user has placed a hold on it. Renewal can be done through the online catalogue (OPAC) or by contacting the circulation desk.

Question: Before I forget to ask — can I renew a book I have borrowed from the library?
Answer: Yes, an item can be renewed if no other user has placed a hold on it. Renewal can be done through the online catalogue (OPAC) or by contacting the circulation desk.

Question: Sorry if this was already answered, but can I renew a book I have borrowed from the library?
Answer: Yes, an item can be renewed if no other user has placed a hold on it. Renewal can be done through the online catalogue (OPAC) or by contacting the circulation desk.

Question: No idea if this is written down anywhere — can I renew a book I have borrowed from the library?
Answer: Yes, an item can be renewed if no other user has placed a hold on it. Renewal can be done through the online catalogue (OPAC) or by contacting the circulation desk.",True,verified_retrieval,One thing I couldn't find anywhere: can I renew a book I have borrowed from the library?,0.9914165139198303
There is an admission application fee of Tk.,"Question: I wanted to ask, is there an application fee, How much is it?
Answer: Admission Application Fee Tk. 1,500/- Non-Refundable [Through Bkash, Rocket, Nagod, Visa cards, Dhaka Bank Ltd., One Bank Ltd., Southeast Bank Ltd., Brac Bank Ltd. And Prime Bank Ltd]

Question: How much is the admission application fee?
Answer: Local Applicants need to pay the non-refundable application fee Tk. 1500. For international applicants, the non-refundable application fee is US$ 20.

Question: Before I start the application, how much money do I need to set aside just for the fee itself?
Answer: Local Applicants need to pay the non-refundable application fee Tk. 1500. For international applicants, the non-refundable application fee is US$ 20.

Question: One thing I couldn't find anywhere: how much is the admission application fee?
Answer: Local Applicants need to pay the non-refundable application fee Tk. 1500. For international applicants, the non-refundable application fee is US$ 20.

Question: Is there an application fee? How much is it?
Answer: Admission Application Fee Tk. 1,500/- Non-Refundable [Through Bkash, Rocket, Nagod, Visa cards, Dhaka Bank Ltd., One Bank Ltd., Southeast Bank Ltd., Brac Bank Ltd. And Prime Bank Ltd]",True,verified_retrieval,"I wanted to ask, is there an application fee, How much is it?",0.9885877370834351
"1,500/- Non-Refundable, which can be paid through various methods including Bkash, Rocket, Nagod, Visa cards, Dhaka Bank Ltd., One Bank Ltd., Southeast Bank Ltd., Brac Bank Ltd., and Prime Bank Ltd.","Question: I wanted to ask, is there an application fee, How much is it?
Answer: Admission Application Fee Tk. 1,500/- Non-Refundable [Through Bkash, Rocket, Nagod, Visa cards, Dhaka Bank Ltd., One Bank Ltd., Southeast Bank Ltd., Brac Bank Ltd. And Prime Bank Ltd]

Question: How much is the admission application fee?
Answer: Local Applicants need to pay the non-refundable application fee Tk. 1500. For international applicants, the non-refundable application fee is US$ 20.

Question: Before I start the application, how much money do I need to set aside just for the fee itself?
Answer: Local Applicants need to pay the non-refundable application fee Tk. 1500. For international applicants, the non-refundable application fee is US$ 20.

Question: One thing I couldn't find anywhere: how much is the admission application fee?
Answer: Local Applicants need to pay the non-refundable application fee Tk. 1500. For international applicants, the non-refundable application fee is US$ 20.

Question: Is there an application fee? How much is it?
Answer: Admission Application Fee Tk. 1,500/- Non-Refundable [Through Bkash, Rocket, Nagod, Visa cards, Dhaka Bank Ltd., One Bank Ltd., Southeast Bank Ltd., Brac Bank Ltd. And Prime Bank Ltd]",True,verified_retrieval,"I wanted to ask, is there an application fee, How much is it?",0.9686306715011597
"If a student misses the final exam for a documented valid reason, such as a medical emergency, the course teacher can arrange a make-up exam, and if course requirements genuinely can't be completed in time, an 'Incomplete' (I) grade with a defined completion deadline (up to 8 weeks after the final exam) may be assigned instead.","Question: What should a course teacher do if a student misses the final exam for a valid reason?
Answer: If a student misses the final exam for a documented valid reason (such as a medical emergency), the course teacher can arrange a make-up exam, and if course requirements genuinely can't be completed in time, an 'Incomplete' (I) grade with a defined completion deadline (up to 8 weeks after the final exam) may be assigned instead.

Question: Random question, what should a course teacher do if a student misses the final exam for a valid reason?
Answer: If a student misses the final exam for a documented valid reason (such as a medical emergency), the course teacher can arrange a make-up exam, and if course requirements genuinely can't be completed in time, an 'Incomplete' (I) grade with a defined completion deadline (up to 8 weeks after the final exam) may be assigned instead.

Question: What should I do if I miss my mid/final?
Answer: You should inform your course instructor as soon as possible with a valid reason (such as medical emergencies). In some cases, you may need to provide documentation like medical certificates to appeal.

Question (Banglish): Valid reason e student final exam miss korle course teacher er ki korte hoy?
Answer (English): If a student misses the final exam for a documented valid reason (such as a medical emergency), the course teacher can arrange a make-up exam, and if course requirements genuinely can't be completed in time, an 'Incomplete' (I) grade with a defined completion deadline (up to 8 weeks after the final exam) may be assigned instead.

Question: This might be a silly question, but what should a course teacher do if a student misses the final exam for a valid reason?
Answer: If a student misses the final exam for a documented valid reason (such as a medical emergency), the course teacher can arrange a make-up exam, and if course requirements genuinely can't be completed in time, an 'Incomplete' (I) grade with a defined completion deadline (up to 8 weeks after the final exam) may be assigned instead.",True,verified_retrieval,What should a course teacher do if a student misses the final exam for a valid reason?,0.9820281267166138
"Yes, ENH offers a Minor in History, open to students from any department, letting them take history courses to help contextualize their main field of study.","Question: Does ENH offer a minor for students outside the department?
Answer: Yes, ENH offers a Minor in History, open to students from any department, letting them take history courses to help contextualize their main field of study.

Question: Can BBA students choose a minor outside the business school?
Answer: Yes. Students may graduate without a minor by taking any three 300/400-level BRACU courses, or they may choose a minor from another school/department; credit requirements for an outside-department minor can differ and should be confirmed with that department in advance.

Question: Can students minor in EEE if it's not their major department?
Answer: Yes, BRAC University offers a Minor in EEE with its own defined set of required courses and prerequisites (such as Electrical Circuits I & II and Electronic Circuits I & II), open to students from other departments who meet the prerequisites.

Question (Banglish): BBA student ra ki business school er baire minor choose korte pare?
Answer (English): Yes. Students may graduate without a minor by taking any three 300/400-level BRACU courses, or they may choose a minor from another school/department; credit requirements for an outside-department minor can differ and should be confirmed with that department in advance.

Question (Banglish): ENH ki department er baire student der jonno minor offer kore?
Answer (English): Yes, ENH offers a Minor in History, open to students from any department, letting them take history courses to help contextualize their main field of study.",True,verified_retrieval,Does ENH offer a minor for students outside the department?,0.9872092008590698
"If you can't log in to a lab PC, contact IT support at itsupport@bracu.ac.bd.","Question: Kind of urgent, but what should I do if I can’t log in to a lab PC?
Answer: If you've changed your password and can’t remember it, contact IT support at itsupport@bracu.ac.bd.

Question: Quick question — what should I do if I can’t log in to a lab PC?
Answer: If you've changed your password and can’t remember it, contact IT support at itsupport@bracu.ac.bd.

Question: Kind of urgent, but how do I log in to the BRAC University lab PCs?
Answer: To log in to the BRAC University lab PCs, use your university-provided credentials. Typically, your student ID is your username, and the default password is provided by the IT department during orientation.

Question: What should I do if I can’t log in to a lab PC?
Answer: If you've changed your password and can’t remember it, contact IT support at itsupport@bracu.ac.bd.

Question: This might be a silly question, but what should I do if I can’t log in to a lab PC?
Answer: If you've changed your password and can’t remember it, contact IT support at itsupport@bracu.ac.bd.",True,verified_retrieval,"Kind of urgent, but what should I do if I can’t log in to a lab PC?",0.008227155543863773
"The exact admission test date, application deadline, and academic-session start date change every semester, so BRAC University publishes them on its Admissions page (bracu.ac.bd/admissions) ahead of each intake rather than fixing them year-round - check that page for the current cycle's dates.","Question: Can you tell me what the important dates and deadlines for admission are?
Answer: The exact admission test date, application deadline, and academic-session start date change every semester, so BRAC University publishes them on its Admissions page (bracu.ac.bd/admissions) ahead of each intake rather than fixing them year-round - check that page for the current cycle's dates.

Question: Can you tell me what the payment deadlines for tuition and fees are?
Answer: At BRAC University, tuition and fees must be paid by the specified deadlines each semester.It's important to check specific dates each semester, as they may vary

Question (Banglish): Admission er important date ar deadline gula ki?
Answer (English): The exact admission test date, application deadline, and academic-session start date change every semester, so BRAC University publishes them on its Admissions page (bracu.ac.bd/admissions) ahead of each intake rather than fixing them year-round - check that page for the current cycle's dates.

Question: What are the payment deadlines for tuition and fees?
Answer: At BRAC University, tuition and fees must be paid by the specified deadlines each semester.It's important to check specific dates each semester, as they may vary

Question: What are the important dates and deadlines for admission?
Answer: The exact admission test date, application deadline, and academic-session start date change every semester, so BRAC University publishes them on its Admissions page (bracu.ac.bd/admissions) ahead of each intake rather than fixing them year-round - check that page for the current cycle's dates.",True,verified_retrieval,Can you tell me what the important dates and deadlines for admission are?,0.98711758852005
"The Office of the Registrar handles core academic-record functions such as processing semester drop forms, maintaining student registration and grade records, and coordinating with departments on academic policy matters like leave of absence and inter-department transfers.","Question: Can you tell me what the Office of the Registrar responsible for at BRAC University is?
Answer: The Office of the Registrar handles core academic-record functions such as processing semester drop forms, maintaining student registration and grade records, and coordinating with departments on academic policy matters like leave of absence and inter-department transfers.

Question: Which office manages BRAC University's alumni community?
Answer: The Office of Career Services and Alumni Relations (OCSAR) is responsible for facilitating BRAC University's alumni community, including career consultations and staying updated on job market requirements.

Question (Banglish): BRAC University er alumni community kon office manage kore?
Answer (English): The Office of Career Services and Alumni Relations (OCSAR) is responsible for facilitating BRAC University's alumni community, including career consultations and staying updated on job market requirements.

Question: Which office is responsible for producing transcripts, certificates and results?
Answer: The Office of the Controller of Examinations is the central office responsible for conducting exams, publishing results, maintaining academic records, and preparing transcripts, certificates and academic letters, including verifying the authenticity of academic documents.

Question: What is the Office of the Registrar responsible for at BRAC University?
Answer: The Office of the Registrar handles core academic-record functions such as processing semester drop forms, maintaining student registration and grade records, and coordinating with departments on academic policy matters like leave of absence and inter-department transfers.",True,verified_retrieval,Can you tell me what the Office of the Registrar responsible for at BRAC University is?,0.9851861596107483
"BRAC University maintains a 'Zero Tolerance' policy toward sexual harassment of any kind, formalized in its Code of Conduct on Sexual Harassment, which is part of the university's broader safeguarding framework alongside the Academic Handbook and the Regulations of Students Conduct.","Question: Can you tell me what BRAC University's policy on sexual harassment is?
Answer: BRAC University maintains a 'Zero Tolerance' policy toward sexual harassment of any kind, formalized in its Code of Conduct on Sexual Harassment, which is part of the university's broader safeguarding framework alongside the Academic Handbook and the Regulations of Students Conduct.

Question (Banglish): Sexual harassment niye BRAC University er policy ta ki?
Answer (English): BRAC University maintains a 'Zero Tolerance' policy toward sexual harassment of any kind, formalized in its Code of Conduct on Sexual Harassment, which is part of the university's broader safeguarding framework alongside the Academic Handbook and the Regulations of Students Conduct.

Question: Besides bullying and sexual harassment, what other kinds of complaints does the Office of the Proctor handle?
Answer: The Office of the Proctor's non-academic complaint mandate is broader than bullying and harassment alone - it also covers ragging, threats, bribery, and other serious criminal offences involving students or staff, acting as an impartial, discreet channel for these safeguarding issues.

Question (Banglish): Bullying ar sexual harassment chara Office of the Proctor ar ki ki complaint dekhe?
Answer (English): The Office of the Proctor's non-academic complaint mandate is broader than bullying and harassment alone - it also covers ragging, threats, bribery, and other serious criminal offences involving students or staff, acting as an impartial, discreet channel for these safeguarding issues.

Question: What is BRAC University's policy on sexual harassment?
Answer: BRAC University maintains a 'Zero Tolerance' policy toward sexual harassment of any kind, formalized in its Code of Conduct on Sexual Harassment, which is part of the university's broader safeguarding framework alongside the Academic Handbook and the Regulations of Students Conduct.",True,verified_retrieval,Can you tell me what BRAC University's policy on sexual harassment is?,0.9857514500617981
The BRAC University School of Law was founded in 2004 and offers a four-year undergraduate Bachelor of Laws (LL.B.,"Question: When was the BRAC University School of Law established, and what degree does it offer?
Answer: The School of Law was founded in 2004 and offers a four-year undergraduate Bachelor of Laws (LL.B. Hons.) program, along with a postgraduate LL.M. program.

Question: Does BRAC University's School of Law offer a Master of Laws (LL.M.) program?
Answer: Yes, alongside the undergraduate LL.B. (Hons), the School of Law offers an LL.M. program aimed at both emerging and experienced legal professionals, covering areas from human rights and international law to corporate governance and digital/cyber law.

Question: Quick question — when was BRAC University established and who founded it?
Answer: BRAC University was established in 2001, founded by Sir Fazle Hasan Abed, and is affiliated with the University Grants Commission (UGC) of Bangladesh.

Question (Banglish): BRAC University er School of Law ki Master of Laws (LL.M.) program offer kore?
Answer (English): Yes, alongside the undergraduate LL.B. (Hons), the School of Law offers an LL.M. program aimed at both emerging and experienced legal professionals, covering areas from human rights and international law to corporate governance and digital/cyber law.

Question (Banglish): BRAC University School of Law kobe established hoyechilo, ar eta ki degree offer kore?
Answer (English): The School of Law was founded in 2004 and offers a four-year undergraduate Bachelor of Laws (LL.B. Hons.) program, along with a postgraduate LL.M. program.",True,verified_retrieval,"When was the BRAC University School of Law established, and what degree does it offer?",0.009651286527514458
Hons.),"Question: When was the BRAC University School of Law established, and what degree does it offer?
Answer: The School of Law was founded in 2004 and offers a four-year undergraduate Bachelor of Laws (LL.B. Hons.) program, along with a postgraduate LL.M. program.

Question: Does BRAC University's School of Law offer a Master of Laws (LL.M.) program?
Answer: Yes, alongside the undergraduate LL.B. (Hons), the School of Law offers an LL.M. program aimed at both emerging and experienced legal professionals, covering areas from human rights and international law to corporate governance and digital/cyber law.

Question: Quick question — when was BRAC University established and who founded it?
Answer: BRAC University was established in 2001, founded by Sir Fazle Hasan Abed, and is affiliated with the University Grants Commission (UGC) of Bangladesh.

Question (Banglish): BRAC University er School of Law ki Master of Laws (LL.M.) program offer kore?
Answer (English): Yes, alongside the undergraduate LL.B. (Hons), the School of Law offers an LL.M. program aimed at both emerging and experienced legal professionals, covering areas from human rights and international law to corporate governance and digital/cyber law.

Question (Banglish): BRAC University School of Law kobe established hoyechilo, ar eta ki degree offer kore?
Answer (English): The School of Law was founded in 2004 and offers a four-year undergraduate Bachelor of Laws (LL.B. Hons.) program, along with a postgraduate LL.M. program.",True,verified_retrieval,"When was the BRAC University School of Law established, and what degree does it offer?",0.9356808662414551
"program, along with a postgraduate LL.M.","Question: When was the BRAC University School of Law established, and what degree does it offer?
Answer: The School of Law was founded in 2004 and offers a four-year undergraduate Bachelor of Laws (LL.B. Hons.) program, along with a postgraduate LL.M. program.

Question: Does BRAC University's School of Law offer a Master of Laws (LL.M.) program?
Answer: Yes, alongside the undergraduate LL.B. (Hons), the School of Law offers an LL.M. program aimed at both emerging and experienced legal professionals, covering areas from human rights and international law to corporate governance and digital/cyber law.

Question: Quick question — when was BRAC University established and who founded it?
Answer: BRAC University was established in 2001, founded by Sir Fazle Hasan Abed, and is affiliated with the University Grants Commission (UGC) of Bangladesh.

Question (Banglish): BRAC University er School of Law ki Master of Laws (LL.M.) program offer kore?
Answer (English): Yes, alongside the undergraduate LL.B. (Hons), the School of Law offers an LL.M. program aimed at both emerging and experienced legal professionals, covering areas from human rights and international law to corporate governance and digital/cyber law.

Question (Banglish): BRAC University School of Law kobe established hoyechilo, ar eta ki degree offer kore?
Answer (English): The School of Law was founded in 2004 and offers a four-year undergraduate Bachelor of Laws (LL.B. Hons.) program, along with a postgraduate LL.M. program.",True,verified_retrieval,"When was the BRAC University School of Law established, and what degree does it offer?",0.9803087711334229
program.,"Question: When was the BRAC University School of Law established, and what degree does it offer?
Answer: The School of Law was founded in 2004 and offers a four-year undergraduate Bachelor of Laws (LL.B. Hons.) program, along with a postgraduate LL.M. program.

Question: Does BRAC University's School of Law offer a Master of Laws (LL.M.) program?
Answer: Yes, alongside the undergraduate LL.B. (Hons), the School of Law offers an LL.M. program aimed at both emerging and experienced legal professionals, covering areas from human rights and international law to corporate governance and digital/cyber law.

Question: Quick question — when was BRAC University established and who founded it?
Answer: BRAC University was established in 2001, founded by Sir Fazle Hasan Abed, and is affiliated with the University Grants Commission (UGC) of Bangladesh.

Question (Banglish): BRAC University er School of Law ki Master of Laws (LL.M.) program offer kore?
Answer (English): Yes, alongside the undergraduate LL.B. (Hons), the School of Law offers an LL.M. program aimed at both emerging and experienced legal professionals, covering areas from human rights and international law to corporate governance and digital/cyber law.

Question (Banglish): BRAC University School of Law kobe established hoyechilo, ar eta ki degree offer kore?
Answer (English): The School of Law was founded in 2004 and offers a four-year undergraduate Bachelor of Laws (LL.B. Hons.) program, along with a postgraduate LL.M. program.",True,verified_retrieval,"When was the BRAC University School of Law established, and what degree does it offer?",0.9873659610748291
