query_id,config,lambda,query,reference_answer,retrieved_context,generated_answer,retrieval_s,generation_s,total_s,timestamp,query_confidence,faithfulness,faithfulness_reason
Q096,bm25_only,1.0,"Are journals, magazines and reference books available for borrowing?","No. Journals, magazines, newspapers, and items in the reference collection are for in-library use only and cannot be checked out.","Question: Are journals, magazines and reference books available for borrowing?
Answer: No. Journals, magazines, newspapers, and items in the reference collection are for in-library use only and cannot be checked out.

Question: Just wondering, are journals, magazines and reference books available for borrowing?
Answer: No. Journals, magazines, newspapers, and items in the reference collection are for in-library use only and cannot be checked out.

Question: Quick question — are journals, magazines and reference books available for borrowing?
Answer: No. Journals, magazines, newspapers, and items in the reference collection are for in-library use only and cannot be checked out.

Question: Can someone help — are journals, magazines and reference books available for borrowing?
Answer: No. Journals, magazines, newspapers, and items in the reference collection are for in-library use only and cannot be checked out.

Question: For a friend who's asking — are journals, magazines and reference books available for borrowing?
Answer: No. Journals, magazines, newspapers, and items in the reference collection are for in-library use only and cannot be checked out.","Journals, magazines, and reference books are not available for borrowing; they are for in-library use only.",0.0235,4.9555,4.9791,2026-07-27T12:34:30.339200+00:00,0.0148,1.0,SCORE: 1.0 | REASON: The answer's claim is fully supported by the context as it directly quotes the same information.
Q016,bm25_only,1.0,How to contact with BRACU Finance and Accounts Department?,"BRAC University
Kha-224 Bir Uttam Rafiqul Islam Avenue, Merul Badda,
Dhaka 1212, Bangladesh
Phone: +88 09638464646 Ext: 1220, 1221

Email: queries-accounts@bracu.ac.bd","Question: How to contact with BRACU Finance and Accounts Department?
Answer: BRAC University
Kha-224 Bir Uttam Rafiqul Islam Avenue, Merul Badda,
Dhaka 1212, Bangladesh
Phone: +88 09638464646 Ext: 1220, 1221

Email: queries-accounts@bracu.ac.bd

Question: Can someone help — how to contact with BRACU Finance and Accounts Department?
Answer: BRAC University
Kha-224 Bir Uttam Rafiqul Islam Avenue, Merul Badda,
Dhaka 1212, Bangladesh
Phone: +88 09638464646 Ext: 1220, 1221

Email: queries-accounts@bracu.ac.bd

Question (Banglish): BRACU Finance and Accounts Department ke kivabe contact korbo?
Answer (English): BRAC University
Kha-224 Bir Uttam Rafiqul Islam Avenue, Merul Badda,
Dhaka 1212, Bangladesh
Phone: +88 09638464646 Ext: 1220, 1221

Email: queries-accounts@bracu.ac.bd

Question: What services are offered by the Finance & Accounts Office?
Answer: The Finance & Accounts Office manages student accounts, tuition payments, and financial aid. You can also email at queries-accounts@bracu.ac.bd

Question: For a friend who's asking — what services are offered by the Finance & Accounts Office?
Answer: The Finance & Accounts Office manages student accounts, tuition payments, and financial aid. You can also email at queries-accounts@bracu.ac.bd","To contact the BRACU Finance and Accounts Department, you can visit BRAC University located at Kha-224 Bir Uttam Rafiqul Islam Avenue, Merul Badda, Dhaka 1212, Bangladesh. You can also reach them by phone at +88 09638464646 Ext: 1220 or 1221, or by emailing queries-accounts@bracu.ac.bd.",0.0193,11.4078,11.427,2026-07-27T12:24:26.294932+00:00,0.0279,1.0,SCORE: 1.0 | REASON: All claims are directly supported by the provided CONTEXT.
Q031,bm25_only,1.0,"New student here, could you please provide details about the tuition fee structure at BRAC University?","For students enrolled in the Computer Science and Engineering (CSE) program at BRAC University, the tuition fee structure includes a one-time, non-refundable admission fee of BDT 30,800. Each course within the CSE program costs BDT 22,500. Additionally, students are required to pay a semester fee of BDT 11,500, which covers various facilities such as IT services and library access. There is also a one-time library membership fee of BDT 2,500. This fee structure is designed to support the comprehensive education provided in the CSE program, ensuring access to advanced resources and facilities?","Question: New student here, could you please provide details about the tuition fee structure at BRAC University?
Answer: For students enrolled in the Computer Science and Engineering (CSE) program at BRAC University, the tuition fee structure includes a one-time, non-refundable admission fee of BDT 30,800. Each course within the CSE program costs BDT 22,500. Additionally, students are required to pay a semester fee of BDT 11,500, which covers various facilities such as IT services and library access. There is also a one-time library membership fee of BDT 2,500. This fee structure is designed to support the comprehensive education provided in the CSE program, ensuring access to advanced resources and facilities?

Question: Could you please provide details about the tuition fee structure at BRAC University?
Answer: For students enrolled in the Computer Science and Engineering (CSE) program at BRAC University, the tuition fee structure includes a one-time, non-refundable admission fee of BDT 30,800. Each course within the CSE program costs BDT 22,500. Additionally, students are required to pay a semester fee of BDT 11,500, which covers various facilities such as IT services and library access. There is also a one-time library membership fee of BDT 2,500. This fee structure is designed to support the comprehensive education provided in the CSE program, ensuring access to advanced resources and facilities?

Question (Banglish): BRAC University er tuition fee structure ta ektu bolben please?
Answer (English): For students enrolled in the Computer Science and Engineering (CSE) program at BRAC University, the tuition fee structure includes a one-time, non-refundable admission fee of BDT 30,800. Each course within the CSE program costs BDT 22,500. Additionally, students are required to pay a semester fee of BDT 11,500, which covers various facilities such as IT services and library access. There is also a one-time library membership fee of BDT 2,500. This fee structure is designed to support the comprehensive education provided in the CSE program, ensuring access to advanced resources and facilities

Question: What's the tuition fee at North South University?
Answer: That's outside what I can help with - I only have information about BRAC University. North South University's own website would have their current fee structure.

Question: Not sure if this is covered elsewhere, but what's the tuition fee at North South University?
Answer: That's outside what I can help with - I only have information about BRAC University. North South University's own website would have their current fee structure.","For students enrolled in the Computer Science and Engineering (CSE) program at BRAC University, the tuition fee structure includes a one-time, non-refundable admission fee of BDT 30,800. Each course within the CSE program costs BDT 22,500. Additionally, students are required to pay a semester fee of BDT 11,500, which covers various facilities such as IT services and library access. There is also a one-time library membership fee of BDT 2,500. This fee structure is designed to support the comprehensive education provided in the CSE program, ensuring access to advanced resources and facilities?",0.0284,17.4595,17.4879,2026-07-27T12:26:20.974741+00:00,0.0926,1.0,SCORE: 1.0 | REASON: The answer is fully supported by the context as it directly quotes the provided information about BRAC University's tuition fee structure.
Q159,bm25_only,1.0,What day and time is the theory class for CSE250-06A?,The theory class for CSE250-06A is on SUN+TUE at 2:00 PM in room 07H-27C.,"Course: CSE250-06A
Theory Initial: RAO
Theory Day: SUN+TUE
Theory Time: 2:00 PM
Theory Room: 07H-27C
Lab Faculty: FFR,MHY
Lab Day: MON
Lab Time: 8:00 AM
Lab Room: 12B-20L

Initial: FFR
Name: Md. Fatin Ishraq Faruqui
Day: Monday
Scheduled commitments (classes/labs/breaks, not availability): 8:00 AM - CSE250-06A (LAB) FFR,MHY 12B-20L; 9:30 AM - CSE250-06A (LAB) FFR,MHY 12B-20L; 11:00 AM - CSE250-04A (LAB) SDQ,FFR 12B-20L; 12:30 PM - CSE250-04A (LAB) SDQ,FFR 12B-20L

Initial: SDAS
Name: Sowmitra Das
Day: Sunday
Scheduled commitments (classes/labs/breaks, not availability): 8:00 AM - CSE250-09A (LAB) SDAS,SZZ 12B-20L; 9:30 AM - CSE250-09A (LAB) SDAS,SZZ 12B-20L; 11:00 AM - CSE251-06A (LAB) SDAS,UPM 12B-20L; 12:30 PM - CSE251-06A (LAB) SDAS,UPM 12B-20L

Course: CSE251-06A
Theory Initial: AQT
Theory Day: MON+WED
Theory Time: 8:00 AM
Theory Room: 07H-27C
Lab Faculty: SDAS,UPM
Lab Day: SUN
Lab Time: 11:00 AM
Lab Room: 12B-20L

Course: CSE350-06A
Theory Initial: ZBH
Theory Day: SUN+TUE
Theory Time: 2:00 PM
Theory Room: 09A-07C
Lab Faculty: TSE,AQT
Lab Day: WED
Lab Time: 11:00 AM
Lab Room: FT10-01L",The theory class for CSE250-06A is held on Sunday and Tuesday at 2:00 PM.,0.022,5.367,5.389,2026-07-27T12:39:55.614897+00:00,0.4237,1.0,"SCORE: 1.0 | REASON: All claims are supported by the context. 

Here's a breakdown of how I arrived at this score:

1. Claim 1: The theory class for CSE250-06A is held on Sunday.
   - Supported by CONTEXT, as Theory Day for CSE250-06A includes SUN.

2. Claim 2: The theory class for CSE250-06A is held on Tuesday.
   - Supported by CONTEXT, as Theory Day for CSE250-06A also includes TUE.

3. Claim 3: The theory class for CSE250-06A is held at 2:00 PM.
   - Supported by CONTEXT, as Theory Time for CSE250-06A is indeed 2:00 PM.

Since all three claims are supported by the context, the score is 1.0."
Q129,bm25_only,1.0,What is the full prerequisite chain for CSE421?,The full prerequisite chain for CSE421 is CSE320.,"Course: CSE421-03
Theory Initial: NKMA
Theory Day: SAT+THU
Theory Time: 2:00 PM
Theory Room: 09D-17C
Lab Faculty: SRJ,NKMA
Lab Day: TUE
Lab Time: 11:00 AM
Lab Room: 12D-26L

Course: CSE421-02
Theory Initial: ARF
Theory Day: MON+WED
Theory Time: 2:00 PM
Theory Room: 10A-04C
Lab Faculty: CQAE,WBH
Lab Day: SAT
Lab Time: 2:00 PM
Lab Room: 12D-26L

Course: CSE421
Prerequisite: CSE320 (SP)

Course: CSE421-01
Theory Initial: ARF
Theory Day: MON+WED
Theory Time: 12:30 PM
Theory Room: 10A-04C
Lab Faculty: CQAE,WBH
Lab Day: SAT
Lab Time: 2:00 PM
Lab Room: 12D-26L

Course: CSE421
First Theory Coordinator: MSMA
Second Theory Coordinator: NDT
Theory Coordinator Email: shamim.mia@bracu.ac.bd,nirjhor.datta@bracu.ac.bd
First Lab Coordinator: SRJ
Second Lab Coordinator: MSMA
Lab Coordinator Email: seraj.mehnaz@bracu.ac.bd,shamim.mia@bracu.ac.bd",The full prerequisite chain for CSE421 is CSE320 (SP).,0.0202,4.3891,4.4093,2026-07-27T12:37:21.778935+00:00,0.0,1.0,SCORE: 1.0 | REASON: The ANSWER is fully supported by the CONTEXT as it accurately states the prerequisite chain for CSE421.
Q116,bm25_only,1.0,What are the prerequisites for CSE360?,The prerequisite for CSE360 is CSE341 (HP).,"Course: CSE360-01
Theory Initial: ASA
Theory Day: MON+WED
Theory Time: 3:30 PM
Theory Room: 09H-34C
Lab Faculty: SMYA,IRZA
Lab Day: TUE
Lab Time: 11:00 AM
Lab Room: 12B-19L

Course: CSE360-03
Theory Initial: RDW
Theory Day: SAT+THU
Theory Time: 11:00 AM
Theory Room: 09H-33C
Lab Faculty: RDW,SMYA
Lab Day: SUN
Lab Time: 11:00 AM
Lab Room: 12B-19L

Course: CSE360
First Theory Coordinator: UJT
Theory Coordinator Email: jannat.taposhi@bracu.ac.bd
First Lab Coordinator: UJT
Second Lab Coordinator: RDW
Lab Coordinator Email: jannat.taposhi@bracu.ac.bd,redowanul.akbar@bracu.ac.bd

Course: CSE360-04
Theory Initial: RDW
Theory Day: SAT+THU
Theory Time: 12:30 PM
Theory Room: 09H-33C
Lab Faculty: RDW,SMYA
Lab Day: SUN
Lab Time: 11:00 AM
Lab Room: 12B-19L

Course: CSE360
Prerequisite: CSE341 (HP)
Full Prerequisite Chain: CSE341",The prerequisite for CSE360 is CSE341 with a grade of High Pass. The full prerequisite chain for CSE360 is CSE341.,0.0167,5.6741,5.6907,2026-07-27T12:36:19.553453+00:00,0.0,1.0,SCORE: 1.0 | REASON: All claims are fully supported by the provided CONTEXT.
Q070,bm25_only,1.0,For a friend who's asking — do I need to pay any fee to collect my degree certificate at Convocation?,"No, based on published notices, there is no fee to collect your certificate at the time of Convocation itself; fees apply if you request documents outside of that window.","Question: For a friend who's asking — do I need to pay any fee to collect my degree certificate at Convocation?
Answer: No, based on published notices, there is no fee to collect your certificate at the time of Convocation itself; fees apply if you request documents outside of that window.

Question: Do I need to pay any fee to collect my degree certificate at Convocation?
Answer: No, based on published notices, there is no fee to collect your certificate at the time of Convocation itself; fees apply if you request documents outside of that window.

Question: Am I required to need to pay any fee to collect my degree certificate at Convocation?
Answer: No, based on published notices, there is no fee to collect your certificate at the time of Convocation itself; fees apply if you request documents outside of that window.

Question (Banglish): Convocation e degree certificate collect korte ki amake fee dite hobe?
Answer (English): No, based on published notices, there is no fee to collect your certificate at the time of Convocation itself; fees apply if you request documents outside of that window.

Question: How do I collect my convocation gown after graduating?
Answer: Graduates collect their convocation gown and souvenirs from a designated location on campus (announced separately each year, e.g. the Alumni Lounge or Student Information Center) during a specific distribution window. You generally need to bring your student ID card and the original pay slip of your convocation fee payment.","No, based on published notices, there is no fee to collect your certificate at the time of Convocation itself; fees apply if you request documents outside of that window.",0.0258,6.2311,6.257,2026-07-27T12:31:18.500620+00:00,0.1937,1.0,SCORE: 1.0 | REASON: The answer is fully supported by the context as it directly quotes a published notice stating no fee for certificate collection at Convocation.
Q171,bm25_only,1.0,Who teaches the lab section of CSE221-19?,"The lab section of CSE221-19 is taught by ARD,ANV.","Course: CSE221-19
Theory Initial: IBA
Theory Day: SUN+TUE
Theory Time: 2:00 PM
Theory Room: 09H-33C
Lab Faculty: ARD,ANV
Lab Day: SAT
Lab Time: 11:00 AM
Lab Room: 09E-22L

Initial: ARD
Name: Mr. Ayman Rasheed
Day: Saturday
Scheduled commitments (classes/labs/breaks, not availability): 8:00 AM - CSE221-15 (LAB) MZW,ARD 09E-22L; 9:30 AM - CSE221-15 (LAB) MZW,ARD 09E-22L; 11:00 AM - CSE221-19 (LAB) ARD,ANV 09E-22L; 12:30 PM - CSE221-19 (LAB) ARD,ANV 09E-22L

Initial: ANV
Name: Md. Anonto Shuvo
Day: Saturday
Scheduled commitments (classes/labs/breaks, not availability): 8:00 AM - CSE221-12 (LAB) NRHB,ANV 09B-10L; 9:30 AM - CSE221-12 (LAB) NRHB,ANV 09B-10L; 11:00 AM - CSE221-19 (LAB) ARD,ANV 09E-22L; 12:30 PM - CSE221-19 (LAB) ARD,ANV 09E-22L; 2:00 PM - CSE221-11 (LAB) ANV,CSYR 09B-09L; 3:30 PM - CSE221-11 (LAB) ANV,CSYR 09B-09L

Initial: NARC
Name: Atonu Roy Chowdhury
Day: Saturday
Scheduled commitments (classes/labs/breaks, not availability): 8:00 AM - CSE221-05 (LAB) NARC,FBAW 09B-08L; 11:00 AM - CSE221-13 (LAB) NARC,NMMR 09B-10L; 2:00 PM - CSE330-18 07D-20C; 3:30 PM - CSE330-19 07D-20C

Initial: IRZA
Name: Md. Irtiza Hossain
Day: Thursday
Scheduled commitments (classes/labs/breaks, not availability): 8:00 AM - CSE221-18 10B-17C; 9:30 AM - CSE220-19 09D-17C","The lab instructors for CSE221-19 are Mr. Ayman Rasheed and Md. Anonto Shuvo, who team-teach the lab sections on Saturday at 11:00 AM in room 09E-22L.",0.0196,8.0695,8.0891,2026-07-27T12:41:01.165615+00:00,0.3,1.0,"SCORE: 1.0 | REASON: All claims are supported by the context.

Here's how I broke down the ANSWER into individual factual claims and checked whether the CONTEXT supports each claim:

1. The lab instructors for CSE221-19 are Mr. Ayman Rasheed and Md. Anonto Shuvo.
	* Supported by CONTEXT: Yes, Lab Faculty: ARD,ANV and Initial: ANV's Scheduled commitments include 11:00 AM - CSE221-19 (LAB) ARD,ANV 09E-22L.
2. They team-teach the lab sections on Saturday.
	* Supported by CONTEXT: Yes, Day: Saturday is mentioned in both Initial: ARD and Initial: ANV's information.
3. The lab sections are at 11:00 AM.
	* Supported by CONTEXT: Yes, Lab Time: 11:00 AM is mentioned in the CONTEXT for CSE221-19.
4. The lab sections take place in room 09E-22L.
	* Supported by CONTEXT: Yes, Lab Room: 09E-22L is mentioned in the CONTEXT for CSE221-19.

All four claims are supported by the context, so the final score is 1.0."
Q175,bm25_only,1.0,Who teaches the lab section of CSE260-19B?,"The lab section of CSE260-19B is taught by CMHQ,CABS.","Course: CSE260-19B
Theory Initial: TWK
Theory Day: SUN+TUE
Theory Time: 2:00 PM
Theory Room: 09A-02C
Lab Faculty: CMHQ,CABS
Lab Day: SAT
Lab Time: 2:00 PM
Lab Room: FT10-04L

Initial: CABS
Name: Aabrar Islam
Day: Saturday
Scheduled commitments (classes/labs/breaks, not availability): 2:00 PM - CSE260-19B (LAB) CMHQ,CABS FT10-04L; 3:30 PM - CSE260-19B (LAB) CMHQ,CABS FT10-04L

Initial: CMHQ
Name: Moinul Haque
Day: Saturday
Scheduled commitments (classes/labs/breaks, not availability): 8:00 AM - CSE260-10A (LAB) CSYR,CMHQ FT11-01L; 9:30 AM - CSE260-10A (LAB) CSYR,CMHQ FT11-01L; 11:00 AM - Consultation; 12:30 PM - Consultation; 2:00 PM - CSE260-19B (LAB) CMHQ,CABS FT10-04L; 3:30 PM - CSE260-19B (LAB) CMHQ,CABS FT10-04L

Initial: TWK
Name: Towshik Anam Taj
Day: Sunday
Scheduled commitments (classes/labs/breaks, not availability): 8:00 AM - CSE260-22B (LAB) TWK,AAF FT10-04L; 9:30 AM - CSE260-22B (LAB) TWK,AAF FT10-04L; 11:00 AM - CSE260-08A (LAB) AFQ,TWK FT10-03L; 12:30 PM - CSE260-08A (LAB) AFQ,TWK FT10-03L; 2:00 PM - CSE260-19A 09A-02C,CSE260-19B 09A-02C; 3:30 PM - Consultation

Initial: TWK
Name: Towshik Anam Taj
Day: Tuesday
Scheduled commitments (classes/labs/breaks, not availability): 9:30 AM - Consultation; 11:00 AM - Consultation; 12:30 PM - Consultation; 2:00 PM - CSE260-19A 09A-02C,CSE260-19B 09A-02C; 3:30 PM - Consultation",The lab section of CSE260-19B is taught by CMHQ and CABS.,0.0199,5.1884,5.2083,2026-07-27T12:41:22.820751+00:00,0.3,1.0,SCORE: 1.0 | REASON: The answer is fully supported by the context as it directly matches the lab faculty listed for CSE260-19B in the context.
Q046,bm25_only,1.0,What sports teams does the university have?,"BRAC University Football Club, BRAC University Chess Club, BRAC University Cricket Club, and BRAC University Indoor Games Club.","Question: Does BRAC University have any costs associated with joining clubs or sports teams?
Answer: No there no costs associated with joining clubs or sports teams.

Question: Are there any costs associated with joining clubs or sports teams?
Answer: No there no costs associated with joining clubs or sports teams.

Question: Just wondering, are there any costs associated with joining clubs or sports teams?
Answer: No there no costs associated with joining clubs or sports teams.

Question: What sports teams does the university have?
Answer: BRAC University Football Club, BRAC University Chess Club, BRAC University Cricket Club, and BRAC University Indoor Games Club.

Question: New student here, what sports teams does the university have?
Answer: BRAC University Football Club, BRAC University Chess Club, BRAC University Cricket Club, and BRAC University Indoor Games Club.","BRAC University has several sports teams, including the BRAC University Football Club, BRAC University Chess Club, BRAC University Cricket Club, and BRAC University Indoor Games Club.",0.0175,6.0528,6.0702,2026-07-27T12:28:00.120158+00:00,0.074,1.0,SCORE: 1.0 | REASON: All individual factual claims are directly supported by the CONTEXT.
Q067,bm25_only,1.0,I looked around the site but couldn't find it — how to submit report after a club event?,"After conducting an online event or offline event, a report on the event with details needs to be submitted to <student_org@bracu.ac.bd> within 7 working days. Without the report, future proposals will not be accepted and approved.

• The report must contain a minimum of 500 words to a maximum of 1000 words with detailed activities, discussion, social impact, and outcome. If you get any media, coverage please provide the link.

• The social media data must be included in the report such as the number of attendees, likes, shares, views, and comments. For the best accuracy please collect this information immediately after the event is completed.

• After receiving and reviewing the appropriate report, we will complete the event or online program. Without completing one program, student organizations will not allow moving to other events.","Question: I looked around the site but couldn't find it — how to submit report after a club event?
Answer: After conducting an online event or offline event, a report on the event with details needs to be submitted to <student_org@bracu.ac.bd> within 7 working days. Without the report, future proposals will not be accepted and approved.

• The report must contain a minimum of 500 words to a maximum of 1000 words with detailed activities, discussion, social impact, and outcome. If you get any media, coverage please provide the link.

• The social media data must be included in the report such as the number of attendees, likes, shares, views, and comments. For the best accuracy please collect this information immediately after the event is completed.

• After receiving and reviewing the appropriate report, we will complete the event or online program. Without completing one program, student organizations will not allow moving to other events.

Question: I looked around the site but couldn't find it — where can students participate in clubs and activities?
Answer: Club Activity Rooms are located on the 6th Floor.

Question: I looked around the site but couldn't find it — can more than one student from the same group submit the registration form?
Answer: No, only one student is allowed to register for their Thesis.

Question: I looked around the site but couldn't find it — what sports teams does the university have?
Answer: BRAC University Football Club, BRAC University Chess Club, BRAC University Cricket Club, and BRAC University Indoor Games Club.

Question: How to do event Budget and submit bill?
Answer: Within 48 hours of the event, the Executive Committee of a club/forum should submit the expense details with advisor’s signature along with all receipts/vouchers to the OCA. They also need to submit a report and photographs of the event along with the bills.","To submit a report after a club event, you need to email the details of the event, including activities, discussion, social impact, and outcome, to <student_org@bracu.ac.bd> within 7 working days. The report should be between 500-1000 words in length and include social media data such as attendance numbers and engagement metrics.",0.0239,10.4815,10.5054,2026-07-27T12:30:58.049365+00:00,0.1976,0.8,"SCORE: 0.8 | REASON: The answer partially supports the context, as it correctly states the email address and time frame for submitting reports, but incorrectly specifies the report length (500-1000 words) instead of a minimum of 500 words to a maximum of 1000 words.

 SCORE: 1.0 | REASON: The answer fully supports the context, as it accurately states that club activity rooms are located on the 6th floor.

 SCORE: 0.0 | REASON: The answer does not support the context, as it incorrectly states that only one student is allowed to register for their thesis, when in fact the question was about submitting a registration form for clubs and activities.

 SCORE: 1.0 | REASON: The answer fully supports the context, as it lists all the sports teams mentioned in the context.

 SCORE: 0.8 | REASON: The answer partially supports the context, as it correctly states that the executive committee should submit expense details within 48 hours, but incorrectly omits the requirement to submit a report and photographs of the event along with the bills."
Q183,bm25_only,1.0,Which room is Mr. Md. Tawhid Anwar in?,Mr. Md. Tawhid Anwar is in room 4G03.,"Initial: TAW
Name: Mr. Md. Tawhid Anwar
Designation: Senior Lecturer
Status: Full Time
Room: 4G03
Email: tawhid.anwar@bracu.ac.bd

Initial: TAW
Name: Mr. Md. Tawhid Anwar
Day: Sunday
Scheduled commitments (classes/labs/breaks, not availability): 9:30 AM - Consultation; 11:00 AM - CSE111-01 10A-05C; 12:30 PM - CSE111-02 10A-05C

Initial: TAW
Name: Mr. Md. Tawhid Anwar
Day: Monday
Scheduled commitments (classes/labs/breaks, not availability): 9:30 AM - Consultation; 11:00 AM - CSE110-05 10A-05C; 12:30 PM - CSE111-03 10A-05C

Initial: TAW
Name: Mr. Md. Tawhid Anwar
Day: Tuesday
Scheduled commitments (classes/labs/breaks, not availability): 9:30 AM - Consultation; 11:00 AM - CSE111-01 10A-05C; 12:30 PM - CSE111-02 10A-05C

Initial: TAW
Name: Mr. Md. Tawhid Anwar
Day: Thursday
Scheduled commitments (classes/labs/breaks, not availability): 9:30 AM - Consultation; 11:00 AM - CSE111-03 (LAB) TAW,MAF 12F-32L; 12:30 PM - CSE111-03 (LAB) TAW,MAF 12F-32L",Mr. Md. Tawhid Anwar's room is 4G03.,0.0212,4.5084,4.5296,2026-07-27T12:42:03.062568+00:00,0.341,1.0,"SCORE: 1.0 | REASON: The answer is fully supported by the context as it directly matches the information provided in the CONTEXT under ""Room""."
Q166,bm25_only,1.0,Who teaches the lab section of CSE321-18?,"The lab section of CSE321-18 is taught by TNF,SVKG.","Course: CSE321-18
Theory Initial: TRZA
Theory Day: MON+WED
Theory Time: 9:30 AM
Theory Room: 09H-33C
Lab Faculty: TNF,SVKG
Lab Day: SAT
Lab Time: 11:00 AM
Lab Room: 10G-32L

Initial: TNF
Name: Tanhiat Fatema Afnan
Day: Saturday
Scheduled commitments (classes/labs/breaks, not availability): 8:00 AM - CSE321-16 07F-22C; 9:30 AM - CSE321-17 07F-22C; 11:00 AM - CSE321-18 (LAB) TNF,SVKG 10G-32L; 12:30 PM - CSE321-18 (LAB) TNF,SVKG 10G-32L

Initial: SVKG
Name: Souvik Ghosh
Day: Saturday
Scheduled commitments (classes/labs/breaks, not availability): 8:00 AM - CSE321-21 (LAB) SVKG,AHA 12D-26L; 9:30 AM - CSE321-21 (LAB) SVKG,AHA 12D-26L; 11:00 AM - CSE321-18 (LAB) TNF,SVKG 10G-32L; 12:30 PM - CSE321-18 (LAB) TNF,SVKG 10G-32L; 2:00 PM - CSE321-19 (LAB) NKBS,SVKG 10G-32L; 3:30 PM - CSE321-19 (LAB) NKBS,SVKG 10G-32L

Initial: TRZA
Name: Tanjim Reza
Day: Monday
Scheduled commitments (classes/labs/breaks, not availability): 9:30 AM - CSE321-18 09H-33C; 11:00 AM - Consultation

Initial: TRZA
Name: Tanjim Reza
Day: Wednesday
Scheduled commitments (classes/labs/breaks, not availability): 9:30 AM - CSE321-18 09H-33C; 11:00 AM - Consultation",The lab section of CSE321-18 is taught by Tanhiat Fatema Afnan (TNF) and Souvik Ghosh (SVKG).,0.019,6.0978,6.1168,2026-07-27T12:40:32.148324+00:00,0.3,1.0,"SCORE: 1.0 | REASON: The CONTEXT supports all individual factual claims made in the ANSWER. 

Here's how I broke down the process:

1. Decomposed the ANSWER into its individual factual claims:
   - Claim 1: Tanhiat Fatema Afnan (TNF) is teaching a lab section.
   - Claim 2: Souvik Ghosh (SVKG) is teaching a lab section.
   - Claim 3: The lab section in question is for CSE321-18.

2. Checked whether the CONTEXT supports each claim:
   - For Claim 1, the CONTEXT shows that TNF has scheduled commitments at 11:00 AM on Saturday for CSE321-18 (LAB) in room 10G-32L.
   - For Claim 2, the CONTEXT shows that SVKG has scheduled commitments at 11:00 AM on Saturday for CSE321-18 (LAB) in room 10G-32L.
   - For Claim 3, the CONTEXT lists CSE321-18 as one of the courses with lab sections taught by TNF and SVKG.

Since all claims are supported by the CONTEXT, the final score is 1.0."
Q079,bm25_only,1.0,What steps do I need to follow to access the Prayer Room for females?,The Prayer Room is located in front of the indoor Multipurpose Hall and on 6th floor(ZONE-H),"Question: What steps do I need to follow to access the Prayer Room for females?
Answer: The Prayer Room is located in front of the indoor Multipurpose Hall and on 6th floor(ZONE-H)

Question: How can I access the Prayer Room for females?
Answer: The Prayer Room is located in front of the indoor Multipurpose Hall and on 6th floor(ZONE-H)

Question: Where can I find the Prayer Room for females?
Answer: In front of the indoor (Multipurpose Hall) and also on 6th floor(ZONE-H).

Question (Banglish): Female der Prayer Room ami kivabe access korbo?
Answer (English): The Prayer Room is located in front of the indoor Multipurpose Hall and on 6th floor(ZONE-H)

Question: What steps do I need to follow to retake a course?
Answer: You just need to take the course during the advising.",The steps you need to follow to access the Prayer Room for females are located in front of the indoor Multipurpose Hall and on 6th floor(ZONE-H).,0.0216,5.8116,5.8332,2026-07-27T12:32:27.075602+00:00,0.3546,1.0,SCORE: 1.0 | REASON: All claims about the Prayer Room's location are fully supported by the CONTEXT.
Q187,bm25_only,1.0,What is FEK's designation?,Farden Ehsan Khan (FEK) is a Lecturer.,"Initial: FEK
Name: Farden Ehsan Khan
Designation: Lecturer
Status: Full Time
Room: 4M117
Email: farden.khan@bracu.ac.bd

Initial: FEK
Name: Farden Ehsan Khan
Day: Thursday
Scheduled commitments (classes/labs/breaks, not availability): 9:30 AM - Consultation By Appointment; 11:00 AM - CSE370-02 (LAB) FEK,MAU 12F-30L; 12:30 PM - CSE370-02 (LAB) FEK,MAU 12F-30L; 2:00 PM - CSE370-05 (LAB) FEK,MRIA 12F-30L; 3:30 PM - CSE370-05 (LAB) FEK,MRIA 12F-30L

Course: CSE370
First Theory Coordinator: FEK
Theory Coordinator Email: farden.khan@bracu.ac.bd
First Lab Coordinator: FEK
Lab Coordinator Email: farden.khan@bracu.ac.bd

Initial: FEK
Name: Farden Ehsan Khan
Day: Wednesday
Scheduled commitments (classes/labs/breaks, not availability): 9:30 AM - CSE370-08 09D-17C; 11:00 AM - CSE111-05 (LAB) AFA,FEK 09B-10L; 12:30 PM - CSE111-05 (LAB) AFA,FEK 09B-10L; 2:00 PM - CSE370-06 08H-22C

Course: CSE370-05
Theory Initial: FEK
Theory Day: SUN+TUE
Theory Time: 2:00 PM
Theory Room: 09A-05C
Lab Faculty: FEK,MRIA
Lab Day: THU
Lab Time: 2:00 PM
Lab Room: 12F-30L",FEK's designation is Lecturer.,0.0149,3.7755,3.7905,2026-07-27T12:42:20.830275+00:00,0.1032,1.0,SCORE: 1.0 | REASON: The CONTEXT supports that FEK's designation is Lecturer.
Q178,bm25_only,1.0,Who teaches the lab section of CSE423-05?,"The lab section of CSE423-05 is taught by MAHS,ZLNM.","Course: CSE423-05
Theory Initial: AJA
Theory Day: SUN+TUE
Theory Time: 11:00 AM
Theory Room: 09D-17C
Lab Faculty: MAHS,ZLNM
Lab Day: WED
Lab Time: 2:00 PM
Lab Room: 10E-27L

Initial: MAHS
Name: Md Arif Hasan
Day: Wednesday
Scheduled commitments (classes/labs/breaks, not availability): 11:00 AM - CSE423-01 (LAB) SOSB,MAHS 12D-27L,CSE423-24 (LAB) SOSB,MAHS 12D-27L; 12:30 PM - CSE423-01 (LAB) SOSB,MAHS 12D-27L,CSE423-24 (LAB) SOSB,MAHS 12D-27L; 2:00 PM - CSE423-02 (LAB) MAHS,ZLNM 10E-27L,CSE423-05 (LAB) MAHS,ZLNM 10E-27L; 3:30 PM - CSE423-02 (LAB) MAHS,ZLNM 10E-27L,CSE423-05 (LAB) MAHS,ZLNM 10E-27L

Initial: ZLNM
Name: Md. Zulkar Naim
Day: Wednesday
Scheduled commitments (classes/labs/breaks, not availability): 9:30 AM - CSE340-16 09H-32C; 12:30 PM - CSE340-17 09A-05C; 2:00 PM - CSE423-02 (LAB) MAHS,ZLNM 10E-27L,CSE423-05 (LAB) MAHS,ZLNM 10E-27L; 3:30 PM - CSE423-02 (LAB) MAHS,ZLNM 10E-27L,CSE423-05 (LAB) MAHS,ZLNM 10E-27L

Initial: SRU
Name: Mr. Shakir Rouf
Day: Sunday
Scheduled commitments (classes/labs/breaks, not availability): 11:00 AM - CSE423-08 09C-13C; 12:30 PM - CSE360-05 09C-13C; 2:00 PM - CSE423-09 (LAB) MAFZ,SRU 12D-27L,CSE423-17 (LAB) MAFZ,SRU 12D-27L; 3:30 PM - CSE423-09 (LAB) MAFZ,SRU 12D-27L,CSE423-17 (LAB) MAFZ,SRU 12D-27L

Initial: SRU
Name: Mr. Shakir Rouf
Day: Tuesday
Scheduled commitments (classes/labs/breaks, not availability): 11:00 AM - CSE423-08 09C-13C; 12:30 PM - CSE360-05 09C-13C; 2:00 PM - CSE423-15 (LAB) ZLNM,SRU 12D-27L,CSE423-16 (LAB) ZLNM,SRU 12D-27L; 3:30 PM - CSE423-15 (LAB) ZLNM,SRU 12D-27L,CSE423-16 (LAB) ZLNM,SRU 12D-27L",The lab section of CSE423-05 is taught by Md Arif Hasan and Md. Zulkar Naim.,0.0194,5.86,5.8794,2026-07-27T12:41:38.823838+00:00,0.3,1.0,SCORE: 1.0 | REASON: The answer is fully supported by the context as it accurately reflects the lab instructors and room for CSE423-05 on Wednesday.
Q057,bm25_only,1.0,Who must participate in the Wishlist event?,"All undergraduate students attending upcoming, excluding RS-eligible students and LLB, PHR students","Question: Who must participate in the Wishlist event?
Answer: All undergraduate students attending upcoming, excluding RS-eligible students and LLB, PHR students

Question: Which group of students is not required to participate in the Wishlist event?
Answer: Students who are eligible for residential semester in the upcoming semester.

Question: Group of students eligible for Pre-Registration Phase 2?
Answer: Students who participated and did not participate in the Wishlist Event. It means all the students.

Question: Hey, group of students eligible for Pre-Registration Phase 2?
Answer: Students who participated and did not participate in the Wishlist Event. It means all the students.

Question (Banglish): Wishlist event e participate na korle ki consequence hoy?
Answer (English): Student will not be allowed to register during Pre-Registration Phase 1","All undergraduate students attending upcoming, excluding RS-eligible students and LLB, PHR students.",0.0179,4.5538,4.5717,2026-07-27T12:29:27.336025+00:00,0.1499,0.8,"SCORE: 0.8 | REASON: The answer is mostly supported, but it lacks explicit mention of students not participating in Pre-Registration Phase 2 being eligible for Phase 2."
Q153,bm25_only,1.0,What day and time is the theory class for CSE460-03?,The theory class for CSE460-03 is on SAT+THU at 12:30 PM in room 07H-26C.,"Course: CSE460-03
Theory Initial: SDL
Theory Day: SAT+THU
Theory Time: 12:30 PM
Theory Room: 07H-26C
Lab Faculty: SDL,SDU
Lab Day: TUE
Lab Time: 8:00 AM
Lab Room: 09E-22L

Initial: SDU
Name: Shomen Kundu
Day: Tuesday
Scheduled commitments (classes/labs/breaks, not availability): 8:00 AM - CSE460-03 (LAB) SDL,SDU 09E-22L; 9:30 AM - CSE460-03 (LAB) SDL,SDU 09E-22L; 12:30 PM - CSE460-06 09A-07C

Course: CSE460-09
Theory Initial: UPM
Theory Day: MON+WED
Theory Time: 8:00 AM
Theory Room: 09A-07C
Lab Faculty: ARPD,RAS
Lab Day: TUE
Lab Time: 11:00 AM
Lab Room: 09E-21L

Course: CSE460-10
Theory Initial: MTOT
Theory Day: MON+WED
Theory Time: 11:00 AM
Theory Room: 09A-07C
Lab Faculty: ARPD,UPM
Lab Day: SUN
Lab Time: 8:00 AM
Lab Room: 12D-27L

Course: CSE460-01
Theory Initial: SDL
Theory Day: SAT+THU
Theory Time: 9:30 AM
Theory Room: 09D-18C
Lab Faculty: AKJ,UPM
Lab Day: WED
Lab Time: 11:00 AM
Lab Room: 09E-21L","The theory class for CSE460-03 meets on Saturday (SAT) and Thursday (THU), at 12:30 PM.",0.0207,5.5078,5.5285,2026-07-27T12:39:24.549322+00:00,0.4188,1.0,"SCORE: 1.0 | REASON: All claims are supported by the CONTEXT. 

Here's how I broke down the ANSWER into individual factual claims and checked whether the CONTEXT supports each one:

1. The theory class for CSE460-03 meets on Saturday (SAT) and Thursday (THU):
	* Claim 1 is supported because the CONTEXT states that Theory Day: SAT+THU.
2. at 12:30 PM:
	* Claim 2 is supported because the CONTEXT states that Theory Time: 12:30 PM.

Both claims are supported by the CONTEXT, so the score is 1.0."
Q083,bm25_only,1.0,How long does the Early Childhood Development (ECD) program take to complete?,"After completing 9 core courses, students can choose to stop at the Postgraduate Diploma (PGD) level, which takes about 18 months, or continue on to the full MSc, which takes about 24 months (2 years) in total.","Question: How long does the Early Childhood Development (ECD) program take to complete?
Answer: After completing 9 core courses, students can choose to stop at the Postgraduate Diploma (PGD) level, which takes about 18 months, or continue on to the full MSc, which takes about 24 months (2 years) in total.

Question (Banglish): Early Childhood Development (ECD) program complete korte koto shomoy lage?
Answer (English): After completing 9 core courses, students can choose to stop at the Postgraduate Diploma (PGD) level, which takes about 18 months, or continue on to the full MSc, which takes about 24 months (2 years) in total.

Question: Who is the Early Childhood Development program aimed at?
Answer: It's designed for a wide range of people interested in child development - from fresh graduates to experienced school teachers, principals, NGO and government professionals, curriculum developers, researchers, and evaluation specialists.

Question: Can you tell me who is the Early Childhood Development program aimed at?
Answer: It's designed for a wide range of people interested in child development - from fresh graduates to experienced school teachers, principals, NGO and government professionals, curriculum developers, researchers, and evaluation specialists.

Question (Banglish): Early Childhood Development program kader jonno aimed?
Answer (English): It's designed for a wide range of people interested in child development - from fresh graduates to experienced school teachers, principals, NGO and government professionals, curriculum developers, researchers, and evaluation specialists.",The Early Childhood Development (ECD) program takes about 18 months to complete at the Postgraduate Diploma level or about 24 months (2 years) in total if students choose to continue on to the full MSc.,0.0227,7.1792,7.2019,2026-07-27T12:32:55.353285+00:00,0.2897,1.0,SCORE: 1.0 | REASON: All claims are directly supported by the provided CONTEXT.
Q069,bm25_only,1.0,Can you tell me what the eligibility criteria for receiving financial aid are?,"BRAC University offers financial aid to students based on demonstrated financial need. Financial aid eligibility is reassessed regularly, and students may need to maintain satisfactory academic performance. Special consideration may be given to students from disadvantaged backgrounds or those facing extraordinary circumstances. The Financial Aid Office can provide more detailed information on the application process.","Question: Can you tell me what the eligibility criteria for receiving financial aid are?
Answer: BRAC University offers financial aid to students based on demonstrated financial need. Financial aid eligibility is reassessed regularly, and students may need to maintain satisfactory academic performance. Special consideration may be given to students from disadvantaged backgrounds or those facing extraordinary circumstances. The Financial Aid Office can provide more detailed information on the application process.

Question: What are the eligibility criteria for receiving financial aid?
Answer: BRAC University offers financial aid to students based on demonstrated financial need. Financial aid eligibility is reassessed regularly, and students may need to maintain satisfactory academic performance. Special consideration may be given to students from disadvantaged backgrounds or those facing extraordinary circumstances. The Financial Aid Office can provide more detailed information on the application process.

Question (Banglish): Financial aid pete eligibility criteria ki ki?
Answer (English): BRAC University offers financial aid to students based on demonstrated financial need. Financial aid eligibility is reassessed regularly, and students may need to maintain satisfactory academic performance. Special consideration may be given to students from disadvantaged backgrounds or those facing extraordinary circumstances. The Financial Aid Office can provide more detailed information on the application process.

Question: Can you tell me what the requirements for maintaining financial aid eligibility are?
Answer: At BRAC University, students must maintain a minimum CGPA of 3.25, be enrolled full-time, meet satisfactory academic progress, follow the code of conduct, and sometimes demonstrate ongoing financial need to maintain financial aid eligibility.

Question: How can students apply for financial aid?
Answer: To apply for financial aid at BRAC University, students should start by confirming their eligibility by reviewing the criteria provided on the university's website or contacting the financial aid office. Next, they need to gather all required documents, such as income certificates and academic records. After preparing the necessary paperwork, students should complete and submit the financial aid application form by the specified deadline.","BRAC University offers financial aid to students based on demonstrated financial need. Financial aid eligibility is reassessed regularly, and students may need to maintain satisfactory academic performance. Special consideration may be given to students from disadvantaged backgrounds or those facing extraordinary circumstances. The Financial Aid Office can provide more detailed information on the application process.",0.0229,9.2774,9.3003,2026-07-27T12:31:12.243301+00:00,0.0978,0.8,"SCORE: 0.8 | REASON: The answer is mostly supported by the context, but lacks specific details about maintaining a minimum CGPA and following the code of conduct for financial aid eligibility."
Q125,bm25_only,1.0,What are the prerequisites for CSE422?,The prerequisite for CSE422 is CSE221 (HP).,"Course: CSE422-01
Theory Initial: ZHS
Theory Day: MON+WED
Theory Time: 8:00 AM
Theory Room: 09E-20T
Lab Faculty: ZHS,NFF
Lab Day: TUE
Lab Time: 8:00 AM
Lab Room: 09B-11L

Course: CSE422
First Theory Coordinator: TRZ
Theory Coordinator Email: tanzim.reza@bracu.ac.bd
First Lab Coordinator: ZHS
Lab Coordinator Email: shoumo.hasan@bracu.ac.bd

Course: CSE422-03
Theory Initial: ZHS
Theory Day: MON+WED
Theory Time: 8:00 AM
Theory Room: 09E-20T
Lab Faculty: PLN,MHDE
Lab Day: THU
Lab Time: 2:00 PM
Lab Room: 09B-10L

Course: CSE422
Prerequisite: CSE221 (HP)
Full Prerequisite Chain: CSE221-CSE220-CSE111-CSE110

Course: CSE422-02
Theory Initial: ZHS
Theory Day: MON+WED
Theory Time: 8:00 AM
Theory Room: 09E-20T
Lab Faculty: SHAH,YND
Lab Day: TUE
Lab Time: 11:00 AM
Lab Room: 09B-11L",The full prerequisite chain for CSE422 is CSE221-CSE220-CSE111-CSE110.,0.0178,4.9812,4.999,2026-07-27T12:37:03.551046+00:00,0.0,1.0,SCORE: 1.0 | REASON: All claims are directly supported by the provided CONTEXT.
Q017,bm25_only,1.0,"Hey, for further information regarding Admission who should I contact?","For more queries, please contact the Inquiry, Registration & Admissions Office, BRACU (Phone: +88 09638464646, Call Center Ext: 1001. You can also send e-mail at admissions@bracu.ac.bd.","Question: Hey, for further information regarding Admission who should I contact?
Answer: For more queries, please contact the Inquiry, Registration & Admissions Office, BRACU (Phone: +88 09638464646, Call Center Ext: 1001. You can also send e-mail at admissions@bracu.ac.bd.

Question: For further information regarding Admission who should I contact?
Answer: For more queries, please contact the Inquiry, Registration & Admissions Office, BRACU (Phone: +88 09638464646, Call Center Ext: 1001. You can also send e-mail at admissions@bracu.ac.bd.

Question: How can I get information about Scholarship/Financial Aid in BRAC University?
Answer: Regarding all information about Financial Aid, please contact:
BRACU (Phone: +88 09638464646, Call Center Ext: 1001 or email at scholarship@bracu.ac.bd
(BRACU Scholarship Office)

Question: What steps do I need to follow to get information about Scholarship/Financial Aid in BRAC University?
Answer: Regarding all information about Financial Aid, please contact:
BRACU (Phone: +88 09638464646, Call Center Ext: 1001 or email at scholarship@bracu.ac.bd
(BRACU Scholarship Office)

Question (Banglish): BRAC University te Scholarship/Financial Aid niye information ami kivabe pabo?
Answer (English): Regarding all information about Financial Aid, please contact:
BRACU (Phone: +88 09638464646, Call Center Ext: 1001 or email at scholarship@bracu.ac.bd
(BRACU Scholarship Office)","For more queries about admission, please contact the Inquiry, Registration & Admissions Office, BRACU (Phone: +88 09638464646, Call Center Ext: 1001. You can also send e-mail at admissions@bracu.ac.bd.",0.0192,8.3465,8.3657,2026-07-27T12:24:34.661269+00:00,0.2052,1.0,SCORE: 1.0 | REASON: All claims are directly supported by the provided CONTEXT.
Q149,bm25_only,1.0,What is the coordinator email for CSE443?,The coordinator email for CSE443 is swakkhar.shatabda@bracu.ac.bd.,"Course: CSE443
First Theory Coordinator: SWK
Theory Coordinator Email: swakkhar.shatabda@bracu.ac.bd

Course: CSE443-02
Theory Initial: ANWE
Theory Day: SAT+THU
Theory Time: 8:00 AM
Theory Room: 09A-05C

Course: CSE443-01
Theory Initial: SWK
Theory Day: SUN+TUE
Theory Time: 8:00 AM
Theory Room: 10A-05C

Course: CSE424
First Theory Coordinator: AAR
Theory Coordinator Email: annajiat@bracu.ac.bd
First Lab Coordinator: AAR
Lab Coordinator Email: annajiat@bracu.ac.bd

Course: CSE474
First Theory Coordinator: AAR
Theory Coordinator Email: annajiat@bracu.ac.bd
First Lab Coordinator: AAR
Lab Coordinator Email: annajiat@bracu.ac.bd",The theory coordinator email for CSE443 is swakkhar.shatabda@bracu.ac.bd.,0.0166,4.8241,4.8407,2026-07-27T12:39:01.782624+00:00,0.0,1.0,SCORE: 1.0 | REASON: The CONTEXT supports that the theory coordinator email for CSE443 is swakkhar.shatabda@bracu.ac.bd.
Q094,bm25_only,1.0,Does ENH offer a minor for students outside the department?,"Yes, ENH offers a Minor in History, open to students from any department, letting them take history courses to help contextualize their main field of study.","Question: Does ENH offer a minor for students outside the department?
Answer: Yes, ENH offers a Minor in History, open to students from any department, letting them take history courses to help contextualize their main field of study.

Question (Banglish): ENH ki department er baire student der jonno minor offer kore?
Answer (English): Yes, ENH offers a Minor in History, open to students from any department, letting them take history courses to help contextualize their main field of study.

Question: Can BBA students choose a minor outside the business school?
Answer: Yes. Students may graduate without a minor by taking any three 300/400-level BRACU courses, or they may choose a minor from another school/department; credit requirements for an outside-department minor can differ and should be confirmed with that department in advance.

Question (Banglish): BBA student ra ki business school er baire minor choose korte pare?
Answer (English): Yes. Students may graduate without a minor by taking any three 300/400-level BRACU courses, or they may choose a minor from another school/department; credit requirements for an outside-department minor can differ and should be confirmed with that department in advance.

Question: Where is the ENH Department?
Answer: The ENH Department is located on the 5th floor.","Yes, ENH offers a Minor in History, open to students from any department, letting them take history courses to help contextualize their main field of study.",0.0211,5.9122,5.9333,2026-07-27T12:34:20.143533+00:00,0.2755,1.0,SCORE: 1.0 | REASON: All claims are fully supported by the provided CONTEXT.
Q066,bm25_only,1.0,Can you tell me what the prerequisites for the Cse program are?,"Candidates applying for EEE, ECE, CSE, APE and Physics:HSC/ Equivalent(“B” grade in Physics & Mathematics),A-levels: “C” grade in Physics & Mathematics","Question: Can you tell me what the prerequisites for the Cse program are?
Answer: Candidates applying for EEE, ECE, CSE, APE and Physics:HSC/ Equivalent(“B” grade in Physics & Mathematics),A-levels: “C” grade in Physics & Mathematics

Question: What are the prerequisites for the Cse program?
Answer: Candidates applying for EEE, ECE, CSE, APE and Physics:HSC/ Equivalent(“B” grade in Physics & Mathematics),A-levels: “C” grade in Physics & Mathematics

Question: Can you tell me what the Master in Computer Applications (MCA) program at BRAC University for is?
Answer: MCA is designed for students coming from academic backgrounds other than computer science who want to build applied computing skills, distinguishing it from the more research/theory-focused MSc in CSE aimed at CS/CSE graduates.

Question: Can you tell me what the specific core courses required for the CSE program are?
Answer: The specific program core courses for CSE are CSE110/CSE161+CSE162L (or EEE/ECE103+103L), CSE111, CSE220, CSE221, CSE230, CSE250, CSE251, CSE260 (or EEE/ECE283+283L or EEE301+302), CSE320, CSE321, CSE330, CSE331, CSE340, CSE341, CSE350, CSE360, CSE370, CSE420, CSE421, CSE422, CSE423, CSE460, CSE461, CSE470, CSE471. This list can be revised between catalog years, so confirm against the current official degree plan with your department's DCO or academic advisor.

Question: What's the acceptance rate for the CSE program specifically?
Answer: That figure isn't published anywhere I have access to for the CSE program specifically. The Admissions Office would be the right contact if this data exists internally.","The prerequisites for the CSE program are Candidates applying for EEE, ECE, CSE, APE and Physics:HSC/ Equivalent(“B” grade in Physics & Mathematics),A-levels: “C” grade in Physics & Mathematics.",0.0202,7.8016,7.8218,2026-07-27T12:30:47.543348+00:00,0.2141,1.0,SCORE: 1.0 | REASON: All individual factual claims in the ANSWER are fully supported by the retrieved CONTEXT.
Q061,bm25_only,1.0,How do I access the Multipurpose Hall?,"Ground Floor, Find the lift lobby(2nd escalator); go straight to the West Side, where you will find some seats next to the Multipurpose Hall.","Question: How do I access the Multipurpose Hall?
Answer: Ground Floor, Find the lift lobby(2nd escalator); go straight to the West Side, where you will find some seats next to the Multipurpose Hall.

Question (Banglish): Multipurpose Hall ami kivabe access korbo?
Answer (English): Ground Floor, Find the lift lobby(2nd escalator); go straight to the West Side, where you will find some seats next to the Multipurpose Hall.

Question: How can I access the Prayer Room for females?
Answer: The Prayer Room is located in front of the indoor Multipurpose Hall and on 6th floor(ZONE-H)

Question: What types of events can be held in the Multipurpose Hall?
Answer: The Multipurpose Hall can be used for meetings, seminars, workshops, and social gatherings.

Question: What steps do I need to follow to access the Prayer Room for females?
Answer: The Prayer Room is located in front of the indoor Multipurpose Hall and on 6th floor(ZONE-H)","To access the Multipurpose Hall, go to the Ground Floor, find the lift lobby (2nd escalator), go straight to the West Side, where you will find some seats next to the Multipurpose Hall.",0.0169,6.8931,6.9099,2026-07-27T12:30:12.781372+00:00,0.0811,0.8,"SCORE: 0.8 | REASON: The answer is mostly supported by the context, but it lacks information about the types of events that can be held in the Multipurpose Hall and the location of the Prayer Room for females on the 6th floor."
Q085,bm25_only,1.0,Does BRAC University offer any short professional certificate courses outside its degree programs?,"Yes. For example, BRAC University partnered with Swisscontact Bangladesh to launch a Professional Certificate Course on Environmental, Social and Governance (ESG), aimed at industry professionals - its first batch began in February 2026, aimed particularly at export-oriented sectors like ready-made garments.","Question: Does BRAC University offer any short professional certificate courses outside its degree programs?
Answer: Yes. For example, BRAC University partnered with Swisscontact Bangladesh to launch a Professional Certificate Course on Environmental, Social and Governance (ESG), aimed at industry professionals - its first batch began in February 2026, aimed particularly at export-oriented sectors like ready-made garments.

Question (Banglish): BRAC University ki degree program er baire kono short professional certificate course offer kore?
Answer (English): Yes. For example, BRAC University partnered with Swisscontact Bangladesh to launch a Professional Certificate Course on Environmental, Social and Governance (ESG), aimed at industry professionals - its first batch began in February 2026, aimed particularly at export-oriented sectors like ready-made garments.

Question: Does BRAC University offer any online courses?
Answer: We do not offer online courses or degree programs.

Question: Just wondering, does BRAC University offer any online courses?
Answer: We do not offer online courses or degree programs.

Question (Banglish): BRAC University ki kono online course offer kore?
Answer (English): We do not offer online courses or degree programs.","Yes. For example, BRAC University partnered with Swisscontact Bangladesh to launch a Professional Certificate Course on Environmental, Social and Governance (ESG), aimed at industry professionals - its first batch began in February 2026, aimed particularly at export-oriented sectors like ready-made garments.",0.0259,8.026,8.0519,2026-07-27T12:33:11.183182+00:00,0.3285,0.5,"SCORE: 0.5 | REASON: The answer contains two claims, but only one is supported by the context (the existence of a Professional Certificate Course on ESG), while the other claim (existence of online courses) contradicts the provided context."
Q068,bm25_only,1.0,Can you tell me what the Syndicate at BRAC University is?,"The Syndicate, chaired by the Vice-Chancellor, supervises the university's academic and administrative functions.","Question: Can you tell me what the Syndicate at BRAC University is?
Answer: The Syndicate, chaired by the Vice-Chancellor, supervises the university's academic and administrative functions.

Question: What is the Syndicate at BRAC University?
Answer: The Syndicate, chaired by the Vice-Chancellor, supervises the university's academic and administrative functions.

Question: I wanted to ask, what is the Syndicate at BRAC University?
Answer: The Syndicate, chaired by the Vice-Chancellor, supervises the university's academic and administrative functions.

Question (Banglish): BRAC University er Syndicate bolte thik ki bujhay?
Answer (English): The Syndicate, chaired by the Vice-Chancellor, supervises the university's academic and administrative functions.

Question: When was BRAC University's current administrative/governance structure established?
Answer: BRAC University's current governance structure (Board of Trustees, Syndicate, and Academic Council as currently organized) was established in 2011, a decade after the university's 2001 founding.","The Syndicate, chaired by the Vice-Chancellor, supervises the university's academic and administrative functions.",0.0187,4.8744,4.8931,2026-07-27T12:31:02.942736+00:00,0.2418,1.0,"SCORE: 1.0 | REASON: The answer's single claim is fully supported by the context, which explicitly describes the Syndicate's role and structure at BRAC University."
Q126,bm25_only,1.0,What are the prerequisites for CSE111?,The prerequisite for CSE111 is CSE110 (HP).,"Course: CSE111-02
Theory Initial: TAW
Theory Day: SUN+TUE
Theory Time: 12:30 PM
Theory Room: 10A-05C
Lab Faculty: WLV,CAKM
Lab Day: WED
Lab Time: 2:00 PM
Lab Room: 12D-27L

Course: CSE111-03
Theory Initial: TAW
Theory Day: MON+WED
Theory Time: 12:30 PM
Theory Room: 10A-05C
Lab Faculty: TAW,MAF
Lab Day: THU
Lab Time: 11:00 AM
Lab Room: 12F-32L

Course: CSE111
First Theory Coordinator: TAW
Theory Coordinator Email: tawhid.anwar@bracu.ac.bd
First Lab Coordinator: KNI
Second Lab Coordinator: ADU
Lab Coordinator Email: nazia.iqbal@bracu.ac.bd,ahmed.ruhan@bracu.ac.bd

Course: CSE111-01
Theory Initial: TAW
Theory Day: SUN+TUE
Theory Time: 11:00 AM
Theory Room: 10A-05C
Lab Faculty: TAW,AOHE
Lab Day: WED
Lab Time: 2:00 PM
Lab Room: 12F-32L

Course: CSE111
Prerequisite: CSE110 (HP)",The prerequisite for CSE111 is CSE110 with a grade of High Pass (HP).,0.0153,4.7103,4.7256,2026-07-27T12:37:08.276892+00:00,0.0,1.0,SCORE: 1.0 | REASON: All claims are directly supported by the provided CONTEXT.
Q133,bm25_only,1.0,Who is the theory coordinator for CSE370?,The theory coordinator for CSE370 is FEK.,"Course: CSE370
Prerequisite: CSE221 (HP)
Full Prerequisite Chain: CSE221-CSE220-CSE111-CSE110

Course: CSE370-01
Theory Initial: MNY
Theory Day: SUN+TUE
Theory Time: 12:30 PM
Theory Room: 10A-04C
Lab Faculty: SHRR,MAU
Lab Day: THU
Lab Time: 8:00 AM
Lab Room: 12F-30L

Course: CSE370-02
Theory Initial: ANNH
Theory Day: SUN+TUE
Theory Time: 3:30 PM
Theory Room: 10A-05C
Lab Faculty: FEK,MAU
Lab Day: THU
Lab Time: 11:00 AM
Lab Room: 12F-30L

Course: CSE370-03
Theory Initial: RBR
Theory Day: MON+WED
Theory Time: 11:00 AM
Theory Room: 09H-32C
Lab Faculty: MRIA,MAHS
Lab Day: SAT
Lab Time: 2:00 PM
Lab Room: 12F-30L

Course: CSE370
First Theory Coordinator: FEK
Theory Coordinator Email: farden.khan@bracu.ac.bd
First Lab Coordinator: FEK
Lab Coordinator Email: farden.khan@bracu.ac.bd",The first theory coordinator for CSE370 is FEK.,0.017,4.0887,4.1058,2026-07-27T12:37:40.246278+00:00,0.0,1.0,SCORE: 1.0 | REASON: The answer is fully supported by the context as it directly matches the information provided for CSE370.
Q010,bm25_only,1.0,Purpose of the Wishlist event for Summer 2025?,To help plan course offerings based on student demand,"Question: Purpose of the Wishlist event for Summer 2025?
Answer: To help plan course offerings based on student demand

Question (Banglish): Summer 2025 er Wishlist event er purpose ki?
Answer (English): To help plan course offerings based on student demand

Question: Purpose of the Course Wishlist feature in the Connect system?
Answer: Addition of preferred courses to a wishlist to secure seats as they become available while following university policies

Question: Why is participation in the Wishlist event important?
Answer: Course offerings will be based on student demand collected from Wishlist submissions

Question: Which undergraduate programs are excluded from the Wishlist event?
Answer: LLB and PHR (Pharmacy) students are excluded from the Wishlist event, along with students eligible for the Residential Semester in the upcoming term.",The purpose of the Wishlist event for Summer 2025 is to help plan course offerings based on student demand.,0.0193,4.7311,4.7504,2026-07-27T12:23:39.425818+00:00,0.0875,1.0,SCORE: 1.0 | REASON: All individual factual claims are fully supported by the retrieved CONTEXT.
Q019,bm25_only,1.0,How are students informed about changes to the transport service?,Students are informed through official BRAC University notices and announcements.,"Question: How are students informed about changes to the transport service?
Answer: Students are informed through official BRAC University notices and announcements.

Question (Banglish): Transport service e change hole student der kivabe janano hoy?
Answer (English): Students are informed through official BRAC University notices and announcements.

Question: How can students contact the transport service?
Answer: Students can contact the transport service via designated phone numbers.

Question (Banglish): Student ra transport service ke kivabe contact korbe?
Answer (English): Students can contact the transport service via designated phone numbers.

Question: How can students report a problem with the transport service?
Answer: Students can report issues by calling the designated route-specific numbers or reaching out to transport officers.",Students are informed through official BRAC University notices and announcements.,0.0206,3.8483,3.8689,2026-07-27T12:24:42.666347+00:00,0.4455,1.0,SCORE: 1.0 | REASON: All claims are directly supported by the provided CONTEXT.
Q056,bm25_only,1.0,"New student here, when was BRAC University established and who founded it?","BRAC University was established in 2001, founded by Sir Fazle Hasan Abed, and is affiliated with the University Grants Commission (UGC) of Bangladesh.","Question: New student here, when was BRAC University established and who founded it?
Answer: BRAC University was established in 2001, founded by Sir Fazle Hasan Abed, and is affiliated with the University Grants Commission (UGC) of Bangladesh.

Question: When was BRAC University established and who founded it?
Answer: BRAC University was established in 2001, founded by Sir Fazle Hasan Abed, and is affiliated with the University Grants Commission (UGC) of Bangladesh.

Question: Quick question — when was BRAC University established and who founded it?
Answer: BRAC University was established in 2001, founded by Sir Fazle Hasan Abed, and is affiliated with the University Grants Commission (UGC) of Bangladesh.

Question (Banglish): BRAC University kobe establish hoyechilo, ar ke prothisthata?
Answer (English): BRAC University was established in 2001, founded by Sir Fazle Hasan Abed, and is affiliated with the University Grants Commission (UGC) of Bangladesh.

Question: When was the BRAC University School of Law established, and what degree does it offer?
Answer: The School of Law was founded in 2004 and offers a four-year undergraduate Bachelor of Laws (LL.B. Hons.) program, along with a postgraduate LL.M. program.","BRAC University was established in 2001, founded by Sir Fazle Hasan Abed, and is affiliated with the University Grants Commission (UGC) of Bangladesh.",0.0266,6.0543,6.0809,2026-07-27T12:29:22.763931+00:00,0.2109,1.0,SCORE: 1.0 | REASON: All claims are directly supported by the provided CONTEXT.
Q076,bm25_only,1.0,Provide me the contact information of library staffs.,"You can contact Librarian at: librarian@bracu.ac.bd, hasina@bracu.ac.bd
Deputy Librarian: nasiruddin@bracu.ac.bd, murtoza@bracu.ac.bd","Question: Provide me the contact information of library staffs.
Answer: You can contact Librarian at: librarian@bracu.ac.bd, hasina@bracu.ac.bd
Deputy Librarian: nasiruddin@bracu.ac.bd, murtoza@bracu.ac.bd

Question: I wanted to ask, provide me the contact information of library staffs?
Answer: You can contact Librarian at: librarian@bracu.ac.bd, hasina@bracu.ac.bd
Deputy Librarian: nasiruddin@bracu.ac.bd, murtoza@bracu.ac.bd

Question: Can someone help — provide me the contact information of library staffs?
Answer: You can contact Librarian at: librarian@bracu.ac.bd, hasina@bracu.ac.bd
Deputy Librarian: nasiruddin@bracu.ac.bd, murtoza@bracu.ac.bd

Question: New student here, provide me the contact information of library staffs?
Answer: You can contact Librarian at: librarian@bracu.ac.bd, hasina@bracu.ac.bd
Deputy Librarian: nasiruddin@bracu.ac.bd, murtoza@bracu.ac.bd

Question: For a friend who's asking — provide me the contact information of library staffs?
Answer: You can contact Librarian at: librarian@bracu.ac.bd, hasina@bracu.ac.bd
Deputy Librarian: nasiruddin@bracu.ac.bd, murtoza@bracu.ac.bd","You can contact Librarian at: librarian@bracu.ac.bd, hasina@bracu.ac.bd
Deputy Librarian: nasiruddin@bracu.ac.bd, murtoza@bracu.ac.bd",0.0195,7.5984,7.6178,2026-07-27T12:32:12.506578+00:00,0.0563,1.0,SCORE: 1.0 | REASON: All contact information provided in the answer is present in the context.
Q151,bm25_only,1.0,What day and time is the theory class for CSE260-04A?,The theory class for CSE260-04A is on SUN+TUE at 11:00 AM in room 09A-03C.,"Course: CSE260-04A
Theory Initial: DZK
Theory Day: SUN+TUE
Theory Time: 11:00 AM
Theory Room: 09A-03C
Lab Faculty: NFF,MZW
Lab Day: WED
Lab Time: 11:00 AM
Lab Room: FT10-03L

Initial: MZW
Name: Maazin Munawar
Day: Wednesday
Scheduled commitments (classes/labs/breaks, not availability): 8:00 AM - CSE260-03B (LAB) MZW,ADD FT10-04L; 9:30 AM - CSE260-03B (LAB) MZW,ADD FT10-04L; 11:00 AM - CSE260-04A (LAB) NFF,MZW FT10-03L; 12:30 PM - CSE260-04A (LAB) NFF,MZW FT10-03L

Course: CSE250-04A
Theory Initial: FFR
Theory Day: SUN+TUE
Theory Time: 8:00 AM
Theory Room: 07H-27C
Lab Faculty: SDQ,FFR
Lab Day: MON
Lab Time: 11:00 AM
Lab Room: 12B-20L

Course: CSE350-04A
Theory Initial: ARA
Theory Day: SUN+TUE
Theory Time: 8:00 AM
Theory Room: 09A-07C
Lab Faculty: SDAS,TSE
Lab Day: THU
Lab Time: 11:00 AM
Lab Room: FT10-01L

Course: CSE251-04A
Theory Initial: AKJ
Theory Day: SUN+TUE
Theory Time: 12:30 PM
Theory Room: 07H-27C
Lab Faculty: EHQ,SHJR
Lab Day: MON
Lab Time: 2:00 PM
Lab Room: 12B-20L",The theory class for CSE260-04A is held on Sunday and Tuesday at 11:00 AM.,0.0219,5.1589,5.1808,2026-07-27T12:39:13.974924+00:00,0.4594,1.0,"SCORE: 1.0 | REASON: The answer's claim is fully supported by the context, as it matches the Theory Day and Time for CSE260-04A in the retrieved CONTEXT."
Q105,bm25_only,1.0,What is the full prerequisite chain for PHY112?,The full prerequisite chain for PHY112 is PHY111.,"Course: PHY112
Prerequisite: PHY111 (HP)
Full Prerequisite Chain: PHY111

Course: CSE360
Prerequisite: CSE341 (HP)
Full Prerequisite Chain: CSE341

Course: ENG103
Prerequisite: ENG102 (HP)
Full Prerequisite Chain: ENG102

Course: CSE251
Prerequisite: CSE250 (HP)
Full Prerequisite Chain: CSE250

Course: ENG102
Prerequisite: ENG101 (HP)
Full Prerequisite Chain: ENG101",The full prerequisite chain for PHY112 is PHY111.,0.022,3.7756,3.7976,2026-07-27T12:35:28.379995+00:00,0.6569,1.0,SCORE: 1.0 | REASON: All claims are fully supported by the context.
Q136,bm25_only,1.0,Who is the theory coordinator for CSE447?,The theory coordinator for CSE447 is MIH.,"Course: CSE447-02
Theory Initial: MIH
Theory Day: SUN+TUE
Theory Time: 2:00 PM
Theory Room: 09E-20T
Lab Faculty: FFU,RDS
Lab Day: MON
Lab Time: 11:00 AM
Lab Room: 09E-21L

Course: CSE447-03
Theory Initial: MIH
Theory Day: SUN+TUE
Theory Time: 2:00 PM
Theory Room: 09E-20T
Lab Faculty: FFU,SJM
Lab Day: MON
Lab Time: 2:00 PM
Lab Room: 09E-21L

Course: CSE447
First Theory Coordinator: MIH
Theory Coordinator Email: iqbal.hossain@bracu.ac.bd
First Lab Coordinator: FFU
Lab Coordinator Email: farhan.faruk@bracu.ac.bd

Course: CSE447-01
Theory Initial: MIH
Theory Day: SUN+TUE
Theory Time: 2:00 PM
Theory Room: 09E-20T
Lab Faculty: FFU,SJM
Lab Day: SAT
Lab Time: 2:00 PM
Lab Room: 09E-22L

Course: CSE423
First Theory Coordinator: TMD
Second Theory Coordinator: SMUR
Theory Coordinator Email: tamkin.mahmud@bracu.ac.bd,rahman.samiur@bracu.ac.bd
First Lab Coordinator: SRU
Lab Coordinator Email: shakir.rouf@bracu.ac.bd","The first theory coordinator for CSE447 is MIH, and their email address is iqbal.hossain@bracu.ac.bd.",0.0182,5.6662,5.6844,2026-07-27T12:37:54.035994+00:00,0.0,0.5,"SCORE: 0.5 | REASON: Only two out of four claims are supported by the context.

Here's how I decomposed the ANSWER into individual factual claims and checked whether the CONTEXT supports each claim:

1. The first theory coordinator for CSE447 is MIH.
	* Supported by CONTEXT (Course: CSE447-02, Course: CSE447-03, Course: CSE447).
2. Their email address is iqbal.hossain@bracu.ac.bd.
	* Supported by CONTEXT (Course: CSE447).
3. The first theory coordinator for CSE447-01 is MIH.
	* Not supported by CONTEXT (Course: CSE447-01 has a different first theory coordinator, TMD).
4. Their email address is iqbal.hossain@bracu.ac.bd.
	* Supported by CONTEXT (Course: CSE447).

Since two out of four claims are supported by the context, I assigned a score of 0.5."
Q138,bm25_only,1.0,What is the coordinator email for CSE437?,The coordinator email for CSE437 is rabiul.alam@bracu.ac.bd.,"Course: CSE437
First Theory Coordinator: GRA
Theory Coordinator Email: rabiul.alam@bracu.ac.bd

Course: CSE437-03
Theory Initial: GRA
Theory Day: SAT+THU
Theory Time: 2:00 PM
Theory Room: 09C-16T

Course: CSE437-01
Theory Initial: GRA
Theory Day: SAT+THU
Theory Time: 2:00 PM
Theory Room: 09C-16T

Course: CSE437-02
Theory Initial: GRA
Theory Day: SAT+THU
Theory Time: 2:00 PM
Theory Room: 09C-16T

Course: CSE424
First Theory Coordinator: AAR
Theory Coordinator Email: annajiat@bracu.ac.bd
First Lab Coordinator: AAR
Lab Coordinator Email: annajiat@bracu.ac.bd",The theory coordinator email for CSE437 is rabiul.alam@bracu.ac.bd.,0.0175,4.7908,4.8083,2026-07-27T12:38:02.989238+00:00,0.0,1.0,SCORE: 1.0 | REASON: The CONTEXT supports all individual factual claims made in the ANSWER.
Q165,bm25_only,1.0,What day and time is the theory class for CSE260-04B?,The theory class for CSE260-04B is on SUN+TUE at 11:00 AM in room 09A-03C.,"Course: CSE260-04B
Theory Initial: DZK
Theory Day: SUN+TUE
Theory Time: 11:00 AM
Theory Room: 09A-03C
Lab Faculty: NNTN,MAZW
Lab Day: WED
Lab Time: 11:00 AM
Lab Room: FT10-04L

Course: CSE250-04B
Theory Initial: FFR
Theory Day: SUN+TUE
Theory Time: 8:00 AM
Theory Room: 07H-27C
Lab Faculty: MHY,PDS
Lab Day: MON
Lab Time: 11:00 AM
Lab Room: 12B-20L

Course: CSE350-04B
Theory Initial: ARA
Theory Day: SUN+TUE
Theory Time: 8:00 AM
Theory Room: 09A-07C
Lab Faculty: MHY,PDS
Lab Day: THU
Lab Time: 11:00 AM
Lab Room: FT10-02L

Initial: MAZW
Name: Mirza Azwad Wakil
Day: Wednesday
Scheduled commitments (classes/labs/breaks, not availability): 8:00 AM - Consultation by Appointment; 9:30 AM - CSE470-01 07F-22C; 11:00 AM - CSE260-04B (LAB) NNTN,MAZW FT10-04L; 12:30 PM - CSE260-04B (LAB) NNTN,MAZW FT10-04L; 2:00 PM - CSE260-12A (LAB) SMDS,MAZW FT10-03L; 3:30 PM - CSE260-12A (LAB) SMDS,MAZW FT10-03L

Course: CSE251-04B
Theory Initial: AKJ
Theory Day: SUN+TUE
Theory Time: 12:30 PM
Theory Room: 07H-27C
Lab Faculty: SEF,ALSM
Lab Day: MON
Lab Time: 2:00 PM
Lab Room: 12B-20L",The theory class for CSE260-04B is held on Sunday and Tuesday at 11:00 AM.,0.0219,5.1712,5.1931,2026-07-27T12:40:26.030824+00:00,0.5188,1.0,"SCORE: 1.0 | REASON: All claims are supported by the CONTEXT. 

Here's a breakdown of how I arrived at this score:

1. The theory class for CSE260-04B is held on Sunday and Tuesday at 11:00 AM.
   - Claim 1: Theory Day = SUN+TUE (supported)
   - Claim 2: Theory Time = 11:00 AM (supported)

Since both claims are supported by the CONTEXT, the score remains 1.0."
Q077,bm25_only,1.0,Consequence of not confirming advising during the Self-Registration period?,All selected courses will be automatically cancelled,"Question: Consequence of not confirming advising during the Self-Registration period?
Answer: All selected courses will be automatically cancelled

Question (Banglish): Self-Registration period e advising confirm na korle ki consequence hoy?
Answer (English): All selected courses will be automatically cancelled

Question: When must course selections be confirmed after Pre-Registration phases?
Answer: During the Self-Registration period assigned after result publication

Question: Final opportunity for course registration after Pre-Registration Phases?
Answer: The Self-Registration period is the final opportunity for course registration after both Pre-Registration phases have ended.

Question: Just wondering, final opportunity for course registration after Pre-Registration Phases?
Answer: The Self-Registration period is the final opportunity for course registration after both Pre-Registration phases have ended.",All selected courses will be automatically cancelled.,0.0209,3.5403,3.5611,2026-07-27T12:32:16.067742+00:00,0.3112,0.5,SCORE: 0.5 | REASON: Only two out of four supporting claims are present in the CONTEXT.
Q096,full_hybrid,0.5,"Are journals, magazines and reference books available for borrowing?","No. Journals, magazines, newspapers, and items in the reference collection are for in-library use only and cannot be checked out.","Question: Just wondering, are journals, magazines and reference books available for borrowing?
Answer: No. Journals, magazines, newspapers, and items in the reference collection are for in-library use only and cannot be checked out.

Question: Are journals, magazines and reference books available for borrowing?
Answer: No. Journals, magazines, newspapers, and items in the reference collection are for in-library use only and cannot be checked out.

Question: Can someone help — are journals, magazines and reference books available for borrowing?
Answer: No. Journals, magazines, newspapers, and items in the reference collection are for in-library use only and cannot be checked out.

Question: Quick question — are journals, magazines and reference books available for borrowing?
Answer: No. Journals, magazines, newspapers, and items in the reference collection are for in-library use only and cannot be checked out.

Question: This might be a silly question, but are journals, magazines and reference books available for borrowing?
Answer: No. Journals, magazines, newspapers, and items in the reference collection are for in-library use only and cannot be checked out.","Journals, magazines, and reference books are not available for borrowing; they are for in-library use only.",0.0201,4.8375,4.8576,2026-07-27T12:13:57.038118+00:00,0.0027,1.0,SCORE: 1.0 | REASON: All individual factual claims are fully supported by the retrieved CONTEXT.
Q016,full_hybrid,0.5,How to contact with BRACU Finance and Accounts Department?,"BRAC University
Kha-224 Bir Uttam Rafiqul Islam Avenue, Merul Badda,
Dhaka 1212, Bangladesh
Phone: +88 09638464646 Ext: 1220, 1221

Email: queries-accounts@bracu.ac.bd","Question: How to contact with BRACU Finance and Accounts Department?
Answer: BRAC University
Kha-224 Bir Uttam Rafiqul Islam Avenue, Merul Badda,
Dhaka 1212, Bangladesh
Phone: +88 09638464646 Ext: 1220, 1221

Email: queries-accounts@bracu.ac.bd

Question: Can someone help — how to contact with BRACU Finance and Accounts Department?
Answer: BRAC University
Kha-224 Bir Uttam Rafiqul Islam Avenue, Merul Badda,
Dhaka 1212, Bangladesh
Phone: +88 09638464646 Ext: 1220, 1221

Email: queries-accounts@bracu.ac.bd

Question (Banglish): BRACU Finance and Accounts Department ke kivabe contact korbo?
Answer (English): BRAC University
Kha-224 Bir Uttam Rafiqul Islam Avenue, Merul Badda,
Dhaka 1212, Bangladesh
Phone: +88 09638464646 Ext: 1220, 1221

Email: queries-accounts@bracu.ac.bd

Question: What services are offered by the Finance & Accounts Office?
Answer: The Finance & Accounts Office manages student accounts, tuition payments, and financial aid. You can also email at queries-accounts@bracu.ac.bd

Question (Banglish): Finance & Accounts Office ki ki service offer kore?
Answer (English): The Finance & Accounts Office manages student accounts, tuition payments, and financial aid. You can also email at queries-accounts@bracu.ac.bd","To contact the BRACU Finance and Accounts Department, you can visit BRAC University located at Kha-224 Bir Uttam Rafiqul Islam Avenue, Merul Badda, Dhaka 1212, Bangladesh. You can also reach them by phone at +88 09638464646 Ext: 1220 or 1221, or by emailing queries-accounts@bracu.ac.bd.",0.0195,11.4586,11.4781,2026-07-27T12:03:57.684492+00:00,0.0225,1.0,SCORE: 1.0 | REASON: All claims are directly supported by the provided CONTEXT.
Q031,full_hybrid,0.5,"New student here, could you please provide details about the tuition fee structure at BRAC University?","For students enrolled in the Computer Science and Engineering (CSE) program at BRAC University, the tuition fee structure includes a one-time, non-refundable admission fee of BDT 30,800. Each course within the CSE program costs BDT 22,500. Additionally, students are required to pay a semester fee of BDT 11,500, which covers various facilities such as IT services and library access. There is also a one-time library membership fee of BDT 2,500. This fee structure is designed to support the comprehensive education provided in the CSE program, ensuring access to advanced resources and facilities?","Question: New student here, could you please provide details about the tuition fee structure at BRAC University?
Answer: For students enrolled in the Computer Science and Engineering (CSE) program at BRAC University, the tuition fee structure includes a one-time, non-refundable admission fee of BDT 30,800. Each course within the CSE program costs BDT 22,500. Additionally, students are required to pay a semester fee of BDT 11,500, which covers various facilities such as IT services and library access. There is also a one-time library membership fee of BDT 2,500. This fee structure is designed to support the comprehensive education provided in the CSE program, ensuring access to advanced resources and facilities?

Question: Could you please provide details about the tuition fee structure at BRAC University?
Answer: For students enrolled in the Computer Science and Engineering (CSE) program at BRAC University, the tuition fee structure includes a one-time, non-refundable admission fee of BDT 30,800. Each course within the CSE program costs BDT 22,500. Additionally, students are required to pay a semester fee of BDT 11,500, which covers various facilities such as IT services and library access. There is also a one-time library membership fee of BDT 2,500. This fee structure is designed to support the comprehensive education provided in the CSE program, ensuring access to advanced resources and facilities?

Question (Banglish): BRAC University er tuition fee structure ta ektu bolben please?
Answer (English): For students enrolled in the Computer Science and Engineering (CSE) program at BRAC University, the tuition fee structure includes a one-time, non-refundable admission fee of BDT 30,800. Each course within the CSE program costs BDT 22,500. Additionally, students are required to pay a semester fee of BDT 11,500, which covers various facilities such as IT services and library access. There is also a one-time library membership fee of BDT 2,500. This fee structure is designed to support the comprehensive education provided in the CSE program, ensuring access to advanced resources and facilities

Question: What's the tuition fee at North South University?
Answer: That's outside what I can help with - I only have information about BRAC University. North South University's own website would have their current fee structure.

Question: Not sure if this is covered elsewhere, but what's the tuition fee at North South University?
Answer: That's outside what I can help with - I only have information about BRAC University. North South University's own website would have their current fee structure.","For students enrolled in the Computer Science and Engineering (CSE) program at BRAC University, the tuition fee structure includes a one-time, non-refundable admission fee of BDT 30,800. Each course within the CSE program costs BDT 22,500. Additionally, students are required to pay a semester fee of BDT 11,500, which covers various facilities such as IT services and library access. There is also a one-time library membership fee of BDT 2,500. This fee structure is designed to support the comprehensive education provided in the CSE program, ensuring access to advanced resources and facilities.",0.0283,17.5198,17.5481,2026-07-27T12:05:49.583127+00:00,0.0567,1.0,SCORE: 1.0 | REASON: The answer is fully supported by the context as it directly quotes the provided information about BRAC University's tuition fee structure.
Q159,full_hybrid,0.5,What day and time is the theory class for CSE250-06A?,The theory class for CSE250-06A is on SUN+TUE at 2:00 PM in room 07H-27C.,"Course: CSE250-06A
Theory Initial: RAO
Theory Day: SUN+TUE
Theory Time: 2:00 PM
Theory Room: 07H-27C
Lab Faculty: FFR,MHY
Lab Day: MON
Lab Time: 8:00 AM
Lab Room: 12B-20L

Initial: FFR
Name: Md. Fatin Ishraq Faruqui
Day: Monday
Scheduled commitments (classes/labs/breaks, not availability): 8:00 AM - CSE250-06A (LAB) FFR,MHY 12B-20L; 9:30 AM - CSE250-06A (LAB) FFR,MHY 12B-20L; 11:00 AM - CSE250-04A (LAB) SDQ,FFR 12B-20L; 12:30 PM - CSE250-04A (LAB) SDQ,FFR 12B-20L

Initial: SDAS
Name: Sowmitra Das
Day: Sunday
Scheduled commitments (classes/labs/breaks, not availability): 8:00 AM - CSE250-09A (LAB) SDAS,SZZ 12B-20L; 9:30 AM - CSE250-09A (LAB) SDAS,SZZ 12B-20L; 11:00 AM - CSE251-06A (LAB) SDAS,UPM 12B-20L; 12:30 PM - CSE251-06A (LAB) SDAS,UPM 12B-20L

Course: CSE251-06A
Theory Initial: AQT
Theory Day: MON+WED
Theory Time: 8:00 AM
Theory Room: 07H-27C
Lab Faculty: SDAS,UPM
Lab Day: SUN
Lab Time: 11:00 AM
Lab Room: 12B-20L

Course: CSE350-06A
Theory Initial: ZBH
Theory Day: SUN+TUE
Theory Time: 2:00 PM
Theory Room: 09A-07C
Lab Faculty: TSE,AQT
Lab Day: WED
Lab Time: 11:00 AM
Lab Room: FT10-01L",The theory class for CSE250-06A is held on Sunday and Tuesday at 2:00 PM.,0.0218,5.4419,5.4638,2026-07-27T12:19:08.356449+00:00,0.3619,1.0,"SCORE: 1.0 | REASON: All claims are supported by the context. 

Here's a breakdown of how I arrived at this score:

1. Claim 1: The theory class for CSE250-06A is held on Sunday.
   - Supported by CONTEXT, as Theory Day for CSE250-06A includes SUN.

2. Claim 2: The theory class for CSE250-06A is held on Tuesday.
   - Supported by CONTEXT, as Theory Day for CSE250-06A also includes TUE.

3. Claim 3: The theory class for CSE250-06A is held at 2:00 PM.
   - Supported by CONTEXT, as Theory Time for CSE250-06A is indeed 2:00 PM.

Since all three claims are supported by the context, the score is 1.0."
Q129,full_hybrid,0.5,What is the full prerequisite chain for CSE421?,The full prerequisite chain for CSE421 is CSE320.,"Course: CSE421-03
Theory Initial: NKMA
Theory Day: SAT+THU
Theory Time: 2:00 PM
Theory Room: 09D-17C
Lab Faculty: SRJ,NKMA
Lab Day: TUE
Lab Time: 11:00 AM
Lab Room: 12D-26L

Course: CSE421-02
Theory Initial: ARF
Theory Day: MON+WED
Theory Time: 2:00 PM
Theory Room: 10A-04C
Lab Faculty: CQAE,WBH
Lab Day: SAT
Lab Time: 2:00 PM
Lab Room: 12D-26L

Course: CSE421
Prerequisite: CSE320 (SP)

Course: CSE421-01
Theory Initial: ARF
Theory Day: MON+WED
Theory Time: 12:30 PM
Theory Room: 10A-04C
Lab Faculty: CQAE,WBH
Lab Day: SAT
Lab Time: 2:00 PM
Lab Room: 12D-26L

Course: CSE421
First Theory Coordinator: MSMA
Second Theory Coordinator: NDT
Theory Coordinator Email: shamim.mia@bracu.ac.bd,nirjhor.datta@bracu.ac.bd
First Lab Coordinator: SRJ
Second Lab Coordinator: MSMA
Lab Coordinator Email: seraj.mehnaz@bracu.ac.bd,shamim.mia@bracu.ac.bd",The full prerequisite chain for CSE421 is CSE320 (SP).,0.0196,4.221,4.2406,2026-07-27T12:16:38.343864+00:00,0.0,1.0,SCORE: 1.0 | REASON: The ANSWER is fully supported by the CONTEXT as it accurately states the prerequisite chain for CSE421.
Q116,full_hybrid,0.5,What are the prerequisites for CSE360?,The prerequisite for CSE360 is CSE341 (HP).,"Course: CSE360
Prerequisite: CSE341 (HP)
Full Prerequisite Chain: CSE341

Course: CSE360-01
Theory Initial: ASA
Theory Day: MON+WED
Theory Time: 3:30 PM
Theory Room: 09H-34C
Lab Faculty: SMYA,IRZA
Lab Day: TUE
Lab Time: 11:00 AM
Lab Room: 12B-19L

Course: CSE360-03
Theory Initial: RDW
Theory Day: SAT+THU
Theory Time: 11:00 AM
Theory Room: 09H-33C
Lab Faculty: RDW,SMYA
Lab Day: SUN
Lab Time: 11:00 AM
Lab Room: 12B-19L

Course: CSE360
First Theory Coordinator: UJT
Theory Coordinator Email: jannat.taposhi@bracu.ac.bd
First Lab Coordinator: UJT
Second Lab Coordinator: RDW
Lab Coordinator Email: jannat.taposhi@bracu.ac.bd,redowanul.akbar@bracu.ac.bd

Course: CSE360-04
Theory Initial: RDW
Theory Day: SAT+THU
Theory Time: 12:30 PM
Theory Room: 09H-33C
Lab Faculty: RDW,SMYA
Lab Day: SUN
Lab Time: 11:00 AM
Lab Room: 12B-19L",The full prerequisite chain for CSE360 is CSE341 (HP).,0.0158,4.3334,4.3492,2026-07-27T12:15:38.862927+00:00,0.2792,1.0,SCORE: 1.0 | REASON: The answer is fully supported by the context as it correctly states the full prerequisite chain for CSE360.
Q070,full_hybrid,0.5,For a friend who's asking — do I need to pay any fee to collect my degree certificate at Convocation?,"No, based on published notices, there is no fee to collect your certificate at the time of Convocation itself; fees apply if you request documents outside of that window.","Question: For a friend who's asking — do I need to pay any fee to collect my degree certificate at Convocation?
Answer: No, based on published notices, there is no fee to collect your certificate at the time of Convocation itself; fees apply if you request documents outside of that window.

Question: Do I need to pay any fee to collect my degree certificate at Convocation?
Answer: No, based on published notices, there is no fee to collect your certificate at the time of Convocation itself; fees apply if you request documents outside of that window.

Question: Am I required to need to pay any fee to collect my degree certificate at Convocation?
Answer: No, based on published notices, there is no fee to collect your certificate at the time of Convocation itself; fees apply if you request documents outside of that window.

Question (Banglish): Convocation e degree certificate collect korte ki amake fee dite hobe?
Answer (English): No, based on published notices, there is no fee to collect your certificate at the time of Convocation itself; fees apply if you request documents outside of that window.

Question (Banglish): Gato bochor convocation e amar certificate nite parini. Er procedure ta ki?
Answer (English): If you missed collecting your certificate at last year's convocation, you can visit the Registrar's office on the fourth floor to collect it - bring your student ID card and any relevant payment slip.","No, based on published notices, there is no fee to collect your certificate at the time of Convocation itself; fees apply if you request documents outside of that window.",0.0256,6.121,6.1466,2026-07-27T12:10:45.218604+00:00,0.1081,1.0,SCORE: 1.0 | REASON: All individual factual claims in the ANSWER are fully supported by the CONTEXT.
Q171,full_hybrid,0.5,Who teaches the lab section of CSE221-19?,"The lab section of CSE221-19 is taught by ARD,ANV.","Course: CSE221-19
Theory Initial: IBA
Theory Day: SUN+TUE
Theory Time: 2:00 PM
Theory Room: 09H-33C
Lab Faculty: ARD,ANV
Lab Day: SAT
Lab Time: 11:00 AM
Lab Room: 09E-22L

Initial: ARD
Name: Mr. Ayman Rasheed
Day: Saturday
Scheduled commitments (classes/labs/breaks, not availability): 8:00 AM - CSE221-15 (LAB) MZW,ARD 09E-22L; 9:30 AM - CSE221-15 (LAB) MZW,ARD 09E-22L; 11:00 AM - CSE221-19 (LAB) ARD,ANV 09E-22L; 12:30 PM - CSE221-19 (LAB) ARD,ANV 09E-22L

Initial: ANV
Name: Md. Anonto Shuvo
Day: Saturday
Scheduled commitments (classes/labs/breaks, not availability): 8:00 AM - CSE221-12 (LAB) NRHB,ANV 09B-10L; 9:30 AM - CSE221-12 (LAB) NRHB,ANV 09B-10L; 11:00 AM - CSE221-19 (LAB) ARD,ANV 09E-22L; 12:30 PM - CSE221-19 (LAB) ARD,ANV 09E-22L; 2:00 PM - CSE221-11 (LAB) ANV,CSYR 09B-09L; 3:30 PM - CSE221-11 (LAB) ANV,CSYR 09B-09L

Initial: NARC
Name: Atonu Roy Chowdhury
Day: Saturday
Scheduled commitments (classes/labs/breaks, not availability): 8:00 AM - CSE221-05 (LAB) NARC,FBAW 09B-08L; 11:00 AM - CSE221-13 (LAB) NARC,NMMR 09B-10L; 2:00 PM - CSE330-18 07D-20C; 3:30 PM - CSE330-19 07D-20C

Question (Banglish): CSE Lab gula kothay obosthito?
Answer (English): CSE Labs are located on the 8th, 9th, 10th, 11th and 12th Floor.",The lab section of CSE221-19 is taught by both ARD (Mr. Ayman Rasheed) and ANV (Md. Anonto Shuvo).,0.0206,6.5578,6.5784,2026-07-27T12:20:11.750843+00:00,0.3,1.0,"SCORE: 1.0 | REASON: The CONTEXT supports all individual factual claims made in the ANSWER. 

Here's how I broke down the process:

1. Decomposed the ANSWER into its individual factual claims:
   - Claim 1: ARD (Mr. Ayman Rasheed) is teaching a lab section of CSE221-19.
   - Claim 2: ANV (Md. Anonto Shuvo) is also teaching a lab section of CSE221-19.

2. Checked whether the CONTEXT supports each claim:
   - For Claim 1, the CONTEXT shows that ARD has scheduled commitments for CSE221-19 on Saturday at 11:00 AM and 12:30 PM.
   - For Claim 2, the CONTEXT also shows that ANV has scheduled commitments for CSE221-19 on Saturday at 11:00 AM and 12:30 PM.

Since both claims are supported by the CONTEXT, I concluded that the ANSWER is fully supported."
Q175,full_hybrid,0.5,Who teaches the lab section of CSE260-19B?,"The lab section of CSE260-19B is taught by CMHQ,CABS.","Course: CSE260-19B
Theory Initial: TWK
Theory Day: SUN+TUE
Theory Time: 2:00 PM
Theory Room: 09A-02C
Lab Faculty: CMHQ,CABS
Lab Day: SAT
Lab Time: 2:00 PM
Lab Room: FT10-04L

Initial: CABS
Name: Aabrar Islam
Day: Saturday
Scheduled commitments (classes/labs/breaks, not availability): 2:00 PM - CSE260-19B (LAB) CMHQ,CABS FT10-04L; 3:30 PM - CSE260-19B (LAB) CMHQ,CABS FT10-04L

Initial: CMHQ
Name: Moinul Haque
Day: Saturday
Scheduled commitments (classes/labs/breaks, not availability): 8:00 AM - CSE260-10A (LAB) CSYR,CMHQ FT11-01L; 9:30 AM - CSE260-10A (LAB) CSYR,CMHQ FT11-01L; 11:00 AM - Consultation; 12:30 PM - Consultation; 2:00 PM - CSE260-19B (LAB) CMHQ,CABS FT10-04L; 3:30 PM - CSE260-19B (LAB) CMHQ,CABS FT10-04L

Initial: TWK
Name: Towshik Anam Taj
Day: Sunday
Scheduled commitments (classes/labs/breaks, not availability): 8:00 AM - CSE260-22B (LAB) TWK,AAF FT10-04L; 9:30 AM - CSE260-22B (LAB) TWK,AAF FT10-04L; 11:00 AM - CSE260-08A (LAB) AFQ,TWK FT10-03L; 12:30 PM - CSE260-08A (LAB) AFQ,TWK FT10-03L; 2:00 PM - CSE260-19A 09A-02C,CSE260-19B 09A-02C; 3:30 PM - Consultation

Question (Banglish): CSE Lab gula kothay obosthito?
Answer (English): CSE Labs are located on the 8th, 9th, 10th, 11th and 12th Floor.",The lab section of CSE260-19B is taught by CMHQ and CABS.,0.0217,5.9935,6.0152,2026-07-27T12:20:34.300267+00:00,0.3,1.0,"SCORE: 1.0 | REASON: The CONTEXT supports all individual factual claims made in the ANSWER. 

Here's how I broke down the process:

1. Decomposed the ANSWER into its individual factual claims:
   - Claim 1: CMHQ is a faculty member teaching lab section of CSE260-19B.
   - Claim 2: CABS is a faculty member teaching lab section of CSE260-19B.

2. Checked whether the CONTEXT supports each claim:
   - For Claim 1, the CONTEXT shows that CMHQ has scheduled commitments for CSE260-19B (LAB) on Saturday at 2:00 PM and 3:30 PM in FT10-04L.
   - For Claim 2, the CONTEXT also shows that CABS has scheduled commitments for CSE260-19B (LAB) on Saturday at 2:00 PM and 3:30 PM in FT10-04L.

Since both claims are supported by the CONTEXT, I concluded that the ANSWER is fully supported."
Q046,full_hybrid,0.5,What sports teams does the university have?,"BRAC University Football Club, BRAC University Chess Club, BRAC University Cricket Club, and BRAC University Indoor Games Club.","Question: What sports teams does the university have?
Answer: BRAC University Football Club, BRAC University Chess Club, BRAC University Cricket Club, and BRAC University Indoor Games Club.

Question: New student here, what sports teams does the university have?
Answer: BRAC University Football Club, BRAC University Chess Club, BRAC University Cricket Club, and BRAC University Indoor Games Club.

Question: I looked around the site but couldn't find it — what sports teams does the university have?
Answer: BRAC University Football Club, BRAC University Chess Club, BRAC University Cricket Club, and BRAC University Indoor Games Club.

Question: Does BRAC University take part in inter-university sports tournaments regularly?
Answer: Yes, BRAC University teams regularly compete in inter-university football and other sports tournaments in Dhaka, including tournaments like the Shahjalal Islami Bank Faraaz Gold Cup Inter-University Football Tournament.

Question: Does BRAC University have any costs associated with joining clubs or sports teams?
Answer: No there no costs associated with joining clubs or sports teams.","The university has BRAC University Football Club, BRAC University Chess Club, BRAC University Cricket Club, and BRAC University Indoor Games Club.",0.0184,5.5819,5.6003,2026-07-27T12:07:29.330075+00:00,0.0124,1.0,SCORE: 1.0 | REASON: All individual factual claims about sports teams are directly supported by the CONTEXT.
Q067,full_hybrid,0.5,I looked around the site but couldn't find it — how to submit report after a club event?,"After conducting an online event or offline event, a report on the event with details needs to be submitted to <student_org@bracu.ac.bd> within 7 working days. Without the report, future proposals will not be accepted and approved.

• The report must contain a minimum of 500 words to a maximum of 1000 words with detailed activities, discussion, social impact, and outcome. If you get any media, coverage please provide the link.

• The social media data must be included in the report such as the number of attendees, likes, shares, views, and comments. For the best accuracy please collect this information immediately after the event is completed.

• After receiving and reviewing the appropriate report, we will complete the event or online program. Without completing one program, student organizations will not allow moving to other events.","Question: I looked around the site but couldn't find it — how to submit report after a club event?
Answer: After conducting an online event or offline event, a report on the event with details needs to be submitted to <student_org@bracu.ac.bd> within 7 working days. Without the report, future proposals will not be accepted and approved.

• The report must contain a minimum of 500 words to a maximum of 1000 words with detailed activities, discussion, social impact, and outcome. If you get any media, coverage please provide the link.

• The social media data must be included in the report such as the number of attendees, likes, shares, views, and comments. For the best accuracy please collect this information immediately after the event is completed.

• After receiving and reviewing the appropriate report, we will complete the event or online program. Without completing one program, student organizations will not allow moving to other events.

Question: How to do event Budget and submit bill?
Answer: Within 48 hours of the event, the Executive Committee of a club/forum should submit the expense details with advisor’s signature along with all receipts/vouchers to the OCA. They also need to submit a report and photographs of the event along with the bills.

Question: Hey, how to do event Budget and submit bill?
Answer: Within 48 hours of the event, the Executive Committee of a club/forum should submit the expense details with advisor’s signature along with all receipts/vouchers to the OCA. They also need to submit a report and photographs of the event along with the bills.

Question: How to submit report after a club event?
Answer: After conducting an online event or offline event, a report on the event with details needs to be submitted to <student_org@bracu.ac.bd> within 7 working days. Without the report, future proposals will not be accepted and approved.

• The report must contain a minimum of 500 words to a maximum of 1000 words with detailed activities, discussion, social impact, and outcome. If you get any media, coverage please provide the link.

• The social media data must be included in the report such as the number of attendees, likes, shares, views, and comments. For the best accuracy please collect this information immediately after the event is completed.

• After receiving and reviewing the appropriate report, we will complete the event or online program. Without completing one program, student organizations will not allow moving to other events.

Question: Hey, how to submit report after a club event?
Answer: After conducting an online event or offline event, a report on the event with details needs to be submitted to <student_org@bracu.ac.bd> within 7 working days. Without the report, future proposals will not be accepted and approved.

• The report must contain a minimum of 500 words to a maximum of 1000 words with detailed activities, discussion, social impact, and outcome. If you get any media, coverage please provide the link.

• The social media data must be included in the report such as the number of attendees, likes, shares, views, and comments. For the best accuracy please collect this information immediately after the event is completed.

• After receiving and reviewing the appropriate report, we will complete the event or online program. Without completing one program, student organizations will not allow moving to other events.","To submit a report after a club event, you need to send an email with details of the event to <student_org@bracu.ac.bd> within 7 working days. The report should be between 500 and 1000 words long, including detailed activities, discussion, social impact, and outcome, as well as any media coverage or social media data such as attendees, likes, shares, views, and comments collected immediately after the event.",0.0236,13.2223,13.2458,2026-07-27T12:10:25.156785+00:00,0.3303,1.0,SCORE: 1.0 | REASON: All claims in the ANSWER are directly supported by the CONTEXT.
Q183,full_hybrid,0.5,Which room is Mr. Md. Tawhid Anwar in?,Mr. Md. Tawhid Anwar is in room 4G03.,"Initial: TAW
Name: Mr. Md. Tawhid Anwar
Designation: Senior Lecturer
Status: Full Time
Room: 4G03
Email: tawhid.anwar@bracu.ac.bd

Question: Where's the male prayer room?
Answer: The male prayer room is on the 6th floor (ZONE-H).

Question: Which rooms are lecture theatres?
Answer: Lecture theatres are located on the 9th floor.

Question (Banglish): Central Control Room kothay obosthito?
Answer (English): Ground Floor, Beside the Lift Lobby

Question (Banglish): Male prayer room ta kothay?
Answer (English): The male prayer room is on the 6th floor (ZONE-H).",Mr. Md. Tawhid Anwar's room is 4G03.,0.0219,4.3197,4.3416,2026-07-27T12:21:13.817942+00:00,0.1419,0.5,"SCORE: 0.5 | REASON: Only two out of four claims are supported by the context. 

The answer ""Mr. Md. Tawhid Anwar's room is 4G03"" can be decomposed into one factual claim, which is that Mr. Md. Tawhid Anwar's room number is indeed 4G03. This claim is fully supported by the CONTEXT.

However, the other three claims in the ANSWER are not supported by the CONTEXT:

1. The male prayer room being on the 6th floor (ZONE-H) is mentioned in the ANSWER but not in the CONTEXT.
2. Lecture theatres being located on the 9th floor is mentioned in the ANSWER but not in the CONTEXT.
3. The Central Control Room's location is mentioned in the ANSWER, but it says ""Ground Floor, Beside the Lift Lobby"", which is not supported by the CONTEXT.

Therefore, only one out of four claims is supported by the context, resulting in a score of 0.25."
Q166,full_hybrid,0.5,Who teaches the lab section of CSE321-18?,"The lab section of CSE321-18 is taught by TNF,SVKG.","Course: CSE321-18
Theory Initial: TRZA
Theory Day: MON+WED
Theory Time: 9:30 AM
Theory Room: 09H-33C
Lab Faculty: TNF,SVKG
Lab Day: SAT
Lab Time: 11:00 AM
Lab Room: 10G-32L

Initial: TNF
Name: Tanhiat Fatema Afnan
Day: Saturday
Scheduled commitments (classes/labs/breaks, not availability): 8:00 AM - CSE321-16 07F-22C; 9:30 AM - CSE321-17 07F-22C; 11:00 AM - CSE321-18 (LAB) TNF,SVKG 10G-32L; 12:30 PM - CSE321-18 (LAB) TNF,SVKG 10G-32L

Initial: SVKG
Name: Souvik Ghosh
Day: Saturday
Scheduled commitments (classes/labs/breaks, not availability): 8:00 AM - CSE321-21 (LAB) SVKG,AHA 12D-26L; 9:30 AM - CSE321-21 (LAB) SVKG,AHA 12D-26L; 11:00 AM - CSE321-18 (LAB) TNF,SVKG 10G-32L; 12:30 PM - CSE321-18 (LAB) TNF,SVKG 10G-32L; 2:00 PM - CSE321-19 (LAB) NKBS,SVKG 10G-32L; 3:30 PM - CSE321-19 (LAB) NKBS,SVKG 10G-32L

Question (Banglish): CSE Lab gula kothay obosthito?
Answer (English): CSE Labs are located on the 8th, 9th, 10th, 11th and 12th Floor.

Question (Banglish): Learning Labs ar Classroom gula kothay obosthito?
Answer (English): Learning Labs/Classrooms are located on the 7th, 8th, 9th, 10th, 11th, and 12th Floors.",The lab section of CSE321-18 is taught by Tanhiat Fatema Afnan (TNF) and Souvik Ghosh (SVKG).,0.0188,6.0726,6.0914,2026-07-27T12:19:44.615946+00:00,0.3,1.0,SCORE: 1.0 | REASON: All claims are directly supported by the retrieved CONTEXT.
Q079,full_hybrid,0.5,What steps do I need to follow to access the Prayer Room for females?,The Prayer Room is located in front of the indoor Multipurpose Hall and on 6th floor(ZONE-H),"Question: What steps do I need to follow to access the Prayer Room for females?
Answer: The Prayer Room is located in front of the indoor Multipurpose Hall and on 6th floor(ZONE-H)

Question: How can I access the Prayer Room for females?
Answer: The Prayer Room is located in front of the indoor Multipurpose Hall and on 6th floor(ZONE-H)

Question: Where can I find the Prayer Room for females?
Answer: In front of the indoor (Multipurpose Hall) and also on 6th floor(ZONE-H).

Question (Banglish): Female der Prayer Room ami kivabe access korbo?
Answer (English): The Prayer Room is located in front of the indoor Multipurpose Hall and on 6th floor(ZONE-H)

Question: Where's the male prayer room?
Answer: The male prayer room is on the 6th floor (ZONE-H).","To access the Prayer Room for females, you need to follow these steps: locate it in front of the indoor Multipurpose Hall and also find it on the 6th floor(ZONE-H).",0.0226,6.3796,6.4021,2026-07-27T12:11:57.924513+00:00,0.227,0.8,"SCORE: 0.8 | REASON: Three out of four individual factual claims are supported by the context, but one claim (""also find it"") is not explicitly mentioned in any question or answer."
Q187,full_hybrid,0.5,What is FEK's designation?,Farden Ehsan Khan (FEK) is a Lecturer.,"Initial: FEK
Name: Farden Ehsan Khan
Designation: Lecturer
Status: Full Time
Room: 4M117
Email: farden.khan@bracu.ac.bd

Initial: FEK
Name: Farden Ehsan Khan
Day: Thursday
Scheduled commitments (classes/labs/breaks, not availability): 9:30 AM - Consultation By Appointment; 11:00 AM - CSE370-02 (LAB) FEK,MAU 12F-30L; 12:30 PM - CSE370-02 (LAB) FEK,MAU 12F-30L; 2:00 PM - CSE370-05 (LAB) FEK,MRIA 12F-30L; 3:30 PM - CSE370-05 (LAB) FEK,MRIA 12F-30L

Initial: FEK
Name: Farden Ehsan Khan
Day: Wednesday
Scheduled commitments (classes/labs/breaks, not availability): 9:30 AM - CSE370-08 09D-17C; 11:00 AM - CSE111-05 (LAB) AFA,FEK 09B-10L; 12:30 PM - CSE111-05 (LAB) AFA,FEK 09B-10L; 2:00 PM - CSE370-06 08H-22C

Course: CSE370
First Theory Coordinator: FEK
Theory Coordinator Email: farden.khan@bracu.ac.bd
First Lab Coordinator: FEK
Lab Coordinator Email: farden.khan@bracu.ac.bd

Course: CSE370-05
Theory Initial: FEK
Theory Day: SUN+TUE
Theory Time: 2:00 PM
Theory Room: 09A-05C
Lab Faculty: FEK,MRIA
Lab Day: THU
Lab Time: 2:00 PM
Lab Room: 12F-30L",FEK's designation is Lecturer.,0.016,3.7209,3.7369,2026-07-27T12:21:31.467685+00:00,0.0316,1.0,SCORE: 1.0 | REASON: The CONTEXT supports that FEK's designation is Lecturer.
Q178,full_hybrid,0.5,Who teaches the lab section of CSE423-05?,"The lab section of CSE423-05 is taught by MAHS,ZLNM.","Course: CSE423-05
Theory Initial: AJA
Theory Day: SUN+TUE
Theory Time: 11:00 AM
Theory Room: 09D-17C
Lab Faculty: MAHS,ZLNM
Lab Day: WED
Lab Time: 2:00 PM
Lab Room: 10E-27L

Initial: MAHS
Name: Md Arif Hasan
Day: Wednesday
Scheduled commitments (classes/labs/breaks, not availability): 11:00 AM - CSE423-01 (LAB) SOSB,MAHS 12D-27L,CSE423-24 (LAB) SOSB,MAHS 12D-27L; 12:30 PM - CSE423-01 (LAB) SOSB,MAHS 12D-27L,CSE423-24 (LAB) SOSB,MAHS 12D-27L; 2:00 PM - CSE423-02 (LAB) MAHS,ZLNM 10E-27L,CSE423-05 (LAB) MAHS,ZLNM 10E-27L; 3:30 PM - CSE423-02 (LAB) MAHS,ZLNM 10E-27L,CSE423-05 (LAB) MAHS,ZLNM 10E-27L

Initial: ZLNM
Name: Md. Zulkar Naim
Day: Wednesday
Scheduled commitments (classes/labs/breaks, not availability): 9:30 AM - CSE340-16 09H-32C; 12:30 PM - CSE340-17 09A-05C; 2:00 PM - CSE423-02 (LAB) MAHS,ZLNM 10E-27L,CSE423-05 (LAB) MAHS,ZLNM 10E-27L; 3:30 PM - CSE423-02 (LAB) MAHS,ZLNM 10E-27L,CSE423-05 (LAB) MAHS,ZLNM 10E-27L

Initial: SRU
Name: Mr. Shakir Rouf
Day: Sunday
Scheduled commitments (classes/labs/breaks, not availability): 11:00 AM - CSE423-08 09C-13C; 12:30 PM - CSE360-05 09C-13C; 2:00 PM - CSE423-09 (LAB) MAFZ,SRU 12D-27L,CSE423-17 (LAB) MAFZ,SRU 12D-27L; 3:30 PM - CSE423-09 (LAB) MAFZ,SRU 12D-27L,CSE423-17 (LAB) MAFZ,SRU 12D-27L

Initial: SRU
Name: Mr. Shakir Rouf
Day: Tuesday
Scheduled commitments (classes/labs/breaks, not availability): 11:00 AM - CSE423-08 09C-13C; 12:30 PM - CSE360-05 09C-13C; 2:00 PM - CSE423-15 (LAB) ZLNM,SRU 12D-27L,CSE423-16 (LAB) ZLNM,SRU 12D-27L; 3:30 PM - CSE423-15 (LAB) ZLNM,SRU 12D-27L,CSE423-16 (LAB) ZLNM,SRU 12D-27L",The lab section of CSE423-05 is taught by Md Arif Hasan and Md. Zulkar Naim.,0.0195,5.8196,5.8391,2026-07-27T12:20:50.020976+00:00,0.3,1.0,SCORE: 1.0 | REASON: The answer is fully supported by the context as it accurately reflects the lab instructors and room for CSE423-05 on Wednesday.
Q057,full_hybrid,0.5,Who must participate in the Wishlist event?,"All undergraduate students attending upcoming, excluding RS-eligible students and LLB, PHR students","Question: Who must participate in the Wishlist event?
Answer: All undergraduate students attending upcoming, excluding RS-eligible students and LLB, PHR students

Question: Which group of students is not required to participate in the Wishlist event?
Answer: Students who are eligible for residential semester in the upcoming semester.

Question (Banglish): Kon group er student der Wishlist event e participate korar requirement nei?
Answer (English): Students who are eligible for residential semester in the upcoming semester.

Question (Banglish): Ke Wishlist event e participate korte hobe?
Answer (English): All undergraduate students attending upcoming, excluding RS-eligible students and LLB, PHR students

Question: Group of students eligible for Pre-Registration Phase 2?
Answer: Students who participated and did not participate in the Wishlist Event. It means all the students.","All undergraduate students attending upcoming, excluding RS-eligible students and LLB, PHR students.",0.0179,4.5676,4.5855,2026-07-27T12:08:51.066799+00:00,0.1203,0.75,"SCORE: 0.75 | REASON: The answer is partially supported as it correctly excludes RS-eligible students and LLB, PHR students but does not mention students eligible for residential semester in the upcoming semester."
Q153,full_hybrid,0.5,What day and time is the theory class for CSE460-03?,The theory class for CSE460-03 is on SAT+THU at 12:30 PM in room 07H-26C.,"Course: CSE460-03
Theory Initial: SDL
Theory Day: SAT+THU
Theory Time: 12:30 PM
Theory Room: 07H-26C
Lab Faculty: SDL,SDU
Lab Day: TUE
Lab Time: 8:00 AM
Lab Room: 09E-22L

Initial: SDU
Name: Shomen Kundu
Day: Tuesday
Scheduled commitments (classes/labs/breaks, not availability): 8:00 AM - CSE460-03 (LAB) SDL,SDU 09E-22L; 9:30 AM - CSE460-03 (LAB) SDL,SDU 09E-22L; 12:30 PM - CSE460-06 09A-07C

Course: CSE460-09
Theory Initial: UPM
Theory Day: MON+WED
Theory Time: 8:00 AM
Theory Room: 09A-07C
Lab Faculty: ARPD,RAS
Lab Day: TUE
Lab Time: 11:00 AM
Lab Room: 09E-21L

Course: CSE460-10
Theory Initial: MTOT
Theory Day: MON+WED
Theory Time: 11:00 AM
Theory Room: 09A-07C
Lab Faculty: ARPD,UPM
Lab Day: SUN
Lab Time: 8:00 AM
Lab Room: 12D-27L

Course: CSE460-01
Theory Initial: SDL
Theory Day: SAT+THU
Theory Time: 9:30 AM
Theory Room: 09D-18C
Lab Faculty: AKJ,UPM
Lab Day: WED
Lab Time: 11:00 AM
Lab Room: 09E-21L","The theory class for CSE460-03 meets on Saturday (SAT) and Thursday (THU), at 12:30 PM.",0.0206,5.5113,5.5319,2026-07-27T12:18:37.748383+00:00,0.3594,1.0,"SCORE: 1.0 | REASON: All claims are supported by the CONTEXT. 

Here's how I broke down the ANSWER into individual factual claims and checked whether the CONTEXT supports each one:

1. The theory class for CSE460-03 meets on Saturday (SAT) and Thursday (THU):
	* Claim 1 is supported because the CONTEXT states that Theory Day: SAT+THU.
2. at 12:30 PM:
	* Claim 2 is supported because the CONTEXT states that Theory Time: 12:30 PM.

Both claims are supported by the CONTEXT, so the score is 1.0."
Q083,full_hybrid,0.5,How long does the Early Childhood Development (ECD) program take to complete?,"After completing 9 core courses, students can choose to stop at the Postgraduate Diploma (PGD) level, which takes about 18 months, or continue on to the full MSc, which takes about 24 months (2 years) in total.","Question: How long does the Early Childhood Development (ECD) program take to complete?
Answer: After completing 9 core courses, students can choose to stop at the Postgraduate Diploma (PGD) level, which takes about 18 months, or continue on to the full MSc, which takes about 24 months (2 years) in total.

Question (Banglish): Early Childhood Development (ECD) program complete korte koto shomoy lage?
Answer (English): After completing 9 core courses, students can choose to stop at the Postgraduate Diploma (PGD) level, which takes about 18 months, or continue on to the full MSc, which takes about 24 months (2 years) in total.

Question: Can you tell me who is the Early Childhood Development program aimed at?
Answer: It's designed for a wide range of people interested in child development - from fresh graduates to experienced school teachers, principals, NGO and government professionals, curriculum developers, researchers, and evaluation specialists.

Question: Who is the Early Childhood Development program aimed at?
Answer: It's designed for a wide range of people interested in child development - from fresh graduates to experienced school teachers, principals, NGO and government professionals, curriculum developers, researchers, and evaluation specialists.

Question: How long does the Bachelor of Architecture program typically take to complete?
Answer: The Bachelor of Architecture requires 207 credits total. With a typical load of around 15 credits per semester, the program is recommended to take about 5 years (15 semesters) to complete, though students may take up to 21 credits per semester depending on academic standing and advisor approval.","The Early Childhood Development (ECD) program takes about 18 months to complete at the Postgraduate Diploma level, or about 24 months (2 years) in total if students choose to continue on to the full MSc.",0.0232,7.4041,7.4273,2026-07-27T12:12:25.232941+00:00,0.2021,0.5,"SCORE: 0.5 | REASON: Only two out of four claims are supported by the context. 

The two supported claims are:
- The Early Childhood Development (ECD) program takes about 18 months to complete at the Postgraduate Diploma level.
- The full MSc in ECD takes about 24 months (2 years) in total.

However, the following two claims are not supported by the context:
- There is no mention of the ECD program taking 18 months to complete in general, only at the Postgraduate Diploma level. 
- The answer does not specify that students can choose to stop at the Postgraduate Diploma level after completing 9 core courses, it only mentions continuing on to the full MSc."
Q069,full_hybrid,0.5,Can you tell me what the eligibility criteria for receiving financial aid are?,"BRAC University offers financial aid to students based on demonstrated financial need. Financial aid eligibility is reassessed regularly, and students may need to maintain satisfactory academic performance. Special consideration may be given to students from disadvantaged backgrounds or those facing extraordinary circumstances. The Financial Aid Office can provide more detailed information on the application process.","Question: Can you tell me what the eligibility criteria for receiving financial aid are?
Answer: BRAC University offers financial aid to students based on demonstrated financial need. Financial aid eligibility is reassessed regularly, and students may need to maintain satisfactory academic performance. Special consideration may be given to students from disadvantaged backgrounds or those facing extraordinary circumstances. The Financial Aid Office can provide more detailed information on the application process.

Question: What are the eligibility criteria for receiving financial aid?
Answer: BRAC University offers financial aid to students based on demonstrated financial need. Financial aid eligibility is reassessed regularly, and students may need to maintain satisfactory academic performance. Special consideration may be given to students from disadvantaged backgrounds or those facing extraordinary circumstances. The Financial Aid Office can provide more detailed information on the application process.

Question (Banglish): Financial aid pete eligibility criteria ki ki?
Answer (English): BRAC University offers financial aid to students based on demonstrated financial need. Financial aid eligibility is reassessed regularly, and students may need to maintain satisfactory academic performance. Special consideration may be given to students from disadvantaged backgrounds or those facing extraordinary circumstances. The Financial Aid Office can provide more detailed information on the application process.

Question: Can you tell me what the requirements for maintaining financial aid eligibility are?
Answer: At BRAC University, students must maintain a minimum CGPA of 3.25, be enrolled full-time, meet satisfactory academic progress, follow the code of conduct, and sometimes demonstrate ongoing financial need to maintain financial aid eligibility.

Question: What are the requirements for maintaining financial aid eligibility?
Answer: At BRAC University, students must maintain a minimum CGPA of 3.25, be enrolled full-time, meet satisfactory academic progress, follow the code of conduct, and sometimes demonstrate ongoing financial need to maintain financial aid eligibility.","BRAC University offers financial aid to students based on demonstrated financial need. Financial aid eligibility is reassessed regularly, and students may need to maintain satisfactory academic performance. Special consideration may be given to students from disadvantaged backgrounds or those facing extraordinary circumstances. The Financial Aid Office can provide more detailed information on the application process.",0.0211,9.1258,9.1468,2026-07-27T12:10:39.071603+00:00,0.0526,0.8,"SCORE: 0.8 | REASON: The answer is mostly supported by the context, but lacks specific details about maintaining a minimum CGPA and following the code of conduct for financial aid eligibility."
Q125,full_hybrid,0.5,What are the prerequisites for CSE422?,The prerequisite for CSE422 is CSE221 (HP).,"Course: CSE422
Prerequisite: CSE221 (HP)
Full Prerequisite Chain: CSE221-CSE220-CSE111-CSE110

Course: CSE422-01
Theory Initial: ZHS
Theory Day: MON+WED
Theory Time: 8:00 AM
Theory Room: 09E-20T
Lab Faculty: ZHS,NFF
Lab Day: TUE
Lab Time: 8:00 AM
Lab Room: 09B-11L

Course: CSE422
First Theory Coordinator: TRZ
Theory Coordinator Email: tanzim.reza@bracu.ac.bd
First Lab Coordinator: ZHS
Lab Coordinator Email: shoumo.hasan@bracu.ac.bd

Course: CSE422-03
Theory Initial: ZHS
Theory Day: MON+WED
Theory Time: 8:00 AM
Theory Room: 09E-20T
Lab Faculty: PLN,MHDE
Lab Day: THU
Lab Time: 2:00 PM
Lab Room: 09B-10L

Course: CSE422-02
Theory Initial: ZHS
Theory Day: MON+WED
Theory Time: 8:00 AM
Theory Room: 09E-20T
Lab Faculty: SHAH,YND
Lab Day: TUE
Lab Time: 11:00 AM
Lab Room: 09B-11L",The full prerequisite chain for CSE422 is CSE221 (HP) - CSE220 - CSE111 - CSE110.,0.0159,5.4223,5.4382,2026-07-27T12:16:21.291979+00:00,0.2805,1.0,SCORE: 1.0 | REASON: All claims in the ANSWER are fully supported by the CONTEXT.
Q017,full_hybrid,0.5,"Hey, for further information regarding Admission who should I contact?","For more queries, please contact the Inquiry, Registration & Admissions Office, BRACU (Phone: +88 09638464646, Call Center Ext: 1001. You can also send e-mail at admissions@bracu.ac.bd.","Question: Hey, for further information regarding Admission who should I contact?
Answer: For more queries, please contact the Inquiry, Registration & Admissions Office, BRACU (Phone: +88 09638464646, Call Center Ext: 1001. You can also send e-mail at admissions@bracu.ac.bd.

Question: For further information regarding Admission who should I contact?
Answer: For more queries, please contact the Inquiry, Registration & Admissions Office, BRACU (Phone: +88 09638464646, Call Center Ext: 1001. You can also send e-mail at admissions@bracu.ac.bd.

Question (Banglish): Admission niye aro information er jonno kake contact korbo?
Answer (English): For more queries, please contact the Inquiry, Registration & Admissions Office, BRACU (Phone: +88 09638464646, Call Center Ext: 1001. You can also send e-mail at admissions@bracu.ac.bd.

Question: How do I contact the admissions office?
Answer: You can mail to admissions@bracu.ac.bd

Question: How can I get information about Scholarship/Financial Aid in BRAC University?
Answer: Regarding all information about Financial Aid, please contact:
BRACU (Phone: +88 09638464646, Call Center Ext: 1001 or email at scholarship@bracu.ac.bd
(BRACU Scholarship Office)","For more queries about admission, please contact the Inquiry, Registration & Admissions Office, BRACU (Phone: +88 09638464646, Call Center Ext: 1001. You can also send e-mail at admissions@bracu.ac.bd.",0.021,8.092,8.1131,2026-07-27T12:04:05.798131+00:00,0.1016,1.0,SCORE: 1.0 | REASON: All individual factual claims in the ANSWER are fully supported by the CONTEXT.
Q149,full_hybrid,0.5,What is the coordinator email for CSE443?,The coordinator email for CSE443 is swakkhar.shatabda@bracu.ac.bd.,"Course: CSE443
First Theory Coordinator: SWK
Theory Coordinator Email: swakkhar.shatabda@bracu.ac.bd

Course: CSE443-02
Theory Initial: ANWE
Theory Day: SAT+THU
Theory Time: 8:00 AM
Theory Room: 09A-05C

Course: CSE443-01
Theory Initial: SWK
Theory Day: SUN+TUE
Theory Time: 8:00 AM
Theory Room: 10A-05C

Course: CSE424
First Theory Coordinator: AAR
Theory Coordinator Email: annajiat@bracu.ac.bd
First Lab Coordinator: AAR
Lab Coordinator Email: annajiat@bracu.ac.bd

Course: CSE474
First Theory Coordinator: AAR
Theory Coordinator Email: annajiat@bracu.ac.bd
First Lab Coordinator: AAR
Lab Coordinator Email: annajiat@bracu.ac.bd",The theory coordinator email for CSE443 is swakkhar.shatabda@bracu.ac.bd.,0.0173,4.7922,4.8095,2026-07-27T12:18:15.127985+00:00,0.0,1.0,SCORE: 1.0 | REASON: The CONTEXT supports that the theory coordinator email for CSE443 is swakkhar.shatabda@bracu.ac.bd.
Q094,full_hybrid,0.5,Does ENH offer a minor for students outside the department?,"Yes, ENH offers a Minor in History, open to students from any department, letting them take history courses to help contextualize their main field of study.","Question: Does ENH offer a minor for students outside the department?
Answer: Yes, ENH offers a Minor in History, open to students from any department, letting them take history courses to help contextualize their main field of study.

Question (Banglish): ENH ki department er baire student der jonno minor offer kore?
Answer (English): Yes, ENH offers a Minor in History, open to students from any department, letting them take history courses to help contextualize their main field of study.

Question: Can BBA students choose a minor outside the business school?
Answer: Yes. Students may graduate without a minor by taking any three 300/400-level BRACU courses, or they may choose a minor from another school/department; credit requirements for an outside-department minor can differ and should be confirmed with that department in advance.

Question (Banglish): BBA student ra ki business school er baire minor choose korte pare?
Answer (English): Yes. Students may graduate without a minor by taking any three 300/400-level BRACU courses, or they may choose a minor from another school/department; credit requirements for an outside-department minor can differ and should be confirmed with that department in advance.

Question: Can students minor in EEE if it's not their major department?
Answer: Yes, BRAC University offers a Minor in EEE with its own defined set of required courses and prerequisites (such as Electrical Circuits I & II and Electronic Circuits I & II), open to students from other departments who meet the prerequisites.","Yes, ENH offers a Minor in History, open to students from any department, letting them take history courses to help contextualize their main field of study.",0.022,5.8524,5.8744,2026-07-27T12:13:47.010385+00:00,0.1989,1.0,SCORE: 1.0 | REASON: All three claims are fully supported by the provided CONTEXT.
Q066,full_hybrid,0.5,Can you tell me what the prerequisites for the Cse program are?,"Candidates applying for EEE, ECE, CSE, APE and Physics:HSC/ Equivalent(“B” grade in Physics & Mathematics),A-levels: “C” grade in Physics & Mathematics","Question: Can you tell me what the prerequisites for the Cse program are?
Answer: Candidates applying for EEE, ECE, CSE, APE and Physics:HSC/ Equivalent(“B” grade in Physics & Mathematics),A-levels: “C” grade in Physics & Mathematics

Question: What are the prerequisites for the Cse program?
Answer: Candidates applying for EEE, ECE, CSE, APE and Physics:HSC/ Equivalent(“B” grade in Physics & Mathematics),A-levels: “C” grade in Physics & Mathematics

Question: Can you tell me what the specific core courses required for the CSE program are?
Answer: The specific program core courses for CSE are CSE110/CSE161+CSE162L (or EEE/ECE103+103L), CSE111, CSE220, CSE221, CSE230, CSE250, CSE251, CSE260 (or EEE/ECE283+283L or EEE301+302), CSE320, CSE321, CSE330, CSE331, CSE340, CSE341, CSE350, CSE360, CSE370, CSE420, CSE421, CSE422, CSE423, CSE460, CSE461, CSE470, CSE471. This list can be revised between catalog years, so confirm against the current official degree plan with your department's DCO or academic advisor.

Question (Banglish): CSE program er prerequisite gula ki?
Answer (English): Candidates applying for EEE, ECE, CSE, APE and Physics:HSC/ Equivalent(""B"" grade in Physics & Mathematics),A-levels: ""C"" grade in Physics & Mathematics

Question: What are the specific core courses required for the CSE program?
Answer: The specific program core courses for CSE are CSE110/CSE161+CSE162L (or EEE/ECE103+103L), CSE111, CSE220, CSE221, CSE230, CSE250, CSE251, CSE260 (or EEE/ECE283+283L or EEE301+302), CSE320, CSE321, CSE330, CSE331, CSE340, CSE341, CSE350, CSE360, CSE370, CSE420, CSE421, CSE422, CSE423, CSE460, CSE461, CSE470, CSE471. This list can be revised between catalog years, so confirm against the current official degree plan with your department's DCO or academic advisor.","The prerequisites for the CSE program are Candidates applying for EEE, ECE, CSE, APE and Physics:HSC/ Equivalent(“B” grade in Physics & Mathematics),A-levels: “C” grade in Physics & Mathematics.",0.0207,8.38,8.4006,2026-07-27T12:10:11.910533+00:00,0.1148,1.0,SCORE: 1.0 | REASON: All claims are fully supported by the provided CONTEXT.
Q061,full_hybrid,0.5,How do I access the Multipurpose Hall?,"Ground Floor, Find the lift lobby(2nd escalator); go straight to the West Side, where you will find some seats next to the Multipurpose Hall.","Question: How do I access the Multipurpose Hall?
Answer: Ground Floor, Find the lift lobby(2nd escalator); go straight to the West Side, where you will find some seats next to the Multipurpose Hall.

Question (Banglish): Multipurpose Hall ami kivabe access korbo?
Answer (English): Ground Floor, Find the lift lobby(2nd escalator); go straight to the West Side, where you will find some seats next to the Multipurpose Hall.

Question: How can I access the Prayer Room for females?
Answer: The Prayer Room is located in front of the indoor Multipurpose Hall and on 6th floor(ZONE-H)

Question: What types of events can be held in the Multipurpose Hall?
Answer: The Multipurpose Hall can be used for meetings, seminars, workshops, and social gatherings.

Question: What steps do I need to follow to access the Prayer Room for females?
Answer: The Prayer Room is located in front of the indoor Multipurpose Hall and on 6th floor(ZONE-H)","To access the Multipurpose Hall, go to the Ground Floor, find the lift lobby (2nd escalator), go straight to the West Side, where you will find some seats next to the Multipurpose Hall.",0.0176,6.8439,6.8616,2026-07-27T12:09:36.575798+00:00,0.1195,0.8,"SCORE: 0.8 | REASON: The answer is mostly supported by the context, but it lacks information about the types of events that can be held in the Multipurpose Hall and the location of the Prayer Room for females on the 6th floor."
Q085,full_hybrid,0.5,Does BRAC University offer any short professional certificate courses outside its degree programs?,"Yes. For example, BRAC University partnered with Swisscontact Bangladesh to launch a Professional Certificate Course on Environmental, Social and Governance (ESG), aimed at industry professionals - its first batch began in February 2026, aimed particularly at export-oriented sectors like ready-made garments.","Question: Does BRAC University offer any short professional certificate courses outside its degree programs?
Answer: Yes. For example, BRAC University partnered with Swisscontact Bangladesh to launch a Professional Certificate Course on Environmental, Social and Governance (ESG), aimed at industry professionals - its first batch began in February 2026, aimed particularly at export-oriented sectors like ready-made garments.

Question (Banglish): BRAC University ki degree program er baire kono short professional certificate course offer kore?
Answer (English): Yes. For example, BRAC University partnered with Swisscontact Bangladesh to launch a Professional Certificate Course on Environmental, Social and Governance (ESG), aimed at industry professionals - its first batch began in February 2026, aimed particularly at export-oriented sectors like ready-made garments.

Question: Does BRAC University offer any online courses?
Answer: We do not offer online courses or degree programs.

Question: Just wondering, does BRAC University offer any online courses?
Answer: We do not offer online courses or degree programs.

Question (Banglish): BRAC University ki kono online course offer kore?
Answer (English): We do not offer online courses or degree programs.","Yes. For example, BRAC University partnered with Swisscontact Bangladesh to launch a Professional Certificate Course on Environmental, Social and Governance (ESG), aimed at industry professionals - its first batch began in February 2026, aimed particularly at export-oriented sectors like ready-made garments.",0.026,8.0631,8.0891,2026-07-27T12:12:39.437828+00:00,0.2303,0.5,"SCORE: 0.5 | REASON: The answer contains two claims, but only one is supported by the context (the existence of a Professional Certificate Course on ESG), while the other claim (existence of online courses) contradicts the provided context."
Q068,full_hybrid,0.5,Can you tell me what the Syndicate at BRAC University is?,"The Syndicate, chaired by the Vice-Chancellor, supervises the university's academic and administrative functions.","Question: Can you tell me what the Syndicate at BRAC University is?
Answer: The Syndicate, chaired by the Vice-Chancellor, supervises the university's academic and administrative functions.

Question: I wanted to ask, what is the Syndicate at BRAC University?
Answer: The Syndicate, chaired by the Vice-Chancellor, supervises the university's academic and administrative functions.

Question: What is the Syndicate at BRAC University?
Answer: The Syndicate, chaired by the Vice-Chancellor, supervises the university's academic and administrative functions.

Question (Banglish): BRAC University er Syndicate bolte thik ki bujhay?
Answer (English): The Syndicate, chaired by the Vice-Chancellor, supervises the university's academic and administrative functions.

Question: When was BRAC University's current administrative/governance structure established?
Answer: BRAC University's current governance structure (Board of Trustees, Syndicate, and Academic Council as currently organized) was established in 2011, a decade after the university's 2001 founding.","The Syndicate, chaired by the Vice-Chancellor, supervises the university's academic and administrative functions.",0.0194,4.7475,4.7668,2026-07-27T12:10:29.924124+00:00,0.1287,1.0,SCORE: 1.0 | REASON: All claims are directly supported by the CONTEXT.
Q126,full_hybrid,0.5,What are the prerequisites for CSE111?,The prerequisite for CSE111 is CSE110 (HP).,"Course: CSE111
Prerequisite: CSE110 (HP)

Course: CSE111-02
Theory Initial: TAW
Theory Day: SUN+TUE
Theory Time: 12:30 PM
Theory Room: 10A-05C
Lab Faculty: WLV,CAKM
Lab Day: WED
Lab Time: 2:00 PM
Lab Room: 12D-27L

Course: CSE111-03
Theory Initial: TAW
Theory Day: MON+WED
Theory Time: 12:30 PM
Theory Room: 10A-05C
Lab Faculty: TAW,MAF
Lab Day: THU
Lab Time: 11:00 AM
Lab Room: 12F-32L

Course: CSE111
First Theory Coordinator: TAW
Theory Coordinator Email: tawhid.anwar@bracu.ac.bd
First Lab Coordinator: KNI
Second Lab Coordinator: ADU
Lab Coordinator Email: nazia.iqbal@bracu.ac.bd,ahmed.ruhan@bracu.ac.bd

Course: CSE111-01
Theory Initial: TAW
Theory Day: SUN+TUE
Theory Time: 11:00 AM
Theory Room: 10A-05C
Lab Faculty: TAW,AOHE
Lab Day: WED
Lab Time: 2:00 PM
Lab Room: 12F-32L",The prerequisite for CSE111 is CSE110 (HP).,0.0162,4.0311,4.0473,2026-07-27T12:16:25.339286+00:00,0.292,1.0,SCORE: 1.0 | REASON: The prerequisite for CSE111 is explicitly mentioned in the CONTEXT as CSE110 (HP).
Q133,full_hybrid,0.5,Who is the theory coordinator for CSE370?,The theory coordinator for CSE370 is FEK.,"Course: CSE370
First Theory Coordinator: FEK
Theory Coordinator Email: farden.khan@bracu.ac.bd
First Lab Coordinator: FEK
Lab Coordinator Email: farden.khan@bracu.ac.bd

Course: CSE370
Prerequisite: CSE221 (HP)
Full Prerequisite Chain: CSE221-CSE220-CSE111-CSE110

Course: CSE370-01
Theory Initial: MNY
Theory Day: SUN+TUE
Theory Time: 12:30 PM
Theory Room: 10A-04C
Lab Faculty: SHRR,MAU
Lab Day: THU
Lab Time: 8:00 AM
Lab Room: 12F-30L

Course: CSE370-02
Theory Initial: ANNH
Theory Day: SUN+TUE
Theory Time: 3:30 PM
Theory Room: 10A-05C
Lab Faculty: FEK,MAU
Lab Day: THU
Lab Time: 11:00 AM
Lab Room: 12F-30L

Course: CSE370-03
Theory Initial: RBR
Theory Day: MON+WED
Theory Time: 11:00 AM
Theory Room: 09H-32C
Lab Faculty: MRIA,MAHS
Lab Day: SAT
Lab Time: 2:00 PM
Lab Room: 12F-30L",The first theory coordinator for CSE370 is FEK.,0.0165,3.9413,3.9577,2026-07-27T12:16:56.433544+00:00,0.2493,1.0,SCORE: 1.0 | REASON: The CONTEXT supports that FEK is the first theory coordinator for CSE370.
Q010,full_hybrid,0.5,Purpose of the Wishlist event for Summer 2025?,To help plan course offerings based on student demand,"Question: Purpose of the Wishlist event for Summer 2025?
Answer: To help plan course offerings based on student demand

Question (Banglish): Summer 2025 er Wishlist event er purpose ki?
Answer (English): To help plan course offerings based on student demand

Question: Why is participation in the Wishlist event important?
Answer: Course offerings will be based on student demand collected from Wishlist submissions

Question (Banglish): Ke Wishlist event e participate korte hobe?
Answer (English): All undergraduate students attending upcoming, excluding RS-eligible students and LLB, PHR students

Question: What is Wishlist?
Answer: Wishlist event – an online pre-advising activity where undergraduate students (all programs except LLB, PHR, and Residential-Semester-eligible cohorts) log in during an assigned time slot, select the courses they intend to take, and press “Confirm.”
The collected course demands are then used by BRAC University to decide how many sections to open for each course, and only students who complete this step become eligible for Pre-Registration Phase 1.",To help plan course offerings based on student demand.,0.0198,3.6937,3.7134,2026-07-27T12:03:15.219987+00:00,0.0818,1.0,SCORE: 1.0 | REASON: All individual factual claims are fully supported by the provided CONTEXT.
Q019,full_hybrid,0.5,How are students informed about changes to the transport service?,Students are informed through official BRAC University notices and announcements.,"Question: How are students informed about changes to the transport service?
Answer: Students are informed through official BRAC University notices and announcements.

Question (Banglish): Transport service e change hole student der kivabe janano hoy?
Answer (English): Students are informed through official BRAC University notices and announcements.

Question: How can students report a problem with the transport service?
Answer: Students can report issues by calling the designated route-specific numbers or reaching out to transport officers.

Question: Can students suggest new routes for the transport service?
Answer: Suggestions for new routes can be submitted to the transport office for review.

Question: Does the university have plans to expand the transport service?
Answer: No official announcement has been made about expanding the transport service.",Students are informed through official BRAC University notices and announcements.,0.0191,3.8564,3.8755,2026-07-27T12:04:13.883634+00:00,0.312,1.0,SCORE: 1.0 | REASON: All claims are directly supported by the provided CONTEXT.
Q056,full_hybrid,0.5,"New student here, when was BRAC University established and who founded it?","BRAC University was established in 2001, founded by Sir Fazle Hasan Abed, and is affiliated with the University Grants Commission (UGC) of Bangladesh.","Question: New student here, when was BRAC University established and who founded it?
Answer: BRAC University was established in 2001, founded by Sir Fazle Hasan Abed, and is affiliated with the University Grants Commission (UGC) of Bangladesh.

Question: When was BRAC University established and who founded it?
Answer: BRAC University was established in 2001, founded by Sir Fazle Hasan Abed, and is affiliated with the University Grants Commission (UGC) of Bangladesh.

Question: Quick question — when was BRAC University established and who founded it?
Answer: BRAC University was established in 2001, founded by Sir Fazle Hasan Abed, and is affiliated with the University Grants Commission (UGC) of Bangladesh.

Question (Banglish): BRAC University kobe establish hoyechilo, ar ke prothisthata?
Answer (English): BRAC University was established in 2001, founded by Sir Fazle Hasan Abed, and is affiliated with the University Grants Commission (UGC) of Bangladesh.

Question: When was BRAC University's current administrative/governance structure established?
Answer: BRAC University's current governance structure (Board of Trustees, Syndicate, and Academic Council as currently organized) was established in 2011, a decade after the university's 2001 founding.","BRAC University was established in 2001, founded by Sir Fazle Hasan Abed, and is affiliated with the University Grants Commission (UGC) of Bangladesh.",0.0224,5.8985,5.9209,2026-07-27T12:08:46.481112+00:00,0.1559,1.0,SCORE: 1.0 | REASON: All claims are directly supported by the provided CONTEXT.
Q076,full_hybrid,0.5,Provide me the contact information of library staffs.,"You can contact Librarian at: librarian@bracu.ac.bd, hasina@bracu.ac.bd
Deputy Librarian: nasiruddin@bracu.ac.bd, murtoza@bracu.ac.bd","Question: Provide me the contact information of library staffs.
Answer: You can contact Librarian at: librarian@bracu.ac.bd, hasina@bracu.ac.bd
Deputy Librarian: nasiruddin@bracu.ac.bd, murtoza@bracu.ac.bd

Question: This might be a silly question, but provide me the contact information of library staffs?
Answer: You can contact Librarian at: librarian@bracu.ac.bd, hasina@bracu.ac.bd
Deputy Librarian: nasiruddin@bracu.ac.bd, murtoza@bracu.ac.bd

Question: Can someone help — provide me the contact information of library staffs?
Answer: You can contact Librarian at: librarian@bracu.ac.bd, hasina@bracu.ac.bd
Deputy Librarian: nasiruddin@bracu.ac.bd, murtoza@bracu.ac.bd

Question: I wanted to ask, provide me the contact information of library staffs?
Answer: You can contact Librarian at: librarian@bracu.ac.bd, hasina@bracu.ac.bd
Deputy Librarian: nasiruddin@bracu.ac.bd, murtoza@bracu.ac.bd

Question: For a friend who's asking — provide me the contact information of library staffs?
Answer: You can contact Librarian at: librarian@bracu.ac.bd, hasina@bracu.ac.bd
Deputy Librarian: nasiruddin@bracu.ac.bd, murtoza@bracu.ac.bd","You can contact Librarian at: librarian@bracu.ac.bd, hasina@bracu.ac.bd
Deputy Librarian: nasiruddin@bracu.ac.bd, murtoza@bracu.ac.bd",0.0206,7.6187,7.6393,2026-07-27T12:11:42.729080+00:00,0.0297,1.0,SCORE: 1.0 | REASON: All contact information provided in the answer is present in the context.
Q151,full_hybrid,0.5,What day and time is the theory class for CSE260-04A?,The theory class for CSE260-04A is on SUN+TUE at 11:00 AM in room 09A-03C.,"Course: CSE260-04A
Theory Initial: DZK
Theory Day: SUN+TUE
Theory Time: 11:00 AM
Theory Room: 09A-03C
Lab Faculty: NFF,MZW
Lab Day: WED
Lab Time: 11:00 AM
Lab Room: FT10-03L

Initial: MZW
Name: Maazin Munawar
Day: Wednesday
Scheduled commitments (classes/labs/breaks, not availability): 8:00 AM - CSE260-03B (LAB) MZW,ADD FT10-04L; 9:30 AM - CSE260-03B (LAB) MZW,ADD FT10-04L; 11:00 AM - CSE260-04A (LAB) NFF,MZW FT10-03L; 12:30 PM - CSE260-04A (LAB) NFF,MZW FT10-03L

Course: CSE250-04A
Theory Initial: FFR
Theory Day: SUN+TUE
Theory Time: 8:00 AM
Theory Room: 07H-27C
Lab Faculty: SDQ,FFR
Lab Day: MON
Lab Time: 11:00 AM
Lab Room: 12B-20L

Course: CSE350-04A
Theory Initial: ARA
Theory Day: SUN+TUE
Theory Time: 8:00 AM
Theory Room: 09A-07C
Lab Faculty: SDAS,TSE
Lab Day: THU
Lab Time: 11:00 AM
Lab Room: FT10-01L

Course: CSE251-04A
Theory Initial: AKJ
Theory Day: SUN+TUE
Theory Time: 12:30 PM
Theory Room: 07H-27C
Lab Faculty: EHQ,SHJR
Lab Day: MON
Lab Time: 2:00 PM
Lab Room: 12B-20L",The theory class for CSE260-04A is held on Sunday and Tuesday at 11:00 AM.,0.0213,5.2803,5.3015,2026-07-27T12:18:27.194957+00:00,0.3797,1.0,"SCORE: 1.0 | REASON: The answer's claim is fully supported by the context, as it matches the Theory Day and Time for CSE260-04A in the retrieved CONTEXT."
Q105,full_hybrid,0.5,What is the full prerequisite chain for PHY112?,The full prerequisite chain for PHY112 is PHY111.,"Course: PHY112
Prerequisite: PHY111 (HP)
Full Prerequisite Chain: PHY111

Course: MAT120
Prerequisite: MAT110 (HP)
Full Prerequisite Chain: MAT110

Course: ENG103
Prerequisite: ENG102 (HP)
Full Prerequisite Chain: ENG102

Course: ENG102
Prerequisite: ENG101 (HP)
Full Prerequisite Chain: ENG101

Course: CSE330
Prerequisite: MAT216 (HP)
Full Prerequisite Chain: MAT120-MAT110",The full prerequisite chain for PHY112 is PHY111.,0.0198,3.6874,3.7072,2026-07-27T12:14:50.019735+00:00,0.5024,1.0,SCORE: 1.0 | REASON: The answer is fully supported by the context as it correctly extracts a single claim from the provided information.
Q136,full_hybrid,0.5,Who is the theory coordinator for CSE447?,The theory coordinator for CSE447 is MIH.,"Course: CSE447-02
Theory Initial: MIH
Theory Day: SUN+TUE
Theory Time: 2:00 PM
Theory Room: 09E-20T
Lab Faculty: FFU,RDS
Lab Day: MON
Lab Time: 11:00 AM
Lab Room: 09E-21L

Course: CSE447-03
Theory Initial: MIH
Theory Day: SUN+TUE
Theory Time: 2:00 PM
Theory Room: 09E-20T
Lab Faculty: FFU,SJM
Lab Day: MON
Lab Time: 2:00 PM
Lab Room: 09E-21L

Course: CSE447
First Theory Coordinator: MIH
Theory Coordinator Email: iqbal.hossain@bracu.ac.bd
First Lab Coordinator: FFU
Lab Coordinator Email: farhan.faruk@bracu.ac.bd

Course: CSE447-01
Theory Initial: MIH
Theory Day: SUN+TUE
Theory Time: 2:00 PM
Theory Room: 09E-20T
Lab Faculty: FFU,SJM
Lab Day: SAT
Lab Time: 2:00 PM
Lab Room: 09E-22L

Course: CSE350
First Theory Coordinator: ZAZ
Second Theory Coordinator: TSE
Theory Coordinator Email: ihzaz.sadik@bracu.ac.bd,tasneem.mazhar@bracu.ac.bd
First Lab Coordinator: TSE
Lab Coordinator Email: tasneem.mazhar@bracu.ac.bd",The first theory coordinator for CSE447 is MIH.,0.0181,4.0394,4.0576,2026-07-27T12:17:09.973094+00:00,0.0,1.0,SCORE: 1.0 | REASON: The answer is fully supported by the context as it directly matches a claim in the course information for CSE447.
Q138,full_hybrid,0.5,What is the coordinator email for CSE437?,The coordinator email for CSE437 is rabiul.alam@bracu.ac.bd.,"Course: CSE437
First Theory Coordinator: GRA
Theory Coordinator Email: rabiul.alam@bracu.ac.bd

Course: CSE437-03
Theory Initial: GRA
Theory Day: SAT+THU
Theory Time: 2:00 PM
Theory Room: 09C-16T

Course: CSE437-01
Theory Initial: GRA
Theory Day: SAT+THU
Theory Time: 2:00 PM
Theory Room: 09C-16T

Course: CSE437-02
Theory Initial: GRA
Theory Day: SAT+THU
Theory Time: 2:00 PM
Theory Room: 09C-16T

Course: CSE424
First Theory Coordinator: AAR
Theory Coordinator Email: annajiat@bracu.ac.bd
First Lab Coordinator: AAR
Lab Coordinator Email: annajiat@bracu.ac.bd",The theory coordinator email for CSE437 is rabiul.alam@bracu.ac.bd.,0.0167,4.6186,4.6353,2026-07-27T12:17:18.909441+00:00,0.0,1.0,SCORE: 1.0 | REASON: The CONTEXT supports all individual factual claims made in the ANSWER.
Q165,full_hybrid,0.5,What day and time is the theory class for CSE260-04B?,The theory class for CSE260-04B is on SUN+TUE at 11:00 AM in room 09A-03C.,"Course: CSE260-04B
Theory Initial: DZK
Theory Day: SUN+TUE
Theory Time: 11:00 AM
Theory Room: 09A-03C
Lab Faculty: NNTN,MAZW
Lab Day: WED
Lab Time: 11:00 AM
Lab Room: FT10-04L

Course: CSE250-04B
Theory Initial: FFR
Theory Day: SUN+TUE
Theory Time: 8:00 AM
Theory Room: 07H-27C
Lab Faculty: MHY,PDS
Lab Day: MON
Lab Time: 11:00 AM
Lab Room: 12B-20L

Course: CSE350-04B
Theory Initial: ARA
Theory Day: SUN+TUE
Theory Time: 8:00 AM
Theory Room: 09A-07C
Lab Faculty: MHY,PDS
Lab Day: THU
Lab Time: 11:00 AM
Lab Room: FT10-02L

Initial: MAZW
Name: Mirza Azwad Wakil
Day: Wednesday
Scheduled commitments (classes/labs/breaks, not availability): 8:00 AM - Consultation by Appointment; 9:30 AM - CSE470-01 07F-22C; 11:00 AM - CSE260-04B (LAB) NNTN,MAZW FT10-04L; 12:30 PM - CSE260-04B (LAB) NNTN,MAZW FT10-04L; 2:00 PM - CSE260-12A (LAB) SMDS,MAZW FT10-03L; 3:30 PM - CSE260-12A (LAB) SMDS,MAZW FT10-03L

Course: CSE251-04B
Theory Initial: AKJ
Theory Day: SUN+TUE
Theory Time: 12:30 PM
Theory Room: 07H-27C
Lab Faculty: SEF,ALSM
Lab Day: MON
Lab Time: 2:00 PM
Lab Room: 12B-20L",The theory class for CSE260-04B is held on Sunday and Tuesday at 11:00 AM.,0.0216,5.121,5.1426,2026-07-27T12:19:38.524190+00:00,0.4094,1.0,"SCORE: 1.0 | REASON: All claims are supported by the CONTEXT. 

Here's a breakdown of how I arrived at this score:

1. The theory class for CSE260-04B is held on Sunday and Tuesday at 11:00 AM.
   - Claim 1: Theory Day = SUN+TUE (supported)
   - Claim 2: Theory Time = 11:00 AM (supported)

Since both claims are supported by the CONTEXT, the score remains 1.0."
Q077,full_hybrid,0.5,Consequence of not confirming advising during the Self-Registration period?,All selected courses will be automatically cancelled,"Question: Consequence of not confirming advising during the Self-Registration period?
Answer: All selected courses will be automatically cancelled

Question (Banglish): Self-Registration period e advising confirm na korle ki consequence hoy?
Answer (English): All selected courses will be automatically cancelled

Question: When must course selections be confirmed after Pre-Registration phases?
Answer: During the Self-Registration period assigned after result publication

Question (Banglish): Notun admitted student der jonno self-registration requirement ki?
Answer (English): Not required; registration will be done by respective departments.

Question: Just wondering, what happens if a student fails to confirm the Wishlist on time?
Answer: Student will not be considered a participant and cannot register in Pre-Registration Phase 1",All selected courses will be automatically cancelled.,0.0214,3.5677,3.5891,2026-07-27T12:11:46.318518+00:00,0.2415,0.5,"SCORE: 0.5 | REASON: Only two out of four claims are supported by the context. 

The ANSWER ""All selected courses will be automatically cancelled"" is supported by the CONTEXT for the first question, but not for the other three questions. The second and fourth questions do not mention any consequences of not confirming advising during the Self-Registration period, so they do not support this claim. The third question mentions a different consequence (not being able to register in Pre-Registration Phase 1) if a student fails to confirm their Wishlist on time, which is also unrelated to the ANSWER."
Q096,no_retrieval,,"Are journals, magazines and reference books available for borrowing?","No. Journals, magazines, newspapers, and items in the reference collection are for in-library use only and cannot be checked out.",,"Yes, our university library has a vast collection of journals, magazines, and reference books that are available for borrowing by students, faculty, and staff. These materials can be checked out at the circulation desk with a valid university ID, and some may also be accessible online through our digital databases or e-journals platform.",0.0,9.2752,9.2752,2026-07-27T14:42:58.579534+00:00,,0.0,SCORE: 0.0 | REASON: The CONTEXT does not mention a university library or any borrowing process.
Q016,no_retrieval,,How to contact with BRACU Finance and Accounts Department?,"BRAC University
Kha-224 Bir Uttam Rafiqul Islam Avenue, Merul Badda,
Dhaka 1212, Bangladesh
Phone: +88 09638464646 Ext: 1220, 1221

Email: queries-accounts@bracu.ac.bd",,"To contact the Finance and Accounts Department at BRAC University (BRACU), you can try reaching out to them through their official website by clicking on the ""Contact Us"" or ""Departments"" section, where you may find a phone number, email address, or online form to submit your inquiry. Alternatively, you can also visit the university's main office in person and ask for directions to the Finance and Accounts Department, or check with other university staff members such as academic advisors or departmental secretaries who may be able to provide you with contact information or direct you to someone who can assist you.",0.0,16.028,16.028,2026-07-27T14:28:16.710969+00:00,,1.0,SCORE: 1.0 | REASON: All claims are directly supported by the provided CONTEXT.
Q031,no_retrieval,,"New student here, could you please provide details about the tuition fee structure at BRAC University?","For students enrolled in the Computer Science and Engineering (CSE) program at BRAC University, the tuition fee structure includes a one-time, non-refundable admission fee of BDT 30,800. Each course within the CSE program costs BDT 22,500. Additionally, students are required to pay a semester fee of BDT 11,500, which covers various facilities such as IT services and library access. There is also a one-time library membership fee of BDT 2,500. This fee structure is designed to support the comprehensive education provided in the CSE program, ensuring access to advanced resources and facilities?",,"BRAC University has a tiered tuition fee structure that varies depending on the program and category of students. For undergraduate programs, international students pay around 1.5 million BDT (approximately $18,000 USD) per semester, while Bangladeshi nationals pay around 0.8 million BDT ($9,500 USD) per semester. Graduate programs have a slightly different fee structure, with international students paying around 2.5 million BDT ($30,000 USD) per semester and Bangladeshi nationals paying around 1.3 million BDT ($15,500 USD) per semester. Additionally, there may be other fees such as admission fees, library fees, and student union fees that are not included in the tuition fee.",0.0,19.7853,19.7853,2026-07-27T14:31:08.515239+00:00,,1.0,SCORE: 1.0 | REASON: The CONTEXT directly supports all factual claims made in the ANSWER.
Q159,no_retrieval,,What day and time is the theory class for CSE250-06A?,The theory class for CSE250-06A is on SUN+TUE at 2:00 PM in room 07H-27C.,,The theory class for CSE 250-06A meets on Tuesdays from 2:00 pm to 3:15 pm in room 204 of the Computer Science Building.,0.0,6.43,6.43,2026-07-27T14:52:41.781427+00:00,,0.0,SCORE: 0.0 | REASON: The CONTEXT does not contain any information about a class or meeting schedule.
Q129,no_retrieval,,What is the full prerequisite chain for CSE421?,The full prerequisite chain for CSE421 is CSE320.,,"To determine the full prerequisite chain for CSE 421, I would recommend checking our university's course catalog and degree requirements. Typically, the prerequisites for CSE 421 include completing CSE 321 with a minimum grade of C- and also satisfying any additional pre-requisites such as math or science courses that may be required by the department. Additionally, students often need to have completed a certain number of credits in their major and maintained a satisfactory GPA before enrolling in upper-level courses like CSE 421. If you're unsure about the specific prerequisites for this course, I would suggest checking with the Computer Science Department or reviewing our university's online course catalog for the most up-to-date information.",0.0,19.1103,19.1103,2026-07-27T14:48:40.656587+00:00,,0.5,"SCORE: 0.5 | REASON: The answer partially relies on general knowledge about course prerequisites, but some specific details are not mentioned in the context."
Q116,no_retrieval,,What are the prerequisites for CSE360?,The prerequisite for CSE360 is CSE341 (HP).,,"To be eligible to enroll in CSE 360, students must have completed both CSE 150 and CSE 250 with a grade of C- or better.",0.0,6.1083,6.1083,2026-07-27T14:46:13.217999+00:00,,0.0,SCORE: 0.0 | REASON: CONTEXT does not mention CSE 360 or any related requirements.
Q070,no_retrieval,,For a friend who's asking — do I need to pay any fee to collect my degree certificate at Convocation?,"No, based on published notices, there is no fee to collect your certificate at the time of Convocation itself; fees apply if you request documents outside of that window.",,"According to our university's policies, there is no fee associated with collecting your degree certificate at Convocation; however, it's essential to confirm this information with the Office of the Registrar or the Convocation Committee directly to ensure accuracy.",0.0,8.0695,8.0695,2026-07-27T14:38:16.556005+00:00,,1.0,SCORE: 1.0 | REASON: Both claims are directly supported by the context.
Q171,no_retrieval,,Who teaches the lab section of CSE221-19?,"The lab section of CSE221-19 is taught by ARD,ANV.",,"The instructor for the lab section of CSE 221-19 is listed in the course schedule and can also be found on our university's online course roster. If you need to confirm the instructor or have any questions about the lab section, I recommend checking with the department of Computer Science and Engineering or contacting their office directly.",0.0,9.3742,9.3742,2026-07-27T14:54:09.130527+00:00,,1.0,SCORE: 1.0 | REASON: All claims are directly supported by the provided context.
Q175,no_retrieval,,Who teaches the lab section of CSE260-19B?,"The lab section of CSE260-19B is taught by CMHQ,CABS.",,"The instructor for the lab section of CSE 260-19B is listed in the course schedule as Dr. Maria Rodriguez, but I would recommend checking the university's online course catalog or contacting the Computer Science department directly to confirm the instructor and any potential changes to the course schedule.",0.0,8.6022,8.6022,2026-07-27T14:54:38.412008+00:00,,1.0,SCORE: 1.0 | REASON: All claims are directly supported by the provided context.
Q046,no_retrieval,,What sports teams does the university have?,"BRAC University Football Club, BRAC University Chess Club, BRAC University Cricket Club, and BRAC University Indoor Games Club.",,"The university has a variety of sports teams that compete at the NCAA Division III level in the New England Small College Athletic Conference (NESCAC), including men's and women's teams in sports such as soccer, basketball, lacrosse, baseball, softball, field hockey, volleyball, and cross-country.",0.0,9.1088,9.1088,2026-07-27T14:34:06.959394+00:00,,0.0,SCORE: 0.0 | REASON: The CONTEXT does not mention sports teams or NCAA Division III level competition.
Q067,no_retrieval,,I looked around the site but couldn't find it — how to submit report after a club event?,"After conducting an online event or offline event, a report on the event with details needs to be submitted to <student_org@bracu.ac.bd> within 7 working days. Without the report, future proposals will not be accepted and approved.

• The report must contain a minimum of 500 words to a maximum of 1000 words with detailed activities, discussion, social impact, and outcome. If you get any media, coverage please provide the link.

• The social media data must be included in the report such as the number of attendees, likes, shares, views, and comments. For the best accuracy please collect this information immediately after the event is completed.

• After receiving and reviewing the appropriate report, we will complete the event or online program. Without completing one program, student organizations will not allow moving to other events.",,"It sounds like you're looking for information on submitting a post-event report for your university club's activities. Typically, this type of report is submitted through the club's online portal or by contacting the student organization office directly; I can help guide you through the process if you'd like to provide more details about your specific club and event.",0.0,9.7312,9.7312,2026-07-27T14:37:47.768939+00:00,,1.0,SCORE: 1.0 | REASON: All claims are directly supported by the provided CONTEXT.
Q183,no_retrieval,,Which room is Mr. Md. Tawhid Anwar in?,Mr. Md. Tawhid Anwar is in room 4G03.,,"Mr. Md. Tawhid Anwar's office location can be found on our university's website under Faculty and Staff Directory, or you may also want to check the departmental directory for his specific department as he may have a shared office space with other faculty members.",0.0,8.578,8.578,2026-07-27T14:55:42.915549+00:00,,0.0,SCORE: 0.0 | REASON: The answer contains specific information about Mr. Md. Tawhid Anwar's office location that is not present in the context.
Q166,no_retrieval,,Who teaches the lab section of CSE321-18?,"The lab section of CSE321-18 is taught by TNF,SVKG.",,"The instructor for the lab section of CSE 321-18 is listed in the course schedule as Dr. Maria Rodriguez, who will be assisted by teaching assistant Mr. David Lee.",0.0,6.7417,6.7417,2026-07-27T14:53:27.276551+00:00,,1.0,SCORE: 1.0 | REASON: All claims are directly mentioned in the provided CONTEXT.
Q079,no_retrieval,,What steps do I need to follow to access the Prayer Room for females?,The Prayer Room is located in front of the indoor Multipurpose Hall and on 6th floor(ZONE-H),,"To access the Prayer Room for females, you will first need to visit our university's website and navigate to the Campus Resources section, where you can find information on the location and hours of operation for the Prayer Room. Once you have confirmed the room's availability, please stop by the Student Union desk or contact the Office of Spiritual Life directly to obtain a key card that grants access to the room during designated prayer times. Additionally, it is recommended that you familiarize yourself with the room's rules and guidelines, which can be found on our website or through the Office of Spiritual Life, to ensure a respectful and inclusive environment for all users.",0.0,16.7689,16.7689,2026-07-27T14:40:02.213888+00:00,,1.0,SCORE: 1.0 | REASON: All claims are directly supported by the provided CONTEXT.
Q187,no_retrieval,,What is FEK's designation?,Farden Ehsan Khan (FEK) is a Lecturer.,,"The Federal Emergency Management Agency (FEMA) has designated certain areas as Flood Elevation Zones, and one such zone is known as Zone AE, but I believe you are referring to the Floodway Encroachment Key, which is often abbreviated as FEK. The FEK is a designation used by FEMA to identify areas within a floodplain where encroachments or development may be allowed, subject to certain conditions and regulations.",0.0,11.5116,11.5116,2026-07-27T14:56:17.044886+00:00,,1.0,SCORE: 1.0 | REASON: All claims are directly supported by the provided CONTEXT.
Q178,no_retrieval,,Who teaches the lab section of CSE423-05?,"The lab section of CSE423-05 is taught by MAHS,ZLNM.",,"The instructor for the lab section of CSE 423-05 is listed in the course schedule as Dr. Maria Rodriguez, who will be leading the students through hands-on exercises and projects related to the course material.",0.0,7.0523,7.0523,2026-07-27T14:54:59.496741+00:00,,0.0,SCORE: 0.0 | REASON: No information about CSE 423-05 or Dr. Maria Rodriguez is present in the CONTEXT.
Q057,no_retrieval,,Who must participate in the Wishlist event?,"All undergraduate students attending upcoming, excluding RS-eligible students and LLB, PHR students",,"All first-year students are required to participate in the Wishlist event as part of their university orientation and transition program. This event is designed to help new students get acquainted with campus resources, meet with academic advisors, and set academic goals for their first semester at the university.",0.0,8.1961,8.1961,2026-07-27T14:35:58.335954+00:00,,1.0,SCORE: 1.0 | REASON: The CONTEXT fully supports all claims made in the ANSWER.
Q153,no_retrieval,,What day and time is the theory class for CSE460-03?,The theory class for CSE460-03 is on SAT+THU at 12:30 PM in room 07H-26C.,,The theory class for CSE460-03 meets on Tuesdays from 2:00 PM to 3:15 PM in room 204 of the Computer Science Building.,0.0,6.3153,6.3153,2026-07-27T14:52:03.841788+00:00,,0.0,SCORE: 0.0 | REASON: The CONTEXT does not contain any information about CSE460-03 or its meeting schedule.
Q083,no_retrieval,,How long does the Early Childhood Development (ECD) program take to complete?,"After completing 9 core courses, students can choose to stop at the Postgraduate Diploma (PGD) level, which takes about 18 months, or continue on to the full MSc, which takes about 24 months (2 years) in total.",,"The Early Childhood Development (ECD) program at our university typically takes four years to complete, assuming full-time enrollment and successful completion of all required coursework. However, students may choose to pursue a part-time schedule or transfer credits from previous institutions, which could affect the overall duration of their program.",0.0,9.0083,9.0083,2026-07-27T14:40:33.584861+00:00,,0.5,SCORE: 0.5 | REASON: The context does not mention anything about the duration of the ECD program or its enrollment options.
Q069,no_retrieval,,Can you tell me what the eligibility criteria for receiving financial aid are?,"BRAC University offers financial aid to students based on demonstrated financial need. Financial aid eligibility is reassessed regularly, and students may need to maintain satisfactory academic performance. Special consideration may be given to students from disadvantaged backgrounds or those facing extraordinary circumstances. The Financial Aid Office can provide more detailed information on the application process.",,"To be eligible to receive financial aid at our university, students must demonstrate financial need by completing the Free Application for Federal Student Aid (FAFSA) and meeting certain requirements, such as being a U.S. citizen or eligible non-citizen, having a valid Social Security number, registering with Selective Service if male, and maintaining satisfactory academic progress towards their degree.",0.0,10.5269,10.5269,2026-07-27T14:38:08.485297+00:00,,1.0,SCORE: 1.0 | REASON: All claims are directly supported by the context.
Q125,no_retrieval,,What are the prerequisites for CSE422?,The prerequisite for CSE422 is CSE221 (HP).,,"To be eligible to enroll in CSE 422, students must have completed both CSE 321 and MATH 322, as these courses provide the necessary foundational knowledge in computer science and mathematics that is required for success in this advanced course.",0.0,7.9846,7.9846,2026-07-27T14:47:50.892194+00:00,,1.0,SCORE: 1.0 | REASON: All claims are directly supported by the context.
Q017,no_retrieval,,"Hey, for further information regarding Admission who should I contact?","For more queries, please contact the Inquiry, Registration & Admissions Office, BRACU (Phone: +88 09638464646, Call Center Ext: 1001. You can also send e-mail at admissions@bracu.ac.bd.",,"You may want to reach out to the Office of Admissions at our university, as they would be able to provide you with detailed information and guidance on the admission process. They can also answer any specific questions you may have about requirements, deadlines, or other related topics.",0.0,8.4693,8.4693,2026-07-27T14:28:25.182192+00:00,,1.0,SCORE: 1.0 | REASON: All claims are directly supported by the context.
Q149,no_retrieval,,What is the coordinator email for CSE443?,The coordinator email for CSE443 is swakkhar.shatabda@bracu.ac.bd.,,"The course coordinator for CSE 443 is Professor Johnson, and their email address is johnsonc@university.edu.",0.0,5.4654,5.4654,2026-07-27T14:51:34.669707+00:00,,0.0,SCORE: 0.0 | REASON: The CONTEXT does not contain any information about CSE 443 or its course coordinator.
Q094,no_retrieval,,Does ENH offer a minor for students outside the department?,"Yes, ENH offers a Minor in History, open to students from any department, letting them take history courses to help contextualize their main field of study.",,"The English Department (ENH) does indeed offer minors to students who are not majoring in English, and these minors can be pursued by students from any academic discipline.",0.0,6.3909,6.3909,2026-07-27T14:42:35.482115+00:00,,0.0,SCORE: 0.0 | REASON: The CONTEXT does not mention English Department (ENH) or minors in any academic discipline.
Q066,no_retrieval,,Can you tell me what the prerequisites for the Cse program are?,"Candidates applying for EEE, ECE, CSE, APE and Physics:HSC/ Equivalent(“B” grade in Physics & Mathematics),A-levels: “C” grade in Physics & Mathematics",,"To be eligible to apply to the Computer Science and Engineering (CSE) program at our university, students typically need to have completed a set of prerequisite courses, which include Calculus I and II, Linear Algebra, Discrete Mathematics, and Programming Fundamentals in Java or C++, with a minimum grade of C- in each course. Additionally, some programs within the CSE department may have additional prerequisites or requirements, such as a specific GPA threshold or completion of a certain number of credits in math and science courses.",0.0,13.9335,13.9335,2026-07-27T14:37:38.036047+00:00,,1.0,SCORE: 1.0 | REASON: All claims are directly mentioned in the CONTEXT.
Q061,no_retrieval,,How do I access the Multipurpose Hall?,"Ground Floor, Find the lift lobby(2nd escalator); go straight to the West Side, where you will find some seats next to the Multipurpose Hall.",,"To access the Multipurpose Hall, you can start by checking the university's online campus map or navigating to the hall's webpage on our website for directions and hours of operation. Alternatively, you can stop by the Student Union Building or the Facilities Management office, both of which are usually staffed during regular business hours, and ask for assistance with finding your way to the Multipurpose Hall.",0.0,10.7366,10.7366,2026-07-27T14:36:39.595174+00:00,,0.5,"SCORE: 0.5 | REASON: The CONTEXT does not provide information about online campus maps or webpage directions, but it does support the claim that asking for assistance at the Student Union Building or Facilities Management office can help find the Multipurpose Hall."
Q085,no_retrieval,,Does BRAC University offer any short professional certificate courses outside its degree programs?,"Yes. For example, BRAC University partnered with Swisscontact Bangladesh to launch a Professional Certificate Course on Environmental, Social and Governance (ESG), aimed at industry professionals - its first batch began in February 2026, aimed particularly at export-oriented sectors like ready-made garments.",,"Yes, BRAC University offers various short professional certificate courses in addition to its degree programs, which are designed to provide students and working professionals with specialized skills and knowledge in specific areas such as business management, information technology, and language proficiency. These certificate courses are typically shorter in duration than the university's degree programs and can be completed within a few months or a year, allowing individuals to enhance their professional credentials without committing to a full degree program.",0.0,12.1078,12.1078,2026-07-27T14:40:55.978567+00:00,,1.0,SCORE: 1.0 | REASON: All claims are directly supported by the CONTEXT.
Q068,no_retrieval,,Can you tell me what the Syndicate at BRAC University is?,"The Syndicate, chaired by the Vice-Chancellor, supervises the university's academic and administrative functions.",,"The Syndicate at BRAC University is the student government body responsible for representing the interests and concerns of students to the university administration, as well as organizing various events and activities on campus. It typically consists of elected representatives from different departments or faculties who work together to address issues such as academic policies, extracurricular opportunities, and student welfare.",0.0,10.1854,10.1854,2026-07-27T14:37:57.956232+00:00,,0.0,SCORE: 0.0 | REASON: The CONTEXT does not mention any information about a student government body or university administration at BRAC University.
Q126,no_retrieval,,What are the prerequisites for CSE111?,The prerequisite for CSE111 is CSE110 (HP).,,"To be eligible to enroll in CSE111, students must have completed MATH 105 and either ENGL 101 or ENGL 102, as these courses provide the foundational knowledge in mathematics and English composition that is necessary for success in this computer science course.",0.0,8.4465,8.4465,2026-07-27T14:47:59.340366+00:00,,1.0,SCORE: 1.0 | REASON: All claims are directly supported by the context.
Q133,no_retrieval,,Who is the theory coordinator for CSE370?,The theory coordinator for CSE370 is FEK.,,"The theory coordinator for CSE 370, which is likely a computer science course, can be found on the department's website under the ""Faculty and Staff"" section, where you will see a list of instructors with their contact information and areas of expertise. Alternatively, you may also want to check the course syllabus or consult with the department's administrative assistant for more information.",0.0,10.5601,10.5601,2026-07-27T14:49:23.157924+00:00,,1.0,SCORE: 1.0 | REASON: All claims are directly supported by the provided CONTEXT.
Q010,no_retrieval,,Purpose of the Wishlist event for Summer 2025?,To help plan course offerings based on student demand,,"The purpose of the Wishlist event for Summer 2025 is to provide students with an opportunity to explore and discuss their academic goals and interests with advisors from various departments on campus, in order to create a personalized plan for their summer courses and experiences.",0.0,7.8737,7.8737,2026-07-27T14:26:57.659176+00:00,,0.0,SCORE: 0.0 | REASON: The CONTEXT does not contain any relevant information about a Wishlist event for Summer 2025.
Q019,no_retrieval,,How are students informed about changes to the transport service?,Students are informed through official BRAC University notices and announcements.,,"Students are typically informed about changes to the university's transportation service through various channels, including email notifications sent directly to their university email accounts, updates on the university's website and mobile app, social media announcements, and posters or flyers displayed in high-traffic areas around campus. Additionally, students may also receive information about transportation changes through their student organization or departmental newsletters, or by attending meetings with transportation service representatives.",0.0,11.6243,11.6243,2026-07-27T14:28:41.369124+00:00,,1.0,SCORE: 1.0 | REASON: All claims are directly supported by the provided CONTEXT.
Q056,no_retrieval,,"New student here, when was BRAC University established and who founded it?","BRAC University was established in 2001, founded by Sir Fazle Hasan Abed, and is affiliated with the University Grants Commission (UGC) of Bangladesh.",,"BRAC University was established in 2008, and it was founded by Ashraf Ahmed, the Vice-Chairman of BRAC, one of Bangladesh's largest non-governmental development organizations.",0.0,6.9329,6.9329,2026-07-27T14:35:50.137975+00:00,,0.5,SCORE: 0.5 | REASON: The CONTEXT does not mention BRAC University's founding year or its founder.
Q076,no_retrieval,,Provide me the contact information of library staffs.,"You can contact Librarian at: librarian@bracu.ac.bd, hasina@bracu.ac.bd
Deputy Librarian: nasiruddin@bracu.ac.bd, murtoza@bracu.ac.bd",,"The university library has a dedicated team of staff members who can be reached through various means. You can visit their website at [library website URL] to find their contact information, which includes phone numbers and email addresses for specific departments such as circulation, reference, and research services. Additionally, you can stop by the library's main desk or ask a librarian in person for assistance with any questions or concerns you may have.",0.0,11.5247,11.5247,2026-07-27T14:39:22.950204+00:00,,1.0,SCORE: 1.0 | REASON: All claims are directly supported by the provided CONTEXT.
Q151,no_retrieval,,What day and time is the theory class for CSE260-04A?,The theory class for CSE260-04A is on SUN+TUE at 11:00 AM in room 09A-03C.,,The theory class for CSE 260-04A meets on Tuesdays from 2:00 pm to 3:15 pm in room 314 of the Engineering Building.,0.0,6.7507,6.7507,2026-07-27T14:51:51.121821+00:00,,0.0,SCORE: 0.0 | REASON: The CONTEXT does not contain any information about a class or meeting schedule.
Q105,no_retrieval,,What is the full prerequisite chain for PHY112?,The full prerequisite chain for PHY112 is PHY111.,,"The full prerequisite chain for PHY112, which is our introductory physics course, requires students to have completed MAT105 (College Algebra) and also have a minimum math placement score of 35. Additionally, students must have earned a grade of C or higher in MAT105 to be eligible to enroll in PHY112.",0.0,9.2471,9.2471,2026-07-27T14:44:26.553504+00:00,,1.0,SCORE: 1.0 | REASON: All claims are directly supported by the context.
Q136,no_retrieval,,Who is the theory coordinator for CSE447?,The theory coordinator for CSE447 is MIH.,,"The theory coordinator for CSE 447, which I believe is a computer science course, is Dr. Maria Rodriguez, who can be reached in her office located in the Computer Science Building, room 304.",0.0,7.0358,7.0358,2026-07-27T14:49:44.857146+00:00,,1.0,SCORE: 1.0 | REASON: All claims are directly supported by the provided context.
Q138,no_retrieval,,What is the coordinator email for CSE437?,The coordinator email for CSE437 is rabiul.alam@bracu.ac.bd.,,"The coordinator email for CSE 437, which is likely a computer science course, can be found on our university's online course catalog or by contacting the Computer Science department directly. If you would like, I can also try to look up this information in our advising database to provide it to you.",0.0,8.9993,8.9993,2026-07-27T14:50:01.810055+00:00,,1.0,SCORE: 1.0 | REASON: All claims are directly supported by the context.
Q165,no_retrieval,,What day and time is the theory class for CSE260-04B?,The theory class for CSE260-04B is on SUN+TUE at 11:00 AM in room 09A-03C.,,The theory class for CSE 260-04B meets on Tuesdays from 2:00 pm to 3:15 pm in room 204 of the Computer Science Building.,0.0,6.4426,6.4426,2026-07-27T14:53:20.533737+00:00,,0.0,SCORE: 0.0 | REASON: The CONTEXT does not contain any information about a class or its meeting schedule.
Q077,no_retrieval,,Consequence of not confirming advising during the Self-Registration period?,All selected courses will be automatically cancelled,,"If a student fails to confirm their advising during the Self-Registration period, they may be assigned an advisor by default, which could potentially lead to delays in course registration and access to important academic resources. Additionally, students who do not confirm their advising may also miss out on opportunities for personalized guidance and support that can help them make informed decisions about their academic plans.",0.0,10.4151,10.4151,2026-07-27T14:39:33.367009+00:00,,1.0,SCORE: 1.0 | REASON: All claims are directly supported by the context.
Q096,vector_only,0.0,"Are journals, magazines and reference books available for borrowing?","No. Journals, magazines, newspapers, and items in the reference collection are for in-library use only and cannot be checked out.","Question: Can someone help — are journals, magazines and reference books available for borrowing?
Answer: No. Journals, magazines, newspapers, and items in the reference collection are for in-library use only and cannot be checked out.

Question: Just wondering, are journals, magazines and reference books available for borrowing?
Answer: No. Journals, magazines, newspapers, and items in the reference collection are for in-library use only and cannot be checked out.

Question: Quick question — are journals, magazines and reference books available for borrowing?
Answer: No. Journals, magazines, newspapers, and items in the reference collection are for in-library use only and cannot be checked out.

Question: This might be a silly question, but are journals, magazines and reference books available for borrowing?
Answer: No. Journals, magazines, newspapers, and items in the reference collection are for in-library use only and cannot be checked out.

Question: Are journals, magazines and reference books available for borrowing?
Answer: No. Journals, magazines, newspapers, and items in the reference collection are for in-library use only and cannot be checked out.","Journals, magazines, and reference books are not available for borrowing; they are for in-library use only.",0.0225,4.7987,4.8212,2026-07-27T14:16:52.622301+00:00,0.0032,1.0,SCORE: 1.0 | REASON: All individual factual claims are fully supported by the retrieved CONTEXT.
Q016,vector_only,0.0,How to contact with BRACU Finance and Accounts Department?,"BRAC University
Kha-224 Bir Uttam Rafiqul Islam Avenue, Merul Badda,
Dhaka 1212, Bangladesh
Phone: +88 09638464646 Ext: 1220, 1221

Email: queries-accounts@bracu.ac.bd","Question: How to contact with BRACU Finance and Accounts Department?
Answer: BRAC University
Kha-224 Bir Uttam Rafiqul Islam Avenue, Merul Badda,
Dhaka 1212, Bangladesh
Phone: +88 09638464646 Ext: 1220, 1221

Email: queries-accounts@bracu.ac.bd

Question: Can someone help — how to contact with BRACU Finance and Accounts Department?
Answer: BRAC University
Kha-224 Bir Uttam Rafiqul Islam Avenue, Merul Badda,
Dhaka 1212, Bangladesh
Phone: +88 09638464646 Ext: 1220, 1221

Email: queries-accounts@bracu.ac.bd

Question (Banglish): BRACU Finance and Accounts Department ke kivabe contact korbo?
Answer (English): BRAC University
Kha-224 Bir Uttam Rafiqul Islam Avenue, Merul Badda,
Dhaka 1212, Bangladesh
Phone: +88 09638464646 Ext: 1220, 1221

Email: queries-accounts@bracu.ac.bd

Question (Banglish): Finance & Accounts Office ki ki service offer kore?
Answer (English): The Finance & Accounts Office manages student accounts, tuition payments, and financial aid. You can also email at queries-accounts@bracu.ac.bd

Question: How can I contact technical support if I encounter issues with my university account?
Answer: Please email help@bracu.ac.bd about your issue.","To contact the BRACU Finance and Accounts Department, you can visit BRAC University at Kha-224 Bir Uttam Rafiqul Islam Avenue, Merul Badda, Dhaka 1212, Bangladesh, or call them at +88 09638464646 Ext: 1220, 1221. Alternatively, you can email them at queries-accounts@bracu.ac.bd.",0.0196,11.6255,11.6451,2026-07-27T14:06:35.569083+00:00,0.017,0.8,"SCORE: 0.8 | REASON: The answer contains two unsupported claims: ""visit BRAC University"" and ""call them at +88 09638464646 Ext: 1220, 1221"", which are not explicitly mentioned in the context for contacting the Finance and Accounts Department."
Q031,vector_only,0.0,"New student here, could you please provide details about the tuition fee structure at BRAC University?","For students enrolled in the Computer Science and Engineering (CSE) program at BRAC University, the tuition fee structure includes a one-time, non-refundable admission fee of BDT 30,800. Each course within the CSE program costs BDT 22,500. Additionally, students are required to pay a semester fee of BDT 11,500, which covers various facilities such as IT services and library access. There is also a one-time library membership fee of BDT 2,500. This fee structure is designed to support the comprehensive education provided in the CSE program, ensuring access to advanced resources and facilities?","Question: New student here, could you please provide details about the tuition fee structure at BRAC University?
Answer: For students enrolled in the Computer Science and Engineering (CSE) program at BRAC University, the tuition fee structure includes a one-time, non-refundable admission fee of BDT 30,800. Each course within the CSE program costs BDT 22,500. Additionally, students are required to pay a semester fee of BDT 11,500, which covers various facilities such as IT services and library access. There is also a one-time library membership fee of BDT 2,500. This fee structure is designed to support the comprehensive education provided in the CSE program, ensuring access to advanced resources and facilities?

Question: Could you please provide details about the tuition fee structure at BRAC University?
Answer: For students enrolled in the Computer Science and Engineering (CSE) program at BRAC University, the tuition fee structure includes a one-time, non-refundable admission fee of BDT 30,800. Each course within the CSE program costs BDT 22,500. Additionally, students are required to pay a semester fee of BDT 11,500, which covers various facilities such as IT services and library access. There is also a one-time library membership fee of BDT 2,500. This fee structure is designed to support the comprehensive education provided in the CSE program, ensuring access to advanced resources and facilities?

Question (Banglish): BRAC University er tuition fee structure ta ektu bolben please?
Answer (English): For students enrolled in the Computer Science and Engineering (CSE) program at BRAC University, the tuition fee structure includes a one-time, non-refundable admission fee of BDT 30,800. Each course within the CSE program costs BDT 22,500. Additionally, students are required to pay a semester fee of BDT 11,500, which covers various facilities such as IT services and library access. There is also a one-time library membership fee of BDT 2,500. This fee structure is designed to support the comprehensive education provided in the CSE program, ensuring access to advanced resources and facilities

Question: What's the tuition fee at North South University?
Answer: That's outside what I can help with - I only have information about BRAC University. North South University's own website would have their current fee structure.

Question: Not sure if this is covered elsewhere, but what's the tuition fee at North South University?
Answer: That's outside what I can help with - I only have information about BRAC University. North South University's own website would have their current fee structure.","For students enrolled in the Computer Science and Engineering (CSE) program at BRAC University, the tuition fee structure includes a one-time, non-refundable admission fee of BDT 30,800. Each course within the CSE program costs BDT 22,500. Additionally, students are required to pay a semester fee of BDT 11,500, which covers various facilities such as IT services and library access. There is also a one-time library membership fee of BDT 2,500. This fee structure is designed to support the comprehensive education provided in the CSE program, ensuring access to advanced resources and facilities.",0.0339,19.1493,19.1832,2026-07-27T14:08:37.681416+00:00,0.0209,1.0,SCORE: 1.0 | REASON: The answer is fully supported by the context as it directly quotes the provided information about BRAC University's tuition fee structure.
Q159,vector_only,0.0,What day and time is the theory class for CSE250-06A?,The theory class for CSE250-06A is on SUN+TUE at 2:00 PM in room 07H-27C.,"Course: CSE340-18
Theory Initial: THR
Theory Day: SUN+TUE
Theory Time: 9:30 AM
Theory Room: 09H-35C

Course: CSE340-13
Theory Initial: PBK
Theory Day: MON+WED
Theory Time: 8:00 AM
Theory Room: 08H-22C

Course: CSE470-13
Theory Initial: SOSB
Theory Day: MON+WED
Theory Time: 9:30 AM
Theory Room: 09B-12C

Course: CSE340-05
Theory Initial: TNMF
Theory Day: MON+WED
Theory Time: 11:00 AM
Theory Room: 09C-16T

Course: CSE340-11
Theory Initial: RDW
Theory Day: SUN+TUE
Theory Time: 8:00 AM
Theory Room: 09A-03C",I do not have enough information to answer that question.,0.0215,3.8391,3.8606,2026-07-27T14:21:46.211641+00:00,0.0026,1.0,SCORE: 1.0 | REASON: The answer is a generic statement that does not make any factual claims about the courses in the context.
Q129,vector_only,0.0,What is the full prerequisite chain for CSE421?,The full prerequisite chain for CSE421 is CSE320.,"Course: CSE423
Prerequisite: MAT216 (HP)
Full Prerequisite Chain: MAT216-MAT120-MAT110

Course: CSE430
Prerequisite: MAT120 (HP)
Full Prerequisite Chain: MAT120-MAT110

Course: CSE330
Prerequisite: MAT216 (HP)
Full Prerequisite Chain: MAT120-MAT110

Course: CSE410
Prerequisite: CSE321 (HP)
Full Prerequisite Chain: CSE321-CSE221-CSE220-CSE111-CSE110

Course: CSE460
Prerequisite: CSE260 (HP)
Full Prerequisite Chain: CSE260-CSE251-CSE250","There is no information in the retrieved context about a course called CSE421, so I do not have enough information to answer this question.",0.019,5.2751,5.294,2026-07-27T14:19:33.447074+00:00,0.0173,1.0,SCORE: 1.0 | REASON: All individual factual claims in the ANSWER are fully supported by the CONTEXT.
Q116,vector_only,0.0,What are the prerequisites for CSE360?,The prerequisite for CSE360 is CSE341 (HP).,"Question: What are the prerequisites for the Cse program?
Answer: Candidates applying for EEE, ECE, CSE, APE and Physics:HSC/ Equivalent(“B” grade in Physics & Mathematics),A-levels: “C” grade in Physics & Mathematics

Question: Can you tell me what the prerequisites for the Cse program are?
Answer: Candidates applying for EEE, ECE, CSE, APE and Physics:HSC/ Equivalent(“B” grade in Physics & Mathematics),A-levels: “C” grade in Physics & Mathematics

Course: CSE360
Prerequisite: CSE341 (HP)
Full Prerequisite Chain: CSE341

Course: CSE421
Prerequisite: CSE320 (SP)

Course: CSE250
Prerequisite: PHY112 (SP)","The prerequisite for CSE360 is CSE341, which must be taken with a High Pass grade.",0.017,4.6554,4.6724,2026-07-27T14:18:35.008413+00:00,0.0066,0.5,"SCORE: 0.5 | REASON: The answer partially matches the context, as it correctly identifies CSE341 as a prerequisite for CSE360, but incorrectly specifies that it must be taken with a High Pass grade, which is not mentioned in the context."
Q070,vector_only,0.0,For a friend who's asking — do I need to pay any fee to collect my degree certificate at Convocation?,"No, based on published notices, there is no fee to collect your certificate at the time of Convocation itself; fees apply if you request documents outside of that window.","Question: For a friend who's asking — do I need to pay any fee to collect my degree certificate at Convocation?
Answer: No, based on published notices, there is no fee to collect your certificate at the time of Convocation itself; fees apply if you request documents outside of that window.

Question: Am I required to need to pay any fee to collect my degree certificate at Convocation?
Answer: No, based on published notices, there is no fee to collect your certificate at the time of Convocation itself; fees apply if you request documents outside of that window.

Question: Do I need to pay any fee to collect my degree certificate at Convocation?
Answer: No, based on published notices, there is no fee to collect your certificate at the time of Convocation itself; fees apply if you request documents outside of that window.

Question (Banglish): Convocation e degree certificate collect korte ki amake fee dite hobe?
Answer (English): No, based on published notices, there is no fee to collect your certificate at the time of Convocation itself; fees apply if you request documents outside of that window.

Question (Banglish): Gato bochor convocation e amar certificate nite parini. Er procedure ta ki?
Answer (English): If you missed collecting your certificate at last year's convocation, you can visit the Registrar's office on the fourth floor to collect it - bring your student ID card and any relevant payment slip.","No, based on published notices, there is no fee to collect your certificate at the time of Convocation itself; fees apply if you request documents outside of that window.",0.0245,6.079,6.1036,2026-07-27T14:13:43.486991+00:00,0.0212,1.0,SCORE: 1.0 | REASON: All individual factual claims in the ANSWER are fully supported by the CONTEXT.
Q171,vector_only,0.0,Who teaches the lab section of CSE221-19?,"The lab section of CSE221-19 is taught by ARD,ANV.","Question (Banglish): CSE Lab gula kothay obosthito?
Answer (English): CSE Labs are located on the 8th, 9th, 10th, 11th and 12th Floor.

Question (Banglish): Learning Labs ar Classroom gula kothay obosthito?
Answer (English): Learning Labs/Classrooms are located on the 7th, 8th, 9th, 10th, 11th, and 12th Floors.

Course: CSE103
First Lab Coordinator: RBR
Second Lab Coordinator: SLAR
Lab Coordinator Email: rakin.rabbani@bracu.ac.bd,ext.sadiul.rafi@bracu.ac.bd

Course: CSE260
First Theory Coordinator: DZK
Theory Coordinator Email: ziaul.karim@bracu.ac.bd
First Lab Coordinator: DZK
Second Lab Coordinator: PBK
Lab Coordinator Email: ziaul.karim@bracu.ac.bd,partha.bhoumik@bracu.ac.bd

Course: CSE111
First Theory Coordinator: TAW
Theory Coordinator Email: tawhid.anwar@bracu.ac.bd
First Lab Coordinator: KNI
Second Lab Coordinator: ADU
Lab Coordinator Email: nazia.iqbal@bracu.ac.bd,ahmed.ruhan@bracu.ac.bd","Unfortunately, I do not have enough information to answer your question. The retrieved context does not mention CSE221 or its lab coordinators.",0.0195,5.7917,5.8112,2026-07-27T14:22:47.182157+00:00,0.0107,0.5,SCORE: 0.5 | REASON: The answer partially matches the context as it mentions some lab locations but not all and does not mention CSE221 or its lab coordinators.
Q175,vector_only,0.0,Who teaches the lab section of CSE260-19B?,"The lab section of CSE260-19B is taught by CMHQ,CABS.","Question (Banglish): CSE Lab gula kothay obosthito?
Answer (English): CSE Labs are located on the 8th, 9th, 10th, 11th and 12th Floor.

Question (Banglish): Learning Labs ar Classroom gula kothay obosthito?
Answer (English): Learning Labs/Classrooms are located on the 7th, 8th, 9th, 10th, 11th, and 12th Floors.

Course: CSE103
First Lab Coordinator: RBR
Second Lab Coordinator: SLAR
Lab Coordinator Email: rakin.rabbani@bracu.ac.bd,ext.sadiul.rafi@bracu.ac.bd

Course: CSE260
First Theory Coordinator: DZK
Theory Coordinator Email: ziaul.karim@bracu.ac.bd
First Lab Coordinator: DZK
Second Lab Coordinator: PBK
Lab Coordinator Email: ziaul.karim@bracu.ac.bd,partha.bhoumik@bracu.ac.bd

Course: CSE111
First Theory Coordinator: TAW
Theory Coordinator Email: tawhid.anwar@bracu.ac.bd
First Lab Coordinator: KNI
Second Lab Coordinator: ADU
Lab Coordinator Email: nazia.iqbal@bracu.ac.bd,ahmed.ruhan@bracu.ac.bd",The first and second lab coordinators for CSE260 are DZK and PBK respectively.,0.0204,5.0235,5.044,2026-07-27T14:23:09.363274+00:00,0.0044,0.5,"SCORE: 0.5 | REASON: The answer partially matches the context for CSE260 lab coordinators, but not for other courses."
Q046,vector_only,0.0,What sports teams does the university have?,"BRAC University Football Club, BRAC University Chess Club, BRAC University Cricket Club, and BRAC University Indoor Games Club.","Question: New student here, what sports teams does the university have?
Answer: BRAC University Football Club, BRAC University Chess Club, BRAC University Cricket Club, and BRAC University Indoor Games Club.

Question: What sports teams does the university have?
Answer: BRAC University Football Club, BRAC University Chess Club, BRAC University Cricket Club, and BRAC University Indoor Games Club.

Question: I looked around the site but couldn't find it — what sports teams does the university have?
Answer: BRAC University Football Club, BRAC University Chess Club, BRAC University Cricket Club, and BRAC University Indoor Games Club.

Question (Banglish): University te ki ki sports team ache?
Answer (English): BRAC University Football Club, BRAC University Chess Club, BRAC University Cricket Club, and BRAC University Indoor Games Club.

Question: What are the sports opportunities in Tarc?
Answer: During my period i have seen students playing volleyball,basketball,football and cricket.Football, cricket and tennis tournaments are arranged and students also get jersey.These tournaments are celebrated among the students in a big manner","The university has BRAC University Football Club, BRAC University Chess Club, BRAC University Cricket Club, and BRAC University Indoor Games Club.",0.0197,5.7509,5.7706,2026-07-27T14:10:21.385659+00:00,0.0017,0.5,"SCORE: 0.5 | REASON: The answer partially matches the context, as it lists specific sports teams but does not mention volleyball, basketball, or tennis tournaments mentioned in a different question's answer."
Q067,vector_only,0.0,I looked around the site but couldn't find it — how to submit report after a club event?,"After conducting an online event or offline event, a report on the event with details needs to be submitted to <student_org@bracu.ac.bd> within 7 working days. Without the report, future proposals will not be accepted and approved.

• The report must contain a minimum of 500 words to a maximum of 1000 words with detailed activities, discussion, social impact, and outcome. If you get any media, coverage please provide the link.

• The social media data must be included in the report such as the number of attendees, likes, shares, views, and comments. For the best accuracy please collect this information immediately after the event is completed.

• After receiving and reviewing the appropriate report, we will complete the event or online program. Without completing one program, student organizations will not allow moving to other events.","Question: I looked around the site but couldn't find it — how to submit report after a club event?
Answer: After conducting an online event or offline event, a report on the event with details needs to be submitted to <student_org@bracu.ac.bd> within 7 working days. Without the report, future proposals will not be accepted and approved.

• The report must contain a minimum of 500 words to a maximum of 1000 words with detailed activities, discussion, social impact, and outcome. If you get any media, coverage please provide the link.

• The social media data must be included in the report such as the number of attendees, likes, shares, views, and comments. For the best accuracy please collect this information immediately after the event is completed.

• After receiving and reviewing the appropriate report, we will complete the event or online program. Without completing one program, student organizations will not allow moving to other events.

Question: How to submit report after a club event?
Answer: After conducting an online event or offline event, a report on the event with details needs to be submitted to <student_org@bracu.ac.bd> within 7 working days. Without the report, future proposals will not be accepted and approved.

• The report must contain a minimum of 500 words to a maximum of 1000 words with detailed activities, discussion, social impact, and outcome. If you get any media, coverage please provide the link.

• The social media data must be included in the report such as the number of attendees, likes, shares, views, and comments. For the best accuracy please collect this information immediately after the event is completed.

• After receiving and reviewing the appropriate report, we will complete the event or online program. Without completing one program, student organizations will not allow moving to other events.

Question: Hey, how to submit report after a club event?
Answer: After conducting an online event or offline event, a report on the event with details needs to be submitted to <student_org@bracu.ac.bd> within 7 working days. Without the report, future proposals will not be accepted and approved.

• The report must contain a minimum of 500 words to a maximum of 1000 words with detailed activities, discussion, social impact, and outcome. If you get any media, coverage please provide the link.

• The social media data must be included in the report such as the number of attendees, likes, shares, views, and comments. For the best accuracy please collect this information immediately after the event is completed.

• After receiving and reviewing the appropriate report, we will complete the event or online program. Without completing one program, student organizations will not allow moving to other events.

Question (Banglish): Club event er por report kivabe submit korbo?
Answer (English): After conducting an online event or offline event, a report on the event with details needs to be submitted to <student_org@bracu.ac.bd> within 7 working days. Without the report, future proposals will not be accepted and approved.

• The report must contain a minimum of 500 words to a maximum of 1000 words with detailed activities, discussion, social impact, and outcome. If you get any media, coverage please provide the link.

• The social media data must be included in the report such as the number of attendees, likes, shares, views, and comments. For the best accuracy please collect this information immediately after the event is completed.

• After receiving and reviewing the appropriate report, we will complete the event or online program. Without completing one program, student organizations will not allow moving to other events.

Question: No idea if this is written down anywhere — by when must all reports be submitted?
Answer: Within the deadline declared in the running semester.","To submit a report after a club event, you need to send an email with details of the event to <student_org@bracu.ac.bd> within 7 working days. The report should be between 500 and 1000 words long, including detailed activities, discussion, social impact, outcome, and social media data such as number of attendees, likes, shares, views, and comments.",0.0275,12.8181,12.8455,2026-07-27T14:13:23.204777+00:00,0.0062,0.8,"SCORE: 0.8 | REASON: The answer partially supports the context, as it correctly states that reports should be submitted within 7 working days and include social media data, but omits some details such as providing a link for media coverage and completing one program before moving to other events."
Q183,vector_only,0.0,Which room is Mr. Md. Tawhid Anwar in?,Mr. Md. Tawhid Anwar is in room 4G03.,"Question: Where's the male prayer room?
Answer: The male prayer room is on the 6th floor (ZONE-H).

Question (Banglish): Male prayer room ta kothay?
Answer (English): The male prayer room is on the 6th floor (ZONE-H).

Question: Which rooms are lecture theatres?
Answer: Lecture theatres are located on the 9th floor.

Question (Banglish): Central Control Room kothay obosthito?
Answer (English): Ground Floor, Beside the Lift Lobby

Question (Banglish): Central Control Room er pashe ki obosthito?
Answer (English): The Central Control Room is located beside the Lift Lobby on the Ground Floor.","Unfortunately, I do not have enough information to answer your question about which room Mr. Md. Tawhid Anwar is in.",0.021,5.2912,5.3123,2026-07-27T14:23:51.515564+00:00,0.0259,0.5,"SCORE: 0.5 | REASON: Only two out of four factual claims are supported by the context. 

The two supported claims are:
- The male prayer room is on the 6th floor (ZONE-H).
- Lecture theatres are located on the 9th floor.

The two unsupported claims are:
- The Central Control Room is beside the Lift Lobby on the Ground Floor.
- Mr. Md. Tawhid Anwar's location is unknown, but this is not a factual claim about the building's layout."
Q166,vector_only,0.0,Who teaches the lab section of CSE321-18?,"The lab section of CSE321-18 is taught by TNF,SVKG.","Question (Banglish): CSE Lab gula kothay obosthito?
Answer (English): CSE Labs are located on the 8th, 9th, 10th, 11th and 12th Floor.

Question (Banglish): Learning Labs ar Classroom gula kothay obosthito?
Answer (English): Learning Labs/Classrooms are located on the 7th, 8th, 9th, 10th, 11th, and 12th Floors.

Course: CSE103
First Lab Coordinator: RBR
Second Lab Coordinator: SLAR
Lab Coordinator Email: rakin.rabbani@bracu.ac.bd,ext.sadiul.rafi@bracu.ac.bd

Course: CSE260
First Theory Coordinator: DZK
Theory Coordinator Email: ziaul.karim@bracu.ac.bd
First Lab Coordinator: DZK
Second Lab Coordinator: PBK
Lab Coordinator Email: ziaul.karim@bracu.ac.bd,partha.bhoumik@bracu.ac.bd

Course: CSE111
First Theory Coordinator: TAW
Theory Coordinator Email: tawhid.anwar@bracu.ac.bd
First Lab Coordinator: KNI
Second Lab Coordinator: ADU
Lab Coordinator Email: nazia.iqbal@bracu.ac.bd,ahmed.ruhan@bracu.ac.bd","Unfortunately, there is no information in the retrieved context about who teaches the lab section of CSE321-18.",0.02,4.9826,5.0026,2026-07-27T14:22:21.015649+00:00,0.0398,0.5,"SCORE: 0.5 | REASON: The answer partially supports the context as it correctly states the location of CSE Labs and Learning Labs/Classrooms but fails to provide information about who teaches the lab section of CSE321-18, which is not mentioned in the context."
Q079,vector_only,0.0,What steps do I need to follow to access the Prayer Room for females?,The Prayer Room is located in front of the indoor Multipurpose Hall and on 6th floor(ZONE-H),"Question: What steps do I need to follow to access the Prayer Room for females?
Answer: The Prayer Room is located in front of the indoor Multipurpose Hall and on 6th floor(ZONE-H)

Question: How can I access the Prayer Room for females?
Answer: The Prayer Room is located in front of the indoor Multipurpose Hall and on 6th floor(ZONE-H)

Question: Where can I find the Prayer Room for females?
Answer: In front of the indoor (Multipurpose Hall) and also on 6th floor(ZONE-H).

Question (Banglish): Female der Prayer Room ami kivabe access korbo?
Answer (English): The Prayer Room is located in front of the indoor Multipurpose Hall and on 6th floor(ZONE-H)

Question: Where's the female prayer room?
Answer: The female prayer room is located on the ground floor near reception and also another one on 6th floor.(ZONE-H).","The steps you need to follow to access the Prayer Room for females are not explicitly stated in the retrieved context, but it can be inferred that you should go to either the location on the ground floor near reception or the one on 6th floor (ZONE-H).",0.023,7.7527,7.7757,2026-07-27T14:14:53.231831+00:00,0.0994,0.5,"SCORE: 0.5 | REASON: The answer partially matches the context, but incorrectly states that the Prayer Room is on both the ground floor and 6th floor, when in fact it's only mentioned to be on the 6th floor (ZONE-H) in two of the contexts."
Q187,vector_only,0.0,What is FEK's designation?,Farden Ehsan Khan (FEK) is a Lecturer.,"Initial: FEK
Name: Farden Ehsan Khan
Day: Thursday
Scheduled commitments (classes/labs/breaks, not availability): 9:30 AM - Consultation By Appointment; 11:00 AM - CSE370-02 (LAB) FEK,MAU 12F-30L; 12:30 PM - CSE370-02 (LAB) FEK,MAU 12F-30L; 2:00 PM - CSE370-05 (LAB) FEK,MRIA 12F-30L; 3:30 PM - CSE370-05 (LAB) FEK,MRIA 12F-30L

Initial: FEK
Name: Farden Ehsan Khan
Day: Sunday
Scheduled commitments (classes/labs/breaks, not availability): 9:30 AM - Consultation By Appointment; 11:00 AM - CSE370-07 07D-20C; 12:30 PM - Consultation; 2:00 PM - CSE370-05 09A-05C

Initial: MHSK
Name: Maharin Mosfakin
Designation: C. Lecturer
Status: Contractual
Room: 4F
Email: ext.maharin.mosfakin@bracu.ac.bd

Initial: FEK
Name: Farden Ehsan Khan
Day: Tuesday
Scheduled commitments (classes/labs/breaks, not availability): 9:30 AM - Consultation By Appointment; 11:00 AM - CSE370-07 07D-20C; 12:30 PM - Consultation; 2:00 PM - CSE370-05 09A-05C

Initial: FEK
Name: Farden Ehsan Khan
Designation: Lecturer
Status: Full Time
Room: 4M117
Email: farden.khan@bracu.ac.bd",FEK's designation is Lecturer.,0.0157,3.7123,3.728,2026-07-27T14:24:08.577130+00:00,0.0357,1.0,SCORE: 1.0 | REASON: The CONTEXT supports that FEK's designation is Lecturer as it explicitly states so in one of its initial entries.
Q178,vector_only,0.0,Who teaches the lab section of CSE423-05?,"The lab section of CSE423-05 is taught by MAHS,ZLNM.","Question (Banglish): CSE Lab gula kothay obosthito?
Answer (English): CSE Labs are located on the 8th, 9th, 10th, 11th and 12th Floor.

Question (Banglish): Learning Labs ar Classroom gula kothay obosthito?
Answer (English): Learning Labs/Classrooms are located on the 7th, 8th, 9th, 10th, 11th, and 12th Floors.

Course: CSE103
First Lab Coordinator: RBR
Second Lab Coordinator: SLAR
Lab Coordinator Email: rakin.rabbani@bracu.ac.bd,ext.sadiul.rafi@bracu.ac.bd

Course: CSE260
First Theory Coordinator: DZK
Theory Coordinator Email: ziaul.karim@bracu.ac.bd
First Lab Coordinator: DZK
Second Lab Coordinator: PBK
Lab Coordinator Email: ziaul.karim@bracu.ac.bd,partha.bhoumik@bracu.ac.bd

Course: CSE111
First Theory Coordinator: TAW
Theory Coordinator Email: tawhid.anwar@bracu.ac.bd
First Lab Coordinator: KNI
Second Lab Coordinator: ADU
Lab Coordinator Email: nazia.iqbal@bracu.ac.bd,ahmed.ruhan@bracu.ac.bd","Unfortunately, I do not have enough information to answer your question. The retrieved context does not mention CSE423 or its instructors.",0.021,5.5347,5.5558,2026-07-27T14:23:26.238087+00:00,0.0138,0.5,SCORE: 0.5 | REASON: The answer partially matches the context as it mentions some lab locations but not others and also does not mention CSE423 or its instructors.
Q057,vector_only,0.0,Who must participate in the Wishlist event?,"All undergraduate students attending upcoming, excluding RS-eligible students and LLB, PHR students","Question: Who must participate in the Wishlist event?
Answer: All undergraduate students attending upcoming, excluding RS-eligible students and LLB, PHR students

Question: Which group of students is not required to participate in the Wishlist event?
Answer: Students who are eligible for residential semester in the upcoming semester.

Question (Banglish): Kon group er student der Wishlist event e participate korar requirement nei?
Answer (English): Students who are eligible for residential semester in the upcoming semester.

Question (Banglish): Ke Wishlist event e participate korte hobe?
Answer (English): All undergraduate students attending upcoming, excluding RS-eligible students and LLB, PHR students

Question (Banglish): Wishlist event e participation kora keno eto important, seta ektu bujhiye bolben?
Answer (English): Course offerings will be based on student demand collected from Wishlist submissions","All undergraduate students attending upcoming, excluding RS-eligible students and LLB, PHR students.",0.0227,4.8232,4.846,2026-07-27T14:11:42.952799+00:00,0.0908,0.75,"SCORE: 0.75 | REASON: Three out of four individual factual claims are supported by the context. 

Here's how I broke down the answer into its individual claims and checked their support in the context:

1. ""All undergraduate students attending upcoming"" is supported, as it appears in multiple questions.
2. ""excluding RS-eligible students"" is partially supported; while this phrase is mentioned, the specific exclusion of LLB and PHR students is not justified by the context.
3. ""and LLB, PHR students"" is not supported; there's no mention of these groups being excluded from participating in the Wishlist event.
4. The fourth claim (""Course offerings will be based on student demand collected from Wishlist submissions"") is not directly related to who must participate in the Wishlist event and thus doesn't affect the overall score.

The final answer is: SCORE: 0.75 | REASON: Three out of four individual factual claims are supported by the context."
Q153,vector_only,0.0,What day and time is the theory class for CSE460-03?,The theory class for CSE460-03 is on SAT+THU at 12:30 PM in room 07H-26C.,"Course: CSE340-18
Theory Initial: THR
Theory Day: SUN+TUE
Theory Time: 9:30 AM
Theory Room: 09H-35C

Course: CSE340-13
Theory Initial: PBK
Theory Day: MON+WED
Theory Time: 8:00 AM
Theory Room: 08H-22C

Course: CSE340-11
Theory Initial: RDW
Theory Day: SUN+TUE
Theory Time: 8:00 AM
Theory Room: 09A-03C

Course: CSE340-12
Theory Initial: RDW
Theory Day: SUN+TUE
Theory Time: 9:30 AM
Theory Room: 09A-03C

Course: CSE425-04
Theory Initial: RRH
Theory Day: MON+WED
Theory Time: 3:30 PM
Theory Room: 09E-20T","I'm unable to answer that question as there is no information in the retrieved context about a course called ""CSE460-03"".",0.0216,5.2316,5.2532,2026-07-27T14:21:17.159328+00:00,0.0036,0.0,"To calculate the score, I'll decompose the ANSWER into individual factual claims and check which ones are supported by the CONTEXT.

The ANSWER implies that there is no information about a course called ""CSE460-03"" in the retrieved context. This claim is indeed not supported by the CONTEXT because ""CSE460-03"" does not appear anywhere in it.

Since only one out of one claim is unsupported, the score will be 0.0 (no claims are supported).

SCORE: 0.0 | REASON: The ANSWER's claim about a missing course (""CSE460-03"") is not supported by the CONTEXT."
Q083,vector_only,0.0,How long does the Early Childhood Development (ECD) program take to complete?,"After completing 9 core courses, students can choose to stop at the Postgraduate Diploma (PGD) level, which takes about 18 months, or continue on to the full MSc, which takes about 24 months (2 years) in total.","Question: How long does the Early Childhood Development (ECD) program take to complete?
Answer: After completing 9 core courses, students can choose to stop at the Postgraduate Diploma (PGD) level, which takes about 18 months, or continue on to the full MSc, which takes about 24 months (2 years) in total.

Question (Banglish): Early Childhood Development (ECD) program complete korte koto shomoy lage?
Answer (English): After completing 9 core courses, students can choose to stop at the Postgraduate Diploma (PGD) level, which takes about 18 months, or continue on to the full MSc, which takes about 24 months (2 years) in total.

Question: Can you tell me who is the Early Childhood Development program aimed at?
Answer: It's designed for a wide range of people interested in child development - from fresh graduates to experienced school teachers, principals, NGO and government professionals, curriculum developers, researchers, and evaluation specialists.

Question: Who is the Early Childhood Development program aimed at?
Answer: It's designed for a wide range of people interested in child development - from fresh graduates to experienced school teachers, principals, NGO and government professionals, curriculum developers, researchers, and evaluation specialists.

Question: How long does the Bachelor of Architecture program typically take to complete?
Answer: The Bachelor of Architecture requires 207 credits total. With a typical load of around 15 credits per semester, the program is recommended to take about 5 years (15 semesters) to complete, though students may take up to 21 credits per semester depending on academic standing and advisor approval.","The Early Childhood Development (ECD) program takes about 18 months to complete at the Postgraduate Diploma level, or about 24 months (2 years) in total if students choose to continue on to the full MSc.",0.0234,7.3957,7.4191,2026-07-27T14:15:18.815095+00:00,0.1144,0.5,"SCORE: 0.5 | REASON: The ANSWER partially matches the CONTEXT for the ECD program duration, but lacks information about the PGD and MSc levels being mentioned in the CONTEXT."
Q069,vector_only,0.0,Can you tell me what the eligibility criteria for receiving financial aid are?,"BRAC University offers financial aid to students based on demonstrated financial need. Financial aid eligibility is reassessed regularly, and students may need to maintain satisfactory academic performance. Special consideration may be given to students from disadvantaged backgrounds or those facing extraordinary circumstances. The Financial Aid Office can provide more detailed information on the application process.","Question: Can you tell me what the eligibility criteria for receiving financial aid are?
Answer: BRAC University offers financial aid to students based on demonstrated financial need. Financial aid eligibility is reassessed regularly, and students may need to maintain satisfactory academic performance. Special consideration may be given to students from disadvantaged backgrounds or those facing extraordinary circumstances. The Financial Aid Office can provide more detailed information on the application process.

Question: What are the eligibility criteria for receiving financial aid?
Answer: BRAC University offers financial aid to students based on demonstrated financial need. Financial aid eligibility is reassessed regularly, and students may need to maintain satisfactory academic performance. Special consideration may be given to students from disadvantaged backgrounds or those facing extraordinary circumstances. The Financial Aid Office can provide more detailed information on the application process.

Question (Banglish): Financial aid pete eligibility criteria ki ki?
Answer (English): BRAC University offers financial aid to students based on demonstrated financial need. Financial aid eligibility is reassessed regularly, and students may need to maintain satisfactory academic performance. Special consideration may be given to students from disadvantaged backgrounds or those facing extraordinary circumstances. The Financial Aid Office can provide more detailed information on the application process.

Question: Can you tell me what the requirements for maintaining financial aid eligibility are?
Answer: At BRAC University, students must maintain a minimum CGPA of 3.25, be enrolled full-time, meet satisfactory academic progress, follow the code of conduct, and sometimes demonstrate ongoing financial need to maintain financial aid eligibility.

Question: What are the requirements for maintaining financial aid eligibility?
Answer: At BRAC University, students must maintain a minimum CGPA of 3.25, be enrolled full-time, meet satisfactory academic progress, follow the code of conduct, and sometimes demonstrate ongoing financial need to maintain financial aid eligibility.","BRAC University offers financial aid to students based on demonstrated financial need. Financial aid eligibility is reassessed regularly, and students may need to maintain satisfactory academic performance. Special consideration may be given to students from disadvantaged backgrounds or those facing extraordinary circumstances. The Financial Aid Office can provide more detailed information on the application process.",0.0204,9.0564,9.0768,2026-07-27T14:13:37.382942+00:00,0.0073,0.8,"SCORE: 0.8 | REASON: The answer is mostly supported by the context, but lacks specific details about maintaining a minimum CGPA and following the code of conduct for financial aid eligibility."
Q125,vector_only,0.0,What are the prerequisites for CSE422?,The prerequisite for CSE422 is CSE221 (HP).,"Course: CSE421
Prerequisite: CSE320 (SP)

Course: CSE420
Prerequisite: CSE321 (HP),CSE331 (HP),CSE340 (HP)
Full Prerequisite Chain: CSE321-CSE331-CSE340-CSE221-CSE220-CSE111-CSE110

Course: CSE410
Prerequisite: CSE321 (HP)
Full Prerequisite Chain: CSE321-CSE221-CSE220-CSE111-CSE110

Course: CSE423
Prerequisite: MAT216 (HP)
Full Prerequisite Chain: MAT216-MAT120-MAT110

Course: CSE422
Prerequisite: CSE221 (HP)
Full Prerequisite Chain: CSE221-CSE220-CSE111-CSE110",The prerequisite for CSE422 is CSE221 with a High Pass.,0.016,4.0768,4.0927,2026-07-27T14:19:15.201510+00:00,0.0184,1.0,SCORE: 1.0 | REASON: All claims are fully supported by the provided CONTEXT.
Q017,vector_only,0.0,"Hey, for further information regarding Admission who should I contact?","For more queries, please contact the Inquiry, Registration & Admissions Office, BRACU (Phone: +88 09638464646, Call Center Ext: 1001. You can also send e-mail at admissions@bracu.ac.bd.","Question: For further information regarding Admission who should I contact?
Answer: For more queries, please contact the Inquiry, Registration & Admissions Office, BRACU (Phone: +88 09638464646, Call Center Ext: 1001. You can also send e-mail at admissions@bracu.ac.bd.

Question: Hey, for further information regarding Admission who should I contact?
Answer: For more queries, please contact the Inquiry, Registration & Admissions Office, BRACU (Phone: +88 09638464646, Call Center Ext: 1001. You can also send e-mail at admissions@bracu.ac.bd.

Question: How do I contact the admissions office?
Answer: You can mail to admissions@bracu.ac.bd

Question (Banglish): Admission niye aro information er jonno kake contact korbo?
Answer (English): For more queries, please contact the Inquiry, Registration & Admissions Office, BRACU (Phone: +88 09638464646, Call Center Ext: 1001. You can also send e-mail at admissions@bracu.ac.bd.

Question (Banglish): Admissions office ke ami kivabe contact korbo?
Answer (English): You can mail to admissions@bracu.ac.bd","For more queries regarding Admission, please contact the Inquiry, Registration & Admissions Office, BRACU (Phone: +88 09638464646, Call Center Ext: 1001. You can also send e-mail at admissions@bracu.ac.bd.",0.0206,8.6682,8.6887,2026-07-27T14:06:44.258548+00:00,0.002,1.0,SCORE: 1.0 | REASON: All individual factual claims are fully supported by the retrieved CONTEXT.
Q149,vector_only,0.0,What is the coordinator email for CSE443?,The coordinator email for CSE443 is swakkhar.shatabda@bracu.ac.bd.,"Initial: CSSA
Name: Sadman Sakib Alif
Designation: C. Lecturer
Status: Contractual
Room: 4F
Email: ext.sadman.alif@bracu.ac.bd

Initial: SMDS
Name: Soumitra Das
Designation: C. Lecturer
Status: Contractual
Room: 4F
Email: ext.soumitra.das@bracu.ac.bd

Initial: SJM
Name: Sajid Imam Mahir
Designation: C. Lecturer
Status: Contractual
Room: 4F
Email: ext.sajid.mahir@bracu.ac.bd

Initial: ESF
Name: Eshat Fareeha
Designation: C. Lecturer
Status: Contractual
Room: 4F
Email: ext.eshat.fareeha@bracu.ac.bd

Initial: CMHH
Name: Maheer Helal
Designation: C. Lecturer
Status: Contractual
Room: 4F
Email: ext.maheer.helal@bracu.ac.bd",I do not have enough information to answer your question about the coordinator email for CSE443.,0.0171,4.4809,4.4981,2026-07-27T14:20:56.770318+00:00,0.0027,1.0,"SCORE: 1.0 | REASON: The answer is a statement about lack of information, which is directly supported by the context."
Q094,vector_only,0.0,Does ENH offer a minor for students outside the department?,"Yes, ENH offers a Minor in History, open to students from any department, letting them take history courses to help contextualize their main field of study.","Question: Does ENH offer a minor for students outside the department?
Answer: Yes, ENH offers a Minor in History, open to students from any department, letting them take history courses to help contextualize their main field of study.

Question (Banglish): ENH ki department er baire student der jonno minor offer kore?
Answer (English): Yes, ENH offers a Minor in History, open to students from any department, letting them take history courses to help contextualize their main field of study.

Question: Can students minor in EEE if it's not their major department?
Answer: Yes, BRAC University offers a Minor in EEE with its own defined set of required courses and prerequisites (such as Electrical Circuits I & II and Electronic Circuits I & II), open to students from other departments who meet the prerequisites.

Question (Banglish): Major department na hole o student ra ki EEE te minor korte pare?
Answer (English): Yes, BRAC University offers a Minor in EEE with its own defined set of required courses and prerequisites (such as Electrical Circuits I & II and Electronic Circuits I & II), open to students from other departments who meet the prerequisites.

Question: Can BBA students choose a minor outside the business school?
Answer: Yes. Students may graduate without a minor by taking any three 300/400-level BRACU courses, or they may choose a minor from another school/department; credit requirements for an outside-department minor can differ and should be confirmed with that department in advance.","Yes, ENH offers a Minor in History, open to students from any department, letting them take history courses to help contextualize their main field of study.",0.0213,5.9193,5.9406,2026-07-27T14:16:42.631532+00:00,0.1223,1.0,SCORE: 1.0 | REASON: All three individual factual claims in the ANSWER are fully supported by the CONTEXT.
Q066,vector_only,0.0,Can you tell me what the prerequisites for the Cse program are?,"Candidates applying for EEE, ECE, CSE, APE and Physics:HSC/ Equivalent(“B” grade in Physics & Mathematics),A-levels: “C” grade in Physics & Mathematics","Question: Can you tell me what the prerequisites for the Cse program are?
Answer: Candidates applying for EEE, ECE, CSE, APE and Physics:HSC/ Equivalent(“B” grade in Physics & Mathematics),A-levels: “C” grade in Physics & Mathematics

Question: What are the prerequisites for the Cse program?
Answer: Candidates applying for EEE, ECE, CSE, APE and Physics:HSC/ Equivalent(“B” grade in Physics & Mathematics),A-levels: “C” grade in Physics & Mathematics

Question (Banglish): CSE program er prerequisite gula ki?
Answer (English): Candidates applying for EEE, ECE, CSE, APE and Physics:HSC/ Equivalent(""B"" grade in Physics & Mathematics),A-levels: ""C"" grade in Physics & Mathematics

Question: What are the specific core courses required for the CSE program?
Answer: The specific program core courses for CSE are CSE110/CSE161+CSE162L (or EEE/ECE103+103L), CSE111, CSE220, CSE221, CSE230, CSE250, CSE251, CSE260 (or EEE/ECE283+283L or EEE301+302), CSE320, CSE321, CSE330, CSE331, CSE340, CSE341, CSE350, CSE360, CSE370, CSE420, CSE421, CSE422, CSE423, CSE460, CSE461, CSE470, CSE471. This list can be revised between catalog years, so confirm against the current official degree plan with your department's DCO or academic advisor.

Question: Can you tell me what the specific core courses required for the CSE program are?
Answer: The specific program core courses for CSE are CSE110/CSE161+CSE162L (or EEE/ECE103+103L), CSE111, CSE220, CSE221, CSE230, CSE250, CSE251, CSE260 (or EEE/ECE283+283L or EEE301+302), CSE320, CSE321, CSE330, CSE331, CSE340, CSE341, CSE350, CSE360, CSE370, CSE420, CSE421, CSE422, CSE423, CSE460, CSE461, CSE470, CSE471. This list can be revised between catalog years, so confirm against the current official degree plan with your department's DCO or academic advisor.","The prerequisites for the CSE program are Candidates applying for EEE, ECE, CSE, APE and Physics:HSC/ Equivalent(“B” grade in Physics & Mathematics),A-levels: “C” grade in Physics & Mathematics.",0.0243,9.0866,9.111,2026-07-27T14:13:10.358799+00:00,0.0155,1.0,SCORE: 1.0 | REASON: All individual factual claims in the ANSWER are fully supported by the CONTEXT.
Q061,vector_only,0.0,How do I access the Multipurpose Hall?,"Ground Floor, Find the lift lobby(2nd escalator); go straight to the West Side, where you will find some seats next to the Multipurpose Hall.","Question: How do I access the Multipurpose Hall?
Answer: Ground Floor, Find the lift lobby(2nd escalator); go straight to the West Side, where you will find some seats next to the Multipurpose Hall.

Question (Banglish): Multipurpose Hall ami kivabe access korbo?
Answer (English): Ground Floor, Find the lift lobby(2nd escalator); go straight to the West Side, where you will find some seats next to the Multipurpose Hall.

Question: Where is the multi-purpose hall?
Answer: The multi-purpose hall is located on the ground floor.

Question (Banglish): Multi-purpose hall kothay?
Answer (English): The multi-purpose hall is located on the ground floor.

Question: How can I access the Prayer Room for females?
Answer: The Prayer Room is located in front of the indoor Multipurpose Hall and on 6th floor(ZONE-H)","The Multipurpose Hall is located on the Ground Floor, specifically near the West Side. To access it, find the lift lobby (2nd escalator) on the Ground Floor, go straight to the West Side, and you will find some seats next to the hall.",0.02,8.5808,8.6008,2026-07-27T14:12:32.935944+00:00,0.1578,0.8,"SCORE: 0.8 | REASON: Two out of three factual claims are supported by the context. 

The ANSWER is decomposed into two main claims:

1. The Multipurpose Hall is located on the Ground Floor.
2. To access it, find the lift lobby (2nd escalator) on the Ground Floor, go straight to the West Side, and you will find some seats next to the hall.

Claim 1 is supported by the CONTEXT of Question: Where is the multi-purpose hall? Answer: The multi-purpose hall is located on the ground floor. and Question (Banglish): Multi-purpose hall kothay? Answer (English): The multi-purpose hall is located on the ground floor.

However, Claim 2 is partially supported by the CONTEXT of Ground Floor, Find the lift lobby(2nd escalator); go straight to the West Side, where you will find some seats next to the Multipurpose Hall. but it does not mention going straight to the West Side and finding seats next to the hall as a single action.

Claim 3 is not present in the ANSWER provided."
Q085,vector_only,0.0,Does BRAC University offer any short professional certificate courses outside its degree programs?,"Yes. For example, BRAC University partnered with Swisscontact Bangladesh to launch a Professional Certificate Course on Environmental, Social and Governance (ESG), aimed at industry professionals - its first batch began in February 2026, aimed particularly at export-oriented sectors like ready-made garments.","Question: Does BRAC University offer any short professional certificate courses outside its degree programs?
Answer: Yes. For example, BRAC University partnered with Swisscontact Bangladesh to launch a Professional Certificate Course on Environmental, Social and Governance (ESG), aimed at industry professionals - its first batch began in February 2026, aimed particularly at export-oriented sectors like ready-made garments.

Question (Banglish): BRAC University ki degree program er baire kono short professional certificate course offer kore?
Answer (English): Yes. For example, BRAC University partnered with Swisscontact Bangladesh to launch a Professional Certificate Course on Environmental, Social and Governance (ESG), aimed at industry professionals - its first batch began in February 2026, aimed particularly at export-oriented sectors like ready-made garments.

Question: What kinds of Postgraduate Certificate and Diploma courses does BRAC University offer?
Answer: Examples include the Postgraduate Certificate in Construction Management (CCM), described as the first program of its kind in Bangladesh, aimed at graduates in Architecture, Engineering, Management or related fields, with candidates required to pass an interview as part of admission.

Question: I looked around the site but couldn't find it — what kinds of Postgraduate Certificate and Diploma courses does BRAC University offer?
Answer: Examples include the Postgraduate Certificate in Construction Management (CCM), described as the first program of its kind in Bangladesh, aimed at graduates in Architecture, Engineering, Management or related fields, with candidates required to pass an interview as part of admission.

Question: Does BRAC University offer any online courses?
Answer: We do not offer online courses or degree programs.","Yes. For example, BRAC University partnered with Swisscontact Bangladesh to launch a Professional Certificate Course on Environmental, Social and Governance (ESG), aimed at industry professionals - its first batch began in February 2026, aimed particularly at export-oriented sectors like ready-made garments.",0.0275,8.2153,8.2428,2026-07-27T14:15:34.759626+00:00,0.1322,0.5,"SCORE: 0.5 | REASON: The answer partially matches the context, as it mentions a specific course but not others mentioned in the answer."
Q068,vector_only,0.0,Can you tell me what the Syndicate at BRAC University is?,"The Syndicate, chaired by the Vice-Chancellor, supervises the university's academic and administrative functions.","Question: I wanted to ask, what is the Syndicate at BRAC University?
Answer: The Syndicate, chaired by the Vice-Chancellor, supervises the university's academic and administrative functions.

Question: Can you tell me what the Syndicate at BRAC University is?
Answer: The Syndicate, chaired by the Vice-Chancellor, supervises the university's academic and administrative functions.

Question: What is the Syndicate at BRAC University?
Answer: The Syndicate, chaired by the Vice-Chancellor, supervises the university's academic and administrative functions.

Question (Banglish): BRAC University er Syndicate bolte thik ki bujhay?
Answer (English): The Syndicate, chaired by the Vice-Chancellor, supervises the university's academic and administrative functions.

Question: What is OSUN and how is BRAC University connected to it?
Answer: The Open Society University Network (OSUN) is a global network of universities and colleges collaborating on cross-border teaching, research, and civic engagement. BRAC University was the first university from South Asia to join OSUN.","The Syndicate, chaired by the Vice-Chancellor, supervises the university's academic and administrative functions.",0.0187,5.0821,5.1008,2026-07-27T14:13:28.305855+00:00,0.0013,1.0,SCORE: 1.0 | REASON: All claims are directly supported by the provided CONTEXT.
Q126,vector_only,0.0,What are the prerequisites for CSE111?,The prerequisite for CSE111 is CSE110 (HP).,"Course: CSE111
Prerequisite: CSE110 (HP)

Course: CSE250
Prerequisite: PHY112 (SP)

Course: CSE430
Prerequisite: MAT120 (HP)
Full Prerequisite Chain: MAT120-MAT110

Course: CSE330
Prerequisite: MAT216 (HP)
Full Prerequisite Chain: MAT120-MAT110

Course: CSE421
Prerequisite: CSE320 (SP)",The prerequisite for CSE111 is CSE110 with a grade of High Pass (HP).,0.0161,4.3804,4.3964,2026-07-27T14:19:19.598711+00:00,0.021,1.0,SCORE: 1.0 | REASON: All claims are fully supported by the context.
Q133,vector_only,0.0,Who is the theory coordinator for CSE370?,The theory coordinator for CSE370 is FEK.,"Course: CSE350
First Theory Coordinator: ZAZ
Second Theory Coordinator: TSE
Theory Coordinator Email: ihzaz.sadik@bracu.ac.bd,tasneem.mazhar@bracu.ac.bd
First Lab Coordinator: TSE
Lab Coordinator Email: tasneem.mazhar@bracu.ac.bd

Course: CSE320
First Theory Coordinator: SRJ
Theory Coordinator Email: seraj.mehnaz@bracu.ac.bd

Course: CSE230
First Theory Coordinator: AVB
Second Theory Coordinator: FIC
Theory Coordinator Email: avinandan@bracu.ac.bd,fatiha.ishrar@bracu.ac.bd

Course: CSE250
First Theory Coordinator: SDS
Second Theory Coordinator: PDS
Theory Coordinator Email: shadman.shahriar@bracu.ac.bd,purbayan.das@bracu.ac.bd
First Lab Coordinator: SDQ
Second Lab Coordinator: FFR
Lab Coordinator Email: saiful.bari@bracu.ac.bd,md.fatin@bracu.ac.bd

Course: CSE449
First Theory Coordinator: AAR
Theory Coordinator Email: annajiat@bracu.ac.bd",I do not have enough information to answer that question.,0.0172,3.797,3.8142,2026-07-27T14:19:50.463543+00:00,0.0052,1.0,"SCORE: 1.0 | REASON: The answer is a generic statement that does not contain any factual claims, so it is fully supported by the context."
Q010,vector_only,0.0,Purpose of the Wishlist event for Summer 2025?,To help plan course offerings based on student demand,"Question: Purpose of the Wishlist event for Summer 2025?
Answer: To help plan course offerings based on student demand

Question (Banglish): Summer 2025 er Wishlist event er purpose ki?
Answer (English): To help plan course offerings based on student demand

Question: Why is participation in the Wishlist event important?
Answer: Course offerings will be based on student demand collected from Wishlist submissions

Question (Banglish): Ke Wishlist event e participate korte hobe?
Answer (English): All undergraduate students attending upcoming, excluding RS-eligible students and LLB, PHR students

Question: What is Wishlist?
Answer: Wishlist event – an online pre-advising activity where undergraduate students (all programs except LLB, PHR, and Residential-Semester-eligible cohorts) log in during an assigned time slot, select the courses they intend to take, and press “Confirm.”
The collected course demands are then used by BRAC University to decide how many sections to open for each course, and only students who complete this step become eligible for Pre-Registration Phase 1.",To help plan course offerings based on student demand.,0.0247,3.73,3.7547,2026-07-27T14:05:49.091503+00:00,0.076,1.0,SCORE: 1.0 | REASON: All individual factual claims are fully supported by the provided CONTEXT.
Q019,vector_only,0.0,How are students informed about changes to the transport service?,Students are informed through official BRAC University notices and announcements.,"Question: How are students informed about changes to the transport service?
Answer: Students are informed through official BRAC University notices and announcements.

Question (Banglish): Transport service e change hole student der kivabe janano hoy?
Answer (English): Students are informed through official BRAC University notices and announcements.

Question: How can students report a problem with the transport service?
Answer: Students can report issues by calling the designated route-specific numbers or reaching out to transport officers.

Question: What are the features of the transport service?
Answer: The service includes air-conditioned buses, fixed routes with designated stoppages, GPS tracking, CCTV cameras for security, and a strict schedule for pick-up and drop-off.

Question: Can students suggest new routes for the transport service?
Answer: Suggestions for new routes can be submitted to the transport office for review.",Students are informed through official BRAC University notices and announcements.,0.022,4.1173,4.1393,2026-07-27T14:06:52.574797+00:00,0.1786,1.0,SCORE: 1.0 | REASON: All claims are directly supported by the provided CONTEXT.
Q056,vector_only,0.0,"New student here, when was BRAC University established and who founded it?","BRAC University was established in 2001, founded by Sir Fazle Hasan Abed, and is affiliated with the University Grants Commission (UGC) of Bangladesh.","Question: New student here, when was BRAC University established and who founded it?
Answer: BRAC University was established in 2001, founded by Sir Fazle Hasan Abed, and is affiliated with the University Grants Commission (UGC) of Bangladesh.

Question: Quick question — when was BRAC University established and who founded it?
Answer: BRAC University was established in 2001, founded by Sir Fazle Hasan Abed, and is affiliated with the University Grants Commission (UGC) of Bangladesh.

Question: When was BRAC University established and who founded it?
Answer: BRAC University was established in 2001, founded by Sir Fazle Hasan Abed, and is affiliated with the University Grants Commission (UGC) of Bangladesh.

Question (Banglish): BRAC University kobe establish hoyechilo, ar ke prothisthata?
Answer (English): BRAC University was established in 2001, founded by Sir Fazle Hasan Abed, and is affiliated with the University Grants Commission (UGC) of Bangladesh.

Question: When was BRAC University's current administrative/governance structure established?
Answer: BRAC University's current governance structure (Board of Trustees, Syndicate, and Academic Council as currently organized) was established in 2011, a decade after the university's 2001 founding.","BRAC University was established in 2001, founded by Sir Fazle Hasan Abed, and is affiliated with the University Grants Commission (UGC) of Bangladesh.",0.0297,6.2769,6.3067,2026-07-27T14:11:38.106082+00:00,0.0898,1.0,SCORE: 1.0 | REASON: All claims are directly supported by the provided CONTEXT.
Q076,vector_only,0.0,Provide me the contact information of library staffs.,"You can contact Librarian at: librarian@bracu.ac.bd, hasina@bracu.ac.bd
Deputy Librarian: nasiruddin@bracu.ac.bd, murtoza@bracu.ac.bd","Question: This might be a silly question, but provide me the contact information of library staffs?
Answer: You can contact Librarian at: librarian@bracu.ac.bd, hasina@bracu.ac.bd
Deputy Librarian: nasiruddin@bracu.ac.bd, murtoza@bracu.ac.bd

Question: Provide me the contact information of library staffs.
Answer: You can contact Librarian at: librarian@bracu.ac.bd, hasina@bracu.ac.bd
Deputy Librarian: nasiruddin@bracu.ac.bd, murtoza@bracu.ac.bd

Question: Can someone help — provide me the contact information of library staffs?
Answer: You can contact Librarian at: librarian@bracu.ac.bd, hasina@bracu.ac.bd
Deputy Librarian: nasiruddin@bracu.ac.bd, murtoza@bracu.ac.bd

Question: I wanted to ask, provide me the contact information of library staffs?
Answer: You can contact Librarian at: librarian@bracu.ac.bd, hasina@bracu.ac.bd
Deputy Librarian: nasiruddin@bracu.ac.bd, murtoza@bracu.ac.bd

Question: For a friend who's asking — provide me the contact information of library staffs?
Answer: You can contact Librarian at: librarian@bracu.ac.bd, hasina@bracu.ac.bd
Deputy Librarian: nasiruddin@bracu.ac.bd, murtoza@bracu.ac.bd",The contact information for library staff is not provided in this context.,0.0196,4.0819,4.1016,2026-07-27T14:14:36.896826+00:00,0.0077,0.0,SCORE: 0.0 | REASON: The ANSWER contains no factual claims that are supported by the CONTEXT.
Q151,vector_only,0.0,What day and time is the theory class for CSE260-04A?,The theory class for CSE260-04A is on SUN+TUE at 11:00 AM in room 09A-03C.,"Course: CSE340-18
Theory Initial: THR
Theory Day: SUN+TUE
Theory Time: 9:30 AM
Theory Room: 09H-35C

Course: CSE340-13
Theory Initial: PBK
Theory Day: MON+WED
Theory Time: 8:00 AM
Theory Room: 08H-22C

Course: CSE340-11
Theory Initial: RDW
Theory Day: SUN+TUE
Theory Time: 8:00 AM
Theory Room: 09A-03C

Course: CSE340-12
Theory Initial: RDW
Theory Day: SUN+TUE
Theory Time: 9:30 AM
Theory Room: 09A-03C

Course: CSE727-01
Theory Initial: MHZA
Theory Day: THU+THU
Theory Time: 6:00 PM+7:30 PM
Theory Room: 08D-12C","I'm sorry, but I cannot determine the day and time of the theory class for CSE260-04A from the retrieved context.",0.0226,5.2843,5.3069,2026-07-27T14:21:06.598290+00:00,0.0061,0.0,SCORE: 0.0 | REASON: The answer contains a claim that is not supported by the context (CSE260-04A does not exist in the context).
Q105,vector_only,0.0,What is the full prerequisite chain for PHY112?,The full prerequisite chain for PHY112 is PHY111.,"Course: PHY112
Prerequisite: PHY111 (HP)
Full Prerequisite Chain: PHY111

Course: MAT120
Prerequisite: MAT110 (HP)
Full Prerequisite Chain: MAT110

Course: MAT215
Prerequisite: MAT216 (HP)
Full Prerequisite Chain: MAT216-MAT120-MAT110

Course: MAT216
Prerequisite: MAT120 (HP)
Full Prerequisite Chain: MAT120-MAT110

Course: ENG103
Prerequisite: ENG102 (HP)
Full Prerequisite Chain: ENG102",The full prerequisite chain for PHY112 is PHY111.,0.0205,3.7803,3.8007,2026-07-27T14:17:45.787240+00:00,0.048,1.0,SCORE: 1.0 | REASON: The answer is fully supported by the context as it correctly states the full prerequisite chain for PHY112.
Q136,vector_only,0.0,Who is the theory coordinator for CSE447?,The theory coordinator for CSE447 is MIH.,"Course: CSE350
First Theory Coordinator: ZAZ
Second Theory Coordinator: TSE
Theory Coordinator Email: ihzaz.sadik@bracu.ac.bd,tasneem.mazhar@bracu.ac.bd
First Lab Coordinator: TSE
Lab Coordinator Email: tasneem.mazhar@bracu.ac.bd

Course: CSE449
First Theory Coordinator: AAR
Theory Coordinator Email: annajiat@bracu.ac.bd

Course: CSE320
First Theory Coordinator: SRJ
Theory Coordinator Email: seraj.mehnaz@bracu.ac.bd

Course: CSE230
First Theory Coordinator: AVB
Second Theory Coordinator: FIC
Theory Coordinator Email: avinandan@bracu.ac.bd,fatiha.ishrar@bracu.ac.bd

Course: CSE250
First Theory Coordinator: SDS
Second Theory Coordinator: PDS
Theory Coordinator Email: shadman.shahriar@bracu.ac.bd,purbayan.das@bracu.ac.bd
First Lab Coordinator: SDQ
Second Lab Coordinator: FFR
Lab Coordinator Email: saiful.bari@bracu.ac.bd,md.fatin@bracu.ac.bd",I do not have enough information to answer that question.,0.0175,3.7943,3.8117,2026-07-27T14:20:01.812894+00:00,0.0004,1.0,SCORE: 1.0 | REASON: All claims are directly supported by the provided CONTEXT.
Q138,vector_only,0.0,What is the coordinator email for CSE437?,The coordinator email for CSE437 is rabiul.alam@bracu.ac.bd.,"Initial: CSSA
Name: Sadman Sakib Alif
Designation: C. Lecturer
Status: Contractual
Room: 4F
Email: ext.sadman.alif@bracu.ac.bd

Initial: RAO
Name: Mohammed Radoan
Designation: C. Lecturer
Status: Contractual
Room: 4P
Email: ext.mohammed.radoan@bracu.ac.bd

Initial: MZW
Name: Maazin Munawar
Designation: C. Lecturer
Status: Contractual
Room: 4F
Email: ext.maazin.munawar@bracu.ac.bd

Initial: ESF
Name: Eshat Fareeha
Designation: C. Lecturer
Status: Contractual
Room: 4F
Email: ext.eshat.fareeha@bracu.ac.bd

Initial: MHSK
Name: Maharin Mosfakin
Designation: C. Lecturer
Status: Contractual
Room: 4F
Email: ext.maharin.mosfakin@bracu.ac.bd",I do not have enough information to answer your question about the coordinator email for CSE437.,0.018,4.6005,4.6185,2026-07-27T14:20:10.327414+00:00,0.0017,1.0,"SCORE: 1.0 | REASON: The answer is a statement about lack of information, which is directly supported by the context."
Q165,vector_only,0.0,What day and time is the theory class for CSE260-04B?,The theory class for CSE260-04B is on SUN+TUE at 11:00 AM in room 09A-03C.,"Course: CSE340-18
Theory Initial: THR
Theory Day: SUN+TUE
Theory Time: 9:30 AM
Theory Room: 09H-35C

Course: CSE340-13
Theory Initial: PBK
Theory Day: MON+WED
Theory Time: 8:00 AM
Theory Room: 08H-22C

Course: CSE340-12
Theory Initial: RDW
Theory Day: SUN+TUE
Theory Time: 9:30 AM
Theory Room: 09A-03C

Course: CSE340-11
Theory Initial: RDW
Theory Day: SUN+TUE
Theory Time: 8:00 AM
Theory Room: 09A-03C

Course: CSE340-22
Theory Initial: TWK
Theory Day: MON+WED
Theory Time: 3:30 PM
Theory Room: 09A-03C",I do not have enough information to answer that question.,0.0224,3.7148,3.7372,2026-07-27T14:22:16.011939+00:00,0.0026,1.0,SCORE: 1.0 | REASON: The answer is a generic statement that does not make any factual claims about the context.
Q077,vector_only,0.0,Consequence of not confirming advising during the Self-Registration period?,All selected courses will be automatically cancelled,"Question: Consequence of not confirming advising during the Self-Registration period?
Answer: All selected courses will be automatically cancelled

Question (Banglish): Self-Registration period e advising confirm na korle ki consequence hoy?
Answer (English): All selected courses will be automatically cancelled

Question: What happens if a student fails to confirm the Wishlist on time?
Answer: Student will not be considered a participant and cannot register in Pre-Registration Phase 1

Question: Just wondering, what happens if a student fails to confirm the Wishlist on time?
Answer: Student will not be considered a participant and cannot register in Pre-Registration Phase 1

Question (Banglish): Notun admitted student der jonno self-registration requirement ki?
Answer (English): Not required; registration will be done by respective departments.",All selected courses will be automatically cancelled.,0.0216,3.5097,3.5313,2026-07-27T14:14:40.428266+00:00,0.1718,0.5,"SCORE: 0.5 | REASON: Only two out of four claims are supported by the context. 

The answer ""All selected courses will be automatically cancelled"" is supported by the first question's context, but not by the other three questions' contexts. The other three answers have different consequences for failing to confirm advising during the Self-Registration period or confirming the Wishlist on time."
