query_id,config,lambda,query,reference_answer,retrieved_context,generated_answer,retrieval_s,generation_s,total_s,timestamp,query_confidence,faithfulness,faithfulness_reason,sample_source,route,fusion,abstained,raw_abstain,sufficient_context_override,graph_augmented,faculty_room_augmented,exact_match_any,question_match_any,translated_query,normalized_query,rerank_s,query_top1_score,nli_faithfulness
Q084,full_hybrid,0.5,"Just wondering, what types of general education courses are required for all undergraduate students at BRAC University?","Here is the list of all gen ed courses you can take to complete your credit:
https://www.bracu.ac.bd/academics/institutes-and-schools/school-general-education/streams-and-courses. But all the courses won't be available at every semester so please check USIS to make sure your prefered courses are available or not.","Question: What types of general education courses are required for all undergraduate students at BRAC University?
Answer: Here is the list of all gen ed courses you can take to complete your credit:
https://www.bracu.ac.bd/academics/institutes-and-schools/school-general-education/streams-and-courses. But all the courses won't be available at every semester so please check USIS to make sure your prefered courses are available or not.

Question: Just wondering, what types of general education courses are required for all undergraduate students at BRAC University?
Answer: Here is the list of all gen ed courses you can take to complete your credit:
https://www.bracu.ac.bd/academics/institutes-and-schools/school-general-education/streams-and-courses. But all the courses won't be available at every semester so please check USIS to make sure your prefered courses are available or not.

Question (Banglish): BRAC University er shob undergraduate student der jonno ki ki type er general education course required?
Answer (English): Here is the list of all gen ed courses you can take to complete your credit:
https://www.bracu.ac.bd/academics/institutes-and-schools/school-general-education/streams-and-courses. But all the courses won't be available at every semester so please check USIS to make sure your prefered courses are available or not.

Question (Banglish): Protita student ke General Education (GenEd) course er koto credit-hour complete korte hoy?
Answer (English): Every undergraduate student, regardless of major, must complete 42 credit-hours (14 courses) of General Education courses, generally within the first two years of study, spanning Humanities, Social Sciences, Law, Mathematics, Sciences, Technology and Architecture.

Question (Banglish): BRAC e School of General Education (SGE) kon dhoroner core courses coordinate kore?
Answer (English): The School of General Education coordinates university-wide core and foundation courses required across all undergraduate degree programs.","Every undergraduate student, regardless of major, must complete 42 credit-hours (14 courses) of General Education courses, generally within the first two years of study, spanning Humanities, Social Sciences, Law, Mathematics, Sciences, Technology and Architecture.",0.1859,16.3056,16.4915,2026-08-02T16:14:33.286697+00:00,0.0066,0.5,"SCORE: 0.5 | REASON: The answer partially matches the context, as it mentions the total credit-hours and courses required, but not the specific streams or courses listed in the provided link.",baselines,,,,,,,,,,,,,,0.9794409275054932
Q054,full_hybrid,0.5,What does the Counseling and Wellness Centre at BRAC University offer?,"The Counseling and Wellness Centre is a dedicated student-life office providing psychological and wellbeing support to students, separate from the psychosocial counselling available specifically at the Residential Campus.","Question: What does the Counseling and Wellness Centre at BRAC University offer?
Answer: The Counseling and Wellness Centre is a dedicated student-life office providing psychological and wellbeing support to students, separate from the psychosocial counselling available specifically at the Residential Campus.

Question (Banglish): BRAC University er Counseling and Wellness Centre ki offer kore?
Answer (English): The Counseling and Wellness Centre is a dedicated student-life office providing psychological and wellbeing support to students, separate from the psychosocial counselling available specifically at the Residential Campus.

Question: Does the Counseling and Wellness Centre charge for its services?
Answer: No, the Counseling and Wellness Centre (CWC) provides free and confidential mental health and wellbeing services to all students and staff, including individual counseling, both face-to-face and online.

Question (Banglish): BRAC e Counseling and Wellness Centre kon dhoroner mental health support dey?
Answer (English): The Counseling and Wellness Centre provides confidential individual counseling, stress management sessions, and mental health awareness workshops for students.

Question (Banglish): Counseling and Wellness Centre ki tar service er jonno charge kore?
Answer (English): No, the Counseling and Wellness Centre (CWC) provides free and confidential mental health and wellbeing services to all students and staff, including individual counseling, both face-to-face and online.","The Counseling and Wellness Centre is a dedicated student-life office providing psychological and wellbeing support to students, separate from the psychosocial counselling available specifically at the Residential Campus.",0.0267,6.08,6.1068,2026-08-02T16:14:39.396456+00:00,0.0795,0.5,"SCORE: 0.5 | REASON: The answer partially matches the context, as it correctly states that the Counseling and Wellness Centre is a dedicated student-life office providing psychological support to students, but incorrectly implies that psychosocial counselling at the Residential Campus is separate from its services when in fact the context does not specify this.",baselines,,,,,,,,,,,,,,0.9926122426986694
Q071,full_hybrid,0.5,"I'm an international student on the BRAC Scholarship with a 3.1 CGPA, but I need to retake a course I failed. Will my scholarship cover the retake fee?","No - tuition fee waivers and scholarships, including the BRAC Scholarship, are not applied to retake or repeat courses; you'd need to pay for the retake yourself. Separately, since you failed a course, you also won't be considered for the tuition fee waiver for the following two semesters even on your other coursework, regardless of your CGPA being above the 3.0 minimum.","Question: I'm an international student on the BRAC Scholarship with a 3.1 CGPA, but I need to retake a course I failed. Will my scholarship cover the retake fee?
Answer: No - tuition fee waivers and scholarships, including the BRAC Scholarship, are not applied to retake or repeat courses; you'd need to pay for the retake yourself. Separately, since you failed a course, you also won't be considered for the tuition fee waiver for the following two semesters even on your other coursework, regardless of your CGPA being above the 3.0 minimum.

Question: I'm on the Merit Scholarship and I failed one course this semester. Does that affect my scholarship the same way it would affect an international student's BRAC Scholarship?
Answer: Not necessarily the same way - the rules differ by scholarship. For the international BRAC Scholarship, failing a course makes you ineligible for the tuition fee waiver for the next two semesters. The Merit Scholarship (based on BRACU academic results) is instead tied to maintaining a specific CGPA each semester to keep the award active going forward - so a single failed course's impact would show up through its effect on your CGPA meeting that semester's required threshold, rather than through an automatic two-semester penalty like the BRAC Scholarship's rule.

Question (Banglish): International student der retake ba repeat kora course e ki tuition fee waiver cover kore?
Answer (English): No. Tuition fee waivers and scholarships are not applied to retake or repeat subjects - the student must pay for those separately at their own cost.

Question: Quick question — does a tuition fee waiver cover retaken or repeated courses for international students?
Answer: No. Tuition fee waivers and scholarships are not applied to retake or repeat subjects - the student must pay for those separately at their own cost.

Question: Hey, does a tuition fee waiver cover retaken or repeated courses for international students?
Answer: No. Tuition fee waivers and scholarships are not applied to retake or repeat subjects - the student must pay for those separately at their own cost.","No - tuition fee waivers and scholarships, including the BRAC Scholarship, are not applied to retake or repeat courses; you'd need to pay for the retake yourself. Separately, since you failed a course, you also won't be considered for the tuition fee waiver for the following two semesters even on your other coursework, regardless of your CGPA being above the 3.0 minimum.",0.0405,11.3583,11.3989,2026-08-02T16:14:50.798850+00:00,0.4618,1.0,SCORE: 1.0 | REASON: All individual factual claims are fully supported by the retrieved CONTEXT.,baselines,,,,,,,,,,,,,,0.9866122007369995
Q046,full_hybrid,0.5,What sports teams does the university have?,"BRAC University Football Club, BRAC University Chess Club, BRAC University Cricket Club, and BRAC University Indoor Games Club.","Question: What sports teams does the university have?
Answer: BRAC University Football Club, BRAC University Chess Club, BRAC University Cricket Club, and BRAC University Indoor Games Club.

Question: New student here, what sports teams does the university have?
Answer: BRAC University Football Club, BRAC University Chess Club, BRAC University Cricket Club, and BRAC University Indoor Games Club.

Question: One thing I couldn't find anywhere: does BRAC University take part in inter-university sports tournaments regularly?
Answer: Yes, BRAC University teams regularly compete in inter-university football and other sports tournaments in Dhaka, including tournaments like the Shahjalal Islami Bank Faraaz Gold Cup Inter-University Football Tournament.

Question: Does BRAC University have any costs associated with joining clubs or sports teams?
Answer: No there no costs associated with joining clubs or sports teams.

Question: Are there any costs associated with joining clubs or sports teams?
Answer: No there no costs associated with joining clubs or sports teams.","The university has BRAC University Football Club, BRAC University Chess Club, BRAC University Cricket Club, and BRAC University Indoor Games Club.",0.0261,5.4898,5.5158,2026-08-02T16:14:56.316681+00:00,0.0115,1.0,SCORE: 1.0 | REASON: All individual factual claims are directly supported by the provided CONTEXT.,baselines,,,,,,,,,,,,,,0.9736749529838562
Q045,full_hybrid,0.5,"My advisor is not responding, what to do?","Please wait, your advisor is maybe busy with other students response. You can request other advisors for your advising but he will only add it but he will not approve it. So, it is wise to get request done by the advisor.","Question: My advisor is not responding, what to do?
Answer: Please wait, your advisor is maybe busy with other students response. You can request other advisors for your advising but he will only add it but he will not approve it. So, it is wise to get request done by the advisor.

Question: My advisor is not on campus, what to do?
Answer: Please request on Discord on your advisor's channel or try requesting other advisor. But he can reject you easily because it is not his duty as you are not assigned to him in the advising session. So, please ask your advisor on the Discord channel or request other advisor if they are willing to help.

Question (Banglish): Amar advisor response korche na, ki korbo?
Answer (English): Please wait, your advisor is maybe busy with other students response. You can request other advisors for your advising but he will only add it but he will not approve it. So, it is wise to get request done by the advisor.

Question (Banglish): Amar advisor campus e nei, ki korbo?
Answer (English): Please request on Discord on your advisor's channel or try requesting other advisor. But he can reject you easily because it is not his duty as you are not assigned to him in the advising session. So, please ask your advisor on the Discord channel or request other advisor if they are willing to help.

Question: I have not been advised to a advisor yet, what to do?
Answer: If you haven't been assigned an advisor yet, contact your department's DCO (Departmental Coordination Officer) - for CSE, current DCO contact details are published via the department's official advising channel or notice board, since DCO assignments can change between semesters. If the DCOs don't respond, escalate to your department's advising coordinator.","Please wait, your advisor is maybe busy with other students' responses. You can request other advisors for your advising but they will only add it, but they will not approve it. So, it is wise to get the request done by your assigned advisor.",0.0157,8.0015,8.0173,2026-08-02T16:15:04.336490+00:00,0.3645,0.8,"SCORE: 0.8 | REASON: The answer's claim about advisors only adding requests but not approving them is partially supported by the context, which mentions that other advisors can reject requests due to lack of assigned duty.",baselines,,,,,,,,,,,,,,0.7515425086021423
Q040,full_hybrid,0.5,Can you tell me what the deadline to change the thesis title before the final defense is?,The deadline to change a thesis title before the final defense varies by semester - check the current semester's thesis deadline sheet for the exact date.,"Question: Can you tell me what the deadline to change the thesis title before the final defense is?
Answer: The deadline to change a thesis title before the final defense varies by semester - check the current semester's thesis deadline sheet for the exact date.

Question: What is the deadline to change the thesis title before the final defense?
Answer: The deadline to change a thesis title before the final defense varies by semester - check the current semester's thesis deadline sheet for the exact date.

Question (Banglish): Final defense er age thesis title change korar deadline ta kobe?
Answer (English): The deadline to change a thesis title before the final defense varies by semester - check the current semester's thesis deadline sheet for the exact date.

Question: My thesis defense got postponed due to a cyclone, and separately I want to change my thesis title before the (new) defense date. Are both of these OK?
Answer: Both are handled, but through different mechanisms - a defense postponed for an external/valid reason like a cyclone is simply rescheduled, no penalty. Changing your thesis title before the (rescheduled) final defense is also possible, but the deadline for that varies by semester, so you'd want to check the current thesis deadline sheet to make sure your title-change request still falls within whatever window applies to your now-rescheduled defense date.

Question: Can you tell me what the current deadlines for thesis submission and defense are?
Answer: Thesis submission and defense deadlines are set fresh each semester by the CSE Thesis Committee and shared with enrolled thesis students via a deadline sheet. Check with your thesis coordinator or department for the current semester's exact dates, since these change every term.",The deadline to change a thesis title before the final defense varies by semester - check the current semester's thesis deadline sheet for the exact date.,0.0218,5.6135,5.6354,2026-08-02T16:15:09.974202+00:00,0.0415,0.5,"SCORE: 0.5 | REASON: The answer is partially supported because it accurately states that the deadline varies by semester, but fails to provide any actual deadline or source for verification.",baselines,,,,,,,,,,,,,,0.9930863976478577
Q023,full_hybrid,0.5,I'm an EEE student minoring in Physics. Do I need to separately meet the Physics minor's prerequisites even though I'm not a Physics major?,"Yes - BRACU's Minor in Physics has its own defined set of required courses and prerequisites, separate from your EEE major requirements, open to students from other departments as long as they meet those specific prerequisites. Being an EEE major doesn't automatically satisfy the Physics minor's course requirements; you'd need to check and fulfill them independently.","Question: I'm an EEE student minoring in Physics. Do I need to separately meet the Physics minor's prerequisites even though I'm not a Physics major?
Answer: Yes - BRACU's Minor in Physics has its own defined set of required courses and prerequisites, separate from your EEE major requirements, open to students from other departments as long as they meet those specific prerequisites. Being an EEE major doesn't automatically satisfy the Physics minor's course requirements; you'd need to check and fulfill them independently.

Question: New student here, can students minor in Physics, Mathematics, Biotechnology, or Microbiology even if it's not their major?
Answer: Yes, BRAC University offers formal Minor programs in Physics, Mathematics, Biotechnology, and Microbiology, each with a specific set of required courses, open to students from other majors who meet the prerequisites.

Question: Can students minor in Physics, Mathematics, Biotechnology, or Microbiology even if it's not their major?
Answer: Yes, BRAC University offers formal Minor programs in Physics, Mathematics, Biotechnology, and Microbiology, each with a specific set of required courses, open to students from other majors who meet the prerequisites.

Question (Banglish): Major na hoile o student ra ki Physics, Mathematics, Biotechnology, ba Microbiology te minor korte pare?
Answer (English): Yes, BRAC University offers formal Minor programs in Physics, Mathematics, Biotechnology, and Microbiology, each with a specific set of required courses, open to students from other majors who meet the prerequisites.

Question (Banglish): Major department na hole o student ra ki EEE te minor korte pare?
Answer (English): Yes, BRAC University offers a Minor in EEE with its own defined set of required courses and prerequisites (such as Electrical Circuits I & II and Electronic Circuits I & II), open to students from other departments who meet the prerequisites.","Yes - BRACU's Minor in Physics has its own defined set of required courses and prerequisites, separate from your EEE major requirements, open to students from other departments as long as they meet those specific prerequisites. Being an EEE major doesn't automatically satisfy the Physics minor's course requirements; you'd need to check and fulfill them independently.",0.0285,10.002,10.0306,2026-08-02T16:15:20.008039+00:00,0.4489,1.0,SCORE: 1.0 | REASON: All individual factual claims in the ANSWER are fully supported by the retrieved CONTEXT.,baselines,,,,,,,,,,,,,,0.9911775588989258
Q081,full_hybrid,0.5,What is BRAC Scholarship?,"BRAC Scholarship is for economically disadvantaged students.

Eligibility criteria and other requirements:

1. Parents’ monthly income - not more than Tk. 20,000. 

2. Students must have a GPA of 4.50 (without 4th subject) in SSC and HSC from Science, Arts & Commerce Group.","Question (Banglish): Scholarship er jonno ami kivabe apply korbo?
Answer (English): 1. Students who are eligible for Scholarship Based on Previous Academic Results / Sibling Scholarship / BRAC Scholarship / Physically Challenged Students / Children of Freedom Fighter / Debater's Blue Scholarship / Children of Brac University Regular Confirmed Employee will have to apply for the first time through BracU prescribed form which is available at the Brac University website (https://www.bracu.ac.bd/admission/scholarships-financial-aid) and submit it to the International & Scholarship Office, Brac University or email the scan copy to: scholarship@bracu.ac.bd 

2. Those students who are eligible under Merit Scholarship Based on Brac University Academic Results and Scholarship Based on Brac University Admission Test Result are not required to apply as a scholarship will be awarded automatically. 

3. Those students who are already availing of scholarships/financial aid are not required to apply further. If they fulfill all the conditions of the scholarship, they will be awarded automatically. 

4. If the scholarship /financial aid of a student is discontinued for one or more than one semester, s/he needs to re-apply through BracU prescribed form after fulfilling the eligibility criteria.

Question (Banglish): BRAC University je Scholarship/Financial aid dey, segula ki ki type er?
Answer (English): 1. Scholarship Based on Previous Academic Results 

2. Merit Scholarship based on BracU Academic Results 

3. Scholarship Based on Brac University Admission Test Result

4. Sibling Scholarship

5. Spouse Scholarship

6. BRAC Scholarship

7. Physically Challenged Students

8. Children of Freedom Fighter

9. Debater's Blue Scholarship

10. Children of BracU Regular Confirmed Employee

For detailed information: https://www.bracu.ac.bd/admission/scholarships-financial-aid

Question: How can I apply for the scholarship?
Answer: 1. Students who are eligible for Scholarship Based on Previous Academic Results / Sibling Scholarship / BRAC Scholarship / Physically Challenged Students / Children of Freedom Fighter / Debater’s Blue Scholarship / Children of Brac University Regular Confirmed Employee will have to apply for the first time through BracU prescribed form which is available at the Brac University website (https://www.bracu.ac.bd/admission/scholarships-financial-aid) and submit it to the International & Scholarship Office, Brac University or email the scan copy to: scholarship@bracu.ac.bd 

2. Those students who are eligible under Merit Scholarship Based on Brac University Academic Results and Scholarship Based on Brac University Admission Test Result are not required to apply as a scholarship will be awarded automatically. 

3. Those students who are already availing of scholarships/financial aid are not required to apply further. If they fulfill all the conditions of the scholarship, they will be awarded automatically. 

4. If the scholarship /financial aid of a student is discontinued for one or more than one semester, s/he needs to re-apply through BracU prescribed form after fulfilling the eligibility criteria.

Question: What are the types of Scholarship/ Financial aid offered by Brac University?
Answer: 1. Scholarship Based on Previous Academic Results 

2. Merit Scholarship based on BracU Academic Results 

3. Scholarship Based on Brac University Admission Test Result

4. Sibling Scholarship

5. Spouse Scholarship

6. BRAC Scholarship

7. Physically Challenged Students

8. Children of Freedom Fighter

9. Debater’s Blue Scholarship

10. Children of BracU Regular Confirmed Employee

For detailed information: https://www.bracu.ac.bd/admission/scholarships-financial-aid

Question: Can you tell me what the types of Scholarship/ Financial aid offered by Brac University are?
Answer: 1. Scholarship Based on Previous Academic Results 

2. Merit Scholarship based on BracU Academic Results 

3. Scholarship Based on Brac University Admission Test Result

4. Sibling Scholarship

5. Spouse Scholarship

6. BRAC Scholarship

7. Physically Challenged Students

8. Children of Freedom Fighter

9. Debater’s Blue Scholarship

10. Children of BracU Regular Confirmed Employee

For detailed information: https://www.bracu.ac.bd/admission/scholarships-financial-aid","BRAC Scholarship is one of the types of scholarships offered by Brac University, listed among the 10 types of scholarship/financial aid provided by the university.",0.0174,7.0449,7.0623,2026-08-02T16:15:27.072942+00:00,0.0094,1.0,SCORE: 1.0 | REASON: All individual factual claims made in the ANSWER are directly supported by the CONTEXT.,baselines,,,,,,,,,,,,,,0.2811886966228485
Q011,full_hybrid,0.5,"Does BRAC University have a digital student ID card, or only a physical one?","Yes, BRAC University introduced a digital ID card in 2017, generated through the BRACU Mobile App (accessible via the app's 'ID Card' menu option). Both the physical and digital ID have been usable, and students are advised to keep the app updated to generate their digital card.","Question: Does BRAC University have a digital student ID card, or only a physical one?
Answer: Yes, BRAC University introduced a digital ID card in 2017, generated through the BRACU Mobile App (accessible via the app's 'ID Card' menu option). Both the physical and digital ID have been usable, and students are advised to keep the app updated to generate their digital card.

Question (Banglish): BRAC University er ki digital student ID card ache, naki shudhu physical ta?
Answer (English): Yes, BRAC University introduced a digital ID card in 2017, generated through the BRACU Mobile App (accessible via the app's 'ID Card' menu option). Both the physical and digital ID have been usable, and students are advised to keep the app updated to generate their digital card.

Question (Banglish): ID card chara student ra ki transport service use korte pare?
Answer (English): No, students must present a valid BRAC University ID card.

Question (Banglish): ID card na thakle notun student ra ki dekhabe?
Answer (English): New students must show a photocopy of their payment receipt.

Question (Banglish): BRAC e student ID card kokhon pawa jay?
Answer (English): New students receive information about collecting their student ID card after completing the required admission and registration formalities.","BRAC University has both a digital and a physical student ID card. The digital ID card was introduced in 2017 through the BRACU Mobile App, which can be accessed via the app's 'ID Card' menu option.",0.0236,7.5974,7.621,2026-08-02T16:15:34.696839+00:00,0.1222,0.8,"SCORE: 0.8 | REASON: The answer's claim about the digital ID card being introduced in 2017 is supported, but its statement that students are advised to keep the app updated is not mentioned in the context.",baselines,,,,,,,,,,,,,,0.9395742416381836
Q001,full_hybrid,0.5,How are meal plans managed at TARC?,"Tarc provides 3 main meals breakfast,lunch and dinner and two snack time followed by them.Breakfast time continues from 7-9 am, lunch time continues from 12:30-3 pm,dinner continues from 8:30-10 pm followed by snacks time which are from 11-12 am and 4-5 pm colleectively","Question: How are meal plans managed at TARC?
Answer: Tarc provides 3 main meals breakfast,lunch and dinner and two snack time followed by them.Breakfast time continues from 7-9 am, lunch time continues from 12:30-3 pm,dinner continues from 8:30-10 pm followed by snacks time which are from 11-12 am and 4-5 pm colleectively

Question: Before I forget to ask — how are meal plans managed at TARC?
Answer: Tarc provides 3 main meals breakfast,lunch and dinner and two snack time followed by them.Breakfast time continues from 7-9 am, lunch time continues from 12:30-3 pm,dinner continues from 8:30-10 pm followed by snacks time which are from 11-12 am and 4-5 pm colleectively

Question: Sorry if this was already answered, but how are meal plans managed at TARC?
Answer: Tarc provides 3 main meals breakfast,lunch and dinner and two snack time followed by them.Breakfast time continues from 7-9 am, lunch time continues from 12:30-3 pm,dinner continues from 8:30-10 pm followed by snacks time which are from 11-12 am and 4-5 pm colleectively

Question (Banglish): TARC e meal plan kivabe manage kora hoy?
Answer (English): Tarc provides 3 main meals breakfast,lunch and dinner and two snack time followed by them.Breakfast time continues from 7-9 am, lunch time continues from 12:30-3 pm,dinner continues from 8:30-10 pm followed by snacks time which are from 11-12 am and 4-5 pm colleectively

Question (Banglish): BRAC Savar Residential Campus dining hall weekly menu nutritionist guidance follow kore?
Answer (English): Yes, meal plans are designed under nutritional guidelines to offer balanced diets for resident students.","Meal plans at TARC are managed by providing 3 main meals - breakfast, lunch, and dinner - and two snack times that follow them. Breakfast time continues from 7-9 am, lunch time from 12:30-3 pm, dinner from 8:30-10 pm, followed by snacks from 11-12 am and 4-5 pm collectively.",0.0193,11.1881,11.2073,2026-08-02T16:15:45.907653+00:00,0.0131,0.8,"SCORE: 0.8 | REASON: The answer's claim about breakfast time continuing from 7-9 am is not supported by the context, which actually states it continues from 12:30-3 pm.",baselines,,,,,,,,,,,,,,0.79347825050354
Q019,full_hybrid,0.5,How are students informed about changes to the transport service?,Students are informed through official BRAC University notices and announcements.,"Question: How are students informed about changes to the transport service?
Answer: Students are informed through official BRAC University notices and announcements.

Question (Banglish): Transport service e change hole student der kivabe janano hoy?
Answer (English): Students are informed through official BRAC University notices and announcements.

Question: How can students report a problem with the transport service?
Answer: Students can report issues by calling the designated route-specific numbers or reaching out to transport officers.

Question: How can students contact the transport service?
Answer: Students can contact the transport service via designated phone numbers.

Question: What are the features of the transport service?
Answer: The service includes air-conditioned buses, fixed routes with designated stoppages, GPS tracking, CCTV cameras for security, and a strict schedule for pick-up and drop-off.",Students are informed through official BRAC University notices and announcements.,0.0199,4.036,4.0559,2026-08-02T16:15:49.965474+00:00,0.3136,1.0,SCORE: 1.0 | REASON: All claims are directly supported by the corresponding questions and answers in the CONTEXT.,baselines,,,,,,,,,,,,,,0.9885925054550171
Q031,full_hybrid,0.5,"New student here, could you please provide details about the tuition fee structure at BRAC University?","For students enrolled in the Computer Science and Engineering (CSE) program at BRAC University, the tuition fee structure includes a one-time, non-refundable admission fee of BDT 30,800. Each course within the CSE program costs BDT 22,500. Additionally, students are required to pay a semester fee of BDT 11,500, which covers various facilities such as IT services and library access. There is also a one-time library membership fee of BDT 2,500. This fee structure is designed to support the comprehensive education provided in the CSE program, ensuring access to advanced resources and facilities?","Question: New student here, could you please provide details about the tuition fee structure at BRAC University?
Answer: For students enrolled in the Computer Science and Engineering (CSE) program at BRAC University, the tuition fee structure includes a one-time, non-refundable admission fee of BDT 30,800. Each course within the CSE program costs BDT 22,500. Additionally, students are required to pay a semester fee of BDT 11,500, which covers various facilities such as IT services and library access. There is also a one-time library membership fee of BDT 2,500. This fee structure is designed to support the comprehensive education provided in the CSE program, ensuring access to advanced resources and facilities?

Question: Could you please provide details about the tuition fee structure at BRAC University?
Answer: For students enrolled in the Computer Science and Engineering (CSE) program at BRAC University, the tuition fee structure includes a one-time, non-refundable admission fee of BDT 30,800. Each course within the CSE program costs BDT 22,500. Additionally, students are required to pay a semester fee of BDT 11,500, which covers various facilities such as IT services and library access. There is also a one-time library membership fee of BDT 2,500. This fee structure is designed to support the comprehensive education provided in the CSE program, ensuring access to advanced resources and facilities?

Question (Banglish): BRAC University er tuition fee structure ta ektu bolben please?
Answer (English): For students enrolled in the Computer Science and Engineering (CSE) program at BRAC University, the tuition fee structure includes a one-time, non-refundable admission fee of BDT 30,800. Each course within the CSE program costs BDT 22,500. Additionally, students are required to pay a semester fee of BDT 11,500, which covers various facilities such as IT services and library access. There is also a one-time library membership fee of BDT 2,500. This fee structure is designed to support the comprehensive education provided in the CSE program, ensuring access to advanced resources and facilities

Question: Not sure if this is covered elsewhere, but what's the tuition fee at North South University?
Answer: That's outside what I can help with - I only have information about BRAC University. North South University's own website would have their current fee structure.

Question: What's the tuition fee at North South University?
Answer: That's outside what I can help with - I only have information about BRAC University. North South University's own website would have their current fee structure.","The tuition fee structure at BRAC University includes a one-time, non-refundable admission fee of BDT 30,800 for students enrolled in the Computer Science and Engineering (CSE) program. Each course within the CSE program costs BDT 22,500. Additionally, students are required to pay a semester fee of BDT 11,500, which covers various facilities such as IT services and library access. There is also a one-time library membership fee of BDT 2,500. This fee structure is designed to support the comprehensive education provided in the CSE program, ensuring access to advanced resources and facilities.",0.0416,17.8128,17.8544,2026-08-02T16:16:07.824913+00:00,0.0481,1.0,SCORE: 1.0 | REASON: The ANSWER is fully supported by the CONTEXT as it directly quotes and summarizes information provided in the CONTEXT about BRAC University's tuition fee structure.,baselines,,,,,,,,,,,,,,0.98668372631073
Q074,full_hybrid,0.5,What is the first outbound timing for Route-02 (Mirpur-A)?,Route-02 (Mirpur-A): First trip departs at 2:05 PM.,"Question: What is the first outbound timing for Route-02 (Mirpur-A)?
Answer: Route-02 (Mirpur-A): First trip departs at 2:05 PM.

Question: What is the first outbound timing for Route-02 (Mirpur-B)?
Answer: Route-02 (Mirpur-B): First trip departs at 2:05 PM.

Question (Banglish): Route-02 (Mirpur-A) er first outbound timing ta ki?
Answer (English): Route-02 (Mirpur-A): First trip departs at 2:05 PM.

Question (Banglish): Route-02 (Mirpur-B) er first outbound timing ta ki?
Answer (English): Route-02 (Mirpur-B): First trip departs at 2:05 PM.

Question: What is the second outbound timing for Route-02 (Mirpur-A)?
Answer: Route-02 (Mirpur-A): Second trip departs at 5:10 PM.",The first outbound timing for Route-02 (Mirpur-A) is 2:05 PM.,0.024,4.6686,4.6926,2026-08-02T16:16:12.519811+00:00,0.0195,1.0,SCORE: 1.0 | REASON: All individual factual claims are fully supported by the retrieved CONTEXT.,baselines,,,,,,,,,,,,,,0.9780400991439819
Q034,full_hybrid,0.5,Can you tell me what 'Freshman Enrollment and Class Sign' at BRAC University is?,"This is the official process new/incoming ('freshman') students go through after being admitted, to confirm their enrollment and get registered into their first semester's classes; details and instructions are published on the Admissions section of the university website.","Question: Can you tell me what 'Freshman Enrollment and Class Sign' at BRAC University is?
Answer: This is the official process new/incoming ('freshman') students go through after being admitted, to confirm their enrollment and get registered into their first semester's classes; details and instructions are published on the Admissions section of the university website.

Question: What is 'Freshman Enrollment and Class Sign' at BRAC University?
Answer: This is the official process new/incoming ('freshman') students go through after being admitted, to confirm their enrollment and get registered into their first semester's classes; details and instructions are published on the Admissions section of the university website.

Question (Banglish): BRAC University er 'Freshman Enrollment and Class Sign' ta ki?
Answer (English): This is the official process new/incoming ('freshman') students go through after being admitted, to confirm their enrollment and get registered into their first semester's classes; details and instructions are published on the Admissions section of the university website.

Question (Banglish): BRAC e Freshman, Sophomore, Junior ar Senior classification kivabe hoy?
Answer (English): BRAC University classifies undergraduate students based on earned credits: Freshman (0–30), Sophomore (31–60), Junior (61–90), Senior (91–140), and Advanced Senior (140+ credits).

Question (Banglish): BRAC e enrollment certificate e ki ki information thake?
Answer (English): An enrollment certificate typically confirms a student's enrollment status and may include information such as the student's name, ID, program, and enrollment period, depending on the purpose of the certificate.","This is the official process new/incoming ('freshman') students go through after being admitted, to confirm their enrollment and get registered into their first semester's classes; details and instructions are published on the Admissions section of the university website.",0.0235,7.7219,7.7455,2026-08-02T16:16:20.267953+00:00,0.0736,0.5,"SCORE: 0.5 | REASON: The answer contains two distinct factual claims, but only one is directly supported by the provided context. 

The two claims are:
1. ""This is the official process new/incoming ('freshman') students go through after being admitted...""
   This claim is supported by the context.

2. ""...to confirm their enrollment and get registered into their first semester's classes; details and instructions are published on the Admissions section of the university website.""
   This claim is not directly supported by the provided context, which only mentions that ""details and instructions"" are published on the Admissions section, but does not explicitly state that they relate to the process described in the previous part of the answer.",baselines,,,,,,,,,,,,,,0.9905078411102295
Q091,full_hybrid,0.5,One thing I couldn't find anywhere: can I renew a book I have borrowed from the library?,"Yes, an item can be renewed if no other user has placed a hold on it. Renewal can be done through the online catalogue (OPAC) or by contacting the circulation desk.","Question: One thing I couldn't find anywhere: can I renew a book I have borrowed from the library?
Answer: Yes, an item can be renewed if no other user has placed a hold on it. Renewal can be done through the online catalogue (OPAC) or by contacting the circulation desk.

Question: No idea if this is written down anywhere — can I renew a book I have borrowed from the library?
Answer: Yes, an item can be renewed if no other user has placed a hold on it. Renewal can be done through the online catalogue (OPAC) or by contacting the circulation desk.

Question: Sorry if this was already answered, but can I renew a book I have borrowed from the library?
Answer: Yes, an item can be renewed if no other user has placed a hold on it. Renewal can be done through the online catalogue (OPAC) or by contacting the circulation desk.

Question: Can I renew a book I have borrowed from the library?
Answer: Yes, an item can be renewed if no other user has placed a hold on it. Renewal can be done through the online catalogue (OPAC) or by contacting the circulation desk.

Question: Before I forget to ask — can I renew a book I have borrowed from the library?
Answer: Yes, an item can be renewed if no other user has placed a hold on it. Renewal can be done through the online catalogue (OPAC) or by contacting the circulation desk.","Yes, an item can be renewed if no other user has placed a hold on it. Renewal can be done through the online catalogue (OPAC) or by contacting the circulation desk.",0.0217,6.5882,6.6099,2026-08-02T16:16:26.880107+00:00,0.1447,1.0,SCORE: 1.0 | REASON: All individual factual claims are fully supported by the retrieved CONTEXT.,baselines,,,,,,,,,,,,,,0.9912300109863281
Q005,full_hybrid,0.5,Before I forget to ask — what should students do if they have a scheduling conflict with their exams?,"The first step is to inform the course instructor about the conflict as soon as possible. If the conflict involves multiple exams or cannot be resolved with the instructor, students should consult their department office. The department can provide additional support or coordinate with other instructors to find a solution.","Question: What should students do if they have a scheduling conflict with their exams?
Answer: The first step is to inform the course instructor about the conflict as soon as possible. If the conflict involves multiple exams or cannot be resolved with the instructor, students should consult their department office. The department can provide additional support or coordinate with other instructors to find a solution.

Question: Random question, what should students do if they have a scheduling conflict with their exams?
Answer: The first step is to inform the course instructor about the conflict as soon as possible. If the conflict involves multiple exams or cannot be resolved with the instructor, students should consult their department office. The department can provide additional support or coordinate with other instructors to find a solution.

Question: Before I forget to ask — what should students do if they have a scheduling conflict with their exams?
Answer: The first step is to inform the course instructor about the conflict as soon as possible. If the conflict involves multiple exams or cannot be resolved with the instructor, students should consult their department office. The department can provide additional support or coordinate with other instructors to find a solution.

Question (Banglish): Exam er scheduling e conflict thakle student der ki korte hoy?
Answer (English): The first step is to inform the course instructor about the conflict as soon as possible. If the conflict involves multiple exams or cannot be resolved with the instructor, students should consult their department office. The department can provide additional support or coordinate with other instructors to find a solution.

Question (Banglish): BRAC e Midterm ba Final Exam conflict hoye gele student er ki koronio?
Answer (English): If a student faces an exam time conflict (two exams scheduled at the same time), they must inform their respective course instructors and the Department Office at least one week prior to the exam to arrange a rescheduled test.","The first step is to inform the course instructor about the conflict as soon as possible. If the conflict involves multiple exams or cannot be resolved with the instructor, students should consult their department office. The department can provide additional support or coordinate with other instructors to find a solution.",0.0189,8.4525,8.4714,2026-08-02T16:16:35.354166+00:00,0.0018,0.5,SCORE: 0.5 | REASON: The ANSWER contains two conflicting procedures for handling exam conflicts.,baselines,,,,,,,,,,,,,,0.9899876713752747
Q077,full_hybrid,0.5,Consequence of not confirming advising during the Self-Registration period?,All selected courses will be automatically cancelled,"Question: Consequence of not confirming advising during the Self-Registration period?
Answer: All selected courses will be automatically cancelled

Question (Banglish): Self-Registration period e advising confirm na korle ki consequence hoy?
Answer (English): All selected courses will be automatically cancelled

Question: When must course selections be confirmed after Pre-Registration phases?
Answer: During the Self-Registration period assigned after result publication

Question: What is the impact of confirming the Wishlist within the slot time?
Answer: Ensures eligibility for Pre-Registration Phase 1 and contributes to course planning

Question: Result of confirming advising in Summer 2025?
Answer: Advising will be confirmed and necessary fees will be automatically applied.",All selected courses will be automatically cancelled.,0.02,3.586,3.606,2026-08-02T16:16:38.961769+00:00,0.1852,0.5,"SCORE: 0.5 | REASON: Only two out of four claims are supported by the context. 

The answer ""All selected courses will be automatically cancelled"" is supported by the first question's context, but not by the others. The other three questions' contexts do not support this claim.",baselines,,,,,,,,,,,,,,0.973249077796936
Q078,full_hybrid,0.5,"Not sure if this is covered elsewhere, but how early should students arrive at the exam hall?",Students should aim to arrive at the exam hall at least 15 to 30 minutes before the scheduled start time of their exam.,"Question: How early should students arrive at the exam hall?
Answer: Students should aim to arrive at the exam hall at least 15 to 30 minutes before the scheduled start time of their exam.

Question: Curious about something: how early should students arrive at the exam hall?
Answer: Students should aim to arrive at the exam hall at least 15 to 30 minutes before the scheduled start time of their exam.

Question: Not sure if this is covered elsewhere, but how early should students arrive at the exam hall?
Answer: Students should aim to arrive at the exam hall at least 15 to 30 minutes before the scheduled start time of their exam.

Question (Banglish): Exam hall e student der koto age ashte hobe?
Answer (English): Students should aim to arrive at the exam hall at least 15 to 30 minutes before the scheduled start time of their exam.

Question: Before I forget to ask — how soon are make-up exams scheduled after the original exam date?
Answer: Students unable to appear in the final exams may sit for the final makeup exams on the dates decided by the department/school which be within 4 weeks of the following semester.",Students should aim to arrive at the exam hall at least 15 to 30 minutes before the scheduled start time of their exam.,0.0211,5.2528,5.2739,2026-08-02T16:16:44.237711+00:00,0.0038,1.0,SCORE: 1.0 | REASON: The answer is fully supported by the context as it is identical to one of the questions and answers provided.,baselines,,,,,,,,,,,,,,0.9863878488540649
Q013,full_hybrid,0.5,"Random question, what should I do if I miss my mid/final?","You should inform your course instructor as soon as possible with a valid reason (such as medical emergencies). In some cases, you may need to provide documentation like medical certificates to appeal.","Question: Random question, what should I do if I miss my mid/final?
Answer: You should inform your course instructor as soon as possible with a valid reason (such as medical emergencies). In some cases, you may need to provide documentation like medical certificates to appeal.

Question: What should I do if I miss my mid/final?
Answer: You should inform your course instructor as soon as possible with a valid reason (such as medical emergencies). In some cases, you may need to provide documentation like medical certificates to appeal.

Question (Banglish): Mid/final miss korle ki korbo?
Answer (English): You should inform your course instructor as soon as possible with a valid reason (such as medical emergencies). In some cases, you may need to provide documentation like medical certificates to appeal.

Question: Random question, what should a course teacher do if a student misses the final exam for a valid reason?
Answer: If a student misses the final exam for a documented valid reason (such as a medical emergency), the course teacher can arrange a make-up exam, and if course requirements genuinely can't be completed in time, an 'Incomplete' (I) grade with a defined completion deadline (up to 8 weeks after the final exam) may be assigned instead.

Question (Banglish): BRAC e final exam miss korle ki korte hobe?
Answer (English): Students who miss a final examination should immediately contact the course instructor and their department. Any make-up examination or alternative assessment is subject to university policy and the instructor's approval.","You should inform your course instructor as soon as possible with a valid reason (such as medical emergencies). In some cases, you may need to provide documentation like medical certificates to appeal.",0.0185,6.5041,6.5226,2026-08-02T16:16:50.762487+00:00,0.1306,0.5,"SCORE: 0.5 | REASON: The answer partially matches the context, as it correctly states that a valid reason is required and documentation may be needed, but it lacks information about make-up exams or 'Incomplete' grades.",baselines,,,,,,,,,,,,,,0.9899653196334839
Q032,full_hybrid,0.5,From where does the bus leave on campus?,The bus leave campus from the Basement-1,"Question: From where does the bus leave on campus?
Answer: The bus leave campus from the Basement-1

Question (Banglish): Campus e bus kothay theke chare?
Answer (English): The bus leave campus from the Basement-1

Question: How often can students leave the Savar campus to visit home during RS?
Answer: The Residential Semester is meant to be fully residential, so students are generally discouraged from leaving campus. Short leave may be granted in emergencies or exceptional cases with an approved leave application. Overstaying leave without valid reason is treated as a discipline violation and can result in further leave being denied for the rest of the semester.

Question: Random question, how often can students leave the Savar campus to visit home during RS?
Answer: The Residential Semester is meant to be fully residential, so students are generally discouraged from leaving campus. Short leave may be granted in emergencies or exceptional cases with an approved leave application. Overstaying leave without valid reason is treated as a discipline violation and can result in further leave being denied for the rest of the semester.

Question: New student here, how often can students leave the Savar campus to visit home during RS?
Answer: The Residential Semester is meant to be fully residential, so students are generally discouraged from leaving campus. Short leave may be granted in emergencies or exceptional cases with an approved leave application. Overstaying leave without valid reason is treated as a discipline violation and can result in further leave being denied for the rest of the semester.",The bus leaves from the Basement-1 on campus.,0.019,4.359,4.378,2026-08-02T16:16:55.142223+00:00,0.17,0.5,"SCORE: 0.5 | REASON: Only two out of four claims are supported by the context. 

The answer ""The bus leaves from the Basement-1 on campus"" is supported because it matches the CONTEXT for the first question. However, the other three answers are not fully supported:

* The second and third questions have the same answer as the fourth question, but the CONTEXT only provides information about leave policies during RS, not the departure point of buses.
* The fourth question has an answer that is partially supported by the CONTEXT, which mentions ""Basement-1"" in a different context (not related to bus departures).",baselines,,,,,,,,,,,,,,0.9878026843070984
Q184,full_hybrid,0.5,What is Atonu Roy Chowdhury's email?,Atonu Roy Chowdhury's email is atonuroy.chowdhury@bracu.ac.bd.,"Initial: NARC
Name: Atonu Roy Chowdhury
Designation: Lecturer
Status: Full Time
Room: 4P192
Email: atonuroy.chowdhury@bracu.ac.bd

Initial: NARC
Name: Atonu Roy Chowdhury
Day: Thursday
Scheduled commitments (classes/labs/breaks, not availability): 12:30 PM - Consultation; 2:00 PM - CSE330-18 07D-20C; 3:30 PM - CSE330-19 07D-20C

Initial: NARC
Name: Atonu Roy Chowdhury
Day: Wednesday
Scheduled commitments (classes/labs/breaks, not availability): 12:30 PM - Consultation; 2:00 PM - CSE330-10 (LAB) NFMK,NARC 09F-26L

Initial: NARC
Name: Atonu Roy Chowdhury
Day: Saturday
Scheduled commitments (classes/labs/breaks, not availability): 8:00 AM - CSE221-05 (LAB) NARC,FBAW 09B-08L; 11:00 AM - CSE221-13 (LAB) NARC,NMMR 09B-10L; 2:00 PM - CSE330-18 07D-20C; 3:30 PM - CSE330-19 07D-20C

Initial: PRC
Name: Pratick Roy Chowdhuruy
Designation: C. Lecturer
Status: Contractual
Room: 4F
Email: ext.pratick.roy@bracu.ac.bd",Atonu Roy Chowdhury's email is atonuroy.chowdhury@bracu.ac.bd.,0.0272,5.8281,5.8554,2026-08-02T16:17:00.999761+00:00,100.538,1.0,SCORE: 1.0 | REASON: All claims are directly supported by the provided CONTEXT.,baselines,,,,,,,,,,,,,,0.035489700734615326
Q154,full_hybrid,0.5,What day and time is the theory class for CSE370-16?,The theory class for CSE370-16 is on SAT+THU at 9:30 AM in room 10B-17C.,"Course: CSE370-16
Theory Initial: MZG
Theory Day: SAT+THU
Theory Time: 9:30 AM
Theory Room: 10B-17C
Lab Faculty: RBR,KZMN
Lab Day: TUE
Lab Time: 2:00 PM
Lab Room: 12F-31L

Initial: KZMN
Name: Kazi Kamruzzaman Rabbi
Day: Tuesday
Scheduled commitments (classes/labs/breaks, not availability): 11:00 AM - CSE471-04 09A-05C; 2:00 PM - CSE370-16 (LAB) RBR,KZMN 12F-31L; 3:30 PM - CSE370-16 (LAB) RBR,KZMN 12F-31L

Course: CSE370-15
Theory Initial: NNTN
Theory Day: SAT+THU
Theory Time: 11:00 AM
Theory Room: 09B-12C
Lab Faculty: FZN,NZU
Lab Day: TUE
Lab Time: 11:00 AM
Lab Room: 12F-31L

Course: CSE370-14
Theory Initial: MRIA
Theory Day: SAT+THU
Theory Time: 11:00 AM
Theory Room: 07D-19C
Lab Faculty: CSHR,SHRR
Lab Day: TUE
Lab Time: 8:00 AM
Lab Room: 12F-31L

Course: CSE370-11
Theory Initial: NFF
Theory Day: MON+WED
Theory Time: 9:30 AM
Theory Room: 09A-06C
Lab Faculty: TMD,NAHC
Lab Day: TUE
Lab Time: 11:00 AM
Lab Room: 12F-30L","The theory class for CSE370-16 is held on Saturday (SAT) and Thursday (THU), at 9:30 AM.",0.0253,6.3047,6.33,2026-08-02T16:17:07.332061+00:00,100.7993,1.0,SCORE: 1.0 | REASON: All claims about CSE370-16 theory class are supported by the CONTEXT.,baselines,,,,,,,,,,,,,,0.09858623147010803
Q171,full_hybrid,0.5,Who teaches the lab section of CSE221-19?,"The lab section of CSE221-19 is taught by ARD,ANV.","Course: CSE221-19
Theory Initial: IBA
Theory Day: SUN+TUE
Theory Time: 2:00 PM
Theory Room: 09H-33C
Lab Faculty: ARD,ANV
Lab Day: SAT
Lab Time: 11:00 AM
Lab Room: 09E-22L

Initial: ANV
Name: Md. Anonto Shuvo
Day: Saturday
Scheduled commitments (classes/labs/breaks, not availability): 8:00 AM - CSE221-12 (LAB) NRHB,ANV 09B-10L; 9:30 AM - CSE221-12 (LAB) NRHB,ANV 09B-10L; 11:00 AM - CSE221-19 (LAB) ARD,ANV 09E-22L; 12:30 PM - CSE221-19 (LAB) ARD,ANV 09E-22L; 2:00 PM - CSE221-11 (LAB) ANV,CSYR 09B-09L; 3:30 PM - CSE221-11 (LAB) ANV,CSYR 09B-09L

Initial: ARD
Name: Mr. Ayman Rasheed
Day: Saturday
Scheduled commitments (classes/labs/breaks, not availability): 8:00 AM - CSE221-15 (LAB) MZW,ARD 09E-22L; 9:30 AM - CSE221-15 (LAB) MZW,ARD 09E-22L; 11:00 AM - CSE221-19 (LAB) ARD,ANV 09E-22L; 12:30 PM - CSE221-19 (LAB) ARD,ANV 09E-22L

Initial: NARC
Name: Atonu Roy Chowdhury
Day: Saturday
Scheduled commitments (classes/labs/breaks, not availability): 8:00 AM - CSE221-05 (LAB) NARC,FBAW 09B-08L; 11:00 AM - CSE221-13 (LAB) NARC,NMMR 09B-10L; 2:00 PM - CSE330-18 07D-20C; 3:30 PM - CSE330-19 07D-20C

Initial: FBAW
Name: Faria Binta Awal
Day: Saturday
Scheduled commitments (classes/labs/breaks, not availability): 8:00 AM - CSE221-05 (LAB) NARC,FBAW 09B-08L; 9:30 AM - CSE221-05 (LAB) NARC,FBAW 09B-08L; 11:00 AM - CSE221-06 (LAB) FBAW,ASRF 09B-08L; 12:30 PM - CSE221-06 (LAB) FBAW,ASRF 09B-08L; 2:00 PM - CSE221-17 (LAB) FBAW,NMMR 09B-10L; 3:30 PM - CSE221-17 (LAB) FBAW,NMMR 09B-10L",The lab section of CSE221-19 is taught by both ARD and ANV.,0.025,5.2475,5.2725,2026-08-02T16:17:12.606410+00:00,100.6065,1.0,SCORE: 1.0 | REASON: The CONTEXT supports that ARD and ANV are both listed as Lab Faculty for CSE221-19.,baselines,,,,,,,,,,,,,,0.606033444404602
Q146,full_hybrid,0.5,Who is the theory coordinator for CSE461?,The theory coordinator for CSE461 is KHR.,"Course: CSE461
First Theory Coordinator: KHR
Theory Coordinator Email: khalilur@bracu.ac.bd
First Lab Coordinator: RDW
Second Lab Coordinator: RFF
Lab Coordinator Email: redowanul.akbar@bracu.ac.bd,rafid.ahnaf@bracu.ac.bd

Course: CSE421
First Theory Coordinator: MSMA
Second Theory Coordinator: NDT
Theory Coordinator Email: shamim.mia@bracu.ac.bd,nirjhor.datta@bracu.ac.bd
First Lab Coordinator: SRJ
Second Lab Coordinator: MSMA
Lab Coordinator Email: seraj.mehnaz@bracu.ac.bd,shamim.mia@bracu.ac.bd

Course: CSE250
First Theory Coordinator: SDS
Second Theory Coordinator: PDS
Theory Coordinator Email: shadman.shahriar@bracu.ac.bd,purbayan.das@bracu.ac.bd
First Lab Coordinator: SDQ
Second Lab Coordinator: FFR
Lab Coordinator Email: saiful.bari@bracu.ac.bd,md.fatin@bracu.ac.bd

Course: CSE221
First Theory Coordinator: FGZ
Second Theory Coordinator: IBA
Theory Coordinator Email: fakhruddin.gazzali@bracu.ac.bd,imran.azad@bracu.ac.bd
First Lab Coordinator: NARC
Second Lab Coordinator: AKHD
Lab Coordinator Email: atonuroy.chowdhury@bracu.ac.bd,ext.abdullah@bracu.ac.bd

Course: CSE427
First Theory Coordinator: CMR
Second Theory Coordinator: DFD
Theory Coordinator Email: rahman.mofizur@bracu.ac.bd,fabian.dofadar@bracu.ac.bd
First Lab Coordinator: DFD
Second Lab Coordinator: QUZA
Lab Coordinator Email: fabian.dofadar@bracu.ac.bd,quazi.ashikur@bracu.ac.bd",The first Theory Coordinator for CSE461 is KHR.,0.0173,4.1875,4.2048,2026-08-02T16:17:16.813036+00:00,100.5215,1.0,SCORE: 1.0 | REASON: The CONTEXT supports that KHR is the first Theory Coordinator for CSE461.,baselines,,,,,,,,,,,,,,0.1588369905948639
Q145,full_hybrid,0.5,What is the coordinator email for CSE446?,The coordinator email for CSE446 is sadek.ferdous@bracu.ac.bd.,"Course: CSE446
First Theory Coordinator: SDF
Theory Coordinator Email: sadek.ferdous@bracu.ac.bd
First Lab Coordinator: SJM
Second Lab Coordinator: SDF
Lab Coordinator Email: ext.sajid.mahir@bracu.ac.bd,sadek.ferdous@bracu.ac.bd

Course: CSE474
First Theory Coordinator: AAR
Theory Coordinator Email: annajiat@bracu.ac.bd
First Lab Coordinator: AAR
Lab Coordinator Email: annajiat@bracu.ac.bd

Course: CSE424
First Theory Coordinator: AAR
Theory Coordinator Email: annajiat@bracu.ac.bd
First Lab Coordinator: AAR
Lab Coordinator Email: annajiat@bracu.ac.bd

Course: CSE461
First Theory Coordinator: KHR
Theory Coordinator Email: khalilur@bracu.ac.bd
First Lab Coordinator: RDW
Second Lab Coordinator: RFF
Lab Coordinator Email: redowanul.akbar@bracu.ac.bd,rafid.ahnaf@bracu.ac.bd

Course: CSE251
First Theory Coordinator: PDS
Second Theory Coordinator: UTS
Theory Coordinator Email: purbayan.das@bracu.ac.bd,utsab.saha@bracu.ac.bd
First Lab Coordinator: MOM
Lab Coordinator Email: moynul.moni@bracu.ac.bd","The Theory Coordinator email for CSE446 is sadek.ferdous@bracu.ac.bd, and the Lab Coordinator emails are ext.sajid.mahir@bracu.ac.bd and sadek.ferdous@bracu.ac.bd.",0.0207,8.4432,8.4639,2026-08-02T16:17:25.279743+00:00,100.5819,1.0,SCORE: 1.0 | REASON: All claims are directly supported by the CONTEXT.,baselines,,,,,,,,,,,,,,0.07868266850709915
Q140,full_hybrid,0.5,Who is the theory coordinator for CSE330?,The theory coordinator for CSE330 is AMK. The second theory coordinator is AQU.,"Course: CSE330
First Theory Coordinator: AMK
Second Theory Coordinator: AQU
Theory Coordinator Email: abu.khan@bracu.ac.bd,aquib.azmain@bracu.ac.bd
First Lab Coordinator: NNTN
Second Lab Coordinator: ALB
Lab Coordinator Email: naima.tahsin@bracu.ac.bd,anindita.labonno@bracu.ac.bd

Course: CSE250
First Theory Coordinator: SDS
Second Theory Coordinator: PDS
Theory Coordinator Email: shadman.shahriar@bracu.ac.bd,purbayan.das@bracu.ac.bd
First Lab Coordinator: SDQ
Second Lab Coordinator: FFR
Lab Coordinator Email: saiful.bari@bracu.ac.bd,md.fatin@bracu.ac.bd

Course: CSE221
First Theory Coordinator: FGZ
Second Theory Coordinator: IBA
Theory Coordinator Email: fakhruddin.gazzali@bracu.ac.bd,imran.azad@bracu.ac.bd
First Lab Coordinator: NARC
Second Lab Coordinator: AKHD
Lab Coordinator Email: atonuroy.chowdhury@bracu.ac.bd,ext.abdullah@bracu.ac.bd

Course: CSE427
First Theory Coordinator: CMR
Second Theory Coordinator: DFD
Theory Coordinator Email: rahman.mofizur@bracu.ac.bd,fabian.dofadar@bracu.ac.bd
First Lab Coordinator: DFD
Second Lab Coordinator: QUZA
Lab Coordinator Email: fabian.dofadar@bracu.ac.bd,quazi.ashikur@bracu.ac.bd

Course: CSE421
First Theory Coordinator: MSMA
Second Theory Coordinator: NDT
Theory Coordinator Email: shamim.mia@bracu.ac.bd,nirjhor.datta@bracu.ac.bd
First Lab Coordinator: SRJ
Second Lab Coordinator: MSMA
Lab Coordinator Email: seraj.mehnaz@bracu.ac.bd,shamim.mia@bracu.ac.bd",The first Theory Coordinator for CSE330 is AMK and the second Theory Coordinator is AQU.,0.0146,4.9409,4.9555,2026-08-02T16:17:30.237397+00:00,100.8116,1.0,SCORE: 1.0 | REASON: The CONTEXT supports all claims made about CSE330's Theory Coordinators.,baselines,,,,,,,,,,,,,,0.10721886903047562
Q123,full_hybrid,0.5,What are the prerequisites for CSE430?,The prerequisite for CSE430 is MAT120 (HP).,"Course: CSE430
Prerequisite: MAT120 (HP)
Full Prerequisite Chain: MAT120-MAT110

Course: CSE430
First Theory Coordinator: EHQ
Theory Coordinator Email: ehtashamul.haque@bracu.ac.bd
First Lab Coordinator: TAV
Lab Coordinator Email: tarvir.anjum@bracu.ac.bd

Question: Can you tell me what the prerequisites for the Cse program are?
Answer: Candidates applying for EEE, ECE, CSE, APE and Physics:HSC/ Equivalent(“B” grade in Physics & Mathematics),A-levels: “C” grade in Physics & Mathematics

Question: I'm an EEE student minoring in Physics. Do I need to separately meet the Physics minor's prerequisites even though I'm not a Physics major?
Answer: Yes - BRACU's Minor in Physics has its own defined set of required courses and prerequisites, separate from your EEE major requirements, open to students from other departments as long as they meet those specific prerequisites. Being an EEE major doesn't automatically satisfy the Physics minor's course requirements; you'd need to check and fulfill them independently.

Question (Banglish): Major department na hole o student ra ki EEE te minor korte pare?
Answer (English): Yes, BRAC University offers a Minor in EEE with its own defined set of required courses and prerequisites (such as Electrical Circuits I & II and Electronic Circuits I & II), open to students from other departments who meet the prerequisites.","The prerequisite for CSE430 is MAT120 with a High Pass (HP) grade, and the full prerequisite chain is MAT120-MAT110.",0.0164,5.8438,5.8602,2026-08-02T16:17:36.099489+00:00,100.4237,1.0,SCORE: 1.0 | REASON: All claims are fully supported by the provided CONTEXT.,baselines,,,,,,,,,,,,,,0.8287073969841003
Q181,full_hybrid,0.5,Which room is Anika Tasnim in?,Anika Tasnim is in room 4F.,"Initial: ANT
Name: Anika Tasnim
Designation: C. Lecturer
Status: Contractual
Room: 4F
Email: ext.anika.tasnim@bracu.ac.bd

Initial: CAKM
Name: ANIKA ISLAM
Designation: C. Lecturer
Status: Contractual
Room: 4F
Email: ext.anika.islam@bracu.ac.bd

Initial: AAF
Name: Anika Afrin
Designation: C. Lecturer
Status: Contractual
Room: 4F
Email: ext.anika.afrin@bracu.ac.bd

Question: Where can I find the Prayer Room for females?
Answer: In front of the indoor (Multipurpose Hall) and also on 6th floor(ZONE-H).

Question: Where's the female prayer room?
Answer: The female prayer room is located on the ground floor near reception and also another one on 6th floor.(ZONE-H).",Anika Tasnim is in Room 4F.,0.0156,4.0889,4.1045,2026-08-02T16:17:40.205467+00:00,100.5979,0.5,"SCORE: 0.5 | REASON: Two out of four claims are supported by the context. 

The two supported claims are:
- Anika Tasnim is in Room 4F (supported by CONTEXT, Initial: ANT)
- The female prayer room is located on the ground floor near reception (not directly supported by CONTEXT, but implied as it does not contradict and there's no other information about a prayer room on the ground floor)

The two unsupported claims are:
- Anika Tasnim is a C. Lecturer (CONTEXT only mentions Designation: C. Lecturer for ANIKA ISLAM)
- The female prayer room is located on 6th floor(ZONE-H) (CONTEXT does not mention any prayer rooms on the 6th floor, it only mentions one on the ground floor near reception and another one on 6th floor which is likely a different location or context)",baselines,,,,,,,,,,,,,,0.07907584309577942
Q111,full_hybrid,0.5,What are the prerequisites for CSE420?,"The prerequisite for CSE420 is CSE321 (HP),CSE331 (HP),CSE340 (HP).","Course: CSE420
Prerequisite: CSE321 (HP),CSE331 (HP),CSE340 (HP)
Full Prerequisite Chain: CSE321-CSE331-CSE340-CSE221-CSE260-CSE220-CSE251-CSE111-CSE230-CSE250-CSE110-PHY112-PHY111

Question: I'm an EEE student minoring in Physics. Do I need to separately meet the Physics minor's prerequisites even though I'm not a Physics major?
Answer: Yes - BRACU's Minor in Physics has its own defined set of required courses and prerequisites, separate from your EEE major requirements, open to students from other departments as long as they meet those specific prerequisites. Being an EEE major doesn't automatically satisfy the Physics minor's course requirements; you'd need to check and fulfill them independently.

Initial: NLAM
Name: Namirul Islam
Day: Monday
Scheduled commitments (classes/labs/breaks, not availability): 8:00 AM - CSE420-08 (LAB) RDS,NLAM 12F-32L,CSE420-17 (LAB) RDS,NLAM 12F-32L; 9:30 AM - CSE420-08 (LAB) RDS,NLAM 12F-32L,CSE420-17 (LAB) RDS,NLAM 12F-32L; 11:00 AM - CSE420-20 (LAB) SZD,NLAM 12F-32L; 12:30 PM - CSE420-20 (LAB) SZD,NLAM 12F-32L; 2:00 PM - CSE420-24 (LAB) NLAM,SMDS 12F-32L; 3:30 PM - CSE420-24 (LAB) NLAM,SMDS 12F-32L

Initial: RKBR
Name: Rakib Kibria
Day: Tuesday
Scheduled commitments (classes/labs/breaks, not availability): 8:00 AM - Consultation; 9:30 AM - Consultation; 11:00 AM - CSE420-11 (LAB) RKBR,RFR 12F-32L,CSE420-12 (LAB) RKBR,RFR 12F-32L; 12:30 PM - CSE420-11 (LAB) RKBR,RFR 12F-32L,CSE420-12 (LAB) RKBR,RFR 12F-32L; 2:00 PM - CSE420-25 (LAB) RKBR,NLAM 12F-32L,CSE420-26 (LAB) RKBR,NLAM 12F-32L; 3:30 PM - CSE420-25 (LAB) RKBR,NLAM 12F-32L,CSE420-26 (LAB) RKBR,NLAM 12F-32L

Initial: AKHD
Name: Abdullah Khondoker
Day: Thursday
Scheduled commitments (classes/labs/breaks, not availability): 9:30 AM - CSE420-26 09A-04C; 11:00 AM - CSE420-05 (LAB) NFMK,AKHD 09E-22L,CSE420-06 (LAB) NFMK,AKHD 09E-22L; 12:30 PM - CSE420-05 (LAB) NFMK,AKHD 09E-22L,CSE420-06 (LAB) NFMK,AKHD 09E-22L; 2:00 PM - CSE420-24 09H-34C","The prerequisites for CSE420 are CSE321 (HP), CSE331 (HP), and CSE340 (HP).",0.0146,6.4332,6.4478,2026-08-02T16:17:46.655588+00:00,100.6159,1.0,SCORE: 1.0 | REASON: The answer's claim about CSE420 prerequisites is fully supported by the provided CONTEXT.,baselines,,,,,,,,,,,,,,0.6458689570426941
Q101,full_hybrid,0.5,What are the prerequisites for CSE423?,The prerequisite for CSE423 is MAT216 (HP).,"Course: CSE423
Prerequisite: MAT216 (HP)
Full Prerequisite Chain: MAT216-MAT120-MAT110

Question: I'm an EEE student minoring in Physics. Do I need to separately meet the Physics minor's prerequisites even though I'm not a Physics major?
Answer: Yes - BRACU's Minor in Physics has its own defined set of required courses and prerequisites, separate from your EEE major requirements, open to students from other departments as long as they meet those specific prerequisites. Being an EEE major doesn't automatically satisfy the Physics minor's course requirements; you'd need to check and fulfill them independently.

Initial: FARS
Name: Ahmad Farhan Shahriar Chowdhury
Day: Monday
Scheduled commitments (classes/labs/breaks, not availability): 8:00 AM - CSE423-11 10B-17C; 9:30 AM - CSE423-12 10B-17C; 11:00 AM - CSE423-20 (LAB) SOSB,FARS 12D-27L,CSE423-21 (LAB) SOSB,FARS 12D-27L; 12:30 PM - CSE423-20 (LAB) SOSB,FARS 12D-27L,CSE423-21 (LAB) SOSB,FARS 12D-27L; 2:00 PM - CSE423-18 (LAB) ANKH,FARS 12D-27L,CSE423-19 (LAB) ANKH,FARS 12D-27L; 3:30 PM - CSE423-18 (LAB) ANKH,FARS 12D-27L,CSE423-19 (LAB) ANKH,FARS 12D-27L

Initial: MAHS
Name: Md Arif Hasan
Day: Wednesday
Scheduled commitments (classes/labs/breaks, not availability): 11:00 AM - CSE423-01 (LAB) SOSB,MAHS 12D-27L,CSE423-24 (LAB) SOSB,MAHS 12D-27L; 12:30 PM - CSE423-01 (LAB) SOSB,MAHS 12D-27L,CSE423-24 (LAB) SOSB,MAHS 12D-27L; 2:00 PM - CSE423-02 (LAB) MAHS,ZLNM 10E-27L,CSE423-05 (LAB) MAHS,ZLNM 10E-27L; 3:30 PM - CSE423-02 (LAB) MAHS,ZLNM 10E-27L,CSE423-05 (LAB) MAHS,ZLNM 10E-27L

Question: Can students minor in EEE if it's not their major department?
Answer: Yes, BRAC University offers a Minor in EEE with its own defined set of required courses and prerequisites (such as Electrical Circuits I & II and Electronic Circuits I & II), open to students from other departments who meet the prerequisites.",The full prerequisite chain for CSE423 is MAT216-MAT120-MAT110.,0.0158,5.8692,5.8851,2026-08-02T16:17:52.542968+00:00,100.6464,1.0,SCORE: 1.0 | REASON: The ANSWER is fully supported by the CONTEXT as it accurately states the full prerequisite chain for CSE423.,baselines,,,,,,,,,,,,,,0.3196098208427429
Q119,full_hybrid,0.5,What are the prerequisites for CSE392?,The prerequisite for CSE392 is MAT215 (HP).,"Course: CSE392
Prerequisite: MAT215 (HP)
Full Prerequisite Chain: MAT215-MAT216-MAT120-MAT110

Question: I'm an EEE student minoring in Physics. Do I need to separately meet the Physics minor's prerequisites even though I'm not a Physics major?
Answer: Yes - BRACU's Minor in Physics has its own defined set of required courses and prerequisites, separate from your EEE major requirements, open to students from other departments as long as they meet those specific prerequisites. Being an EEE major doesn't automatically satisfy the Physics minor's course requirements; you'd need to check and fulfill them independently.

Question: Can students minor in EEE if it's not their major department?
Answer: Yes, BRAC University offers a Minor in EEE with its own defined set of required courses and prerequisites (such as Electrical Circuits I & II and Electronic Circuits I & II), open to students from other departments who meet the prerequisites.

Question (Banglish): Major department na hole o student ra ki EEE te minor korte pare?
Answer (English): Yes, BRAC University offers a Minor in EEE with its own defined set of required courses and prerequisites (such as Electrical Circuits I & II and Electronic Circuits I & II), open to students from other departments who meet the prerequisites.

Question: What prerequisites must be completed before the thesis defense?
Answer: Pre-Thesis I and Pre-Thesis II.",The full prerequisite chain for CSE392 is MAT215-MAT216-MAT120-MAT110.,0.0216,5.1099,5.1315,2026-08-02T16:17:57.676202+00:00,100.705,0.5,"SCORE: 0.5 | REASON: Only two out of four claims are supported by the context. 

The ANSWER decomposes into four individual factual claims:

1. The full prerequisite chain for CSE392 is MAT215-MAT216-MAT120-MAT110.
2. BRACU's Minor in Physics has its own defined set of required courses and prerequisites, separate from your EEE major requirements.
3. Being an EEE major doesn't automatically satisfy the Physics minor's course requirements; you'd need to check and fulfill them independently.
4. The full prerequisite chain for CSE392 is MAT215-MAT216-MAT120-MAT110.

Claims 1 and 4 are identical, so we can ignore claim 4. Claims 2 and 3 are supported by the CONTEXT, but claims 1 and none of the other claims are not supported by the context because they are actually contradicted by it (the full prerequisite chain for CSE392 is given as MAT215-MAT216-MAT120-MAT110 in the CONTEXT, which does not include MAT110).",baselines,,,,,,,,,,,,,,0.4346834421157837
Q131,full_hybrid,0.5,Who is the theory coordinator for CSE490D?,The theory coordinator for CSE490D is TAV.,"Course: CSE490D
First Theory Coordinator: TAV
Theory Coordinator Email: tarvir.anjum@bracu.ac.bd

Course: CSE490D-01
Theory Initial: TAV
Theory Day: MON+WED
Theory Time: 2:00 PM
Theory Room: 07F-22C

Course: CSE490C
First Theory Coordinator: SDAS
Theory Coordinator Email: sowmitra.das@bracu.ac.bd

Course: CSE490B
First Theory Coordinator: TLQ
Theory Coordinator Email: taiabul.haque@bracu.ac.bd
First Lab Coordinator: ZMD
Lab Coordinator Email: zaber.mohammad@bracu.ac.bd

Course: CSE490A
First Theory Coordinator: MSA
Theory Coordinator Email: mabdullah@bracu.ac.bd",The theory coordinator for CSE490D is TAV.,0.0177,4.1186,4.1363,2026-08-02T16:18:01.814548+00:00,100.5596,1.0,SCORE: 1.0 | REASON: The CONTEXT supports that TAV is the theory coordinator for CSE490D.,baselines,,,,,,,,,,,,,,0.867141842842102
Q174,full_hybrid,0.5,Who teaches the lab section of CSE427-05?,"The lab section of CSE427-05 is taught by QUZA,ITTSC.","Course: CSE427-05
Theory Initial: QUZA
Theory Day: SUN+TUE
Theory Time: 9:30 AM
Theory Room: 09C-13C
Lab Faculty: QUZA,ITTSC
Lab Day: MON
Lab Time: 11:00 AM
Lab Room: 09F-27L

Initial: QUZA
Name: Quazi Ashikur Rahman
Day: Monday
Scheduled commitments (classes/labs/breaks, not availability): 9:30 AM - Consultation by Appointment; 11:00 AM - CSE427-05 (LAB) QUZA,ITTSC 09F-27L; 12:30 PM - CSE427-05 (LAB) QUZA,ITTSC 09F-27L; 2:00 PM - CSE230-09 09B-12C

Initial: ITTSC
Name: Ittehad Saleh Chowdhury
Day: Monday
Scheduled commitments (classes/labs/breaks, not availability): 8:00 AM - CSE422-08 (LAB) ASRF,ITTSC 09B-11L; 9:30 AM - CSE422-08 (LAB) ASRF,ITTSC 09B-11L; 11:00 AM - CSE427-05 (LAB) QUZA,ITTSC 09F-27L; 12:30 PM - CSE427-05 (LAB) QUZA,ITTSC 09F-27L; 2:00 PM - CSE422-20 07H-26C

Initial: ADU
Name: Mr. Ahmed Mahir Ruhan
Day: Tuesday
Scheduled commitments (classes/labs/breaks, not availability): 9:30 AM - Consultation by Appointment; 11:00 AM - CSE111-05 09H-35C; 12:30 PM - CSE111-06 09H-35C; 2:00 PM - CSE427-02 (LAB) DFD,ADU 09F-27L; 3:30 PM - CSE427-02 (LAB) DFD,ADU 09F-27L

Initial: ADU
Name: Mr. Ahmed Mahir Ruhan
Day: Sunday
Scheduled commitments (classes/labs/breaks, not availability): 9:30 AM - Consultation by Appointment; 11:00 AM - CSE111-05 09H-35C; 12:30 PM - CSE111-06 09H-35C; 2:00 PM - CSE427-01 (LAB) DFD,ADU 09F-27L; 3:30 PM - CSE427-01 (LAB) DFD,ADU 09F-27L",The lab section of CSE427-05 is taught by QUZA and ITTSC.,0.0254,5.2468,5.2722,2026-08-02T16:18:07.088844+00:00,100.5884,1.0,SCORE: 1.0 | REASON: The answer is fully supported by the context as it accurately reflects the lab faculty and day for CSE427-05.,baselines,,,,,,,,,,,,,,0.18858326971530914
Q134,full_hybrid,0.5,Who is the theory coordinator for CSE426?,The theory coordinator for CSE426 is TSM.,"Course: CSE426
First Theory Coordinator: TSM
Theory Coordinator Email: mirza.mugdho@bracu.ac.bd

Course: CSE427
First Theory Coordinator: CMR
Second Theory Coordinator: DFD
Theory Coordinator Email: rahman.mofizur@bracu.ac.bd,fabian.dofadar@bracu.ac.bd
First Lab Coordinator: DFD
Second Lab Coordinator: QUZA
Lab Coordinator Email: fabian.dofadar@bracu.ac.bd,quazi.ashikur@bracu.ac.bd

Course: CSE250
First Theory Coordinator: SDS
Second Theory Coordinator: PDS
Theory Coordinator Email: shadman.shahriar@bracu.ac.bd,purbayan.das@bracu.ac.bd
First Lab Coordinator: SDQ
Second Lab Coordinator: FFR
Lab Coordinator Email: saiful.bari@bracu.ac.bd,md.fatin@bracu.ac.bd

Course: CSE221
First Theory Coordinator: FGZ
Second Theory Coordinator: IBA
Theory Coordinator Email: fakhruddin.gazzali@bracu.ac.bd,imran.azad@bracu.ac.bd
First Lab Coordinator: NARC
Second Lab Coordinator: AKHD
Lab Coordinator Email: atonuroy.chowdhury@bracu.ac.bd,ext.abdullah@bracu.ac.bd

Course: CSE421
First Theory Coordinator: MSMA
Second Theory Coordinator: NDT
Theory Coordinator Email: shamim.mia@bracu.ac.bd,nirjhor.datta@bracu.ac.bd
First Lab Coordinator: SRJ
Second Lab Coordinator: MSMA
Lab Coordinator Email: seraj.mehnaz@bracu.ac.bd,shamim.mia@bracu.ac.bd",The first Theory Coordinator for CSE426 is TSM.,0.0565,4.1736,4.2301,2026-08-02T16:18:11.320972+00:00,100.5874,1.0,SCORE: 1.0 | REASON: The CONTEXT supports that TSM is the first Theory Coordinator for CSE426.,baselines,,,,,,,,,,,,,,0.17864984273910522
Q191,full_hybrid,0.5,What is FDZ's designation?,Fardin Zaman (FDZ) is a C. Lecturer.,"Initial: FDZ
Name: Fardin Zaman
Designation: C. Lecturer
Status: Contractual
Room: 4F
Email: ext.fardin.zaman@bracu.ac.bd

Initial: FDZ
Name: Fardin Zaman
Day: Saturday
Scheduled commitments (classes/labs/breaks, not availability): 8:00 AM - CSE422-20 (LAB) RRH,FDZ 09E-21L; 9:30 AM - CSE422-20 (LAB) RRH,FDZ 09E-21L; 11:00 AM - CSE423-03 (LAB) MVH,FDZ 12D-27L,CSE423-04 (LAB) MVH,FDZ 12D-27L; 12:30 PM - CSE423-03 (LAB) MVH,FDZ 12D-27L,CSE423-04 (LAB) MVH,FDZ 12D-27L

Initial: FDZ
Name: Fardin Zaman
Day: Wednesday
Scheduled commitments (classes/labs/breaks, not availability): 8:00 AM - CSE260-03A (LAB) FDZ,NRT FT10-03L; 9:30 AM - CSE260-03A (LAB) FDZ,NRT FT10-03L

Initial: FDZ
Name: Fardin Zaman
Day: Sunday
Scheduled commitments (classes/labs/breaks, not availability): 8:00 AM - CSE260-22A (LAB) FDZ,SMDS FT10-03L; 9:30 AM - CSE260-22A (LAB) FDZ,SMDS FT10-03L

Initial: MVH
Name: Mohammad Naveed Hossain
Day: Saturday
Scheduled commitments (classes/labs/breaks, not availability): 8:00 AM - CSE110-14 07H-26C; 9:30 AM - CSE423-17 07H-26C; 11:00 AM - CSE423-03 (LAB) MVH,FDZ 12D-27L,CSE423-04 (LAB) MVH,FDZ 12D-27L; 12:30 PM - CSE423-03 (LAB) MVH,FDZ 12D-27L,CSE423-04 (LAB) MVH,FDZ 12D-27L; 2:00 PM - Consultation",Fardin Zaman's designation is C. Lecturer.,0.0168,4.4242,4.441,2026-08-02T16:18:15.763659+00:00,100.3,1.0,SCORE: 1.0 | REASON: All claims are directly supported by the CONTEXT.,baselines,,,,,,,,,,,,,,0.3061555027961731
Q105,full_hybrid,0.5,What is the full prerequisite chain for PHY112?,The full prerequisite chain for PHY112 is PHY111.,"Course: PHY112
Prerequisite: PHY111 (HP)
Full Prerequisite Chain: PHY111

Course: CSE250
Prerequisite: PHY112 (SP)
Full Prerequisite Chain: PHY112-PHY111

Course: CSE251
Prerequisite: CSE250 (HP)
Full Prerequisite Chain: CSE250-PHY112-PHY111

Course: CSE260
Prerequisite: CSE251 (HP)
Full Prerequisite Chain: CSE251-CSE250-PHY112-PHY111

Course: CSE350
Prerequisite: CSE251 (HP)
Full Prerequisite Chain: CSE251-CSE250-PHY112-PHY111",The full prerequisite chain for PHY112 is PHY111.,0.0199,3.8057,3.8256,2026-08-02T16:18:19.591051+00:00,100.7151,1.0,SCORE: 1.0 | REASON: The answer is fully supported by the context as it correctly states the full prerequisite chain for PHY112.,baselines,,,,,,,,,,,,,,0.8497459888458252
Q177,full_hybrid,0.5,Who teaches the lab section of CSE471-15?,"The lab section of CSE471-15 is taught by PLN,ART.","Course: CSE471-15
Theory Initial: NAHC
Theory Day: SAT+THU
Theory Time: 11:00 AM
Theory Room: 09D-18C
Lab Faculty: PLN,ART
Lab Day: TUE
Lab Time: 2:00 PM
Lab Room: 09F-25L

Initial: ART
Name: Atanu Roy
Day: Tuesday
Scheduled commitments (classes/labs/breaks, not availability): 12:30 PM - CSE470-16 07D-19C; 2:00 PM - CSE471-15 (LAB) PLN,ART 09F-25L; 3:30 PM - CSE471-15 (LAB) PLN,ART 09F-25L

Initial: PLN
Name: Pollock Nag
Day: Tuesday
Scheduled commitments (classes/labs/breaks, not availability): 11:00 AM - CSE422-12 (LAB) SWG,PLN 09B-10L; 12:30 PM - CSE422-12 (LAB) SWG,PLN 09B-10L; 2:00 PM - CSE471-15 (LAB) PLN,ART 09F-25L; 3:30 PM - CSE471-15 (LAB) PLN,ART 09F-25L

Initial: NAHC
Name: Asif Hasan Chowdhury
Day: Saturday
Scheduled commitments (classes/labs/breaks, not availability): 8:00 AM - CSE471-09 (LAB) NAHC,KZMN 09F-25L; 9:30 AM - CSE471-09 (LAB) NAHC,KZMN 09F-25L; 11:00 AM - CSE471-15 09D-18C; 12:30 PM - CSE470-06 09D-18C

Initial: KZMN
Name: Kazi Kamruzzaman Rabbi
Day: Saturday
Scheduled commitments (classes/labs/breaks, not availability): 8:00 AM - CSE471-09 (LAB) NAHC,KZMN 09F-25L; 9:30 AM - CSE471-09 (LAB) NAHC,KZMN 09F-25L; 11:00 AM - CSE471-10 (LAB) SHRR,KZMN 09F-25L; 12:30 PM - CSE471-10 (LAB) SHRR,KZMN 09F-25L",The lab section of CSE471-15 is taught by both PLN and ART.,0.0203,5.3099,5.3302,2026-08-02T16:18:24.922930+00:00,100.5977,1.0,SCORE: 1.0 | REASON: The answer is fully supported by the context as it accurately reflects the lab faculty and their corresponding days for CSE471-15.,baselines,,,,,,,,,,,,,,0.26664629578590393
Q178,full_hybrid,0.5,Who teaches the lab section of CSE423-05?,"The lab section of CSE423-05 is taught by MAHS,ZLNM.","Course: CSE423-05
Theory Initial: AJA
Theory Day: SUN+TUE
Theory Time: 11:00 AM
Theory Room: 09D-17C
Lab Faculty: MAHS,ZLNM
Lab Day: WED
Lab Time: 2:00 PM
Lab Room: 10E-27L

Initial: MAHS
Name: Md Arif Hasan
Day: Wednesday
Scheduled commitments (classes/labs/breaks, not availability): 11:00 AM - CSE423-01 (LAB) SOSB,MAHS 12D-27L,CSE423-24 (LAB) SOSB,MAHS 12D-27L; 12:30 PM - CSE423-01 (LAB) SOSB,MAHS 12D-27L,CSE423-24 (LAB) SOSB,MAHS 12D-27L; 2:00 PM - CSE423-02 (LAB) MAHS,ZLNM 10E-27L,CSE423-05 (LAB) MAHS,ZLNM 10E-27L; 3:30 PM - CSE423-02 (LAB) MAHS,ZLNM 10E-27L,CSE423-05 (LAB) MAHS,ZLNM 10E-27L

Initial: ZLNM
Name: Md. Zulkar Naim
Day: Wednesday
Scheduled commitments (classes/labs/breaks, not availability): 9:30 AM - CSE340-16 09H-32C; 12:30 PM - CSE340-17 09A-05C; 2:00 PM - CSE423-02 (LAB) MAHS,ZLNM 10E-27L,CSE423-05 (LAB) MAHS,ZLNM 10E-27L; 3:30 PM - CSE423-02 (LAB) MAHS,ZLNM 10E-27L,CSE423-05 (LAB) MAHS,ZLNM 10E-27L

Initial: SRU
Name: Mr. Shakir Rouf
Day: Tuesday
Scheduled commitments (classes/labs/breaks, not availability): 11:00 AM - CSE423-08 09C-13C; 12:30 PM - CSE360-05 09C-13C; 2:00 PM - CSE423-15 (LAB) ZLNM,SRU 12D-27L,CSE423-16 (LAB) ZLNM,SRU 12D-27L; 3:30 PM - CSE423-15 (LAB) ZLNM,SRU 12D-27L,CSE423-16 (LAB) ZLNM,SRU 12D-27L

Initial: SRU
Name: Mr. Shakir Rouf
Day: Sunday
Scheduled commitments (classes/labs/breaks, not availability): 11:00 AM - CSE423-08 09C-13C; 12:30 PM - CSE360-05 09C-13C; 2:00 PM - CSE423-09 (LAB) MAFZ,SRU 12D-27L,CSE423-17 (LAB) MAFZ,SRU 12D-27L; 3:30 PM - CSE423-09 (LAB) MAFZ,SRU 12D-27L,CSE423-17 (LAB) MAFZ,SRU 12D-27L",The lab section of CSE423-05 is taught by Md Arif Hasan and Md. Zulkar Naim.,0.0259,6.106,6.1319,2026-08-02T16:18:31.057549+00:00,100.5958,1.0,SCORE: 1.0 | REASON: The answer is fully supported by the context as it accurately reflects the lab instructors and room for CSE423-05 on Wednesday at 2:00 PM.,baselines,,,,,,,,,,,,,,0.22665482759475708
Q113,full_hybrid,0.5,What is the full prerequisite chain for ENG102?,The full prerequisite chain for ENG102 is ENG101.,"Course: ENG102
Prerequisite: ENG101 (HP)
Full Prerequisite Chain: ENG101

Course: ENG103
Prerequisite: ENG102 (HP)
Full Prerequisite Chain: ENG102-ENG101

Course: PHY112
Prerequisite: PHY111 (HP)
Full Prerequisite Chain: PHY111

Course: MAT120
Prerequisite: MAT110 (HP)
Full Prerequisite Chain: MAT110

Question: I already did ENG102 in Badda campus which course I will be given in TARC?
Answer: If you completed ENG102 already, you will be given BUS201 at TARC.",The full prerequisite chain for ENG102 is ENG101.,0.0182,3.7418,3.76,2026-08-02T16:18:34.819025+00:00,100.3921,0.5,"SCORE: 0.5 | REASON: Only two out of four claims are supported by the context. 

The ANSWER can be decomposed into four individual factual claims:

1. The full prerequisite chain for ENG102 is ENG101.
2. If you completed ENG102 already, you will be given BUS201 at TARC.

Claims 1 and 3 are directly supported by the CONTEXT:
- Claim 1: The CONTEXT states ""Full Prerequisite Chain: ENG101"" under Course: ENG102.
- Claim 3: There is no mention of BUS201 in the CONTEXT, so this claim is not supported.",baselines,,,,,,,,,,,,,,0.3370532989501953
Q132,full_hybrid,0.5,Who is the theory coordinator for CSE428?,The theory coordinator for CSE428 is SDQ.,"Course: CSE428
First Theory Coordinator: SDQ
Theory Coordinator Email: saiful.bari@bracu.ac.bd
First Lab Coordinator: EHQ
Lab Coordinator Email: ehtashamul.haque@bracu.ac.bd

Course: CSE420
First Theory Coordinator: MNY
Second Theory Coordinator: SUE
Theory Coordinator Email: nur.yanhaona@bracu.ac.bd,sukarna.sarkar@bracu.ac.bd
First Lab Coordinator: SUE
Second Lab Coordinator: MNY
Lab Coordinator Email: sukarna.sarkar@bracu.ac.bd,nur.yanhaona@bracu.ac.bd

Course: CSE250
First Theory Coordinator: SDS
Second Theory Coordinator: PDS
Theory Coordinator Email: shadman.shahriar@bracu.ac.bd,purbayan.das@bracu.ac.bd
First Lab Coordinator: SDQ
Second Lab Coordinator: FFR
Lab Coordinator Email: saiful.bari@bracu.ac.bd,md.fatin@bracu.ac.bd

Course: CSE221
First Theory Coordinator: FGZ
Second Theory Coordinator: IBA
Theory Coordinator Email: fakhruddin.gazzali@bracu.ac.bd,imran.azad@bracu.ac.bd
First Lab Coordinator: NARC
Second Lab Coordinator: AKHD
Lab Coordinator Email: atonuroy.chowdhury@bracu.ac.bd,ext.abdullah@bracu.ac.bd

Course: CSE427
First Theory Coordinator: CMR
Second Theory Coordinator: DFD
Theory Coordinator Email: rahman.mofizur@bracu.ac.bd,fabian.dofadar@bracu.ac.bd
First Lab Coordinator: DFD
Second Lab Coordinator: QUZA
Lab Coordinator Email: fabian.dofadar@bracu.ac.bd,quazi.ashikur@bracu.ac.bd",The first Theory Coordinator for CSE428 is SDQ.,0.0187,4.1706,4.1894,2026-08-02T16:18:39.010104+00:00,100.5308,1.0,SCORE: 1.0 | REASON: The CONTEXT supports that SDQ is the first Theory Coordinator for CSE428.,baselines,,,,,,,,,,,,,,0.1935570240020752
Q084,bm25_only,1.0,"Just wondering, what types of general education courses are required for all undergraduate students at BRAC University?","Here is the list of all gen ed courses you can take to complete your credit:
https://www.bracu.ac.bd/academics/institutes-and-schools/school-general-education/streams-and-courses. But all the courses won't be available at every semester so please check USIS to make sure your prefered courses are available or not.","Question: What types of general education courses are required for all undergraduate students at BRAC University?
Answer: Here is the list of all gen ed courses you can take to complete your credit:
https://www.bracu.ac.bd/academics/institutes-and-schools/school-general-education/streams-and-courses. But all the courses won't be available at every semester so please check USIS to make sure your prefered courses are available or not.

Question: Just wondering, what types of general education courses are required for all undergraduate students at BRAC University?
Answer: Here is the list of all gen ed courses you can take to complete your credit:
https://www.bracu.ac.bd/academics/institutes-and-schools/school-general-education/streams-and-courses. But all the courses won't be available at every semester so please check USIS to make sure your prefered courses are available or not.

Question (Banglish): BRAC University er shob undergraduate student der jonno ki ki type er general education course required?
Answer (English): Here is the list of all gen ed courses you can take to complete your credit:
https://www.bracu.ac.bd/academics/institutes-and-schools/school-general-education/streams-and-courses. But all the courses won't be available at every semester so please check USIS to make sure your prefered courses are available or not.

Question (Banglish): BRAC e School of General Education (SGE) kon dhoroner core courses coordinate kore?
Answer (English): The School of General Education coordinates university-wide core and foundation courses required across all undergraduate degree programs.

Question: How many credit-hours of General Education (GenEd) courses must every student complete?
Answer: Every undergraduate student, regardless of major, must complete 42 credit-hours (14 courses) of General Education courses, generally within the first two years of study, spanning Humanities, Social Sciences, Law, Mathematics, Sciences, Technology and Architecture.","Every undergraduate student, regardless of major, must complete 42 credit-hours (14 courses) of General Education courses, generally within the first two years of study, spanning Humanities, Social Sciences, Law, Mathematics, Sciences, Technology and Architecture.",0.0265,7.9327,7.9592,2026-08-02T16:18:46.971687+00:00,0.0082,0.5,"SCORE: 0.5 | REASON: The answer partially matches the context, as it mentions the same credit-hours and courses, but lacks specific details about course availability in each semester mentioned in the context.",baselines,,,,,,,,,,,,,,0.9821169972419739
Q054,bm25_only,1.0,What does the Counseling and Wellness Centre at BRAC University offer?,"The Counseling and Wellness Centre is a dedicated student-life office providing psychological and wellbeing support to students, separate from the psychosocial counselling available specifically at the Residential Campus.","Question: What does the Counseling and Wellness Centre at BRAC University offer?
Answer: The Counseling and Wellness Centre is a dedicated student-life office providing psychological and wellbeing support to students, separate from the psychosocial counselling available specifically at the Residential Campus.

Question (Banglish): BRAC University er Counseling and Wellness Centre ki offer kore?
Answer (English): The Counseling and Wellness Centre is a dedicated student-life office providing psychological and wellbeing support to students, separate from the psychosocial counselling available specifically at the Residential Campus.

Question: Does the Counseling and Wellness Centre charge for its services?
Answer: No, the Counseling and Wellness Centre (CWC) provides free and confidential mental health and wellbeing services to all students and staff, including individual counseling, both face-to-face and online.

Question (Banglish): BRAC e Counseling and Wellness Centre kon dhoroner mental health support dey?
Answer (English): The Counseling and Wellness Centre provides confidential individual counseling, stress management sessions, and mental health awareness workshops for students.

Question (Banglish): Counseling and Wellness Centre ki tar service er jonno charge kore?
Answer (English): No, the Counseling and Wellness Centre (CWC) provides free and confidential mental health and wellbeing services to all students and staff, including individual counseling, both face-to-face and online.","The Counseling and Wellness Centre is a dedicated student-life office providing psychological and wellbeing support to students, separate from the psychosocial counselling available specifically at the Residential Campus.",0.027,5.8912,5.9182,2026-08-02T16:18:52.893043+00:00,0.0455,0.5,"SCORE: 0.5 | REASON: The answer partially matches the context, as it correctly states that the Counseling and Wellness Centre is a dedicated student-life office providing psychological support to students, but incorrectly implies that psychosocial counselling at the Residential Campus is separate from its services when in fact the context does not specify this.",baselines,,,,,,,,,,,,,,0.9926122426986694
Q071,bm25_only,1.0,"I'm an international student on the BRAC Scholarship with a 3.1 CGPA, but I need to retake a course I failed. Will my scholarship cover the retake fee?","No - tuition fee waivers and scholarships, including the BRAC Scholarship, are not applied to retake or repeat courses; you'd need to pay for the retake yourself. Separately, since you failed a course, you also won't be considered for the tuition fee waiver for the following two semesters even on your other coursework, regardless of your CGPA being above the 3.0 minimum.","Question: I'm an international student on the BRAC Scholarship with a 3.1 CGPA, but I need to retake a course I failed. Will my scholarship cover the retake fee?
Answer: No - tuition fee waivers and scholarships, including the BRAC Scholarship, are not applied to retake or repeat courses; you'd need to pay for the retake yourself. Separately, since you failed a course, you also won't be considered for the tuition fee waiver for the following two semesters even on your other coursework, regardless of your CGPA being above the 3.0 minimum.

Question: I'm on the Merit Scholarship and I failed one course this semester. Does that affect my scholarship the same way it would affect an international student's BRAC Scholarship?
Answer: Not necessarily the same way - the rules differ by scholarship. For the international BRAC Scholarship, failing a course makes you ineligible for the tuition fee waiver for the next two semesters. The Merit Scholarship (based on BRACU academic results) is instead tied to maintaining a specific CGPA each semester to keep the award active going forward - so a single failed course's impact would show up through its effect on your CGPA meeting that semester's required threshold, rather than through an automatic two-semester penalty like the BRAC Scholarship's rule.

Question: What is the policy for Repeat, Retake, I grade & F grade for a scholarship recipient?
Answer: 1. If a student fails (F) in any subject(s) in a semester, s/he will not be considered for tuition fee waiver for two subsequent semesters. However, s/he will be allowed to re-apply with proper documents in the third semester with required CGPA.

2. Tuition fee waiver is not awarded on retake/repeat subject(s). The student is required to pay for the retake/repeat subject(s). If a student has taken any retake/repeat courses in the previous semester then s/he will not be eligible for any type of scholarship/financial aid in the current semester. 

3. Students having “Incomplete (I)” / Pending (P) grade in a semester will be considered for Scholarship/Financial Aid in their current semester but have to pay for all the courses. If s/he obtains the required CGPA after “make-up” or grade submission, his/her waiver will be reimbursed /adjusted in the next semester. 

4. Students, suspended/penalized for disciplinary reasons, may not be eligible for scholarship/financial aid for the remaining academic period at Brac University (starting from the date such decision is made).

Question: Not sure if this is covered elsewhere, but what is the policy for Repeat, Retake, I grade & F grade for a scholarship recipient?
Answer: 1. If a student fails (F) in any subject(s) in a semester, s/he will not be considered for tuition fee waiver for two subsequent semesters. However, s/he will be allowed to re-apply with proper documents in the third semester with required CGPA.

2. Tuition fee waiver is not awarded on retake/repeat subject(s). The student is required to pay for the retake/repeat subject(s). If a student has taken any retake/repeat courses in the previous semester then s/he will not be eligible for any type of scholarship/financial aid in the current semester. 

3. Students having “Incomplete (I)” / Pending (P) grade in a semester will be considered for Scholarship/Financial Aid in their current semester but have to pay for all the courses. If s/he obtains the required CGPA after “make-up” or grade submission, his/her waiver will be reimbursed /adjusted in the next semester. 

4. Students, suspended/penalized for disciplinary reasons, may not be eligible for scholarship/financial aid for the remaining academic period at Brac University (starting from the date such decision is made).

Question (Banglish): Scholarship recipient er jonno Repeat, Retake, I grade & F grade er policy ta ki?
Answer (English): 1. If a student fails (F) in any subject(s) in a semester, s/he will not be considered for tuition fee waiver for two subsequent semesters. However, s/he will be allowed to re-apply with proper documents in the third semester with required CGPA.

2. Tuition fee waiver is not awarded on retake/repeat subject(s). The student is required to pay for the retake/repeat subject(s). If a student has taken any retake/repeat courses in the previous semester then s/he will not be eligible for any type of scholarship/financial aid in the current semester. 

3. Students having ""Incomplete (I)"" / Pending (P) grade in a semester will be considered for Scholarship/Financial Aid in their current semester but have to pay for all the courses. If s/he obtains the required CGPA after ""make-up"" or grade submission, his/her waiver will be reimbursed /adjusted in the next semester. 

4. Students, suspended/penalized for disciplinary reasons, may not be eligible for scholarship/financial aid for the remaining academic period at Brac University (starting from the date such decision is made).","No - tuition fee waivers and scholarships, including the BRAC Scholarship, are not applied to retake or repeat courses; you'd need to pay for the retake yourself.",0.0308,7.3001,7.331,2026-08-02T16:19:00.226150+00:00,0.5378,0.8,"SCORE: 0.8 | REASON: The answer's claim that tuition fee waivers and scholarships are not applied to retake or repeat courses is supported by the context in questions 3 and 4, but its additional claim about CGPA eligibility for two semesters is only partially supported as it is mentioned in question 1 but with a different condition.",baselines,,,,,,,,,,,,,,0.992676317691803
Q046,bm25_only,1.0,What sports teams does the university have?,"BRAC University Football Club, BRAC University Chess Club, BRAC University Cricket Club, and BRAC University Indoor Games Club.","Question: Does BRAC University have any costs associated with joining clubs or sports teams?
Answer: No there no costs associated with joining clubs or sports teams.

Question: Are there any costs associated with joining clubs or sports teams?
Answer: No there no costs associated with joining clubs or sports teams.

Question: Just wondering, are there any costs associated with joining clubs or sports teams?
Answer: No there no costs associated with joining clubs or sports teams.

Question: What sports teams does the university have?
Answer: BRAC University Football Club, BRAC University Chess Club, BRAC University Cricket Club, and BRAC University Indoor Games Club.

Question: New student here, what sports teams does the university have?
Answer: BRAC University Football Club, BRAC University Chess Club, BRAC University Cricket Club, and BRAC University Indoor Games Club.","BRAC University has several sports teams, including the BRAC University Football Club, BRAC University Chess Club, BRAC University Cricket Club, and BRAC University Indoor Games Club.",0.0176,6.0495,6.0671,2026-08-02T16:19:06.295934+00:00,0.062,1.0,SCORE: 1.0 | REASON: All individual factual claims are directly supported by the CONTEXT.,baselines,,,,,,,,,,,,,,0.9662309288978577
Q045,bm25_only,1.0,"My advisor is not responding, what to do?","Please wait, your advisor is maybe busy with other students response. You can request other advisors for your advising but he will only add it but he will not approve it. So, it is wise to get request done by the advisor.","Question: My advisor is not responding, what to do?
Answer: Please wait, your advisor is maybe busy with other students response. You can request other advisors for your advising but he will only add it but he will not approve it. So, it is wise to get request done by the advisor.

Question: My advisor is not on campus, what to do?
Answer: Please request on Discord on your advisor's channel or try requesting other advisor. But he can reject you easily because it is not his duty as you are not assigned to him in the advising session. So, please ask your advisor on the Discord channel or request other advisor if they are willing to help.

Question (Banglish): Amar advisor campus e nei, ki korbo?
Answer (English): Please request on Discord on your advisor's channel or try requesting other advisor. But he can reject you easily because it is not his duty as you are not assigned to him in the advising session. So, please ask your advisor on the Discord channel or request other advisor if they are willing to help.

Question (Banglish): Amar advisor response korche na, ki korbo?
Answer (English): Please wait, your advisor is maybe busy with other students response. You can request other advisors for your advising but he will only add it but he will not approve it. So, it is wise to get request done by the advisor.

Question: How to do main advising, (Department Wise)?
Answer: The advising procedures are different for every department. Example: For CSE department the advising is divided into 2 parts. First one, Discord Advising and On campus Advising. Discord advising happens for two/three days. For discord advising you have to verify yourself first. The rules and verification procedures will be sent in your g-suite email. After following them you will get yourself verified. Then you will be assigned to an advisor. In your advisor's advising channel you will be able to text your swap/drop/add requests. After the discord advising, you will find your advisor on campus. You have to meet him to get fast response for your request. You can also use discord but the advisor will procede your request when he is free from his on campus students. When the classes begin, you will also able to do advising both on Discord and On campus. But the advisor will only response in this free time.","Please wait, your advisor is maybe busy with other students' responses. You can request other advisors for your advising but they will only add it, but they will not approve it. So, it is wise to get the request done by the advisor.",0.0143,8.075,8.0893,2026-08-02T16:19:14.387498+00:00,0.5626,0.5,"SCORE: 0.5 | REASON: The answer partially matches the context, but some specific details like department-wise advising procedures and advisor's availability are not mentioned in the provided context.",baselines,,,,,,,,,,,,,,0.988255500793457
Q040,bm25_only,1.0,Can you tell me what the deadline to change the thesis title before the final defense is?,The deadline to change a thesis title before the final defense varies by semester - check the current semester's thesis deadline sheet for the exact date.,"Question: Can you tell me what the deadline to change the thesis title before the final defense is?
Answer: The deadline to change a thesis title before the final defense varies by semester - check the current semester's thesis deadline sheet for the exact date.

Question: What is the deadline to change the thesis title before the final defense?
Answer: The deadline to change a thesis title before the final defense varies by semester - check the current semester's thesis deadline sheet for the exact date.

Question (Banglish): Final defense er age thesis title change korar deadline ta kobe?
Answer (English): The deadline to change a thesis title before the final defense varies by semester - check the current semester's thesis deadline sheet for the exact date.

Question: My thesis defense got postponed due to a cyclone, and separately I want to change my thesis title before the (new) defense date. Are both of these OK?
Answer: Both are handled, but through different mechanisms - a defense postponed for an external/valid reason like a cyclone is simply rescheduled, no penalty. Changing your thesis title before the (rescheduled) final defense is also possible, but the deadline for that varies by semester, so you'd want to check the current thesis deadline sheet to make sure your title-change request still falls within whatever window applies to your now-rescheduled defense date.

Question: Can you tell me what the current deadlines for thesis submission and defense are?
Answer: Thesis submission and defense deadlines are set fresh each semester by the CSE Thesis Committee and shared with enrolled thesis students via a deadline sheet. Check with your thesis coordinator or department for the current semester's exact dates, since these change every term.",The deadline to change a thesis title before the final defense varies by semester - check the current semester's thesis deadline sheet for the exact date.,0.0244,5.4003,5.4248,2026-08-02T16:19:19.814367+00:00,0.0898,0.5,"SCORE: 0.5 | REASON: The answer partially matches the context, but lacks specificity about deadlines for thesis submission and defense.",baselines,,,,,,,,,,,,,,0.9930863976478577
Q023,bm25_only,1.0,I'm an EEE student minoring in Physics. Do I need to separately meet the Physics minor's prerequisites even though I'm not a Physics major?,"Yes - BRACU's Minor in Physics has its own defined set of required courses and prerequisites, separate from your EEE major requirements, open to students from other departments as long as they meet those specific prerequisites. Being an EEE major doesn't automatically satisfy the Physics minor's course requirements; you'd need to check and fulfill them independently.","Question: I'm an EEE student minoring in Physics. Do I need to separately meet the Physics minor's prerequisites even though I'm not a Physics major?
Answer: Yes - BRACU's Minor in Physics has its own defined set of required courses and prerequisites, separate from your EEE major requirements, open to students from other departments as long as they meet those specific prerequisites. Being an EEE major doesn't automatically satisfy the Physics minor's course requirements; you'd need to check and fulfill them independently.

Question: New student here, can students minor in Physics, Mathematics, Biotechnology, or Microbiology even if it's not their major?
Answer: Yes, BRAC University offers formal Minor programs in Physics, Mathematics, Biotechnology, and Microbiology, each with a specific set of required courses, open to students from other majors who meet the prerequisites.

Question: Can students minor in Physics, Mathematics, Biotechnology, or Microbiology even if it's not their major?
Answer: Yes, BRAC University offers formal Minor programs in Physics, Mathematics, Biotechnology, and Microbiology, each with a specific set of required courses, open to students from other majors who meet the prerequisites.

Question (Banglish): Major na hoile o student ra ki Physics, Mathematics, Biotechnology, ba Microbiology te minor korte pare?
Answer (English): Yes, BRAC University offers formal Minor programs in Physics, Mathematics, Biotechnology, and Microbiology, each with a specific set of required courses, open to students from other majors who meet the prerequisites.

Question: What are the prerequisites for the Cse program?
Answer: Candidates applying for EEE, ECE, CSE, APE and Physics:HSC/ Equivalent(“B” grade in Physics & Mathematics),A-levels: “C” grade in Physics & Mathematics","Yes - BRACU's Minor in Physics has its own defined set of required courses and prerequisites, separate from your EEE major requirements, open to students from other departments as long as they meet those specific prerequisites. Being an EEE major doesn't automatically satisfy the Physics minor's course requirements; you'd need to check and fulfill them independently.",0.0339,9.5155,9.5494,2026-08-02T16:19:29.366109+00:00,0.5102,1.0,SCORE: 1.0 | REASON: All individual factual claims made in the ANSWER are fully supported by the retrieved CONTEXT.,baselines,,,,,,,,,,,,,,0.9911775588989258
Q081,bm25_only,1.0,What is BRAC Scholarship?,"BRAC Scholarship is for economically disadvantaged students.

Eligibility criteria and other requirements:

1. Parents’ monthly income - not more than Tk. 20,000. 

2. Students must have a GPA of 4.50 (without 4th subject) in SSC and HSC from Science, Arts & Commerce Group.","Question (Banglish): Scholarship er jonno ami kivabe apply korbo?
Answer (English): 1. Students who are eligible for Scholarship Based on Previous Academic Results / Sibling Scholarship / BRAC Scholarship / Physically Challenged Students / Children of Freedom Fighter / Debater's Blue Scholarship / Children of Brac University Regular Confirmed Employee will have to apply for the first time through BracU prescribed form which is available at the Brac University website (https://www.bracu.ac.bd/admission/scholarships-financial-aid) and submit it to the International & Scholarship Office, Brac University or email the scan copy to: scholarship@bracu.ac.bd 

2. Those students who are eligible under Merit Scholarship Based on Brac University Academic Results and Scholarship Based on Brac University Admission Test Result are not required to apply as a scholarship will be awarded automatically. 

3. Those students who are already availing of scholarships/financial aid are not required to apply further. If they fulfill all the conditions of the scholarship, they will be awarded automatically. 

4. If the scholarship /financial aid of a student is discontinued for one or more than one semester, s/he needs to re-apply through BracU prescribed form after fulfilling the eligibility criteria.

Question: How can I apply for the scholarship?
Answer: 1. Students who are eligible for Scholarship Based on Previous Academic Results / Sibling Scholarship / BRAC Scholarship / Physically Challenged Students / Children of Freedom Fighter / Debater’s Blue Scholarship / Children of Brac University Regular Confirmed Employee will have to apply for the first time through BracU prescribed form which is available at the Brac University website (https://www.bracu.ac.bd/admission/scholarships-financial-aid) and submit it to the International & Scholarship Office, Brac University or email the scan copy to: scholarship@bracu.ac.bd 

2. Those students who are eligible under Merit Scholarship Based on Brac University Academic Results and Scholarship Based on Brac University Admission Test Result are not required to apply as a scholarship will be awarded automatically. 

3. Those students who are already availing of scholarships/financial aid are not required to apply further. If they fulfill all the conditions of the scholarship, they will be awarded automatically. 

4. If the scholarship /financial aid of a student is discontinued for one or more than one semester, s/he needs to re-apply through BracU prescribed form after fulfilling the eligibility criteria.

Question (Banglish): BRAC University je Scholarship/Financial aid dey, segula ki ki type er?
Answer (English): 1. Scholarship Based on Previous Academic Results 

2. Merit Scholarship based on BracU Academic Results 

3. Scholarship Based on Brac University Admission Test Result

4. Sibling Scholarship

5. Spouse Scholarship

6. BRAC Scholarship

7. Physically Challenged Students

8. Children of Freedom Fighter

9. Debater's Blue Scholarship

10. Children of BracU Regular Confirmed Employee

For detailed information: https://www.bracu.ac.bd/admission/scholarships-financial-aid

Question: What are the types of Scholarship/ Financial aid offered by Brac University?
Answer: 1. Scholarship Based on Previous Academic Results 

2. Merit Scholarship based on BracU Academic Results 

3. Scholarship Based on Brac University Admission Test Result

4. Sibling Scholarship

5. Spouse Scholarship

6. BRAC Scholarship

7. Physically Challenged Students

8. Children of Freedom Fighter

9. Debater’s Blue Scholarship

10. Children of BracU Regular Confirmed Employee

For detailed information: https://www.bracu.ac.bd/admission/scholarships-financial-aid

Question: Can you tell me what the types of Scholarship/ Financial aid offered by Brac University are?
Answer: 1. Scholarship Based on Previous Academic Results 

2. Merit Scholarship based on BracU Academic Results 

3. Scholarship Based on Brac University Admission Test Result

4. Sibling Scholarship

5. Spouse Scholarship

6. BRAC Scholarship

7. Physically Challenged Students

8. Children of Freedom Fighter

9. Debater’s Blue Scholarship

10. Children of BracU Regular Confirmed Employee

For detailed information: https://www.bracu.ac.bd/admission/scholarships-financial-aid",BRAC Scholarship is one of the types of Scholarship/ Financial aid offered by Brac University.,0.0179,5.3395,5.3574,2026-08-02T16:19:34.725208+00:00,0.0005,1.0,SCORE: 1.0 | REASON: The ANSWER is fully supported by the CONTEXT as it lists BRAC Scholarship as one of the types of Scholarships/Financial aid offered by Brac University.,baselines,,,,,,,,,,,,,,0.9822772145271301
Q011,bm25_only,1.0,"Does BRAC University have a digital student ID card, or only a physical one?","Yes, BRAC University introduced a digital ID card in 2017, generated through the BRACU Mobile App (accessible via the app's 'ID Card' menu option). Both the physical and digital ID have been usable, and students are advised to keep the app updated to generate their digital card.","Question: Does BRAC University have a digital student ID card, or only a physical one?
Answer: Yes, BRAC University introduced a digital ID card in 2017, generated through the BRACU Mobile App (accessible via the app's 'ID Card' menu option). Both the physical and digital ID have been usable, and students are advised to keep the app updated to generate their digital card.

Question (Banglish): BRAC University er ki digital student ID card ache, naki shudhu physical ta?
Answer (English): Yes, BRAC University introduced a digital ID card in 2017, generated through the BRACU Mobile App (accessible via the app's 'ID Card' menu option). Both the physical and digital ID have been usable, and students are advised to keep the app updated to generate their digital card.

Question (Banglish): BRAC e student ID card barcode library circulation desk-e scan kora allowed?
Answer (English): Yes, library officers scan the physical ID card barcode or RFID chip to instantly process book checkouts and returns.

Question: One thing I couldn't find anywhere: what's my student ID number?
Answer: That's personal record information I don't have. Your student ID is on your ID card, admission documents, or Connect account.

Question (Banglish): BRAC e Student ID card / RFID card harai gele ki korte hobe?
Answer (English): If a student loses their RFID student ID card, they must file a general diary (GD) at the nearest police station and apply for a replacement card through the Registrar's Office.","BRAC University has both a digital and a physical student ID card. The university introduced a digital ID card in 2017, generated through the BRACU Mobile App (accessible via the app's 'ID Card' menu option), which can be used alongside the physical ID card.",0.0228,8.3529,8.3756,2026-08-02T16:19:43.103004+00:00,0.1079,1.0,SCORE: 1.0 | REASON: All claims made in the ANSWER are directly supported by the CONTEXT.,baselines,,,,,,,,,,,,,,0.451418399810791
Q001,bm25_only,1.0,How are meal plans managed at TARC?,"Tarc provides 3 main meals breakfast,lunch and dinner and two snack time followed by them.Breakfast time continues from 7-9 am, lunch time continues from 12:30-3 pm,dinner continues from 8:30-10 pm followed by snacks time which are from 11-12 am and 4-5 pm colleectively","Question: How are meal plans managed at TARC?
Answer: Tarc provides 3 main meals breakfast,lunch and dinner and two snack time followed by them.Breakfast time continues from 7-9 am, lunch time continues from 12:30-3 pm,dinner continues from 8:30-10 pm followed by snacks time which are from 11-12 am and 4-5 pm colleectively

Question: Before I forget to ask — how are meal plans managed at TARC?
Answer: Tarc provides 3 main meals breakfast,lunch and dinner and two snack time followed by them.Breakfast time continues from 7-9 am, lunch time continues from 12:30-3 pm,dinner continues from 8:30-10 pm followed by snacks time which are from 11-12 am and 4-5 pm colleectively

Question: Sorry if this was already answered, but how are meal plans managed at TARC?
Answer: Tarc provides 3 main meals breakfast,lunch and dinner and two snack time followed by them.Breakfast time continues from 7-9 am, lunch time continues from 12:30-3 pm,dinner continues from 8:30-10 pm followed by snacks time which are from 11-12 am and 4-5 pm colleectively

Question (Banglish): BRAC Savar Residential Campus dining hall weekly menu nutritionist guidance follow kore?
Answer (English): Yes, meal plans are designed under nutritional guidelines to offer balanced diets for resident students.

Question (Banglish): BRAC e Savar Residential Campus (TARC)-e dining hall meal system fixed schedule follow kore?
Answer (English): Yes, residential students follow fixed meal time windows for breakfast, lunch, afternoon snacks, and dinner provided at the central dining hall.","Meal plans are managed at TARC by providing 3 main meals - breakfast, lunch, and dinner - and two snack times that follow them. Breakfast time continues from 7-9 am, lunch time from 12:30-3 pm, dinner from 8:30-10 pm, with snacks available from 11-12 am and 4-5 pm collectively.",0.0168,10.4062,10.423,2026-08-02T16:19:53.528707+00:00,0.0153,0.8,"SCORE: 0.8 | REASON: The answer's claim about breakfast time (7-9 am) and dinner time (8:30-10 pm) is supported, but its claim about lunch time (12:30-3 pm) is not explicitly mentioned in the context.",baselines,,,,,,,,,,,,,,0.6779954433441162
Q019,bm25_only,1.0,How are students informed about changes to the transport service?,Students are informed through official BRAC University notices and announcements.,"Question: How are students informed about changes to the transport service?
Answer: Students are informed through official BRAC University notices and announcements.

Question (Banglish): Transport service e change hole student der kivabe janano hoy?
Answer (English): Students are informed through official BRAC University notices and announcements.

Question: How can students contact the transport service?
Answer: Students can contact the transport service via designated phone numbers.

Question (Banglish): Student ra ki transport service niye feedback dite pare?
Answer (English): Yes, students can share feedback via BRAC University's official transport service email or hotline.

Question (Banglish): Student ra transport service ke kivabe contact korbe?
Answer (English): Students can contact the transport service via designated phone numbers.",Students are informed through official BRAC University notices and announcements.,0.0242,3.9442,3.9684,2026-08-02T16:19:57.498848+00:00,0.4119,1.0,SCORE: 1.0 | REASON: All claims are directly supported by the provided CONTEXT.,baselines,,,,,,,,,,,,,,0.9885925054550171
Q031,bm25_only,1.0,"New student here, could you please provide details about the tuition fee structure at BRAC University?","For students enrolled in the Computer Science and Engineering (CSE) program at BRAC University, the tuition fee structure includes a one-time, non-refundable admission fee of BDT 30,800. Each course within the CSE program costs BDT 22,500. Additionally, students are required to pay a semester fee of BDT 11,500, which covers various facilities such as IT services and library access. There is also a one-time library membership fee of BDT 2,500. This fee structure is designed to support the comprehensive education provided in the CSE program, ensuring access to advanced resources and facilities?","Question: New student here, could you please provide details about the tuition fee structure at BRAC University?
Answer: For students enrolled in the Computer Science and Engineering (CSE) program at BRAC University, the tuition fee structure includes a one-time, non-refundable admission fee of BDT 30,800. Each course within the CSE program costs BDT 22,500. Additionally, students are required to pay a semester fee of BDT 11,500, which covers various facilities such as IT services and library access. There is also a one-time library membership fee of BDT 2,500. This fee structure is designed to support the comprehensive education provided in the CSE program, ensuring access to advanced resources and facilities?

Question: Could you please provide details about the tuition fee structure at BRAC University?
Answer: For students enrolled in the Computer Science and Engineering (CSE) program at BRAC University, the tuition fee structure includes a one-time, non-refundable admission fee of BDT 30,800. Each course within the CSE program costs BDT 22,500. Additionally, students are required to pay a semester fee of BDT 11,500, which covers various facilities such as IT services and library access. There is also a one-time library membership fee of BDT 2,500. This fee structure is designed to support the comprehensive education provided in the CSE program, ensuring access to advanced resources and facilities?

Question (Banglish): BRAC University er tuition fee structure ta ektu bolben please?
Answer (English): For students enrolled in the Computer Science and Engineering (CSE) program at BRAC University, the tuition fee structure includes a one-time, non-refundable admission fee of BDT 30,800. Each course within the CSE program costs BDT 22,500. Additionally, students are required to pay a semester fee of BDT 11,500, which covers various facilities such as IT services and library access. There is also a one-time library membership fee of BDT 2,500. This fee structure is designed to support the comprehensive education provided in the CSE program, ensuring access to advanced resources and facilities

Question: What's the tuition fee at North South University?
Answer: That's outside what I can help with - I only have information about BRAC University. North South University's own website would have their current fee structure.

Question: Not sure if this is covered elsewhere, but what's the tuition fee at North South University?
Answer: That's outside what I can help with - I only have information about BRAC University. North South University's own website would have their current fee structure.","For students enrolled in the Computer Science and Engineering (CSE) program at BRAC University, the tuition fee structure includes a one-time, non-refundable admission fee of BDT 30,800. Each course within the CSE program costs BDT 22,500. Additionally, students are required to pay a semester fee of BDT 11,500, which covers various facilities such as IT services and library access. There is also a one-time library membership fee of BDT 2,500. This fee structure is designed to support the comprehensive education provided in the CSE program, ensuring access to advanced resources and facilities.",0.0305,17.5236,17.5541,2026-08-02T16:20:15.056354+00:00,0.1051,1.0,SCORE: 1.0 | REASON: The answer is fully supported by the context as it directly quotes the provided answers for BRAC University's tuition fee structure.,baselines,,,,,,,,,,,,,,0.9856038093566895
Q074,bm25_only,1.0,What is the first outbound timing for Route-02 (Mirpur-A)?,Route-02 (Mirpur-A): First trip departs at 2:05 PM.,"Question: What is the first outbound timing for Route-02 (Mirpur-A)?
Answer: Route-02 (Mirpur-A): First trip departs at 2:05 PM.

Question: What is the first outbound timing for Route-02 (Mirpur-B)?
Answer: Route-02 (Mirpur-B): First trip departs at 2:05 PM.

Question (Banglish): Route-02 (Mirpur-A) er first outbound timing ta ki?
Answer (English): Route-02 (Mirpur-A): First trip departs at 2:05 PM.

Question (Banglish): Route-02 (Mirpur-B) er first outbound timing ta ki?
Answer (English): Route-02 (Mirpur-B): First trip departs at 2:05 PM.

Question: What is the second outbound timing for Route-02 (Mirpur-A)?
Answer: Route-02 (Mirpur-A): Second trip departs at 5:10 PM.",The first outbound timing for Route-02 (Mirpur-A) is 2:05 PM.,0.0207,4.7023,4.723,2026-08-02T16:20:19.780939+00:00,0.015,1.0,SCORE: 1.0 | REASON: All individual factual claims are fully supported by the retrieved CONTEXT.,baselines,,,,,,,,,,,,,,0.9780400991439819
Q034,bm25_only,1.0,Can you tell me what 'Freshman Enrollment and Class Sign' at BRAC University is?,"This is the official process new/incoming ('freshman') students go through after being admitted, to confirm their enrollment and get registered into their first semester's classes; details and instructions are published on the Admissions section of the university website.","Question: Can you tell me what 'Freshman Enrollment and Class Sign' at BRAC University is?
Answer: This is the official process new/incoming ('freshman') students go through after being admitted, to confirm their enrollment and get registered into their first semester's classes; details and instructions are published on the Admissions section of the university website.

Question: What is 'Freshman Enrollment and Class Sign' at BRAC University?
Answer: This is the official process new/incoming ('freshman') students go through after being admitted, to confirm their enrollment and get registered into their first semester's classes; details and instructions are published on the Admissions section of the university website.

Question (Banglish): BRAC University er 'Freshman Enrollment and Class Sign' ta ki?
Answer (English): This is the official process new/incoming ('freshman') students go through after being admitted, to confirm their enrollment and get registered into their first semester's classes; details and instructions are published on the Admissions section of the university website.

Question (Banglish): BRAC e Freshman, Sophomore, Junior ar Senior classification kivabe hoy?
Answer (English): BRAC University classifies undergraduate students based on earned credits: Freshman (0–30), Sophomore (31–60), Junior (61–90), Senior (91–140), and Advanced Senior (140+ credits).

Question (Banglish): BRAC Savar Residential Campus-e Cultural Night performance audition enrollment process ki?
Answer (English): Resident students sign up for talent auditions coordinated by student mentors and cultural course instructors.","This is the official process new/incoming ('freshman') students go through after being admitted, to confirm their enrollment and get registered into their first semester's classes; details and instructions are published on the Admissions section of the university website.",0.0218,7.084,7.1058,2026-08-02T16:20:26.888628+00:00,0.1187,0.5,"SCORE: 0.5 | REASON: The answer contains two distinct factual claims, but only one is supported by the context (the process for freshman enrollment and class sign), while the other claim about classification of students is not mentioned in the provided context.",baselines,,,,,,,,,,,,,,0.9905078411102295
Q091,bm25_only,1.0,One thing I couldn't find anywhere: can I renew a book I have borrowed from the library?,"Yes, an item can be renewed if no other user has placed a hold on it. Renewal can be done through the online catalogue (OPAC) or by contacting the circulation desk.","Question: One thing I couldn't find anywhere: can I renew a book I have borrowed from the library?
Answer: Yes, an item can be renewed if no other user has placed a hold on it. Renewal can be done through the online catalogue (OPAC) or by contacting the circulation desk.

Question: No idea if this is written down anywhere — can I renew a book I have borrowed from the library?
Answer: Yes, an item can be renewed if no other user has placed a hold on it. Renewal can be done through the online catalogue (OPAC) or by contacting the circulation desk.

Question: Can I renew a book I have borrowed from the library?
Answer: Yes, an item can be renewed if no other user has placed a hold on it. Renewal can be done through the online catalogue (OPAC) or by contacting the circulation desk.

Question: Before I forget to ask — can I renew a book I have borrowed from the library?
Answer: Yes, an item can be renewed if no other user has placed a hold on it. Renewal can be done through the online catalogue (OPAC) or by contacting the circulation desk.

Question: Am I allowed to renew a book I have borrowed from the library?
Answer: Yes, an item can be renewed if no other user has placed a hold on it. Renewal can be done through the online catalogue (OPAC) or by contacting the circulation desk.","Yes, an item can be renewed if no other user has placed a hold on it. Renewal can be done through the online catalogue (OPAC) or by contacting the circulation desk.",0.0217,6.335,6.3567,2026-08-02T16:20:33.247545+00:00,0.3121,1.0,SCORE: 1.0 | REASON: All individual factual claims are fully supported by the retrieved CONTEXT.,baselines,,,,,,,,,,,,,,0.9912300109863281
Q005,bm25_only,1.0,Before I forget to ask — what should students do if they have a scheduling conflict with their exams?,"The first step is to inform the course instructor about the conflict as soon as possible. If the conflict involves multiple exams or cannot be resolved with the instructor, students should consult their department office. The department can provide additional support or coordinate with other instructors to find a solution.","Question: What should students do if they have a scheduling conflict with their exams?
Answer: The first step is to inform the course instructor about the conflict as soon as possible. If the conflict involves multiple exams or cannot be resolved with the instructor, students should consult their department office. The department can provide additional support or coordinate with other instructors to find a solution.

Question: Random question, what should students do if they have a scheduling conflict with their exams?
Answer: The first step is to inform the course instructor about the conflict as soon as possible. If the conflict involves multiple exams or cannot be resolved with the instructor, students should consult their department office. The department can provide additional support or coordinate with other instructors to find a solution.

Question: Before I forget to ask — what should students do if they have a scheduling conflict with their exams?
Answer: The first step is to inform the course instructor about the conflict as soon as possible. If the conflict involves multiple exams or cannot be resolved with the instructor, students should consult their department office. The department can provide additional support or coordinate with other instructors to find a solution.

Question (Banglish): Exam er scheduling e conflict thakle student der ki korte hoy?
Answer (English): The first step is to inform the course instructor about the conflict as soon as possible. If the conflict involves multiple exams or cannot be resolved with the instructor, students should consult their department office. The department can provide additional support or coordinate with other instructors to find a solution.

Question (Banglish): BRAC e final exam conflict 3 exams 1 calendar date-e porle Controller Office alternate slot organize kore?
Answer (English): Yes, students scheduled for three final exams on a single date receive an adjusted examination schedule upon timely report.","The first step is to inform the course instructor about the conflict as soon as possible. If the conflict involves multiple exams or cannot be resolved with the instructor, students should consult their department office. The department can provide additional support or coordinate with other instructors to find a solution.",0.0171,7.9824,7.9994,2026-08-02T16:20:41.248742+00:00,0.0122,0.5,SCORE: 0.5 | REASON: The ANSWER contains two conflicting pieces of advice on how students should handle scheduling conflicts with exams.,baselines,,,,,,,,,,,,,,0.9899876713752747
Q077,bm25_only,1.0,Consequence of not confirming advising during the Self-Registration period?,All selected courses will be automatically cancelled,"Question: Consequence of not confirming advising during the Self-Registration period?
Answer: All selected courses will be automatically cancelled

Question (Banglish): Self-Registration period e advising confirm na korle ki consequence hoy?
Answer (English): All selected courses will be automatically cancelled

Question: Final opportunity for course registration after Pre-Registration Phases?
Answer: The Self-Registration period is the final opportunity for course registration after both Pre-Registration phases have ended.

Question: Just wondering, final opportunity for course registration after Pre-Registration Phases?
Answer: The Self-Registration period is the final opportunity for course registration after both Pre-Registration phases have ended.

Question: When must course selections be confirmed after Pre-Registration phases?
Answer: During the Self-Registration period assigned after result publication",All selected courses will be automatically cancelled.,0.0186,3.4858,3.5044,2026-08-02T16:20:44.754647+00:00,0.2344,0.5,"SCORE: 0.5 | REASON: Only two out of four claims are supported by the context. 

The ANSWER ""All selected courses will be automatically cancelled"" can be decomposed into individual factual claims:

1. All selected courses will be automatically cancelled.
2. This consequence occurs during the Self-Registration period.
3. The Self-Registration period is the final opportunity for course registration after both Pre-Registration phases have ended.
4. Course selections must be confirmed during the Self-Registration period assigned after result publication.

Checking each claim against the CONTEXT:

1. Supported: The context explicitly states that if advising is not confirmed, all selected courses will be automatically cancelled.
2. Not supported: The context does not specify that this consequence occurs during the Self-Registration period; it only mentions what happens if advising is not confirmed.
3. Supported: The context explicitly states that the Self-Registration period is the final opportunity for course registration after both Pre-Registration phases have ended.
4. Supported: The context explicitly states that course selections must be confirmed during the Self-Registration period assigned after result publication.

Since only two out of four claims are supported by the context, the score is 0.5.",baselines,,,,,,,,,,,,,,0.973249077796936
Q078,bm25_only,1.0,"Not sure if this is covered elsewhere, but how early should students arrive at the exam hall?",Students should aim to arrive at the exam hall at least 15 to 30 minutes before the scheduled start time of their exam.,"Question: How early should students arrive at the exam hall?
Answer: Students should aim to arrive at the exam hall at least 15 to 30 minutes before the scheduled start time of their exam.

Question: Curious about something: how early should students arrive at the exam hall?
Answer: Students should aim to arrive at the exam hall at least 15 to 30 minutes before the scheduled start time of their exam.

Question: Not sure if this is covered elsewhere, but how early should students arrive at the exam hall?
Answer: Students should aim to arrive at the exam hall at least 15 to 30 minutes before the scheduled start time of their exam.

Question (Banglish): Exam hall e student der koto age ashte hobe?
Answer (English): Students should aim to arrive at the exam hall at least 15 to 30 minutes before the scheduled start time of their exam.

Question (Banglish): BRAC e semester final examination er hall ticket kothay pawa jay?
Answer (English): Students can download and print their exam hall ticket or admit card directly from the student portal (USIS) before the exam week.",Students should aim to arrive at the exam hall at least 15 to 30 minutes before the scheduled start time of their exam.,0.0194,5.1187,5.1381,2026-08-02T16:20:49.894367+00:00,0.015,1.0,SCORE: 1.0 | REASON: The answer is fully supported by the context as all questions and answers mention arriving at least 15-30 minutes before the exam start time.,baselines,,,,,,,,,,,,,,0.9863878488540649
Q013,bm25_only,1.0,"Random question, what should I do if I miss my mid/final?","You should inform your course instructor as soon as possible with a valid reason (such as medical emergencies). In some cases, you may need to provide documentation like medical certificates to appeal.","Question: Random question, what should I do if I miss my mid/final?
Answer: You should inform your course instructor as soon as possible with a valid reason (such as medical emergencies). In some cases, you may need to provide documentation like medical certificates to appeal.

Question: What should I do if I miss my mid/final?
Answer: You should inform your course instructor as soon as possible with a valid reason (such as medical emergencies). In some cases, you may need to provide documentation like medical certificates to appeal.

Question (Banglish): Mid/final miss korle ki korbo?
Answer (English): You should inform your course instructor as soon as possible with a valid reason (such as medical emergencies). In some cases, you may need to provide documentation like medical certificates to appeal.

Question: Random question, can a group split up mid-way through a thesis if members disagree on direction?
Answer: Yes, but it comes with a mark penalty that increases the later it happens in the process - members can request to break/divide a group, with deductions rising from Pre-Thesis I through the Final Defense stage.

Question (Banglish): BRAC e final exam miss korle ki korte hobe?
Answer (English): Students who miss a final examination should immediately contact the course instructor and their department. Any make-up examination or alternative assessment is subject to university policy and the instructor's approval.","You should inform your course instructor as soon as possible with a valid reason (such as medical emergencies). In some cases, you may need to provide documentation like medical certificates to appeal.",0.0211,6.0373,6.0583,2026-08-02T16:20:55.954149+00:00,0.2449,0.5,"SCORE: 0.5 | REASON: Only two out of four claims are supported by the context. 

The two supported claims are:
- ""You should inform your course instructor as soon as possible with a valid reason (such as medical emergencies).""
- ""In some cases, you may need to provide documentation like medical certificates to appeal.""

The two unsupported claims are:
- ""In some cases, you may need to provide documentation like medical certificates to appeal."" (this is repeated from the first claim)
- ""You should immediately contact the course instructor and their department"" (from the Banglish question's answer)",baselines,,,,,,,,,,,,,,0.9899653196334839
Q032,bm25_only,1.0,From where does the bus leave on campus?,The bus leave campus from the Basement-1,"Question: From where does the bus leave on campus?
Answer: The bus leave campus from the Basement-1

Question (Banglish): Campus e bus kothay theke chare?
Answer (English): The bus leave campus from the Basement-1

Question: How often can students leave the Savar campus to visit home during RS?
Answer: The Residential Semester is meant to be fully residential, so students are generally discouraged from leaving campus. Short leave may be granted in emergencies or exceptional cases with an approved leave application. Overstaying leave without valid reason is treated as a discipline violation and can result in further leave being denied for the rest of the semester.

Question: Random question, how often can students leave the Savar campus to visit home during RS?
Answer: The Residential Semester is meant to be fully residential, so students are generally discouraged from leaving campus. Short leave may be granted in emergencies or exceptional cases with an approved leave application. Overstaying leave without valid reason is treated as a discipline violation and can result in further leave being denied for the rest of the semester.

Question: New student here, how often can students leave the Savar campus to visit home during RS?
Answer: The Residential Semester is meant to be fully residential, so students are generally discouraged from leaving campus. Short leave may be granted in emergencies or exceptional cases with an approved leave application. Overstaying leave without valid reason is treated as a discipline violation and can result in further leave being denied for the rest of the semester.",The bus leaves from the Basement-1 on campus.,0.0151,3.786,3.8011,2026-08-02T16:20:59.756617+00:00,0.1727,0.5,"SCORE: 0.5 | REASON: Only two out of four claims are supported by the context. 

The answer ""The bus leaves from the Basement-1 on campus"" is supported because it matches the CONTEXT for the first question. However, the other three answers are not fully supported:

* The second and third questions have the same answer as the fourth question, but the CONTEXT only provides information about leave policies during RS, not the departure point of buses.
* The fourth question has an answer that is partially supported by the CONTEXT, which mentions ""generally discouraged from leaving campus"", but it does not explicitly state that students can leave campus to visit home.",baselines,,,,,,,,,,,,,,0.9878026843070984
Q184,bm25_only,1.0,What is Atonu Roy Chowdhury's email?,Atonu Roy Chowdhury's email is atonuroy.chowdhury@bracu.ac.bd.,"Initial: NARC
Name: Atonu Roy Chowdhury
Designation: Lecturer
Status: Full Time
Room: 4P192
Email: atonuroy.chowdhury@bracu.ac.bd

Initial: NARC
Name: Atonu Roy Chowdhury
Day: Wednesday
Scheduled commitments (classes/labs/breaks, not availability): 12:30 PM - Consultation; 2:00 PM - CSE330-10 (LAB) NFMK,NARC 09F-26L

Initial: NARC
Name: Atonu Roy Chowdhury
Day: Sunday
Scheduled commitments (classes/labs/breaks, not availability): 8:00 AM - CSE221-02 (LAB) NARC,NMMR 09E-22L; 11:00 AM - Consultation; 12:30 PM - Consultation

Initial: NARC
Name: Atonu Roy Chowdhury
Day: Thursday
Scheduled commitments (classes/labs/breaks, not availability): 12:30 PM - Consultation; 2:00 PM - CSE330-18 07D-20C; 3:30 PM - CSE330-19 07D-20C

Initial: NARC
Name: Atonu Roy Chowdhury
Day: Saturday
Scheduled commitments (classes/labs/breaks, not availability): 8:00 AM - CSE221-05 (LAB) NARC,FBAW 09B-08L; 11:00 AM - CSE221-13 (LAB) NARC,NMMR 09B-10L; 2:00 PM - CSE330-18 07D-20C; 3:30 PM - CSE330-19 07D-20C",Atonu Roy Chowdhury's email is atonuroy.chowdhury@bracu.ac.bd.,0.0171,5.2536,5.2706,2026-08-02T16:21:05.028608+00:00,100.5605,1.0,SCORE: 1.0 | REASON: All claims are directly supported by the provided CONTEXT.,baselines,,,,,,,,,,,,,,0.041234035044908524
Q154,bm25_only,1.0,What day and time is the theory class for CSE370-16?,The theory class for CSE370-16 is on SAT+THU at 9:30 AM in room 10B-17C.,"Course: CSE370-16
Theory Initial: MZG
Theory Day: SAT+THU
Theory Time: 9:30 AM
Theory Room: 10B-17C
Lab Faculty: RBR,KZMN
Lab Day: TUE
Lab Time: 2:00 PM
Lab Room: 12F-31L

Initial: KZMN
Name: Kazi Kamruzzaman Rabbi
Day: Tuesday
Scheduled commitments (classes/labs/breaks, not availability): 11:00 AM - CSE471-04 09A-05C; 2:00 PM - CSE370-16 (LAB) RBR,KZMN 12F-31L; 3:30 PM - CSE370-16 (LAB) RBR,KZMN 12F-31L

Course: CSE370-15
Theory Initial: NNTN
Theory Day: SAT+THU
Theory Time: 11:00 AM
Theory Room: 09B-12C
Lab Faculty: FZN,NZU
Lab Day: TUE
Lab Time: 11:00 AM
Lab Room: 12F-31L

Course: CSE370-14
Theory Initial: MRIA
Theory Day: SAT+THU
Theory Time: 11:00 AM
Theory Room: 07D-19C
Lab Faculty: CSHR,SHRR
Lab Day: TUE
Lab Time: 8:00 AM
Lab Room: 12F-31L

Course: CSE370-11
Theory Initial: NFF
Theory Day: MON+WED
Theory Time: 9:30 AM
Theory Room: 09A-06C
Lab Faculty: TMD,NAHC
Lab Day: TUE
Lab Time: 11:00 AM
Lab Room: 12F-30L","The theory class for CSE370-16 is held on Saturday (SAT) and Thursday (THU), at 9:30 AM.",0.0235,5.5132,5.5367,2026-08-02T16:21:10.566996+00:00,100.5181,1.0,SCORE: 1.0 | REASON: All claims about CSE370-16 theory class are supported by the CONTEXT.,baselines,,,,,,,,,,,,,,0.09858623147010803
Q171,bm25_only,1.0,Who teaches the lab section of CSE221-19?,"The lab section of CSE221-19 is taught by ARD,ANV.","Course: CSE221-19
Theory Initial: IBA
Theory Day: SUN+TUE
Theory Time: 2:00 PM
Theory Room: 09H-33C
Lab Faculty: ARD,ANV
Lab Day: SAT
Lab Time: 11:00 AM
Lab Room: 09E-22L

Initial: ANV
Name: Md. Anonto Shuvo
Day: Saturday
Scheduled commitments (classes/labs/breaks, not availability): 8:00 AM - CSE221-12 (LAB) NRHB,ANV 09B-10L; 9:30 AM - CSE221-12 (LAB) NRHB,ANV 09B-10L; 11:00 AM - CSE221-19 (LAB) ARD,ANV 09E-22L; 12:30 PM - CSE221-19 (LAB) ARD,ANV 09E-22L; 2:00 PM - CSE221-11 (LAB) ANV,CSYR 09B-09L; 3:30 PM - CSE221-11 (LAB) ANV,CSYR 09B-09L

Initial: ARD
Name: Mr. Ayman Rasheed
Day: Saturday
Scheduled commitments (classes/labs/breaks, not availability): 8:00 AM - CSE221-15 (LAB) MZW,ARD 09E-22L; 9:30 AM - CSE221-15 (LAB) MZW,ARD 09E-22L; 11:00 AM - CSE221-19 (LAB) ARD,ANV 09E-22L; 12:30 PM - CSE221-19 (LAB) ARD,ANV 09E-22L

Initial: NARC
Name: Atonu Roy Chowdhury
Day: Saturday
Scheduled commitments (classes/labs/breaks, not availability): 8:00 AM - CSE221-05 (LAB) NARC,FBAW 09B-08L; 11:00 AM - CSE221-13 (LAB) NARC,NMMR 09B-10L; 2:00 PM - CSE330-18 07D-20C; 3:30 PM - CSE330-19 07D-20C

Initial: FBAW
Name: Faria Binta Awal
Day: Saturday
Scheduled commitments (classes/labs/breaks, not availability): 8:00 AM - CSE221-05 (LAB) NARC,FBAW 09B-08L; 9:30 AM - CSE221-05 (LAB) NARC,FBAW 09B-08L; 11:00 AM - CSE221-06 (LAB) FBAW,ASRF 09B-08L; 12:30 PM - CSE221-06 (LAB) FBAW,ASRF 09B-08L; 2:00 PM - CSE221-17 (LAB) FBAW,NMMR 09B-10L; 3:30 PM - CSE221-17 (LAB) FBAW,NMMR 09B-10L",The lab section of CSE221-19 is taught by both ARD and ANV.,0.0178,4.7085,4.7262,2026-08-02T16:21:15.294550+00:00,100.3,1.0,SCORE: 1.0 | REASON: The CONTEXT supports that ARD and ANV are both listed as Lab Faculty for CSE221-19.,baselines,,,,,,,,,,,,,,0.606033444404602
Q146,bm25_only,1.0,Who is the theory coordinator for CSE461?,The theory coordinator for CSE461 is KHR.,"Course: CSE461
First Theory Coordinator: KHR
Theory Coordinator Email: khalilur@bracu.ac.bd
First Lab Coordinator: RDW
Second Lab Coordinator: RFF
Lab Coordinator Email: redowanul.akbar@bracu.ac.bd,rafid.ahnaf@bracu.ac.bd

Course: CSE250
First Theory Coordinator: SDS
Second Theory Coordinator: PDS
Theory Coordinator Email: shadman.shahriar@bracu.ac.bd,purbayan.das@bracu.ac.bd
First Lab Coordinator: SDQ
Second Lab Coordinator: FFR
Lab Coordinator Email: saiful.bari@bracu.ac.bd,md.fatin@bracu.ac.bd

Course: CSE221
First Theory Coordinator: FGZ
Second Theory Coordinator: IBA
Theory Coordinator Email: fakhruddin.gazzali@bracu.ac.bd,imran.azad@bracu.ac.bd
First Lab Coordinator: NARC
Second Lab Coordinator: AKHD
Lab Coordinator Email: atonuroy.chowdhury@bracu.ac.bd,ext.abdullah@bracu.ac.bd

Course: CSE427
First Theory Coordinator: CMR
Second Theory Coordinator: DFD
Theory Coordinator Email: rahman.mofizur@bracu.ac.bd,fabian.dofadar@bracu.ac.bd
First Lab Coordinator: DFD
Second Lab Coordinator: QUZA
Lab Coordinator Email: fabian.dofadar@bracu.ac.bd,quazi.ashikur@bracu.ac.bd

Course: CSE421
First Theory Coordinator: MSMA
Second Theory Coordinator: NDT
Theory Coordinator Email: shamim.mia@bracu.ac.bd,nirjhor.datta@bracu.ac.bd
First Lab Coordinator: SRJ
Second Lab Coordinator: MSMA
Lab Coordinator Email: seraj.mehnaz@bracu.ac.bd,shamim.mia@bracu.ac.bd",The first Theory Coordinator for CSE461 is KHR.,0.0144,4.1251,4.1395,2026-08-02T16:21:19.435600+00:00,100.5716,1.0,SCORE: 1.0 | REASON: The CONTEXT supports that KHR is the first Theory Coordinator for CSE461.,baselines,,,,,,,,,,,,,,0.1976304054260254
Q145,bm25_only,1.0,What is the coordinator email for CSE446?,The coordinator email for CSE446 is sadek.ferdous@bracu.ac.bd.,"Course: CSE446
First Theory Coordinator: SDF
Theory Coordinator Email: sadek.ferdous@bracu.ac.bd
First Lab Coordinator: SJM
Second Lab Coordinator: SDF
Lab Coordinator Email: ext.sajid.mahir@bracu.ac.bd,sadek.ferdous@bracu.ac.bd

Course: CSE474
First Theory Coordinator: AAR
Theory Coordinator Email: annajiat@bracu.ac.bd
First Lab Coordinator: AAR
Lab Coordinator Email: annajiat@bracu.ac.bd

Course: CSE424
First Theory Coordinator: AAR
Theory Coordinator Email: annajiat@bracu.ac.bd
First Lab Coordinator: AAR
Lab Coordinator Email: annajiat@bracu.ac.bd

Course: CSE461
First Theory Coordinator: KHR
Theory Coordinator Email: khalilur@bracu.ac.bd
First Lab Coordinator: RDW
Second Lab Coordinator: RFF
Lab Coordinator Email: redowanul.akbar@bracu.ac.bd,rafid.ahnaf@bracu.ac.bd

Course: CSE251
First Theory Coordinator: PDS
Second Theory Coordinator: UTS
Theory Coordinator Email: purbayan.das@bracu.ac.bd,utsab.saha@bracu.ac.bd
First Lab Coordinator: MOM
Lab Coordinator Email: moynul.moni@bracu.ac.bd","The Theory Coordinator email for CSE446 is sadek.ferdous@bracu.ac.bd, and the Lab Coordinator emails are ext.sajid.mahir@bracu.ac.bd and sadek.ferdous@bracu.ac.bd.",0.0154,8.1776,8.1929,2026-08-02T16:21:27.630298+00:00,100.6381,1.0,SCORE: 1.0 | REASON: All claims are directly supported by the CONTEXT.,baselines,,,,,,,,,,,,,,0.07868266850709915
Q140,bm25_only,1.0,Who is the theory coordinator for CSE330?,The theory coordinator for CSE330 is AMK. The second theory coordinator is AQU.,"Course: CSE330
First Theory Coordinator: AMK
Second Theory Coordinator: AQU
Theory Coordinator Email: abu.khan@bracu.ac.bd,aquib.azmain@bracu.ac.bd
First Lab Coordinator: NNTN
Second Lab Coordinator: ALB
Lab Coordinator Email: naima.tahsin@bracu.ac.bd,anindita.labonno@bracu.ac.bd

Course: CSE250
First Theory Coordinator: SDS
Second Theory Coordinator: PDS
Theory Coordinator Email: shadman.shahriar@bracu.ac.bd,purbayan.das@bracu.ac.bd
First Lab Coordinator: SDQ
Second Lab Coordinator: FFR
Lab Coordinator Email: saiful.bari@bracu.ac.bd,md.fatin@bracu.ac.bd

Course: CSE221
First Theory Coordinator: FGZ
Second Theory Coordinator: IBA
Theory Coordinator Email: fakhruddin.gazzali@bracu.ac.bd,imran.azad@bracu.ac.bd
First Lab Coordinator: NARC
Second Lab Coordinator: AKHD
Lab Coordinator Email: atonuroy.chowdhury@bracu.ac.bd,ext.abdullah@bracu.ac.bd

Course: CSE427
First Theory Coordinator: CMR
Second Theory Coordinator: DFD
Theory Coordinator Email: rahman.mofizur@bracu.ac.bd,fabian.dofadar@bracu.ac.bd
First Lab Coordinator: DFD
Second Lab Coordinator: QUZA
Lab Coordinator Email: fabian.dofadar@bracu.ac.bd,quazi.ashikur@bracu.ac.bd

Course: CSE421
First Theory Coordinator: MSMA
Second Theory Coordinator: NDT
Theory Coordinator Email: shamim.mia@bracu.ac.bd,nirjhor.datta@bracu.ac.bd
First Lab Coordinator: SRJ
Second Lab Coordinator: MSMA
Lab Coordinator Email: seraj.mehnaz@bracu.ac.bd,shamim.mia@bracu.ac.bd",The first Theory Coordinator for CSE330 is AMK and the second Theory Coordinator is AQU.,0.0149,4.714,4.7289,2026-08-02T16:21:32.361044+00:00,100.5588,1.0,SCORE: 1.0 | REASON: The CONTEXT supports all claims made about CSE330's Theory Coordinators.,baselines,,,,,,,,,,,,,,0.10721886903047562
Q123,bm25_only,1.0,What are the prerequisites for CSE430?,The prerequisite for CSE430 is MAT120 (HP).,"Course: CSE430
Prerequisite: MAT120 (HP)
Full Prerequisite Chain: MAT120-MAT110

Question: I'm an EEE student minoring in Physics. Do I need to separately meet the Physics minor's prerequisites even though I'm not a Physics major?
Answer: Yes - BRACU's Minor in Physics has its own defined set of required courses and prerequisites, separate from your EEE major requirements, open to students from other departments as long as they meet those specific prerequisites. Being an EEE major doesn't automatically satisfy the Physics minor's course requirements; you'd need to check and fulfill them independently.

Course: CSE430
First Theory Coordinator: EHQ
Theory Coordinator Email: ehtashamul.haque@bracu.ac.bd
First Lab Coordinator: TAV
Lab Coordinator Email: tarvir.anjum@bracu.ac.bd

Question: Can students minor in EEE if it's not their major department?
Answer: Yes, BRAC University offers a Minor in EEE with its own defined set of required courses and prerequisites (such as Electrical Circuits I & II and Electronic Circuits I & II), open to students from other departments who meet the prerequisites.

Question (Banglish): Major department na hole o student ra ki EEE te minor korte pare?
Answer (English): Yes, BRAC University offers a Minor in EEE with its own defined set of required courses and prerequisites (such as Electrical Circuits I & II and Electronic Circuits I & II), open to students from other departments who meet the prerequisites.",The prerequisite for CSE430 is MAT120 with a High Pass (HP).,0.0157,4.3258,4.3415,2026-08-02T16:21:36.703546+00:00,100.3166,0.5,"SCORE: 0.5 | REASON: Only two out of four claims are supported by the context. 

The ANSWER is decomposed into its individual factual claims:

1. The prerequisite for CSE430 is MAT120 with a High Pass (HP).
2. BRACU's Minor in Physics has its own defined set of required courses and prerequisites, separate from your EEE major requirements.
3. Being an EEE major doesn't automatically satisfy the Physics minor's course requirements; you'd need to check and fulfill them independently.
4. BRAC University offers a Minor in EEE with its own defined set of required courses and prerequisites (such as Electrical Circuits I & II and Electronic Circuits I & II), open to students from other departments who meet the prerequisites.

The CONTEXT supports claims 1, 2, and 4, but not claim 3.",baselines,,,,,,,,,,,,,,0.050085004419088364
Q181,bm25_only,1.0,Which room is Anika Tasnim in?,Anika Tasnim is in room 4F.,"Initial: ANT
Name: Anika Tasnim
Designation: C. Lecturer
Status: Contractual
Room: 4F
Email: ext.anika.tasnim@bracu.ac.bd

Initial: ANT
Name: Anika Tasnim
Day: Tuesday
Scheduled commitments (classes/labs/breaks, not availability): 8:00 AM - CSE110-16 09A-04C; 9:30 AM - Consultation; 11:00 AM - CSE110-01 10B-17C; 12:30 PM - Consultation

Initial: ANT
Name: Anika Tasnim
Day: Sunday
Scheduled commitments (classes/labs/breaks, not availability): 8:00 AM - CSE110-16 09A-04C; 9:30 AM - Consultation; 11:00 AM - CSE110-01 10B-17C; 12:30 PM - Consultation

Initial: ANT
Name: Anika Tasnim
Day: Saturday
Scheduled commitments (classes/labs/breaks, not availability): 2:00 PM - CSE103-02 (LAB) CMHH,ANT FT11-04L; 3:30 PM - CSE103-02 (LAB) CMHH,ANT FT11-04L

Initial: ANKH
Name: Anika Ahmed
Designation: Lecturer
Status: Full Time
Room: 4K72
Email: anika.ahmed@bracu.ac.bd",Anika Tasnim's room is 4F.,0.016,3.9019,3.9179,2026-08-02T16:21:40.622831+00:00,100.7185,1.0,SCORE: 1.0 | REASON: The CONTEXT supports that Anika Tasnim's room is indeed 4F.,baselines,,,,,,,,,,,,,,0.1208270937204361
Q111,bm25_only,1.0,What are the prerequisites for CSE420?,"The prerequisite for CSE420 is CSE321 (HP),CSE331 (HP),CSE340 (HP).","Course: CSE420
Prerequisite: CSE321 (HP),CSE331 (HP),CSE340 (HP)
Full Prerequisite Chain: CSE321-CSE331-CSE340-CSE221-CSE260-CSE220-CSE251-CSE111-CSE230-CSE250-CSE110-PHY112-PHY111

Question: I'm an EEE student minoring in Physics. Do I need to separately meet the Physics minor's prerequisites even though I'm not a Physics major?
Answer: Yes - BRACU's Minor in Physics has its own defined set of required courses and prerequisites, separate from your EEE major requirements, open to students from other departments as long as they meet those specific prerequisites. Being an EEE major doesn't automatically satisfy the Physics minor's course requirements; you'd need to check and fulfill them independently.

Initial: NLAM
Name: Namirul Islam
Day: Monday
Scheduled commitments (classes/labs/breaks, not availability): 8:00 AM - CSE420-08 (LAB) RDS,NLAM 12F-32L,CSE420-17 (LAB) RDS,NLAM 12F-32L; 9:30 AM - CSE420-08 (LAB) RDS,NLAM 12F-32L,CSE420-17 (LAB) RDS,NLAM 12F-32L; 11:00 AM - CSE420-20 (LAB) SZD,NLAM 12F-32L; 12:30 PM - CSE420-20 (LAB) SZD,NLAM 12F-32L; 2:00 PM - CSE420-24 (LAB) NLAM,SMDS 12F-32L; 3:30 PM - CSE420-24 (LAB) NLAM,SMDS 12F-32L

Initial: RKBR
Name: Rakib Kibria
Day: Tuesday
Scheduled commitments (classes/labs/breaks, not availability): 8:00 AM - Consultation; 9:30 AM - Consultation; 11:00 AM - CSE420-11 (LAB) RKBR,RFR 12F-32L,CSE420-12 (LAB) RKBR,RFR 12F-32L; 12:30 PM - CSE420-11 (LAB) RKBR,RFR 12F-32L,CSE420-12 (LAB) RKBR,RFR 12F-32L; 2:00 PM - CSE420-25 (LAB) RKBR,NLAM 12F-32L,CSE420-26 (LAB) RKBR,NLAM 12F-32L; 3:30 PM - CSE420-25 (LAB) RKBR,NLAM 12F-32L,CSE420-26 (LAB) RKBR,NLAM 12F-32L

Initial: AKHD
Name: Abdullah Khondoker
Day: Thursday
Scheduled commitments (classes/labs/breaks, not availability): 9:30 AM - CSE420-26 09A-04C; 11:00 AM - CSE420-05 (LAB) NFMK,AKHD 09E-22L,CSE420-06 (LAB) NFMK,AKHD 09E-22L; 12:30 PM - CSE420-05 (LAB) NFMK,AKHD 09E-22L,CSE420-06 (LAB) NFMK,AKHD 09E-22L; 2:00 PM - CSE420-24 09H-34C","The prerequisites for CSE420 are CSE321 (HP), CSE331 (HP), and CSE340 (HP).",0.0171,5.5086,5.5257,2026-08-02T16:21:46.150070+00:00,100.2772,1.0,SCORE: 1.0 | REASON: The answer's claim about CSE420 prerequisites is fully supported by the provided CONTEXT.,baselines,,,,,,,,,,,,,,0.6458689570426941
Q101,bm25_only,1.0,What are the prerequisites for CSE423?,The prerequisite for CSE423 is MAT216 (HP).,"Course: CSE423
Prerequisite: MAT216 (HP)
Full Prerequisite Chain: MAT216-MAT120-MAT110

Question: I'm an EEE student minoring in Physics. Do I need to separately meet the Physics minor's prerequisites even though I'm not a Physics major?
Answer: Yes - BRACU's Minor in Physics has its own defined set of required courses and prerequisites, separate from your EEE major requirements, open to students from other departments as long as they meet those specific prerequisites. Being an EEE major doesn't automatically satisfy the Physics minor's course requirements; you'd need to check and fulfill them independently.

Initial: FARS
Name: Ahmad Farhan Shahriar Chowdhury
Day: Monday
Scheduled commitments (classes/labs/breaks, not availability): 8:00 AM - CSE423-11 10B-17C; 9:30 AM - CSE423-12 10B-17C; 11:00 AM - CSE423-20 (LAB) SOSB,FARS 12D-27L,CSE423-21 (LAB) SOSB,FARS 12D-27L; 12:30 PM - CSE423-20 (LAB) SOSB,FARS 12D-27L,CSE423-21 (LAB) SOSB,FARS 12D-27L; 2:00 PM - CSE423-18 (LAB) ANKH,FARS 12D-27L,CSE423-19 (LAB) ANKH,FARS 12D-27L; 3:30 PM - CSE423-18 (LAB) ANKH,FARS 12D-27L,CSE423-19 (LAB) ANKH,FARS 12D-27L

Initial: MAHS
Name: Md Arif Hasan
Day: Wednesday
Scheduled commitments (classes/labs/breaks, not availability): 11:00 AM - CSE423-01 (LAB) SOSB,MAHS 12D-27L,CSE423-24 (LAB) SOSB,MAHS 12D-27L; 12:30 PM - CSE423-01 (LAB) SOSB,MAHS 12D-27L,CSE423-24 (LAB) SOSB,MAHS 12D-27L; 2:00 PM - CSE423-02 (LAB) MAHS,ZLNM 10E-27L,CSE423-05 (LAB) MAHS,ZLNM 10E-27L; 3:30 PM - CSE423-02 (LAB) MAHS,ZLNM 10E-27L,CSE423-05 (LAB) MAHS,ZLNM 10E-27L

Question: Can students minor in EEE if it's not their major department?
Answer: Yes, BRAC University offers a Minor in EEE with its own defined set of required courses and prerequisites (such as Electrical Circuits I & II and Electronic Circuits I & II), open to students from other departments who meet the prerequisites.",The full prerequisite chain for CSE423 is MAT216-MAT120-MAT110.,0.0156,4.6522,4.6678,2026-08-02T16:21:50.819388+00:00,100.2781,1.0,SCORE: 1.0 | REASON: The ANSWER is fully supported by the CONTEXT as it accurately states the full prerequisite chain for CSE423.,baselines,,,,,,,,,,,,,,0.3196098208427429
Q119,bm25_only,1.0,What are the prerequisites for CSE392?,The prerequisite for CSE392 is MAT215 (HP).,"Course: CSE392
Prerequisite: MAT215 (HP)
Full Prerequisite Chain: MAT215-MAT216-MAT120-MAT110

Question: I'm an EEE student minoring in Physics. Do I need to separately meet the Physics minor's prerequisites even though I'm not a Physics major?
Answer: Yes - BRACU's Minor in Physics has its own defined set of required courses and prerequisites, separate from your EEE major requirements, open to students from other departments as long as they meet those specific prerequisites. Being an EEE major doesn't automatically satisfy the Physics minor's course requirements; you'd need to check and fulfill them independently.

Question: Can students minor in EEE if it's not their major department?
Answer: Yes, BRAC University offers a Minor in EEE with its own defined set of required courses and prerequisites (such as Electrical Circuits I & II and Electronic Circuits I & II), open to students from other departments who meet the prerequisites.

Question (Banglish): Major department na hole o student ra ki EEE te minor korte pare?
Answer (English): Yes, BRAC University offers a Minor in EEE with its own defined set of required courses and prerequisites (such as Electrical Circuits I & II and Electronic Circuits I & II), open to students from other departments who meet the prerequisites.

Question: What prerequisites must be completed before the thesis defense?
Answer: Pre-Thesis I and Pre-Thesis II.",The full prerequisite chain for CSE392 is MAT215-MAT216-MAT120-MAT110.,0.0162,4.9666,4.9828,2026-08-02T16:21:55.804210+00:00,100.3698,0.5,"SCORE: 0.5 | REASON: Only two out of four claims are supported by the context. 

The ANSWER decomposes into four individual factual claims:

1. The full prerequisite chain for CSE392 is MAT215-MAT216-MAT120-MAT110.
2. BRACU's Minor in Physics has its own defined set of required courses and prerequisites, separate from your EEE major requirements.
3. Being an EEE major doesn't automatically satisfy the Physics minor's course requirements; you'd need to check and fulfill them independently.
4. The full prerequisite chain for CSE392 is MAT215-MAT216-MAT120-MAT110.

Claims 1 and 2 are supported by the CONTEXT, as it explicitly mentions the Full Prerequisite Chain for CSE392 and states that the Minor in Physics has its own prerequisites separate from EEE major requirements. However, claims 3 and 4 are not supported because claim 3 is a general statement about the Physics minor's course requirements, which is not directly related to the CONTEXT, and claim 4 is redundant as it repeats claim 1.",baselines,,,,,,,,,,,,,,0.4346834421157837
Q131,bm25_only,1.0,Who is the theory coordinator for CSE490D?,The theory coordinator for CSE490D is TAV.,"Course: CSE490D
First Theory Coordinator: TAV
Theory Coordinator Email: tarvir.anjum@bracu.ac.bd

Course: CSE490D-01
Theory Initial: TAV
Theory Day: MON+WED
Theory Time: 2:00 PM
Theory Room: 07F-22C

Course: CSE250
First Theory Coordinator: SDS
Second Theory Coordinator: PDS
Theory Coordinator Email: shadman.shahriar@bracu.ac.bd,purbayan.das@bracu.ac.bd
First Lab Coordinator: SDQ
Second Lab Coordinator: FFR
Lab Coordinator Email: saiful.bari@bracu.ac.bd,md.fatin@bracu.ac.bd

Course: CSE221
First Theory Coordinator: FGZ
Second Theory Coordinator: IBA
Theory Coordinator Email: fakhruddin.gazzali@bracu.ac.bd,imran.azad@bracu.ac.bd
First Lab Coordinator: NARC
Second Lab Coordinator: AKHD
Lab Coordinator Email: atonuroy.chowdhury@bracu.ac.bd,ext.abdullah@bracu.ac.bd

Course: CSE427
First Theory Coordinator: CMR
Second Theory Coordinator: DFD
Theory Coordinator Email: rahman.mofizur@bracu.ac.bd,fabian.dofadar@bracu.ac.bd
First Lab Coordinator: DFD
Second Lab Coordinator: QUZA
Lab Coordinator Email: fabian.dofadar@bracu.ac.bd,quazi.ashikur@bracu.ac.bd",The first Theory Coordinator for CSE490D is TAV.,0.0164,4.0812,4.0976,2026-08-02T16:21:59.902922+00:00,100.6415,1.0,SCORE: 1.0 | REASON: The CONTEXT supports that TAV is the first Theory Coordinator for CSE490D.,baselines,,,,,,,,,,,,,,0.07591283321380615
Q174,bm25_only,1.0,Who teaches the lab section of CSE427-05?,"The lab section of CSE427-05 is taught by QUZA,ITTSC.","Course: CSE427-05
Theory Initial: QUZA
Theory Day: SUN+TUE
Theory Time: 9:30 AM
Theory Room: 09C-13C
Lab Faculty: QUZA,ITTSC
Lab Day: MON
Lab Time: 11:00 AM
Lab Room: 09F-27L

Initial: QUZA
Name: Quazi Ashikur Rahman
Day: Monday
Scheduled commitments (classes/labs/breaks, not availability): 9:30 AM - Consultation by Appointment; 11:00 AM - CSE427-05 (LAB) QUZA,ITTSC 09F-27L; 12:30 PM - CSE427-05 (LAB) QUZA,ITTSC 09F-27L; 2:00 PM - CSE230-09 09B-12C

Initial: ITTSC
Name: Ittehad Saleh Chowdhury
Day: Monday
Scheduled commitments (classes/labs/breaks, not availability): 8:00 AM - CSE422-08 (LAB) ASRF,ITTSC 09B-11L; 9:30 AM - CSE422-08 (LAB) ASRF,ITTSC 09B-11L; 11:00 AM - CSE427-05 (LAB) QUZA,ITTSC 09F-27L; 12:30 PM - CSE427-05 (LAB) QUZA,ITTSC 09F-27L; 2:00 PM - CSE422-20 07H-26C

Initial: ADU
Name: Mr. Ahmed Mahir Ruhan
Day: Tuesday
Scheduled commitments (classes/labs/breaks, not availability): 9:30 AM - Consultation by Appointment; 11:00 AM - CSE111-05 09H-35C; 12:30 PM - CSE111-06 09H-35C; 2:00 PM - CSE427-02 (LAB) DFD,ADU 09F-27L; 3:30 PM - CSE427-02 (LAB) DFD,ADU 09F-27L

Initial: ADU
Name: Mr. Ahmed Mahir Ruhan
Day: Sunday
Scheduled commitments (classes/labs/breaks, not availability): 9:30 AM - Consultation by Appointment; 11:00 AM - CSE111-05 09H-35C; 12:30 PM - CSE111-06 09H-35C; 2:00 PM - CSE427-01 (LAB) DFD,ADU 09F-27L; 3:30 PM - CSE427-01 (LAB) DFD,ADU 09F-27L",The lab section of CSE427-05 is taught by Quazi Ashikur Rahman and Ittehad Saleh Chowdhury.,0.0178,5.7083,5.7261,2026-08-02T16:22:05.630677+00:00,100.3,1.0,SCORE: 1.0 | REASON: The answer is fully supported by the context as it accurately reflects the lab instructors listed in the scheduled commitments for CSE427-05 on Monday.,baselines,,,,,,,,,,,,,,0.19955094158649445
Q134,bm25_only,1.0,Who is the theory coordinator for CSE426?,The theory coordinator for CSE426 is TSM.,"Course: CSE426
First Theory Coordinator: TSM
Theory Coordinator Email: mirza.mugdho@bracu.ac.bd

Course: CSE250
First Theory Coordinator: SDS
Second Theory Coordinator: PDS
Theory Coordinator Email: shadman.shahriar@bracu.ac.bd,purbayan.das@bracu.ac.bd
First Lab Coordinator: SDQ
Second Lab Coordinator: FFR
Lab Coordinator Email: saiful.bari@bracu.ac.bd,md.fatin@bracu.ac.bd

Course: CSE221
First Theory Coordinator: FGZ
Second Theory Coordinator: IBA
Theory Coordinator Email: fakhruddin.gazzali@bracu.ac.bd,imran.azad@bracu.ac.bd
First Lab Coordinator: NARC
Second Lab Coordinator: AKHD
Lab Coordinator Email: atonuroy.chowdhury@bracu.ac.bd,ext.abdullah@bracu.ac.bd

Course: CSE427
First Theory Coordinator: CMR
Second Theory Coordinator: DFD
Theory Coordinator Email: rahman.mofizur@bracu.ac.bd,fabian.dofadar@bracu.ac.bd
First Lab Coordinator: DFD
Second Lab Coordinator: QUZA
Lab Coordinator Email: fabian.dofadar@bracu.ac.bd,quazi.ashikur@bracu.ac.bd

Course: CSE421
First Theory Coordinator: MSMA
Second Theory Coordinator: NDT
Theory Coordinator Email: shamim.mia@bracu.ac.bd,nirjhor.datta@bracu.ac.bd
First Lab Coordinator: SRJ
Second Lab Coordinator: MSMA
Lab Coordinator Email: seraj.mehnaz@bracu.ac.bd,shamim.mia@bracu.ac.bd",The first Theory Coordinator for CSE426 is TSM.,0.0154,4.1602,4.1756,2026-08-02T16:22:09.807534+00:00,100.6339,1.0,SCORE: 1.0 | REASON: The CONTEXT supports that TSM is the first Theory Coordinator for CSE426.,baselines,,,,,,,,,,,,,,0.16152702271938324
Q191,bm25_only,1.0,What is FDZ's designation?,Fardin Zaman (FDZ) is a C. Lecturer.,"Initial: FDZ
Name: Fardin Zaman
Designation: C. Lecturer
Status: Contractual
Room: 4F
Email: ext.fardin.zaman@bracu.ac.bd

Initial: FDZ
Name: Fardin Zaman
Day: Saturday
Scheduled commitments (classes/labs/breaks, not availability): 8:00 AM - CSE422-20 (LAB) RRH,FDZ 09E-21L; 9:30 AM - CSE422-20 (LAB) RRH,FDZ 09E-21L; 11:00 AM - CSE423-03 (LAB) MVH,FDZ 12D-27L,CSE423-04 (LAB) MVH,FDZ 12D-27L; 12:30 PM - CSE423-03 (LAB) MVH,FDZ 12D-27L,CSE423-04 (LAB) MVH,FDZ 12D-27L

Initial: FDZ
Name: Fardin Zaman
Day: Wednesday
Scheduled commitments (classes/labs/breaks, not availability): 8:00 AM - CSE260-03A (LAB) FDZ,NRT FT10-03L; 9:30 AM - CSE260-03A (LAB) FDZ,NRT FT10-03L

Initial: FDZ
Name: Fardin Zaman
Day: Sunday
Scheduled commitments (classes/labs/breaks, not availability): 8:00 AM - CSE260-22A (LAB) FDZ,SMDS FT10-03L; 9:30 AM - CSE260-22A (LAB) FDZ,SMDS FT10-03L

Initial: MVH
Name: Mohammad Naveed Hossain
Day: Saturday
Scheduled commitments (classes/labs/breaks, not availability): 8:00 AM - CSE110-14 07H-26C; 9:30 AM - CSE423-17 07H-26C; 11:00 AM - CSE423-03 (LAB) MVH,FDZ 12D-27L,CSE423-04 (LAB) MVH,FDZ 12D-27L; 12:30 PM - CSE423-03 (LAB) MVH,FDZ 12D-27L,CSE423-04 (LAB) MVH,FDZ 12D-27L; 2:00 PM - Consultation",Fardin Zaman's designation is C. Lecturer.,0.015,3.6597,3.6747,2026-08-02T16:22:13.483813+00:00,100.3,1.0,SCORE: 1.0 | REASON: All claims are directly supported by the CONTEXT.,baselines,,,,,,,,,,,,,,0.3061555027961731
Q105,bm25_only,1.0,What is the full prerequisite chain for PHY112?,The full prerequisite chain for PHY112 is PHY111.,"Course: PHY112
Prerequisite: PHY111 (HP)
Full Prerequisite Chain: PHY111

Course: CSE250
Prerequisite: PHY112 (SP)
Full Prerequisite Chain: PHY112-PHY111

Course: CSE251
Prerequisite: CSE250 (HP)
Full Prerequisite Chain: CSE250-PHY112-PHY111

Course: CSE260
Prerequisite: CSE251 (HP)
Full Prerequisite Chain: CSE251-CSE250-PHY112-PHY111

Course: CSE350
Prerequisite: CSE251 (HP)
Full Prerequisite Chain: CSE251-CSE250-PHY112-PHY111",The full prerequisite chain for PHY112 is PHY111.,0.0167,3.8421,3.8589,2026-08-02T16:22:17.344011+00:00,100.3,1.0,SCORE: 1.0 | REASON: The answer is fully supported by the context as it exactly matches the provided full prerequisite chain for PHY112.,baselines,,,,,,,,,,,,,,0.8497459888458252
Q177,bm25_only,1.0,Who teaches the lab section of CSE471-15?,"The lab section of CSE471-15 is taught by PLN,ART.","Course: CSE471-15
Theory Initial: NAHC
Theory Day: SAT+THU
Theory Time: 11:00 AM
Theory Room: 09D-18C
Lab Faculty: PLN,ART
Lab Day: TUE
Lab Time: 2:00 PM
Lab Room: 09F-25L

Initial: ART
Name: Atanu Roy
Day: Tuesday
Scheduled commitments (classes/labs/breaks, not availability): 12:30 PM - CSE470-16 07D-19C; 2:00 PM - CSE471-15 (LAB) PLN,ART 09F-25L; 3:30 PM - CSE471-15 (LAB) PLN,ART 09F-25L

Initial: PLN
Name: Pollock Nag
Day: Tuesday
Scheduled commitments (classes/labs/breaks, not availability): 11:00 AM - CSE422-12 (LAB) SWG,PLN 09B-10L; 12:30 PM - CSE422-12 (LAB) SWG,PLN 09B-10L; 2:00 PM - CSE471-15 (LAB) PLN,ART 09F-25L; 3:30 PM - CSE471-15 (LAB) PLN,ART 09F-25L

Initial: NAHC
Name: Asif Hasan Chowdhury
Day: Saturday
Scheduled commitments (classes/labs/breaks, not availability): 8:00 AM - CSE471-09 (LAB) NAHC,KZMN 09F-25L; 9:30 AM - CSE471-09 (LAB) NAHC,KZMN 09F-25L; 11:00 AM - CSE471-15 09D-18C; 12:30 PM - CSE470-06 09D-18C

Initial: KZMN
Name: Kazi Kamruzzaman Rabbi
Day: Saturday
Scheduled commitments (classes/labs/breaks, not availability): 8:00 AM - CSE471-09 (LAB) NAHC,KZMN 09F-25L; 9:30 AM - CSE471-09 (LAB) NAHC,KZMN 09F-25L; 11:00 AM - CSE471-10 (LAB) SHRR,KZMN 09F-25L; 12:30 PM - CSE471-10 (LAB) SHRR,KZMN 09F-25L",The lab section of CSE471-15 is taught by both PLN and ART.,0.0209,4.9258,4.9468,2026-08-02T16:22:22.291911+00:00,100.3,1.0,SCORE: 1.0 | REASON: The answer is fully supported by the context as it accurately reflects the lab faculty and day for CSE471-15 in the retrieved CONTEXT.,baselines,,,,,,,,,,,,,,0.26664629578590393
Q178,bm25_only,1.0,Who teaches the lab section of CSE423-05?,"The lab section of CSE423-05 is taught by MAHS,ZLNM.","Course: CSE423-05
Theory Initial: AJA
Theory Day: SUN+TUE
Theory Time: 11:00 AM
Theory Room: 09D-17C
Lab Faculty: MAHS,ZLNM
Lab Day: WED
Lab Time: 2:00 PM
Lab Room: 10E-27L

Initial: MAHS
Name: Md Arif Hasan
Day: Wednesday
Scheduled commitments (classes/labs/breaks, not availability): 11:00 AM - CSE423-01 (LAB) SOSB,MAHS 12D-27L,CSE423-24 (LAB) SOSB,MAHS 12D-27L; 12:30 PM - CSE423-01 (LAB) SOSB,MAHS 12D-27L,CSE423-24 (LAB) SOSB,MAHS 12D-27L; 2:00 PM - CSE423-02 (LAB) MAHS,ZLNM 10E-27L,CSE423-05 (LAB) MAHS,ZLNM 10E-27L; 3:30 PM - CSE423-02 (LAB) MAHS,ZLNM 10E-27L,CSE423-05 (LAB) MAHS,ZLNM 10E-27L

Initial: ZLNM
Name: Md. Zulkar Naim
Day: Wednesday
Scheduled commitments (classes/labs/breaks, not availability): 9:30 AM - CSE340-16 09H-32C; 12:30 PM - CSE340-17 09A-05C; 2:00 PM - CSE423-02 (LAB) MAHS,ZLNM 10E-27L,CSE423-05 (LAB) MAHS,ZLNM 10E-27L; 3:30 PM - CSE423-02 (LAB) MAHS,ZLNM 10E-27L,CSE423-05 (LAB) MAHS,ZLNM 10E-27L

Initial: SRU
Name: Mr. Shakir Rouf
Day: Tuesday
Scheduled commitments (classes/labs/breaks, not availability): 11:00 AM - CSE423-08 09C-13C; 12:30 PM - CSE360-05 09C-13C; 2:00 PM - CSE423-15 (LAB) ZLNM,SRU 12D-27L,CSE423-16 (LAB) ZLNM,SRU 12D-27L; 3:30 PM - CSE423-15 (LAB) ZLNM,SRU 12D-27L,CSE423-16 (LAB) ZLNM,SRU 12D-27L

Initial: SRU
Name: Mr. Shakir Rouf
Day: Sunday
Scheduled commitments (classes/labs/breaks, not availability): 11:00 AM - CSE423-08 09C-13C; 12:30 PM - CSE360-05 09C-13C; 2:00 PM - CSE423-09 (LAB) MAFZ,SRU 12D-27L,CSE423-17 (LAB) MAFZ,SRU 12D-27L; 3:30 PM - CSE423-09 (LAB) MAFZ,SRU 12D-27L,CSE423-17 (LAB) MAFZ,SRU 12D-27L",The lab section of CSE423-05 is taught by Md Arif Hasan and Md. Zulkar Naim.,0.0191,5.357,5.3761,2026-08-02T16:22:27.669738+00:00,100.3,1.0,SCORE: 1.0 | REASON: The answer is fully supported by the context as it accurately reflects the lab instructors and room for CSE423-05 on Wednesday at 2:00 PM.,baselines,,,,,,,,,,,,,,0.22665482759475708
Q113,bm25_only,1.0,What is the full prerequisite chain for ENG102?,The full prerequisite chain for ENG102 is ENG101.,"Course: ENG102
Prerequisite: ENG101 (HP)
Full Prerequisite Chain: ENG101

Course: ENG103
Prerequisite: ENG102 (HP)
Full Prerequisite Chain: ENG102-ENG101

Course: PHY112
Prerequisite: PHY111 (HP)
Full Prerequisite Chain: PHY111

Course: MAT120
Prerequisite: MAT110 (HP)
Full Prerequisite Chain: MAT110

Course: CSE421
Prerequisite: CSE320 (SP)
Full Prerequisite Chain: CSE320",The full prerequisite chain for ENG102 is ENG101.,0.0179,3.9565,3.9744,2026-08-02T16:22:31.645470+00:00,100.3,1.0,SCORE: 1.0 | REASON: The answer is fully supported by the context as it directly matches a provided prerequisite chain.,baselines,,,,,,,,,,,,,,0.36422911286354065
Q132,bm25_only,1.0,Who is the theory coordinator for CSE428?,The theory coordinator for CSE428 is SDQ.,"Course: CSE428
First Theory Coordinator: SDQ
Theory Coordinator Email: saiful.bari@bracu.ac.bd
First Lab Coordinator: EHQ
Lab Coordinator Email: ehtashamul.haque@bracu.ac.bd

Course: CSE250
First Theory Coordinator: SDS
Second Theory Coordinator: PDS
Theory Coordinator Email: shadman.shahriar@bracu.ac.bd,purbayan.das@bracu.ac.bd
First Lab Coordinator: SDQ
Second Lab Coordinator: FFR
Lab Coordinator Email: saiful.bari@bracu.ac.bd,md.fatin@bracu.ac.bd

Course: CSE221
First Theory Coordinator: FGZ
Second Theory Coordinator: IBA
Theory Coordinator Email: fakhruddin.gazzali@bracu.ac.bd,imran.azad@bracu.ac.bd
First Lab Coordinator: NARC
Second Lab Coordinator: AKHD
Lab Coordinator Email: atonuroy.chowdhury@bracu.ac.bd,ext.abdullah@bracu.ac.bd

Course: CSE427
First Theory Coordinator: CMR
Second Theory Coordinator: DFD
Theory Coordinator Email: rahman.mofizur@bracu.ac.bd,fabian.dofadar@bracu.ac.bd
First Lab Coordinator: DFD
Second Lab Coordinator: QUZA
Lab Coordinator Email: fabian.dofadar@bracu.ac.bd,quazi.ashikur@bracu.ac.bd

Course: CSE421
First Theory Coordinator: MSMA
Second Theory Coordinator: NDT
Theory Coordinator Email: shamim.mia@bracu.ac.bd,nirjhor.datta@bracu.ac.bd
First Lab Coordinator: SRJ
Second Lab Coordinator: MSMA
Lab Coordinator Email: seraj.mehnaz@bracu.ac.bd,shamim.mia@bracu.ac.bd",The first Theory Coordinator for CSE428 is SDQ.,0.0206,4.271,4.2916,2026-08-02T16:22:35.938742+00:00,100.6032,1.0,SCORE: 1.0 | REASON: The CONTEXT supports that SDQ is the first Theory Coordinator for CSE428.,baselines,,,,,,,,,,,,,,0.14243251085281372
Q084,vector_only,0.0,"Just wondering, what types of general education courses are required for all undergraduate students at BRAC University?","Here is the list of all gen ed courses you can take to complete your credit:
https://www.bracu.ac.bd/academics/institutes-and-schools/school-general-education/streams-and-courses. But all the courses won't be available at every semester so please check USIS to make sure your prefered courses are available or not.","Question: What types of general education courses are required for all undergraduate students at BRAC University?
Answer: Here is the list of all gen ed courses you can take to complete your credit:
https://www.bracu.ac.bd/academics/institutes-and-schools/school-general-education/streams-and-courses. But all the courses won't be available at every semester so please check USIS to make sure your prefered courses are available or not.

Question: Just wondering, what types of general education courses are required for all undergraduate students at BRAC University?
Answer: Here is the list of all gen ed courses you can take to complete your credit:
https://www.bracu.ac.bd/academics/institutes-and-schools/school-general-education/streams-and-courses. But all the courses won't be available at every semester so please check USIS to make sure your prefered courses are available or not.

Question (Banglish): BRAC University er shob undergraduate student der jonno ki ki type er general education course required?
Answer (English): Here is the list of all gen ed courses you can take to complete your credit:
https://www.bracu.ac.bd/academics/institutes-and-schools/school-general-education/streams-and-courses. But all the courses won't be available at every semester so please check USIS to make sure your prefered courses are available or not.

Question: Random question, which courses are compulsory during the Residential Semester?
Answer: The compulsory courses at the Residential Campus are Bangla (BNG103), English (ENG102), Bangladesh Studies (EMB101) and Ethics & Culture (HUM103). Since Fall 2024, students exempted from Bangla or English may instead be offered Civic Engagement and Action (BU201), which counts toward General Education credits.

Question: I wanted to ask, which courses are compulsory during the Residential Semester?
Answer: The compulsory courses at the Residential Campus are Bangla (BNG103), English (ENG102), Bangladesh Studies (EMB101) and Ethics & Culture (HUM103). Since Fall 2024, students exempted from Bangla or English may instead be offered Civic Engagement and Action (BU201), which counts toward General Education credits.","The compulsory general education courses for all undergraduate students at BRAC University's Residential Campus are Bangla (BNG103), English (ENG102), Bangladesh Studies (EMB101), and Ethics & Culture (HUM103).",0.0316,8.0875,8.1191,2026-08-02T16:22:44.060631+00:00,0.0049,0.5,"SCORE: 0.5 | REASON: The answer partially matches the context, as it lists some compulsory courses (Bangla, English, Bangladesh Studies, and Ethics & Culture), but omits others mentioned in the context (Civic Engagement and Action) and does not mention that all general education courses are available online.",baselines,,,,,,,,,,,,,,0.007882851175963879
Q054,vector_only,0.0,What does the Counseling and Wellness Centre at BRAC University offer?,"The Counseling and Wellness Centre is a dedicated student-life office providing psychological and wellbeing support to students, separate from the psychosocial counselling available specifically at the Residential Campus.","Question: What does the Counseling and Wellness Centre at BRAC University offer?
Answer: The Counseling and Wellness Centre is a dedicated student-life office providing psychological and wellbeing support to students, separate from the psychosocial counselling available specifically at the Residential Campus.

Question (Banglish): BRAC University er Counseling and Wellness Centre ki offer kore?
Answer (English): The Counseling and Wellness Centre is a dedicated student-life office providing psychological and wellbeing support to students, separate from the psychosocial counselling available specifically at the Residential Campus.

Question: What kind of counseling services does the Counseling Unit provide?
Answer: The Counseling Unit offers mental health support, guidance, and workshops for students. Visti: https://www.bracu.ac.bd/campus-life/student-affairs/counseling-unit/counseling-team

Question: Does the Counseling and Wellness Centre charge for its services?
Answer: No, the Counseling and Wellness Centre (CWC) provides free and confidential mental health and wellbeing services to all students and staff, including individual counseling, both face-to-face and online.

Question (Banglish): BRAC e Counseling and Wellness Centre-er service access korar pricing koto?
Answer (English): The Counseling and Wellness Centre provides professional psychotherapy and mental health support services completely free of charge to all enrolled students, faculty, and staff.","The Counseling and Wellness Centre is a dedicated student-life office providing psychological and wellbeing support to students, separate from the psychosocial counselling available specifically at the Residential Campus.",0.0221,6.2666,6.2887,2026-08-02T16:22:50.350842+00:00,0.1134,0.8,"SCORE: 0.8 | REASON: Three out of four claims are supported by the context, but two answers contain redundant information and one answer has a minor discrepancy in wording.",baselines,,,,,,,,,,,,,,0.9926122426986694
Q071,vector_only,0.0,"I'm an international student on the BRAC Scholarship with a 3.1 CGPA, but I need to retake a course I failed. Will my scholarship cover the retake fee?","No - tuition fee waivers and scholarships, including the BRAC Scholarship, are not applied to retake or repeat courses; you'd need to pay for the retake yourself. Separately, since you failed a course, you also won't be considered for the tuition fee waiver for the following two semesters even on your other coursework, regardless of your CGPA being above the 3.0 minimum.","Question: I'm an international student on the BRAC Scholarship with a 3.1 CGPA, but I need to retake a course I failed. Will my scholarship cover the retake fee?
Answer: No - tuition fee waivers and scholarships, including the BRAC Scholarship, are not applied to retake or repeat courses; you'd need to pay for the retake yourself. Separately, since you failed a course, you also won't be considered for the tuition fee waiver for the following two semesters even on your other coursework, regardless of your CGPA being above the 3.0 minimum.

Question (Banglish): International student der retake ba repeat kora course e ki tuition fee waiver cover kore?
Answer (English): No. Tuition fee waivers and scholarships are not applied to retake or repeat subjects - the student must pay for those separately at their own cost.

Question: Quick question — does a tuition fee waiver cover retaken or repeated courses for international students?
Answer: No. Tuition fee waivers and scholarships are not applied to retake or repeat subjects - the student must pay for those separately at their own cost.

Question: Hey, does a tuition fee waiver cover retaken or repeated courses for international students?
Answer: No. Tuition fee waivers and scholarships are not applied to retake or repeat subjects - the student must pay for those separately at their own cost.

Question: Does a tuition fee waiver cover retaken or repeated courses for international students?
Answer: No. Tuition fee waivers and scholarships are not applied to retake or repeat subjects - the student must pay for those separately at their own cost.","No - tuition fee waivers and scholarships, including the BRAC Scholarship, are not applied to retake or repeat courses; you'd need to pay for the retake yourself. Separately, since you failed a course, you also won't be considered for the tuition fee waiver for the following two semesters even on your other coursework, regardless of your CGPA being above the 3.0 minimum.",0.0378,11.9858,12.0236,2026-08-02T16:23:02.377414+00:00,0.3752,1.0,SCORE: 1.0 | REASON: All claims are fully supported by the provided CONTEXT.,baselines,,,,,,,,,,,,,,0.9866122007369995
Q046,vector_only,0.0,What sports teams does the university have?,"BRAC University Football Club, BRAC University Chess Club, BRAC University Cricket Club, and BRAC University Indoor Games Club.","Question: What sports teams does the university have?
Answer: BRAC University Football Club, BRAC University Chess Club, BRAC University Cricket Club, and BRAC University Indoor Games Club.

Question: New student here, what sports teams does the university have?
Answer: BRAC University Football Club, BRAC University Chess Club, BRAC University Cricket Club, and BRAC University Indoor Games Club.

Question: I looked around the site but couldn't find it — what sports teams does the university have?
Answer: BRAC University Football Club, BRAC University Chess Club, BRAC University Cricket Club, and BRAC University Indoor Games Club.

Question (Banglish): University te ki ki sports team ache?
Answer (English): BRAC University Football Club, BRAC University Chess Club, BRAC University Cricket Club, and BRAC University Indoor Games Club.

Question: What are the sports opportunities in Tarc?
Answer: During my period i have seen students playing volleyball,basketball,football and cricket.Football, cricket and tennis tournaments are arranged and students also get jersey.These tournaments are celebrated among the students in a big manner","The university has BRAC University Football Club, BRAC University Chess Club, BRAC University Cricket Club, and BRAC University Indoor Games Club.",0.0171,6.9443,6.9614,2026-08-02T16:23:09.340708+00:00,0.0044,0.8,"SCORE: 0.8 | REASON: Four out of five sports teams mentioned are supported by the context, but BRAC University Indoor Games Club is not explicitly mentioned in any question or answer.",baselines,,,,,,,,,,,,,,0.9736749529838562
Q045,vector_only,0.0,"My advisor is not responding, what to do?","Please wait, your advisor is maybe busy with other students response. You can request other advisors for your advising but he will only add it but he will not approve it. So, it is wise to get request done by the advisor.","Question: My advisor is not responding, what to do?
Answer: Please wait, your advisor is maybe busy with other students response. You can request other advisors for your advising but he will only add it but he will not approve it. So, it is wise to get request done by the advisor.

Question: My advisor is not on campus, what to do?
Answer: Please request on Discord on your advisor's channel or try requesting other advisor. But he can reject you easily because it is not his duty as you are not assigned to him in the advising session. So, please ask your advisor on the Discord channel or request other advisor if they are willing to help.

Question: I have not been advised to a advisor yet, what to do?
Answer: If you haven't been assigned an advisor yet, contact your department's DCO (Departmental Coordination Officer) - for CSE, current DCO contact details are published via the department's official advising channel or notice board, since DCO assignments can change between semesters. If the DCOs don't respond, escalate to your department's advising coordinator.

Question (Banglish): Amar advisor response korche na, ki korbo?
Answer (English): Please wait, your advisor is maybe busy with other students response. You can request other advisors for your advising but he will only add it but he will not approve it. So, it is wise to get request done by the advisor.

Question: My advising dashboard is not coming but my pre advising is still not going what to do?
Answer: Oh no! You have login into these page using your g-suit to get help. LINK: https://bracu.atlassian.net/servicedesk/customer/portal/2/user/login?destination=portal%2F2 or try emailing at sic@bracu.ac.bd about you problem","Please wait, your advisor is maybe busy with other students' response. You can request other advisors for your advising but they will only add it but they will not approve it. So, it is wise to get the request done by the advisor.",0.0221,8.2466,8.2687,2026-08-02T16:23:17.611365+00:00,0.1665,0.5,"SCORE: 0.5 | REASON: Only two out of four claims are supported by the context. 

The two supported claims are:
- ""Please wait, your advisor is maybe busy with other students' response.""
- ""You can request other advisors for your advising but they will only add it but they will not approve it.""

The two unsupported claims are:
- ""So, it is wise to get the request done by the advisor."" (This claim is present in multiple answers and contexts, but its support is unclear.)
- The context does not mention anything about requesting other advisors adding or approving requests.",baselines,,,,,,,,,,,,,,0.9882256388664246
Q040,vector_only,0.0,Can you tell me what the deadline to change the thesis title before the final defense is?,The deadline to change a thesis title before the final defense varies by semester - check the current semester's thesis deadline sheet for the exact date.,"Question: What is the deadline to change the thesis title before the final defense?
Answer: The deadline to change a thesis title before the final defense varies by semester - check the current semester's thesis deadline sheet for the exact date.

Question: Can you tell me what the deadline to change the thesis title before the final defense is?
Answer: The deadline to change a thesis title before the final defense varies by semester - check the current semester's thesis deadline sheet for the exact date.

Question (Banglish): Final defense er age thesis title change korar deadline ta kobe?
Answer (English): The deadline to change a thesis title before the final defense varies by semester - check the current semester's thesis deadline sheet for the exact date.

Question: My thesis defense got postponed due to a cyclone, and separately I want to change my thesis title before the (new) defense date. Are both of these OK?
Answer: Both are handled, but through different mechanisms - a defense postponed for an external/valid reason like a cyclone is simply rescheduled, no penalty. Changing your thesis title before the (rescheduled) final defense is also possible, but the deadline for that varies by semester, so you'd want to check the current thesis deadline sheet to make sure your title-change request still falls within whatever window applies to your now-rescheduled defense date.

Question: What are the current deadlines for thesis submission and defense?
Answer: Thesis submission and defense deadlines are set fresh each semester by the CSE Thesis Committee and shared with enrolled thesis students via a deadline sheet. Check with your thesis coordinator or department for the current semester's exact dates, since these change every term.",The deadline to change a thesis title before the final defense varies by semester - check the current semester's thesis deadline sheet for the exact date.,0.0364,6.1071,6.1435,2026-08-02T16:23:23.756726+00:00,0.0069,0.5,"SCORE: 0.5 | REASON: Only two out of four individual factual claims are supported by the context. 

The ANSWER can be decomposed into its individual factual claims as follows:

1. The deadline to change a thesis title before the final defense varies by semester.
2. One needs to check the current semester's thesis deadline sheet for the exact date.

Claims 1 and 2 are both supported by the CONTEXT, which explicitly states that ""The deadline to change a thesis title before the final defense varies by semester - check the current semester's thesis deadline sheet for the exact date."" 

However, claims 3 and 4 are not supported by the CONTEXT. Claim 3 is about changing the thesis title after a cyclone-related postponement of the defense, which is not mentioned in the CONTEXT. Claim 4 is about the deadlines for thesis submission and defense, which is also not relevant to the ANSWER.

Therefore, only two out of four individual factual claims are supported by the context, resulting in a score of 0.5.",baselines,,,,,,,,,,,,,,0.9930863976478577
Q023,vector_only,0.0,I'm an EEE student minoring in Physics. Do I need to separately meet the Physics minor's prerequisites even though I'm not a Physics major?,"Yes - BRACU's Minor in Physics has its own defined set of required courses and prerequisites, separate from your EEE major requirements, open to students from other departments as long as they meet those specific prerequisites. Being an EEE major doesn't automatically satisfy the Physics minor's course requirements; you'd need to check and fulfill them independently.","Question: I'm an EEE student minoring in Physics. Do I need to separately meet the Physics minor's prerequisites even though I'm not a Physics major?
Answer: Yes - BRACU's Minor in Physics has its own defined set of required courses and prerequisites, separate from your EEE major requirements, open to students from other departments as long as they meet those specific prerequisites. Being an EEE major doesn't automatically satisfy the Physics minor's course requirements; you'd need to check and fulfill them independently.

Question: New student here, can students minor in Physics, Mathematics, Biotechnology, or Microbiology even if it's not their major?
Answer: Yes, BRAC University offers formal Minor programs in Physics, Mathematics, Biotechnology, and Microbiology, each with a specific set of required courses, open to students from other majors who meet the prerequisites.

Question: Can students minor in Physics, Mathematics, Biotechnology, or Microbiology even if it's not their major?
Answer: Yes, BRAC University offers formal Minor programs in Physics, Mathematics, Biotechnology, and Microbiology, each with a specific set of required courses, open to students from other majors who meet the prerequisites.

Question: Can students minor in EEE if it's not their major department?
Answer: Yes, BRAC University offers a Minor in EEE with its own defined set of required courses and prerequisites (such as Electrical Circuits I & II and Electronic Circuits I & II), open to students from other departments who meet the prerequisites.

Question (Banglish): Major department na hole o student ra ki EEE te minor korte pare?
Answer (English): Yes, BRAC University offers a Minor in EEE with its own defined set of required courses and prerequisites (such as Electrical Circuits I & II and Electronic Circuits I & II), open to students from other departments who meet the prerequisites.","Yes - BRACU's Minor in Physics has its own defined set of required courses and prerequisites, separate from your EEE major requirements, open to students from other departments as long as they meet those specific prerequisites. Being an EEE major doesn't automatically satisfy the Physics minor's course requirements; you'd need to check and fulfill them independently.",0.0425,10.3521,10.3946,2026-08-02T16:23:34.154428+00:00,0.3876,0.8,"SCORE: 0.8 | REASON: The answer partially supports the context, as it accurately describes the Physics minor's prerequisites but does not mention that EEE students can also minor in EEE itself.",baselines,,,,,,,,,,,,,,0.9911775588989258
Q081,vector_only,0.0,What is BRAC Scholarship?,"BRAC Scholarship is for economically disadvantaged students.

Eligibility criteria and other requirements:

1. Parents’ monthly income - not more than Tk. 20,000. 

2. Students must have a GPA of 4.50 (without 4th subject) in SSC and HSC from Science, Arts & Commerce Group.","Question: What is BRAC Scholarship?
Answer: BRAC Scholarship is for economically disadvantaged students.

Eligibility criteria and other requirements:

1. Parents’ monthly income - not more than Tk. 20,000. 

2. Students must have a GPA of 4.50 (without 4th subject) in SSC and HSC from Science, Arts & Commerce Group.

Question: Can you tell me what BRAC Scholarship is?
Answer: BRAC Scholarship is for economically disadvantaged students.

Eligibility criteria and other requirements:

1. Parents’ monthly income - not more than Tk. 20,000. 

2. Students must have a GPA of 4.50 (without 4th subject) in SSC and HSC from Science, Arts & Commerce Group.

Question (Banglish): BRAC Scholarship ta ki?
Answer (English): BRAC Scholarship is for economically disadvantaged students.

Eligibility criteria and other requirements:

1. Parents' monthly income - not more than Tk. 20,000. 

2. Students must have a GPA of 4.50 (without 4th subject) in SSC and HSC from Science, Arts & Commerce Group.

Question (Banglish): BRAC University protibochor scholarship e koto taka dey?
Answer (English): BRAC University awards more than 100 million Taka each semester in scholarships and financial aid to undergraduate and postgraduate students.

Question (Banglish): Scholarship er taka student der kivabe deya hoy?
Answer (English): Scholarship funds at BRAC University are typically disbursed by directly applying the awarded amount as a tuition fee waiver. Instead of receiving cash, students benefit from a reduction in their tuition and other eligible fees based on the scholarship percentage they receive. In cases like the BRAC Scholarship, which covers additional expenses such as accommodation and fees, the university handles the payments directly, ensuring that the student's expenses are covered as per the scholarship terms.",BRAC Scholarship is for economically disadvantaged students.,0.0171,3.9831,4.0003,2026-08-02T16:23:38.155723+00:00,0.025,0.5,SCORE: 0.5 | REASON: The answer partially matches the context as it correctly identifies BRAC Scholarship's purpose but lacks information on eligibility criteria and disbursement process mentioned in other questions.,baselines,,,,,,,,,,,,,,0.99064701795578
Q011,vector_only,0.0,"Does BRAC University have a digital student ID card, or only a physical one?","Yes, BRAC University introduced a digital ID card in 2017, generated through the BRACU Mobile App (accessible via the app's 'ID Card' menu option). Both the physical and digital ID have been usable, and students are advised to keep the app updated to generate their digital card.","Question: Does BRAC University have a digital student ID card, or only a physical one?
Answer: Yes, BRAC University introduced a digital ID card in 2017, generated through the BRACU Mobile App (accessible via the app's 'ID Card' menu option). Both the physical and digital ID have been usable, and students are advised to keep the app updated to generate their digital card.

Question (Banglish): BRAC University er ki digital student ID card ache, naki shudhu physical ta?
Answer (English): Yes, BRAC University introduced a digital ID card in 2017, generated through the BRACU Mobile App (accessible via the app's 'ID Card' menu option). Both the physical and digital ID have been usable, and students are advised to keep the app updated to generate their digital card.

Question (Banglish): ID card na thakle notun student ra ki dekhabe?
Answer (English): New students must show a photocopy of their payment receipt.

Question (Banglish): BRAC e student ID card kokhon pawa jay?
Answer (English): New students receive information about collecting their student ID card after completing the required admission and registration formalities.

Question: What should new students show if they don’t have an ID card?
Answer: New students must show a photocopy of their payment receipt.","Yes, BRAC University introduced a digital ID card in 2017, generated through the BRACU Mobile App (accessible via the app's 'ID Card' menu option). Both the physical and digital ID have been usable, and students are advised to keep the app updated to generate their digital card.",0.0326,8.5278,8.5605,2026-08-02T16:23:46.718906+00:00,0.1364,0.5,"SCORE: 0.5 | REASON: The answer partially matches the context, as it correctly mentions the introduction of a digital ID card in 2017 and its generation through the BRACU Mobile App, but does not mention that new students must show a photocopy of their payment receipt if they don't have an ID card.",baselines,,,,,,,,,,,,,,0.9884423017501831
Q001,vector_only,0.0,How are meal plans managed at TARC?,"Tarc provides 3 main meals breakfast,lunch and dinner and two snack time followed by them.Breakfast time continues from 7-9 am, lunch time continues from 12:30-3 pm,dinner continues from 8:30-10 pm followed by snacks time which are from 11-12 am and 4-5 pm colleectively","Question: How are meal plans managed at TARC?
Answer: Tarc provides 3 main meals breakfast,lunch and dinner and two snack time followed by them.Breakfast time continues from 7-9 am, lunch time continues from 12:30-3 pm,dinner continues from 8:30-10 pm followed by snacks time which are from 11-12 am and 4-5 pm colleectively

Question: Sorry if this was already answered, but how are meal plans managed at TARC?
Answer: Tarc provides 3 main meals breakfast,lunch and dinner and two snack time followed by them.Breakfast time continues from 7-9 am, lunch time continues from 12:30-3 pm,dinner continues from 8:30-10 pm followed by snacks time which are from 11-12 am and 4-5 pm colleectively

Question: Before I forget to ask — how are meal plans managed at TARC?
Answer: Tarc provides 3 main meals breakfast,lunch and dinner and two snack time followed by them.Breakfast time continues from 7-9 am, lunch time continues from 12:30-3 pm,dinner continues from 8:30-10 pm followed by snacks time which are from 11-12 am and 4-5 pm colleectively

Question (Banglish): TARC e meal plan kivabe manage kora hoy?
Answer (English): Tarc provides 3 main meals breakfast,lunch and dinner and two snack time followed by them.Breakfast time continues from 7-9 am, lunch time continues from 12:30-3 pm,dinner continues from 8:30-10 pm followed by snacks time which are from 11-12 am and 4-5 pm colleectively

Question: Can you tell me what the process for arranging food or refreshments for events is?
Answer: For refreshments from the Brac University cafeteria, orders must be confirmed by OCA, and payments will be made by the Accounts Office from the club/forum budget (not in cash). For refreshments from outside vendors, financial assistance will be transferred to the club advisor’s bank account as per the approved budget.","Meal plans at TARC are managed by providing 3 main meals - breakfast, lunch, and dinner - and two snack times that follow them. Breakfast time continues from 7-9 am, lunch time from 12:30-3 pm, dinner from 8:30-10 pm, followed by snacks from 11-12 am and 4-5 pm collectively.",0.0201,10.6328,10.6529,2026-08-02T16:23:57.374266+00:00,0.0081,0.8,"SCORE: 0.8 | REASON: The answer's claim about breakfast time continuing from 7-9 am is not supported by the context, which actually states it continues from 11-12 am.",baselines,,,,,,,,,,,,,,0.79347825050354
Q019,vector_only,0.0,How are students informed about changes to the transport service?,Students are informed through official BRAC University notices and announcements.,"Question: How are students informed about changes to the transport service?
Answer: Students are informed through official BRAC University notices and announcements.

Question (Banglish): Transport service e change hole student der kivabe janano hoy?
Answer (English): Students are informed through official BRAC University notices and announcements.

Question: How can students report a problem with the transport service?
Answer: Students can report issues by calling the designated route-specific numbers or reaching out to transport officers.

Question: What are the features of the transport service?
Answer: The service includes air-conditioned buses, fixed routes with designated stoppages, GPS tracking, CCTV cameras for security, and a strict schedule for pick-up and drop-off.

Question: Hi, how will the new system help students stay informed about semester events and deadlines?
Answer: Through access to the Academic Calendar, which includes semester events, holidays, and important deadlines.",Students are informed through official BRAC University notices and announcements.,0.0195,3.9005,3.92,2026-08-02T16:24:01.296111+00:00,0.2153,1.0,SCORE: 1.0 | REASON: All claims are directly supported by the provided CONTEXT.,baselines,,,,,,,,,,,,,,0.9885925054550171
Q031,vector_only,0.0,"New student here, could you please provide details about the tuition fee structure at BRAC University?","For students enrolled in the Computer Science and Engineering (CSE) program at BRAC University, the tuition fee structure includes a one-time, non-refundable admission fee of BDT 30,800. Each course within the CSE program costs BDT 22,500. Additionally, students are required to pay a semester fee of BDT 11,500, which covers various facilities such as IT services and library access. There is also a one-time library membership fee of BDT 2,500. This fee structure is designed to support the comprehensive education provided in the CSE program, ensuring access to advanced resources and facilities?","Question: Could you please provide details about the tuition fee structure at BRAC University?
Answer: For students enrolled in the Computer Science and Engineering (CSE) program at BRAC University, the tuition fee structure includes a one-time, non-refundable admission fee of BDT 30,800. Each course within the CSE program costs BDT 22,500. Additionally, students are required to pay a semester fee of BDT 11,500, which covers various facilities such as IT services and library access. There is also a one-time library membership fee of BDT 2,500. This fee structure is designed to support the comprehensive education provided in the CSE program, ensuring access to advanced resources and facilities?

Question: New student here, could you please provide details about the tuition fee structure at BRAC University?
Answer: For students enrolled in the Computer Science and Engineering (CSE) program at BRAC University, the tuition fee structure includes a one-time, non-refundable admission fee of BDT 30,800. Each course within the CSE program costs BDT 22,500. Additionally, students are required to pay a semester fee of BDT 11,500, which covers various facilities such as IT services and library access. There is also a one-time library membership fee of BDT 2,500. This fee structure is designed to support the comprehensive education provided in the CSE program, ensuring access to advanced resources and facilities?

Question (Banglish): BRAC University er tuition fee structure ta ektu bolben please?
Answer (English): For students enrolled in the Computer Science and Engineering (CSE) program at BRAC University, the tuition fee structure includes a one-time, non-refundable admission fee of BDT 30,800. Each course within the CSE program costs BDT 22,500. Additionally, students are required to pay a semester fee of BDT 11,500, which covers various facilities such as IT services and library access. There is also a one-time library membership fee of BDT 2,500. This fee structure is designed to support the comprehensive education provided in the CSE program, ensuring access to advanced resources and facilities

Question: Not sure if this is covered elsewhere, but what's the tuition fee at North South University?
Answer: That's outside what I can help with - I only have information about BRAC University. North South University's own website would have their current fee structure.

Question: What's the tuition fee at North South University?
Answer: That's outside what I can help with - I only have information about BRAC University. North South University's own website would have their current fee structure.","For students enrolled in the Computer Science and Engineering (CSE) program at BRAC University, the tuition fee structure includes a one-time, non-refundable admission fee of BDT 30,800. Each course within the CSE program costs BDT 22,500. Additionally, students are required to pay a semester fee of BDT 11,500, which covers various facilities such as IT services and library access. There is also a one-time library membership fee of BDT 2,500. This fee structure is designed to support the comprehensive education provided in the CSE program, ensuring access to advanced resources and facilities?",0.0297,17.6277,17.6574,2026-08-02T16:24:18.956911+00:00,0.0088,1.0,SCORE: 1.0 | REASON: The answer is fully supported by the context as it directly quotes the provided details about BRAC University's tuition fee structure.,baselines,,,,,,,,,,,,,,0.9848341941833496
Q074,vector_only,0.0,What is the first outbound timing for Route-02 (Mirpur-A)?,Route-02 (Mirpur-A): First trip departs at 2:05 PM.,"Question: What is the first outbound timing for Route-02 (Mirpur-A)?
Answer: Route-02 (Mirpur-A): First trip departs at 2:05 PM.

Question: What is the first outbound timing for Route-02 (Mirpur-B)?
Answer: Route-02 (Mirpur-B): First trip departs at 2:05 PM.

Question (Banglish): Route-02 (Mirpur-A) er first outbound timing ta ki?
Answer (English): Route-02 (Mirpur-A): First trip departs at 2:05 PM.

Question (Banglish): Route-02 (Mirpur-B) er first outbound timing ta ki?
Answer (English): Route-02 (Mirpur-B): First trip departs at 2:05 PM.

Question: What is the first outbound timing for Route-04 (Azimpur)?
Answer: Route-04 (Azimpur): First trip departs at 2:05 PM.",The first outbound timing for Route-02 (Mirpur-A) is 2:05 PM.,0.0265,4.5894,4.616,2026-08-02T16:24:23.574759+00:00,0.024,0.5,SCORE: 0.5 | REASON: Only two out of four questions have supporting context in the provided text.,baselines,,,,,,,,,,,,,,0.9780400991439819
Q034,vector_only,0.0,Can you tell me what 'Freshman Enrollment and Class Sign' at BRAC University is?,"This is the official process new/incoming ('freshman') students go through after being admitted, to confirm their enrollment and get registered into their first semester's classes; details and instructions are published on the Admissions section of the university website.","Question: Can you tell me what 'Freshman Enrollment and Class Sign' at BRAC University is?
Answer: This is the official process new/incoming ('freshman') students go through after being admitted, to confirm their enrollment and get registered into their first semester's classes; details and instructions are published on the Admissions section of the university website.

Question: What is 'Freshman Enrollment and Class Sign' at BRAC University?
Answer: This is the official process new/incoming ('freshman') students go through after being admitted, to confirm their enrollment and get registered into their first semester's classes; details and instructions are published on the Admissions section of the university website.

Question (Banglish): BRAC University er 'Freshman Enrollment and Class Sign' ta ki?
Answer (English): This is the official process new/incoming ('freshman') students go through after being admitted, to confirm their enrollment and get registered into their first semester's classes; details and instructions are published on the Admissions section of the university website.

Question (Banglish): BRAC e Freshman, Sophomore, Junior ar Senior classification kivabe hoy?
Answer (English): BRAC University classifies undergraduate students based on earned credits: Freshman (0–30), Sophomore (31–60), Junior (61–90), Senior (91–140), and Advanced Senior (140+ credits).

Question (Banglish): BRAC e enrollment certificate e ki ki information thake?
Answer (English): An enrollment certificate typically confirms a student's enrollment status and may include information such as the student's name, ID, program, and enrollment period, depending on the purpose of the certificate.","This is the official process new/incoming ('freshman') students go through after being admitted, to confirm their enrollment and get registered into their first semester's classes; details and instructions are published on the Admissions section of the university website.",0.0262,7.0776,7.1037,2026-08-02T16:24:30.680307+00:00,0.0284,0.5,"SCORE: 0.5 | REASON: The answer contains two distinct factual claims, but only one is supported by the context (the process for freshman enrollment and class sign), while the other claim about details being published on the Admissions section of the university website is not explicitly mentioned in any question or answer.",baselines,,,,,,,,,,,,,,0.9905078411102295
Q091,vector_only,0.0,One thing I couldn't find anywhere: can I renew a book I have borrowed from the library?,"Yes, an item can be renewed if no other user has placed a hold on it. Renewal can be done through the online catalogue (OPAC) or by contacting the circulation desk.","Question: Sorry if this was already answered, but can I renew a book I have borrowed from the library?
Answer: Yes, an item can be renewed if no other user has placed a hold on it. Renewal can be done through the online catalogue (OPAC) or by contacting the circulation desk.

Question: No idea if this is written down anywhere — can I renew a book I have borrowed from the library?
Answer: Yes, an item can be renewed if no other user has placed a hold on it. Renewal can be done through the online catalogue (OPAC) or by contacting the circulation desk.

Question: Before I forget to ask — can I renew a book I have borrowed from the library?
Answer: Yes, an item can be renewed if no other user has placed a hold on it. Renewal can be done through the online catalogue (OPAC) or by contacting the circulation desk.

Question: Can I renew a book I have borrowed from the library?
Answer: Yes, an item can be renewed if no other user has placed a hold on it. Renewal can be done through the online catalogue (OPAC) or by contacting the circulation desk.

Question: One thing I couldn't find anywhere: can I renew a book I have borrowed from the library?
Answer: Yes, an item can be renewed if no other user has placed a hold on it. Renewal can be done through the online catalogue (OPAC) or by contacting the circulation desk.",You can renew a book you have borrowed from the library if no other user has placed a hold on it. Renewal can be done through the online catalogue (OPAC) or by contacting the circulation desk.,0.0212,6.8757,6.8969,2026-08-02T16:24:37.579223+00:00,0.0081,1.0,SCORE: 1.0 | REASON: All claims are identical and directly supported by the provided CONTEXT.,baselines,,,,,,,,,,,,,,0.5115494728088379
Q005,vector_only,0.0,Before I forget to ask — what should students do if they have a scheduling conflict with their exams?,"The first step is to inform the course instructor about the conflict as soon as possible. If the conflict involves multiple exams or cannot be resolved with the instructor, students should consult their department office. The department can provide additional support or coordinate with other instructors to find a solution.","Question: Random question, what should students do if they have a scheduling conflict with their exams?
Answer: The first step is to inform the course instructor about the conflict as soon as possible. If the conflict involves multiple exams or cannot be resolved with the instructor, students should consult their department office. The department can provide additional support or coordinate with other instructors to find a solution.

Question: What should students do if they have a scheduling conflict with their exams?
Answer: The first step is to inform the course instructor about the conflict as soon as possible. If the conflict involves multiple exams or cannot be resolved with the instructor, students should consult their department office. The department can provide additional support or coordinate with other instructors to find a solution.

Question: Before I forget to ask — what should students do if they have a scheduling conflict with their exams?
Answer: The first step is to inform the course instructor about the conflict as soon as possible. If the conflict involves multiple exams or cannot be resolved with the instructor, students should consult their department office. The department can provide additional support or coordinate with other instructors to find a solution.

Question (Banglish): Exam er scheduling e conflict thakle student der ki korte hoy?
Answer (English): The first step is to inform the course instructor about the conflict as soon as possible. If the conflict involves multiple exams or cannot be resolved with the instructor, students should consult their department office. The department can provide additional support or coordinate with other instructors to find a solution.

Question: Random question, what should a course teacher do if a student misses the final exam for a valid reason?
Answer: If a student misses the final exam for a documented valid reason (such as a medical emergency), the course teacher can arrange a make-up exam, and if course requirements genuinely can't be completed in time, an 'Incomplete' (I) grade with a defined completion deadline (up to 8 weeks after the final exam) may be assigned instead.","The first step is to inform the course instructor about the conflict as soon as possible. If the conflict involves multiple exams or cannot be resolved with the instructor, students should consult their department office. The department can provide additional support or coordinate with other instructors to find a solution.",0.0186,8.0495,8.0681,2026-08-02T16:24:45.649340+00:00,0.0085,1.0,SCORE: 1.0 | REASON: The answer is fully supported by the context as it directly quotes the provided text for both questions about scheduling conflicts with exams.,baselines,,,,,,,,,,,,,,0.9899876713752747
Q077,vector_only,0.0,Consequence of not confirming advising during the Self-Registration period?,All selected courses will be automatically cancelled,"Question: Consequence of not confirming advising during the Self-Registration period?
Answer: All selected courses will be automatically cancelled

Question (Banglish): Self-Registration period e advising confirm na korle ki consequence hoy?
Answer (English): All selected courses will be automatically cancelled

Question: What is the impact of confirming the Wishlist within the slot time?
Answer: Ensures eligibility for Pre-Registration Phase 1 and contributes to course planning

Question: Result of confirming advising in Summer 2025?
Answer: Advising will be confirmed and necessary fees will be automatically applied.

Question: Just wondering, what happens if a student fails to confirm the Wishlist on time?
Answer: Student will not be considered a participant and cannot register in Pre-Registration Phase 1",All selected courses will be automatically cancelled.,0.0341,3.6049,3.639,2026-08-02T16:24:49.290068+00:00,0.136,0.5,"SCORE: 0.5 | REASON: Only two out of four individual factual claims are supported by the context. 

The ANSWER ""All selected courses will be automatically cancelled"" is supported by the CONTEXT for the question ""Consequence of not confirming advising during the Self-Registration period?"" but not for the other three questions.",baselines,,,,,,,,,,,,,,0.973249077796936
Q078,vector_only,0.0,"Not sure if this is covered elsewhere, but how early should students arrive at the exam hall?",Students should aim to arrive at the exam hall at least 15 to 30 minutes before the scheduled start time of their exam.,"Question: Curious about something: how early should students arrive at the exam hall?
Answer: Students should aim to arrive at the exam hall at least 15 to 30 minutes before the scheduled start time of their exam.

Question: How early should students arrive at the exam hall?
Answer: Students should aim to arrive at the exam hall at least 15 to 30 minutes before the scheduled start time of their exam.

Question: Not sure if this is covered elsewhere, but how early should students arrive at the exam hall?
Answer: Students should aim to arrive at the exam hall at least 15 to 30 minutes before the scheduled start time of their exam.

Question (Banglish): Exam hall e student der koto age ashte hobe?
Answer (English): Students should aim to arrive at the exam hall at least 15 to 30 minutes before the scheduled start time of their exam.

Question: Before I forget to ask — how soon are make-up exams scheduled after the original exam date?
Answer: Students unable to appear in the final exams may sit for the final makeup exams on the dates decided by the department/school which be within 4 weeks of the following semester.",Students should aim to arrive at the exam hall at least 15 to 30 minutes before the scheduled start time of their exam.,0.024,5.113,5.137,2026-08-02T16:24:54.428293+00:00,0.0075,1.0,SCORE: 1.0 | REASON: The answer is fully supported by the context as all questions and answers are identical and only ask about exam arrival time.,baselines,,,,,,,,,,,,,,0.9863878488540649
Q013,vector_only,0.0,"Random question, what should I do if I miss my mid/final?","You should inform your course instructor as soon as possible with a valid reason (such as medical emergencies). In some cases, you may need to provide documentation like medical certificates to appeal.","Question: Random question, what should I do if I miss my mid/final?
Answer: You should inform your course instructor as soon as possible with a valid reason (such as medical emergencies). In some cases, you may need to provide documentation like medical certificates to appeal.

Question: What should I do if I miss my mid/final?
Answer: You should inform your course instructor as soon as possible with a valid reason (such as medical emergencies). In some cases, you may need to provide documentation like medical certificates to appeal.

Question (Banglish): Mid/final miss korle ki korbo?
Answer (English): You should inform your course instructor as soon as possible with a valid reason (such as medical emergencies). In some cases, you may need to provide documentation like medical certificates to appeal.

Question: I missed my pre registration, what should I do now?
Answer: Please wait for the 2nd phrase of the pre advising. You may not get those sections you will have got in the 1st phrase. But you can try in the 2nd phrase and also try to get courses in the main advising through your advisor.

Question: Hey, I missed my pre registration, what should I do now?
Answer: Please wait for the 2nd phrase of the pre advising. You may not get those sections you will have got in the 1st phrase. But you can try in the 2nd phrase and also try to get courses in the main advising through your advisor.","You should inform your course instructor as soon as possible with a valid reason (such as medical emergencies). In some cases, you may need to provide documentation like medical certificates to appeal.",0.0197,6.1785,6.1981,2026-08-02T16:25:00.628245+00:00,0.0163,0.5,"SCORE: 0.5 | REASON: Only two out of four claims are supported by the context. 

The two supported claims are:
- You should inform your course instructor as soon as possible with a valid reason (such as medical emergencies).
- In some cases, you may need to provide documentation like medical certificates to appeal.

The two unsupported claims are:
- Please wait for the 2nd phrase of the pre advising.
- You may not get those sections you will have got in the 1st phrase.",baselines,,,,,,,,,,,,,,0.9899653196334839
Q032,vector_only,0.0,From where does the bus leave on campus?,The bus leave campus from the Basement-1,"Question: From where does the bus leave on campus?
Answer: The bus leave campus from the Basement-1

Question (Banglish): Campus e bus kothay theke chare?
Answer (English): The bus leave campus from the Basement-1

Question (Banglish): Bus dhorar shesh shomoy ta ki?
Answer (English): Last Outbound Timing (drop off) from Basement 01:
BRAC University to Abdullahpur: Route No-01(5:10 PM)
BRAC University to Mirpur-A: Route No-02(5:15 PM)
BRAC University to Mirpur-B: Route No-02(5:10 PM)
BRAC University to Jigatola: Route No-03(5:10 PM)
BRAC University to Azimpur: Route No-04(2:10 PM)
BRAC University to Jatrabari: Route No-05(5:15 PM)
BRAC University to Baldha Garden: Route No-06(5:15 PM)
BRAC University to Mohammadpur: Route No-07(5:10 PM)
BRAC University to Narayanganj: Route No-08(5:15 PM ) 
BRAC University to Bashundhara: Route No-09(5:10 PM)

Question: What is the last time to catch a bus?
Answer: Last Outbound Timing (drop off) from Basement 01:
BRAC University to Abdullahpur: Route No-01(5:10 PM)
BRAC University to Mirpur-A: Route No-02(5:15 PM)
BRAC University to Mirpur-B: Route No-02(5:10 PM)
BRAC University to Jigatola: Route No-03(5:10 PM)
BRAC University to Azimpur: Route No-04(2:10 PM)
BRAC University to Jatrabari: Route No-05(5:15 PM)
BRAC University to Baldha Garden: Route No-06(5:15 PM)
BRAC University to Mohammadpur: Route No-07(5:10 PM)
BRAC University to Narayanganj: Route No-08(5:15 PM ) 
BRAC University to Bashundhara: Route No-09(5:10 PM)

Question: Where can i get the bus tickets from?
Answer: Fare needs to be paid in cash to service attendants inside the buses.",The bus leaves campus from the Basement-1.,0.0167,4.0625,4.0793,2026-08-02T16:25:04.708798+00:00,0.1673,1.0,SCORE: 1.0 | REASON: All individual factual claims are fully supported by the retrieved CONTEXT.,baselines,,,,,,,,,,,,,,0.9850329756736755
Q184,vector_only,0.0,What is Atonu Roy Chowdhury's email?,Atonu Roy Chowdhury's email is atonuroy.chowdhury@bracu.ac.bd.,"Initial: NARC
Name: Atonu Roy Chowdhury
Designation: Lecturer
Status: Full Time
Room: 4P192
Email: atonuroy.chowdhury@bracu.ac.bd

Initial: NARC
Name: Atonu Roy Chowdhury
Day: Thursday
Scheduled commitments (classes/labs/breaks, not availability): 12:30 PM - Consultation; 2:00 PM - CSE330-18 07D-20C; 3:30 PM - CSE330-19 07D-20C

Initial: NARC
Name: Atonu Roy Chowdhury
Day: Wednesday
Scheduled commitments (classes/labs/breaks, not availability): 12:30 PM - Consultation; 2:00 PM - CSE330-10 (LAB) NFMK,NARC 09F-26L

Initial: NAHC
Name: Asif Hasan Chowdhury
Designation: Lecturer
Status: Full Time
Room: 4L92
Email: asif.hasan@bracu.ac.bd

Initial: PRC
Name: Pratick Roy Chowdhuruy
Designation: C. Lecturer
Status: Contractual
Room: 4F
Email: ext.pratick.roy@bracu.ac.bd",Atonu Roy Chowdhury's email is atonuroy.chowdhury@bracu.ac.bd.,0.0176,5.1563,5.1739,2026-08-02T16:25:09.884442+00:00,0.1933,1.0,SCORE: 1.0 | REASON: The CONTEXT supports all individual factual claims made in the ANSWER.,baselines,,,,,,,,,,,,,,0.0954575389623642
Q154,vector_only,0.0,What day and time is the theory class for CSE370-16?,The theory class for CSE370-16 is on SAT+THU at 9:30 AM in room 10B-17C.,"Course: CSE370-16
Theory Initial: MZG
Theory Day: SAT+THU
Theory Time: 9:30 AM
Theory Room: 10B-17C
Lab Faculty: RBR,KZMN
Lab Day: TUE
Lab Time: 2:00 PM
Lab Room: 12F-31L

Course: CSE260-16B
Theory Initial: ADD
Theory Day: MON+WED
Theory Time: 11:00 AM
Theory Room: 09D-17C
Lab Faculty: NNTN,CABS
Lab Day: SUN
Lab Time: 2:00 PM
Lab Room: FT11-01L

Course: CSE470-16
Theory Initial: ART
Theory Day: SUN+TUE
Theory Time: 12:30 PM
Theory Room: 07D-19C

Course: CSE260-16A
Theory Initial: ADD
Theory Day: MON+WED
Theory Time: 11:00 AM
Theory Room: 09D-17C
Lab Faculty: NNTN,LMI
Lab Day: SUN
Lab Time: 11:00 AM
Lab Room: FT11-01L

Course: CSE340-16
Theory Initial: ZLNM
Theory Day: MON+WED
Theory Time: 9:30 AM
Theory Room: 09H-32C","The theory class for CSE370-16 meets on Saturday (SAT) and Thursday (THU), at 9:30 AM.",0.0216,5.36,5.3815,2026-08-02T16:25:15.267428+00:00,0.1571,1.0,SCORE: 1.0 | REASON: The answer's claim about CSE370-16 is fully supported by the context.,baselines,,,,,,,,,,,,,,0.10912564396858215
Q171,vector_only,0.0,Who teaches the lab section of CSE221-19?,"The lab section of CSE221-19 is taught by ARD,ANV.","Course: CSE221-19
Theory Initial: IBA
Theory Day: SUN+TUE
Theory Time: 2:00 PM
Theory Room: 09H-33C
Lab Faculty: ARD,ANV
Lab Day: SAT
Lab Time: 11:00 AM
Lab Room: 09E-22L

Course: CSE221
First Theory Coordinator: FGZ
Second Theory Coordinator: IBA
Theory Coordinator Email: fakhruddin.gazzali@bracu.ac.bd,imran.azad@bracu.ac.bd
First Lab Coordinator: NARC
Second Lab Coordinator: AKHD
Lab Coordinator Email: atonuroy.chowdhury@bracu.ac.bd,ext.abdullah@bracu.ac.bd

Course: CSE220-19
Theory Initial: IRZA
Theory Day: SAT+THU
Theory Time: 9:30 AM
Theory Room: 09D-17C
Lab Faculty: FBAW,CMHQ
Lab Day: SUN
Lab Time: 8:00 AM
Lab Room: 09B-11L

Course: CSE421-19
Theory Initial: BIJS
Theory Day: SUN+TUE
Theory Time: 8:00 AM
Theory Room: 09H-32C
Lab Faculty: AKTD,CQAE
Lab Day: MON
Lab Time: 2:00 PM
Lab Room: 09F-24L

Course: STA201-19
Theory Initial: TBS
Theory Day: SAT+THU
Theory Time: 11:00 AM
Theory Room: 09H-35C",The lab faculty for CSE221-19 are ARD and ANV.,0.0222,4.3852,4.4074,2026-08-02T16:25:19.676642+00:00,0.0419,1.0,SCORE: 1.0 | REASON: The CONTEXT supports that ARD and ANV are lab faculty for CSE221-19.,baselines,,,,,,,,,,,,,,0.05529598519206047
Q146,vector_only,0.0,Who is the theory coordinator for CSE461?,The theory coordinator for CSE461 is KHR.,"Course: CSE461
First Theory Coordinator: KHR
Theory Coordinator Email: khalilur@bracu.ac.bd
First Lab Coordinator: RDW
Second Lab Coordinator: RFF
Lab Coordinator Email: redowanul.akbar@bracu.ac.bd,rafid.ahnaf@bracu.ac.bd

Course: CSE460
First Theory Coordinator: ARPD
Theory Coordinator Email: arpa.roy@bracu.ac.bd
First Lab Coordinator: AKJ
Second Lab Coordinator: SDL
Lab Coordinator Email: anjum.akib@bracu.ac.bd,shadmin.sultana@bracu.ac.bd

Course: CSE461
Prerequisite: CSE260 (HP)
Full Prerequisite Chain: CSE260-CSE251-CSE250-PHY112-PHY111

Course: CSE461-01
Theory Initial: KHR
Theory Day: MON+WED
Theory Time: 3:30 PM
Theory Room: 09C-16T
Lab Faculty: SMYA,MHSK
Lab Day: SUN
Lab Time: 8:00 AM
Lab Room: 12B-18L

Course: CSE421
First Theory Coordinator: MSMA
Second Theory Coordinator: NDT
Theory Coordinator Email: shamim.mia@bracu.ac.bd,nirjhor.datta@bracu.ac.bd
First Lab Coordinator: SRJ
Second Lab Coordinator: MSMA
Lab Coordinator Email: seraj.mehnaz@bracu.ac.bd,shamim.mia@bracu.ac.bd",The first theory coordinator for CSE461 is KHR.,0.0166,3.9777,3.9943,2026-08-02T16:25:23.672464+00:00,0.1554,1.0,SCORE: 1.0 | REASON: The CONTEXT supports that KHR is the first theory coordinator for CSE461.,baselines,,,,,,,,,,,,,,0.09224174171686172
Q145,vector_only,0.0,What is the coordinator email for CSE446?,The coordinator email for CSE446 is sadek.ferdous@bracu.ac.bd.,"Course: CSE446
First Theory Coordinator: SDF
Theory Coordinator Email: sadek.ferdous@bracu.ac.bd
First Lab Coordinator: SJM
Second Lab Coordinator: SDF
Lab Coordinator Email: ext.sajid.mahir@bracu.ac.bd,sadek.ferdous@bracu.ac.bd

Course: CSE426
First Theory Coordinator: TSM
Theory Coordinator Email: mirza.mugdho@bracu.ac.bd

Course: CSE446-01
Theory Initial: BDH
Theory Day: MON+WED
Theory Time: 11:00 AM
Theory Room: 07D-20C
Lab Faculty: MTSM,SJM
Lab Day: TUE
Lab Time: 2:00 PM
Lab Room: 10E-27L

Course: CSE426-01
Theory Initial: TSM
Theory Day: MON+WED
Theory Time: 12:30 PM
Theory Room: 08H-22C

Course: CSE474
First Theory Coordinator: AAR
Theory Coordinator Email: annajiat@bracu.ac.bd
First Lab Coordinator: AAR
Lab Coordinator Email: annajiat@bracu.ac.bd","The theory coordinator email for CSE446 is sadek.ferdous@bracu.ac.bd, and the lab coordinator emails are ext.sajid.mahir@bracu.ac.bd and sadek.ferdous@bracu.ac.bd.",0.0151,7.9766,7.9917,2026-08-02T16:25:31.666450+00:00,0.1187,1.0,SCORE: 1.0 | REASON: All claims are fully supported by the context.,baselines,,,,,,,,,,,,,,0.02148669771850109
Q140,vector_only,0.0,Who is the theory coordinator for CSE330?,The theory coordinator for CSE330 is AMK. The second theory coordinator is AQU.,"Course: CSE330
First Theory Coordinator: AMK
Second Theory Coordinator: AQU
Theory Coordinator Email: abu.khan@bracu.ac.bd,aquib.azmain@bracu.ac.bd
First Lab Coordinator: NNTN
Second Lab Coordinator: ALB
Lab Coordinator Email: naima.tahsin@bracu.ac.bd,anindita.labonno@bracu.ac.bd

Course: CSE330-04
Theory Initial: MNP
Theory Day: SUN+TUE
Theory Time: 3:30 PM
Theory Room: 07H-26C
Lab Faculty: CSSD,NNTN
Lab Day: WED
Lab Time: 8:00 AM
Lab Room: 09F-26L

Course: CSE330-03
Theory Initial: MNP
Theory Day: SUN+TUE
Theory Time: 2:00 PM
Theory Room: 07H-26C
Lab Faculty: SADF,AQU
Lab Day: MON
Lab Time: 2:00 PM
Lab Room: 09F-26L

Course: CSE331
First Theory Coordinator: RSS
Theory Coordinator Email: rafiad.shahir@bracu.ac.bd

Course: CSE330-01
Theory Initial: AMK
Theory Day: MON+WED
Theory Time: 11:00 AM
Theory Room: 09H-35C
Lab Faculty: ALB,CTFZ
Lab Day: THU
Lab Time: 11:00 AM
Lab Room: 09F-26L",The first theory coordinators for CSE330 are AMK and AQU.,0.0151,4.4062,4.4213,2026-08-02T16:25:36.089228+00:00,0.1771,1.0,SCORE: 1.0 | REASON: The answer is fully supported by the context as both AMK and AQU are listed as theory coordinators for CSE330.,baselines,,,,,,,,,,,,,,0.08251091837882996
Q123,vector_only,0.0,What are the prerequisites for CSE430?,The prerequisite for CSE430 is MAT120 (HP).,"Course: CSE430
Prerequisite: MAT120 (HP)
Full Prerequisite Chain: MAT120-MAT110

Course: CSE430
First Theory Coordinator: EHQ
Theory Coordinator Email: ehtashamul.haque@bracu.ac.bd
First Lab Coordinator: TAV
Lab Coordinator Email: tarvir.anjum@bracu.ac.bd

Question: Can you tell me what the prerequisites for the Cse program are?
Answer: Candidates applying for EEE, ECE, CSE, APE and Physics:HSC/ Equivalent(“B” grade in Physics & Mathematics),A-levels: “C” grade in Physics & Mathematics

Course: CSE350
Prerequisite: CSE251 (HP)
Full Prerequisite Chain: CSE251-CSE250-PHY112-PHY111

Course: CSE460
Prerequisite: CSE260 (HP)
Full Prerequisite Chain: CSE260-CSE251-CSE250-PHY112-PHY111","The prerequisite for CSE430 is MAT120 with a High Pass (HP) grade, and its full prerequisite chain is MAT120-MAT110.",0.0148,5.428,5.4429,2026-08-02T16:25:41.533330+00:00,0.1217,1.0,SCORE: 1.0 | REASON: All claims made about CSE430 are fully supported by the provided CONTEXT.,baselines,,,,,,,,,,,,,,0.8193172812461853
Q181,vector_only,0.0,Which room is Anika Tasnim in?,Anika Tasnim is in room 4F.,"Initial: ANT
Name: Anika Tasnim
Designation: C. Lecturer
Status: Contractual
Room: 4F
Email: ext.anika.tasnim@bracu.ac.bd

Question: Where can I find the Prayer Room for females?
Answer: In front of the indoor (Multipurpose Hall) and also on 6th floor(ZONE-H).

Question: Where's the female prayer room?
Answer: The female prayer room is located on the ground floor near reception and also another one on 6th floor.(ZONE-H).

Question: How can I access the Prayer Room for females?
Answer: The Prayer Room is located in front of the indoor Multipurpose Hall and on 6th floor(ZONE-H)

Question (Banglish): Female der Prayer Room ami kothay pabo?
Answer (English): In front of the indoor (Multipurpose Hall) and also on 6th floor(ZONE-H).",Anika Tasnim is located in room 4F.,0.0157,3.8633,3.879,2026-08-02T16:25:45.413839+00:00,0.0872,0.5,"SCORE: 0.5 | REASON: Only two out of four claims about the female prayer room's location are supported by the context, while Anika Tasnim's location is correctly stated as room 4F.",baselines,,,,,,,,,,,,,,0.2019680142402649
Q111,vector_only,0.0,What are the prerequisites for CSE420?,"The prerequisite for CSE420 is CSE321 (HP),CSE331 (HP),CSE340 (HP).","Course: CSE420
Prerequisite: CSE321 (HP),CSE331 (HP),CSE340 (HP)
Full Prerequisite Chain: CSE321-CSE331-CSE340-CSE221-CSE260-CSE220-CSE251-CSE111-CSE230-CSE250-CSE110-PHY112-PHY111

Course: CSE420
First Theory Coordinator: MNY
Second Theory Coordinator: SUE
Theory Coordinator Email: nur.yanhaona@bracu.ac.bd,sukarna.sarkar@bracu.ac.bd
First Lab Coordinator: SUE
Second Lab Coordinator: MNY
Lab Coordinator Email: sukarna.sarkar@bracu.ac.bd,nur.yanhaona@bracu.ac.bd

Course: CSE422
Prerequisite: CSE221 (HP)
Full Prerequisite Chain: CSE221-CSE220-CSE111-CSE230-CSE110

Course: CSE420-01
Theory Initial: SUE
Theory Day: SUN+TUE
Theory Time: 11:00 AM
Theory Room: 09E-20T
Lab Faculty: RKBR,AKHD
Lab Day: WED
Lab Time: 2:00 PM
Lab Room: 12F-31L

Course: CSE420-02
Theory Initial: SUE
Theory Day: SUN+TUE
Theory Time: 11:00 AM
Theory Room: 09E-20T
Lab Faculty: RKBR,AKHD
Lab Day: WED
Lab Time: 2:00 PM
Lab Room: 12F-31L","The prerequisites for CSE420 are CSE321 (HP), CSE331 (HP), and CSE340 (HP).",0.0165,5.1641,5.1806,2026-08-02T16:25:50.595910+00:00,0.0903,1.0,SCORE: 1.0 | REASON: All three prerequisites for CSE420 are listed in the CONTEXT.,baselines,,,,,,,,,,,,,,0.12124406546354294
Q101,vector_only,0.0,What are the prerequisites for CSE423?,The prerequisite for CSE423 is MAT216 (HP).,"Course: CSE423
Prerequisite: MAT216 (HP)
Full Prerequisite Chain: MAT216-MAT120-MAT110

Course: CSE423
First Theory Coordinator: TMD
Second Theory Coordinator: SMUR
Theory Coordinator Email: tamkin.mahmud@bracu.ac.bd,rahman.samiur@bracu.ac.bd
First Lab Coordinator: SRU
Lab Coordinator Email: shakir.rouf@bracu.ac.bd

Course: CSE423-04
Theory Initial: TMD
Theory Day: MON+WED
Theory Time: 3:30 PM
Theory Room: 09A-02C
Lab Faculty: MVH,FDZ
Lab Day: SAT
Lab Time: 11:00 AM
Lab Room: 12D-27L

Course: CSE423-03
Theory Initial: TMD
Theory Day: MON+WED
Theory Time: 2:00 PM
Theory Room: 09A-02C
Lab Faculty: MVH,FDZ
Lab Day: SAT
Lab Time: 11:00 AM
Lab Room: 12D-27L

Course: CSE423-01
Theory Initial: TMD
Theory Day: SUN+TUE
Theory Time: 3:30 PM
Theory Room: 09H-32C
Lab Faculty: SOSB,MAHS
Lab Day: WED
Lab Time: 11:00 AM
Lab Room: 12D-27L",The full prerequisite chain for CSE423 is MAT216-MAT120-MAT110.,0.0196,4.4503,4.4699,2026-08-02T16:25:55.067252+00:00,0.0846,1.0,SCORE: 1.0 | REASON: The full prerequisite chain for CSE423 is correctly stated in the CONTEXT.,baselines,,,,,,,,,,,,,,0.2484412044286728
Q119,vector_only,0.0,What are the prerequisites for CSE392?,The prerequisite for CSE392 is MAT215 (HP).,"Course: CSE392
Prerequisite: MAT215 (HP)
Full Prerequisite Chain: MAT215-MAT216-MAT120-MAT110

Course: CSE422
Prerequisite: CSE221 (HP)
Full Prerequisite Chain: CSE221-CSE220-CSE111-CSE230-CSE110

Course: CSE472
First Theory Coordinator: FDC
Theory Coordinator Email: farida.chowdhury@bracu.ac.bd

Course: CSE422
First Theory Coordinator: TRZ
Theory Coordinator Email: tanzim.reza@bracu.ac.bd
First Lab Coordinator: ZHS
Lab Coordinator Email: shoumo.hasan@bracu.ac.bd

Course: CSE391
Prerequisite: CSE370 (HP)
Full Prerequisite Chain: CSE370-CSE221-CSE220-CSE111-CSE230-CSE110",The prerequisite for CSE392 is MAT215 with a High Pass.,0.0152,4.0149,4.0301,2026-08-02T16:25:59.098632+00:00,0.1973,0.8,"SCORE: 0.8 | REASON: The answer partially matches the context for CSE392 and CSE391, but not for CSE422 (two different coordinators listed).",baselines,,,,,,,,,,,,,,0.07133184373378754
Q131,vector_only,0.0,Who is the theory coordinator for CSE490D?,The theory coordinator for CSE490D is TAV.,"Course: CSE490D
First Theory Coordinator: TAV
Theory Coordinator Email: tarvir.anjum@bracu.ac.bd

Course: CSE490C
First Theory Coordinator: SDAS
Theory Coordinator Email: sowmitra.das@bracu.ac.bd

Course: CSE490B
First Theory Coordinator: TLQ
Theory Coordinator Email: taiabul.haque@bracu.ac.bd
First Lab Coordinator: ZMD
Lab Coordinator Email: zaber.mohammad@bracu.ac.bd

Course: CSE490A
First Theory Coordinator: MSA
Theory Coordinator Email: mabdullah@bracu.ac.bd

Course: CSE490D-01
Theory Initial: TAV
Theory Day: MON+WED
Theory Time: 2:00 PM
Theory Room: 07F-22C",The first Theory Coordinator for CSE490D is TAV.,0.0153,3.9738,3.989,2026-08-02T16:26:03.089263+00:00,0.0303,1.0,SCORE: 1.0 | REASON: The CONTEXT directly states that TAV is the First Theory Coordinator for CSE490D.,baselines,,,,,,,,,,,,,,0.9465405941009521
Q174,vector_only,0.0,Who teaches the lab section of CSE427-05?,"The lab section of CSE427-05 is taught by QUZA,ITTSC.","Course: CSE427
First Theory Coordinator: CMR
Second Theory Coordinator: DFD
Theory Coordinator Email: rahman.mofizur@bracu.ac.bd,fabian.dofadar@bracu.ac.bd
First Lab Coordinator: DFD
Second Lab Coordinator: QUZA
Lab Coordinator Email: fabian.dofadar@bracu.ac.bd,quazi.ashikur@bracu.ac.bd

Course: CSE427-05
Theory Initial: QUZA
Theory Day: SUN+TUE
Theory Time: 9:30 AM
Theory Room: 09C-13C
Lab Faculty: QUZA,ITTSC
Lab Day: MON
Lab Time: 11:00 AM
Lab Room: 09F-27L

Course: CSE425
First Theory Coordinator: MMM
Theory Coordinator Email: mostakim@bracu.ac.bd

Course: CSE427-04
Theory Initial: DFD
Theory Day: MON+WED
Theory Time: 12:30 PM
Theory Room: 09C-16T
Lab Faculty: NDT,ITTSC
Lab Day: SUN
Lab Time: 11:00 AM
Lab Room: 09F-27L

Course: CSE427-07
Theory Initial: NWT
Theory Day: SUN+TUE
Theory Time: 3:30 PM
Theory Room: 09A-04C
Lab Faculty: NDT,NLH
Lab Day: MON
Lab Time: 2:00 PM
Lab Room: 09F-27L",The Lab Faculty for the course CSE427-05 is QUZA and ITTSC.,0.0213,4.5318,4.5532,2026-08-02T16:26:07.643986+00:00,0.0118,1.0,SCORE: 1.0 | REASON: All claims are directly supported by the CONTEXT.,baselines,,,,,,,,,,,,,,0.11343641579151154
Q134,vector_only,0.0,Who is the theory coordinator for CSE426?,The theory coordinator for CSE426 is TSM.,"Course: CSE426
First Theory Coordinator: TSM
Theory Coordinator Email: mirza.mugdho@bracu.ac.bd

Course: CSE426-02
Theory Initial: RFR
Theory Day: MON+WED
Theory Time: 9:30 AM
Theory Room: 07D-20C

Course: CSE426-01
Theory Initial: TSM
Theory Day: MON+WED
Theory Time: 12:30 PM
Theory Room: 08H-22C

Course: CSE446
First Theory Coordinator: SDF
Theory Coordinator Email: sadek.ferdous@bracu.ac.bd
First Lab Coordinator: SJM
Second Lab Coordinator: SDF
Lab Coordinator Email: ext.sajid.mahir@bracu.ac.bd,sadek.ferdous@bracu.ac.bd

Course: CSE425
First Theory Coordinator: MMM
Theory Coordinator Email: mostakim@bracu.ac.bd",The first theory coordinator for CSE426 is TSM.,0.0177,3.8911,3.9088,2026-08-02T16:26:11.553917+00:00,0.1991,1.0,SCORE: 1.0 | REASON: The answer is fully supported by the context as it directly matches the information provided for CSE426.,baselines,,,,,,,,,,,,,,0.4417910575866699
Q191,vector_only,0.0,What is FDZ's designation?,Fardin Zaman (FDZ) is a C. Lecturer.,"Question: What is FYAT and is it mandatory for new students?
Answer: FYAT (First Year Advising/orientation-type session) briefs incoming freshmen on university policies, key offices (BIL, RS, Library, Medical Center), payment procedures and scholarships. Due to the large intake, it's usually run in a Morning and an Afternoon session, and attendance at orientation is mandatory.

Question (Banglish): BRAC e 'F' grade pele ki course compulsory retake korte hoy?
Answer (English): If a student receives an 'F' grade in a core or required course, they must retake and pass the course to fulfill degree requirements.

Initial: NFF
Name: Nafiz Imtiaz Rafin
Designation: C. Lecturer
Status: Contractual
Room: 4F
Email: ext.nafiz.rafin@bracu.ac.bd

Question (Banglish): F grade paile ekta student koyti bar course retake korte parbe?
Answer (English): A student who receives an F grade in a course is normally allowed to retake it twice. In exceptional cases, such as a student on probation, the Head of Department or Dean may arrange with the Registrar for a third retake to help safeguard the student's progression.

Initial: NQM
Name: Md Nafiz Ishtiaque Mahee
Designation: C. Lecturer
Status: Contractual
Room: 4F
Email: ext.nafiz.ishtiaque@bracu.ac.bd","I don't have enough information to answer the question about FDZ's designation, as there is no mention of a person or entity named FDZ in the retrieved context.",0.0156,5.9828,5.9984,2026-08-02T16:26:17.554478+00:00,0.018,1.0,SCORE: 1.0 | REASON: All claims in the ANSWER are directly supported by the CONTEXT.,baselines,,,,,,,,,,,,,,0.002286838833242655
Q105,vector_only,0.0,What is the full prerequisite chain for PHY112?,The full prerequisite chain for PHY112 is PHY111.,"Course: PHY112
Prerequisite: PHY111 (HP)
Full Prerequisite Chain: PHY111

Course: ENG102
Prerequisite: ENG101 (HP)
Full Prerequisite Chain: ENG101

Course: MAT120
Prerequisite: MAT110 (HP)
Full Prerequisite Chain: MAT110

Course: CSE110
First Theory Coordinator: TAW
Theory Coordinator Email: tawhid.anwar@bracu.ac.bd
First Lab Coordinator: DFD
Second Lab Coordinator: RKBM
Lab Coordinator Email: fabian.dofadar@bracu.ac.bd,mohammad.rakibul@bracu.ac.bd

Course: CSE110-02
Theory Initial: STNM
Theory Day: SUN+TUE
Theory Time: 12:30 PM
Theory Room: 10B-17C
Lab Faculty: AOHE,RKBM
Lab Day: WED
Lab Time: 8:00 AM
Lab Room: 09B-08L",The full prerequisite chain for PHY112 is PHY111.,0.0159,3.8218,3.8377,2026-08-02T16:26:21.393254+00:00,0.2935,1.0,SCORE: 1.0 | REASON: All individual factual claims in the ANSWER are fully supported by the CONTEXT.,baselines,,,,,,,,,,,,,,0.2455615997314453
Q177,vector_only,0.0,Who teaches the lab section of CSE471-15?,"The lab section of CSE471-15 is taught by PLN,ART.","Course: CSE471-15
Theory Initial: NAHC
Theory Day: SAT+THU
Theory Time: 11:00 AM
Theory Room: 09D-18C
Lab Faculty: PLN,ART
Lab Day: TUE
Lab Time: 2:00 PM
Lab Room: 09F-25L

Course: CSE471
First Theory Coordinator: MIH
Theory Coordinator Email: iqbal.hossain@bracu.ac.bd
First Lab Coordinator: AQU
Lab Coordinator Email: aquib.azmain@bracu.ac.bd

Course: CSE471-14
Theory Initial: MIH
Theory Day: SUN+TUE
Theory Time: 11:00 AM
Theory Room: 10B-16C
Lab Faculty: ART,KZMN
Lab Day: THU
Lab Time: 11:00 AM
Lab Room: 09F-25L

Course: CSE470-15
Theory Initial: ART
Theory Day: MON+WED
Theory Time: 2:00 PM
Theory Room: 09H-34C

Course: CSE471
Prerequisite: CSE370 (HP)
Full Prerequisite Chain: CSE370-CSE221-CSE220-CSE111-CSE230-CSE110",The Lab Faculty for CSE471-15 is PLN and ART.,0.0221,4.1713,4.1935,2026-08-02T16:26:25.588058+00:00,0.0581,1.0,SCORE: 1.0 | REASON: All claims are directly supported by the CONTEXT.,baselines,,,,,,,,,,,,,,0.16451582312583923
Q178,vector_only,0.0,Who teaches the lab section of CSE423-05?,"The lab section of CSE423-05 is taught by MAHS,ZLNM.","Course: CSE423
First Theory Coordinator: TMD
Second Theory Coordinator: SMUR
Theory Coordinator Email: tamkin.mahmud@bracu.ac.bd,rahman.samiur@bracu.ac.bd
First Lab Coordinator: SRU
Lab Coordinator Email: shakir.rouf@bracu.ac.bd

Course: CSE423-05
Theory Initial: AJA
Theory Day: SUN+TUE
Theory Time: 11:00 AM
Theory Room: 09D-17C
Lab Faculty: MAHS,ZLNM
Lab Day: WED
Lab Time: 2:00 PM
Lab Room: 10E-27L

Course: CSE423-04
Theory Initial: TMD
Theory Day: MON+WED
Theory Time: 3:30 PM
Theory Room: 09A-02C
Lab Faculty: MVH,FDZ
Lab Day: SAT
Lab Time: 11:00 AM
Lab Room: 12D-27L

Course: CSE425-03
Theory Initial: MMM
Theory Day: SUN+TUE
Theory Time: 8:00 AM
Theory Room: 09E-20T

Course: CSE423
Prerequisite: MAT216 (HP)
Full Prerequisite Chain: MAT216-MAT120-MAT110",The Lab Faculty for the course CSE423-05 is MAHS and ZLNM.,0.0216,4.5518,4.5734,2026-08-02T16:26:30.162849+00:00,0.0017,1.0,"SCORE: 1.0 | REASON: All claims are fully supported by the CONTEXT. 

Explanation:

1. The Lab Faculty for the course CSE423-05 is MAHS and ZLNM.
   - Supported in CONTEXT under Course: CSE423-05, Lab Faculty: MAHS,ZLNM.

2. (Implicit claim) This answer refers to a specific section of the course schedule, which can be inferred from the format of the COURSE codes (e.g., CSE423-05).
   - Supported by the structure of the CONTEXT where each course is listed separately with its unique code.

3. The Lab Faculty for the course CSE423-04 is MVH and FDZ.
   - Not supported in CONTEXT under Course: CSE423-04, Lab Faculty: MVH,FDZ (Lab Day: SAT) contradicts the claim that they are lab faculty for CSE423-05.

4. The Theory Initial for the course CSE425-03 is MMM.
   - Not supported in CONTEXT as this answer refers to a different course than what's listed under Course: CSE425-03, Theory Initial: MMM (Theory Day: SUN+TUE) does not support this claim since it's about a different day.

5. The Lab Faculty for the course CSE423 is MAHS and ZLNM.
   - Not supported in CONTEXT as this answer refers to a specific section of the course schedule that is not listed under Course: CSE423, but rather under Course: CSE423-05.

However, since only one claim (The Lab Faculty for the course CSE423-05 is MAHS and ZLNM) out of several implicit claims in the ANSWER is directly supported by the CONTEXT, the overall score should reflect this.",baselines,,,,,,,,,,,,,,0.08607134968042374
Q113,vector_only,0.0,What is the full prerequisite chain for ENG102?,The full prerequisite chain for ENG102 is ENG101.,"Course: ENG102
Prerequisite: ENG101 (HP)
Full Prerequisite Chain: ENG101

Question: I already did ENG102 in Badda campus which course I will be given in TARC?
Answer: If you completed ENG102 already, you will be given BUS201 at TARC.

Question: One thing I couldn't find anywhere: I already did ENG102 in Badda campus which course I will be given in TARC?
Answer: If you completed ENG102 already, you will be given BUS201 at TARC.

Question: For a friend who's asking — I already did ENG102 in Badda campus which course I will be given in TARC?
Answer: If you completed ENG102 already, you will be given BUS201 at TARC.

Course: ENG103
Prerequisite: ENG102 (HP)
Full Prerequisite Chain: ENG102-ENG101",The full prerequisite chain for ENG102 is ENG101.,0.0194,3.7431,3.7625,2026-08-02T16:26:33.926821+00:00,0.1498,0.0,"SCORE: 0.0 | REASON: The ANSWER contains a claim that ENG102's full prerequisite chain is ENG101, but the CONTEXT only mentions ENG101 as a prerequisite for ENG102, not its full prerequisite chain.",baselines,,,,,,,,,,,,,,0.9531577825546265
Q132,vector_only,0.0,Who is the theory coordinator for CSE428?,The theory coordinator for CSE428 is SDQ.,"Course: CSE428
First Theory Coordinator: SDQ
Theory Coordinator Email: saiful.bari@bracu.ac.bd
First Lab Coordinator: EHQ
Lab Coordinator Email: ehtashamul.haque@bracu.ac.bd

Course: CSE428-04
Theory Initial: MOM
Theory Day: SAT+THU
Theory Time: 9:30 AM
Theory Room: 08H-22C
Lab Faculty: MOM,SEF
Lab Day: MON
Lab Time: 11:00 AM
Lab Room: 10E-27L

Course: CSE420
First Theory Coordinator: MNY
Second Theory Coordinator: SUE
Theory Coordinator Email: nur.yanhaona@bracu.ac.bd,sukarna.sarkar@bracu.ac.bd
First Lab Coordinator: SUE
Second Lab Coordinator: MNY
Lab Coordinator Email: sukarna.sarkar@bracu.ac.bd,nur.yanhaona@bracu.ac.bd

Course: CSE428-02
Theory Initial: MUNR
Theory Day: MON+WED
Theory Time: 9:30 AM
Theory Room: 09A-02C
Lab Faculty: EHQ,AKDB
Lab Day: WED
Lab Time: 2:00 PM
Lab Room: 09E-22L

Course: CSE428-01
Theory Initial: MUNR
Theory Day: MON+WED
Theory Time: 8:00 AM
Theory Room: 09A-02C
Lab Faculty: AVB,TAV
Lab Day: WED
Lab Time: 11:00 AM
Lab Room: 12F-30L",The first theory coordinator for CSE428 is SDQ.,0.0172,4.0001,4.0172,2026-08-02T16:26:37.945009+00:00,0.1451,1.0,SCORE: 1.0 | REASON: The CONTEXT supports that SDQ is the first theory coordinator for CSE428.,baselines,,,,,,,,,,,,,,0.07514937222003937
Q084,adaptive_novel,0.5,"Just wondering, what types of general education courses are required for all undergraduate students at BRAC University?","Here is the list of all gen ed courses you can take to complete your credit:
https://www.bracu.ac.bd/academics/institutes-and-schools/school-general-education/streams-and-courses. But all the courses won't be available at every semester so please check USIS to make sure your prefered courses are available or not.","Question: What types of general education courses are required for all undergraduate students at BRAC University?
Answer: Here is the list of all gen ed courses you can take to complete your credit:
https://www.bracu.ac.bd/academics/institutes-and-schools/school-general-education/streams-and-courses. But all the courses won't be available at every semester so please check USIS to make sure your prefered courses are available or not.

Question (Banglish): BRAC University er shob undergraduate student der jonno ki ki type er general education course required?
Answer (English): Here is the list of all gen ed courses you can take to complete your credit:
https://www.bracu.ac.bd/academics/institutes-and-schools/school-general-education/streams-and-courses. But all the courses won't be available at every semester so please check USIS to make sure your prefered courses are available or not.

Question (Banglish): BRAC e School of General Education (SGE) kon dhoroner core courses coordinate kore?
Answer (English): The School of General Education coordinates university-wide core and foundation courses required across all undergraduate degree programs.

Question (Banglish): Protita student ke General Education (GenEd) course er koto credit-hour complete korte hoy?
Answer (English): Every undergraduate student, regardless of major, must complete 42 credit-hours (14 courses) of General Education courses, generally within the first two years of study, spanning Humanities, Social Sciences, Law, Mathematics, Sciences, Technology and Architecture.

Question: Just wondering, what types of general education courses are required for all undergraduate students at BRAC University?
Answer: Here is the list of all gen ed courses you can take to complete your credit:
https://www.bracu.ac.bd/academics/institutes-and-schools/school-general-education/streams-and-courses. But all the courses won't be available at every semester so please check USIS to make sure your prefered courses are available or not.","Every undergraduate student, regardless of major, must complete 42 credit-hours (14 courses) of General Education courses, generally within the first two years of study, spanning Humanities, Social Sciences, Law, Mathematics, Sciences, Technology and Architecture.",0.5722,7.4156,7.9883,2026-08-02T16:34:43.130399+00:00,0.0066,0.8,"SCORE: 0.8 | REASON: The answer partially matches the context, as it correctly states that students must complete 42 credit-hours of General Education courses, but does not mention the specific streams and courses listed in the context.",novel,open_ended,linear,False,False,False,False,False,False,True,,,0.0,1.0451,0.9794409275054932
Q054,adaptive_novel,0.5,What does the Counseling and Wellness Centre at BRAC University offer?,"The Counseling and Wellness Centre is a dedicated student-life office providing psychological and wellbeing support to students, separate from the psychosocial counselling available specifically at the Residential Campus.","Question: What does the Counseling and Wellness Centre at BRAC University offer?
Answer: The Counseling and Wellness Centre is a dedicated student-life office providing psychological and wellbeing support to students, separate from the psychosocial counselling available specifically at the Residential Campus.

Question: Does the Counseling and Wellness Centre charge for its services?
Answer: No, the Counseling and Wellness Centre (CWC) provides free and confidential mental health and wellbeing services to all students and staff, including individual counseling, both face-to-face and online.

Question (Banglish): Counseling and Wellness Centre ki tar service er jonno charge kore?
Answer (English): No, the Counseling and Wellness Centre (CWC) provides free and confidential mental health and wellbeing services to all students and staff, including individual counseling, both face-to-face and online.

Question (Banglish): BRAC e Counseling and Wellness Centre kon dhoroner mental health support dey?
Answer (English): The Counseling and Wellness Centre provides confidential individual counseling, stress management sessions, and mental health awareness workshops for students.

Question (Banglish): BRAC University er Counseling and Wellness Centre ki offer kore?
Answer (English): The Counseling and Wellness Centre is a dedicated student-life office providing psychological and wellbeing support to students, separate from the psychosocial counselling available specifically at the Residential Campus.","The Counseling and Wellness Centre at BRAC University offers psychological and wellbeing support to students, separate from the psychosocial counselling available specifically at the Residential Campus.",0.0282,5.7256,5.7539,2026-08-02T16:34:48.886004+00:00,0.0795,0.8,SCORE: 0.8 | REASON: The answer partially supports the context as it accurately describes the Counseling and Wellness Centre's services but lacks specific details about free and confidential services.,novel,open_ended,linear,False,False,False,False,False,False,True,,,0.0,0.994,0.008214324712753296
Q071,adaptive_novel,0.5,"I'm an international student on the BRAC Scholarship with a 3.1 CGPA, but I need to retake a course I failed. Will my scholarship cover the retake fee?","No - tuition fee waivers and scholarships, including the BRAC Scholarship, are not applied to retake or repeat courses; you'd need to pay for the retake yourself. Separately, since you failed a course, you also won't be considered for the tuition fee waiver for the following two semesters even on your other coursework, regardless of your CGPA being above the 3.0 minimum.","Question: I'm an international student on the BRAC Scholarship with a 3.1 CGPA, but I need to retake a course I failed. Will my scholarship cover the retake fee?
Answer: No - tuition fee waivers and scholarships, including the BRAC Scholarship, are not applied to retake or repeat courses; you'd need to pay for the retake yourself. Separately, since you failed a course, you also won't be considered for the tuition fee waiver for the following two semesters even on your other coursework, regardless of your CGPA being above the 3.0 minimum.

Question (Banglish): International student der retake ba repeat kora course e ki tuition fee waiver cover kore?
Answer (English): No. Tuition fee waivers and scholarships are not applied to retake or repeat subjects - the student must pay for those separately at their own cost.

Question: Hey, does a tuition fee waiver cover retaken or repeated courses for international students?
Answer: No. Tuition fee waivers and scholarships are not applied to retake or repeat subjects - the student must pay for those separately at their own cost.

Question: Quick question — does a tuition fee waiver cover retaken or repeated courses for international students?
Answer: No. Tuition fee waivers and scholarships are not applied to retake or repeat subjects - the student must pay for those separately at their own cost.

Question: I'm on the Merit Scholarship and I failed one course this semester. Does that affect my scholarship the same way it would affect an international student's BRAC Scholarship?
Answer: Not necessarily the same way - the rules differ by scholarship. For the international BRAC Scholarship, failing a course makes you ineligible for the tuition fee waiver for the next two semesters. The Merit Scholarship (based on BRACU academic results) is instead tied to maintaining a specific CGPA each semester to keep the award active going forward - so a single failed course's impact would show up through its effect on your CGPA meeting that semester's required threshold, rather than through an automatic two-semester penalty like the BRAC Scholarship's rule.","No - tuition fee waivers and scholarships, including the BRAC Scholarship, are not applied to retake or repeat courses; you'd need to pay for the retake yourself.",0.0342,6.0548,6.0895,2026-08-02T16:34:54.977802+00:00,0.4618,1.0,SCORE: 1.0 | REASON: The answer is fully supported by the context as it directly quotes and paraphrases relevant information from the provided questions and answers.,novel,open_ended,linear,False,False,False,False,False,False,True,,,0.0,1.0705,0.992676317691803
Q046,adaptive_novel,0.5,What sports teams does the university have?,"BRAC University Football Club, BRAC University Chess Club, BRAC University Cricket Club, and BRAC University Indoor Games Club.","Question: What sports teams does the university have?
Answer: BRAC University Football Club, BRAC University Chess Club, BRAC University Cricket Club, and BRAC University Indoor Games Club.

Question: One thing I couldn't find anywhere: does BRAC University take part in inter-university sports tournaments regularly?
Answer: Yes, BRAC University teams regularly compete in inter-university football and other sports tournaments in Dhaka, including tournaments like the Shahjalal Islami Bank Faraaz Gold Cup Inter-University Football Tournament.

Question: Are there any costs associated with joining clubs or sports teams?
Answer: No there no costs associated with joining clubs or sports teams.

Question: Does BRAC University have any costs associated with joining clubs or sports teams?
Answer: No there no costs associated with joining clubs or sports teams.

Question: New student here, what sports teams does the university have?
Answer: BRAC University Football Club, BRAC University Chess Club, BRAC University Cricket Club, and BRAC University Indoor Games Club.","The university has several sports teams, including BRAC University Football Club, BRAC University Chess Club, BRAC University Cricket Club, and BRAC University Indoor Games Club.",0.0248,5.8934,5.9183,2026-08-02T16:35:00.897638+00:00,0.0115,1.0,SCORE: 1.0 | REASON: All claims are directly supported by the provided CONTEXT.,novel,open_ended,linear,False,True,True,False,False,False,True,,,0.0,0.8918,0.9486691355705261
Q045,adaptive_novel,0.5,"My advisor is not responding, what to do?","Please wait, your advisor is maybe busy with other students response. You can request other advisors for your advising but he will only add it but he will not approve it. So, it is wise to get request done by the advisor.","Question: My advisor is not responding, what to do?
Answer: Please wait, your advisor is maybe busy with other students response. You can request other advisors for your advising but he will only add it but he will not approve it. So, it is wise to get request done by the advisor.

Question (Banglish): Amar advisor response korche na, ki korbo?
Answer (English): Please wait, your advisor is maybe busy with other students response. You can request other advisors for your advising but he will only add it but he will not approve it. So, it is wise to get request done by the advisor.

Question: I have not been advised to a advisor yet, what to do?
Answer: If you haven't been assigned an advisor yet, contact your department's DCO (Departmental Coordination Officer) - for CSE, current DCO contact details are published via the department's official advising channel or notice board, since DCO assignments can change between semesters. If the DCOs don't respond, escalate to your department's advising coordinator.

Question (Banglish): Amar advisor campus e nei, ki korbo?
Answer (English): Please request on Discord on your advisor's channel or try requesting other advisor. But he can reject you easily because it is not his duty as you are not assigned to him in the advising session. So, please ask your advisor on the Discord channel or request other advisor if they are willing to help.

Question: My advisor is not on campus, what to do?
Answer: Please request on Discord on your advisor's channel or try requesting other advisor. But he can reject you easily because it is not his duty as you are not assigned to him in the advising session. So, please ask your advisor on the Discord channel or request other advisor if they are willing to help.","Please wait, your advisor is maybe busy with other students' responses. You can request other advisors for your advising but he will only add it but he will not approve it. So, it is wise to get the request done by the advisor.",0.0138,7.4756,7.4895,2026-08-02T16:35:08.389072+00:00,0.3645,0.5,"SCORE: 0.5 | REASON: The answer combines two different scenarios (advisor busy and advisor not on campus) into one claim, which is only partially supported by the context.",novel,open_ended,linear,False,False,False,False,False,False,True,,,0.0,1.0157,0.9890851378440857
Q040,adaptive_novel,0.5,Can you tell me what the deadline to change the thesis title before the final defense is?,The deadline to change a thesis title before the final defense varies by semester - check the current semester's thesis deadline sheet for the exact date.,"Question: Can you tell me what the deadline to change the thesis title before the final defense is?
Answer: The deadline to change a thesis title before the final defense varies by semester - check the current semester's thesis deadline sheet for the exact date.

Question (Banglish): Final defense er age thesis title change korar deadline ta kobe?
Answer (English): The deadline to change a thesis title before the final defense varies by semester - check the current semester's thesis deadline sheet for the exact date.

Question: Can you tell me what the current deadlines for thesis submission and defense are?
Answer: Thesis submission and defense deadlines are set fresh each semester by the CSE Thesis Committee and shared with enrolled thesis students via a deadline sheet. Check with your thesis coordinator or department for the current semester's exact dates, since these change every term.

Question: My thesis defense got postponed due to a cyclone, and separately I want to change my thesis title before the (new) defense date. Are both of these OK?
Answer: Both are handled, but through different mechanisms - a defense postponed for an external/valid reason like a cyclone is simply rescheduled, no penalty. Changing your thesis title before the (rescheduled) final defense is also possible, but the deadline for that varies by semester, so you'd want to check the current thesis deadline sheet to make sure your title-change request still falls within whatever window applies to your now-rescheduled defense date.

Question: What is the deadline to change the thesis title before the final defense?
Answer: The deadline to change a thesis title before the final defense varies by semester - check the current semester's thesis deadline sheet for the exact date.",The deadline to change a thesis title before the final defense varies by semester - check the current semester's thesis deadline sheet for the exact date.,0.0219,5.5902,5.6124,2026-08-02T16:35:14.003020+00:00,0.0415,0.5,"SCORE: 0.5 | REASON: The answer is partially supported because it accurately reflects one claim made in the context, but does not acknowledge that changing a thesis title before a postponed defense may be subject to different rules than changing it before an originally scheduled defense.",novel,open_ended,linear,False,False,False,False,False,False,True,,,0.0,1.0499,0.9930863976478577
Q023,adaptive_novel,0.5,I'm an EEE student minoring in Physics. Do I need to separately meet the Physics minor's prerequisites even though I'm not a Physics major?,"Yes - BRACU's Minor in Physics has its own defined set of required courses and prerequisites, separate from your EEE major requirements, open to students from other departments as long as they meet those specific prerequisites. Being an EEE major doesn't automatically satisfy the Physics minor's course requirements; you'd need to check and fulfill them independently.","Question: I'm an EEE student minoring in Physics. Do I need to separately meet the Physics minor's prerequisites even though I'm not a Physics major?
Answer: Yes - BRACU's Minor in Physics has its own defined set of required courses and prerequisites, separate from your EEE major requirements, open to students from other departments as long as they meet those specific prerequisites. Being an EEE major doesn't automatically satisfy the Physics minor's course requirements; you'd need to check and fulfill them independently.

Question: Can students minor in Physics, Mathematics, Biotechnology, or Microbiology even if it's not their major?
Answer: Yes, BRAC University offers formal Minor programs in Physics, Mathematics, Biotechnology, and Microbiology, each with a specific set of required courses, open to students from other majors who meet the prerequisites.

Question (Banglish): Major department na hole o student ra ki EEE te minor korte pare?
Answer (English): Yes, BRAC University offers a Minor in EEE with its own defined set of required courses and prerequisites (such as Electrical Circuits I & II and Electronic Circuits I & II), open to students from other departments who meet the prerequisites.

Question (Banglish): Major na hoile o student ra ki Physics, Mathematics, Biotechnology, ba Microbiology te minor korte pare?
Answer (English): Yes, BRAC University offers formal Minor programs in Physics, Mathematics, Biotechnology, and Microbiology, each with a specific set of required courses, open to students from other majors who meet the prerequisites.

Question: New student here, can students minor in Physics, Mathematics, Biotechnology, or Microbiology even if it's not their major?
Answer: Yes, BRAC University offers formal Minor programs in Physics, Mathematics, Biotechnology, and Microbiology, each with a specific set of required courses, open to students from other majors who meet the prerequisites.","Yes - BRACU's Minor in Physics has its own defined set of required courses and prerequisites, separate from your EEE major requirements, open to students from other departments as long as they meet those specific prerequisites. Being an EEE major doesn't automatically satisfy the Physics minor's course requirements; you'd need to check and fulfill them independently.",0.0311,9.7413,9.7727,2026-08-02T16:35:23.778358+00:00,0.4489,0.8,"SCORE: 0.8 | REASON: The answer is mostly supported, but it incorrectly implies that EEE major requirements are separate from Physics minor's prerequisites, whereas the context only mentions that Physics minor has its own defined set of required courses and prerequisites.",novel,open_ended,linear,False,False,False,False,False,False,True,,,0.0,1.0578,0.9911775588989258
Q011,adaptive_novel,0.5,"Does BRAC University have a digital student ID card, or only a physical one?","Yes, BRAC University introduced a digital ID card in 2017, generated through the BRACU Mobile App (accessible via the app's 'ID Card' menu option). Both the physical and digital ID have been usable, and students are advised to keep the app updated to generate their digital card.","Question: Does BRAC University have a digital student ID card, or only a physical one?
Answer: Yes, BRAC University introduced a digital ID card in 2017, generated through the BRACU Mobile App (accessible via the app's 'ID Card' menu option). Both the physical and digital ID have been usable, and students are advised to keep the app updated to generate their digital card.

Question (Banglish): ID card chara student ra ki transport service use korte pare?
Answer (English): No, students must present a valid BRAC University ID card.

Question (Banglish): BRAC e student ID card kokhon pawa jay?
Answer (English): New students receive information about collecting their student ID card after completing the required admission and registration formalities.

Question (Banglish): ID card na thakle notun student ra ki dekhabe?
Answer (English): New students must show a photocopy of their payment receipt.

Question (Banglish): BRAC University er ki digital student ID card ache, naki shudhu physical ta?
Answer (English): Yes, BRAC University introduced a digital ID card in 2017, generated through the BRACU Mobile App (accessible via the app's 'ID Card' menu option). Both the physical and digital ID have been usable, and students are advised to keep the app updated to generate their digital card.","Yes, BRAC University introduced a digital ID card in 2017, generated through the BRACU Mobile App (accessible via the app's 'ID Card' menu option). Both the physical and digital ID have been usable, and students are advised to keep the app updated to generate their digital card.",0.0255,8.7547,8.7804,2026-08-02T16:35:32.579652+00:00,0.1222,1.0,SCORE: 1.0 | REASON: The answer is fully supported by the context as all its claims are explicitly mentioned in the retrieved text.,novel,open_ended,linear,False,False,False,False,False,False,True,,,0.0,1.0323,0.9884423017501831
Q001,adaptive_novel,0.5,How are meal plans managed at TARC?,"Tarc provides 3 main meals breakfast,lunch and dinner and two snack time followed by them.Breakfast time continues from 7-9 am, lunch time continues from 12:30-3 pm,dinner continues from 8:30-10 pm followed by snacks time which are from 11-12 am and 4-5 pm colleectively","Question: How are meal plans managed at TARC?
Answer: Tarc provides 3 main meals breakfast,lunch and dinner and two snack time followed by them.Breakfast time continues from 7-9 am, lunch time continues from 12:30-3 pm,dinner continues from 8:30-10 pm followed by snacks time which are from 11-12 am and 4-5 pm colleectively

Question: Sorry if this was already answered, but how are meal plans managed at TARC?
Answer: Tarc provides 3 main meals breakfast,lunch and dinner and two snack time followed by them.Breakfast time continues from 7-9 am, lunch time continues from 12:30-3 pm,dinner continues from 8:30-10 pm followed by snacks time which are from 11-12 am and 4-5 pm colleectively

Question (Banglish): BRAC Savar Residential Campus dining hall weekly menu nutritionist guidance follow kore?
Answer (English): Yes, meal plans are designed under nutritional guidelines to offer balanced diets for resident students.

Question (Banglish): TARC e meal plan kivabe manage kora hoy?
Answer (English): Tarc provides 3 main meals breakfast,lunch and dinner and two snack time followed by them.Breakfast time continues from 7-9 am, lunch time continues from 12:30-3 pm,dinner continues from 8:30-10 pm followed by snacks time which are from 11-12 am and 4-5 pm colleectively

Question: Before I forget to ask — how are meal plans managed at TARC?
Answer: Tarc provides 3 main meals breakfast,lunch and dinner and two snack time followed by them.Breakfast time continues from 7-9 am, lunch time continues from 12:30-3 pm,dinner continues from 8:30-10 pm followed by snacks time which are from 11-12 am and 4-5 pm colleectively","Meal plans at TARC are managed by providing three main meals (breakfast, lunch, and dinner) and two snack times, with breakfast time continuing from 7-9 am, lunch time from 12:30-3 pm, dinner from 8:30-10 pm, followed by snacks from 11-12 am and 4-5 pm collectively.",0.0191,10.2965,10.3157,2026-08-02T16:35:42.897913+00:00,0.0131,0.8,"SCORE: 0.8 | REASON: The answer's claim about breakfast time continuing from 7-9 am is not supported by the context, which only mentions it starting at 7 am but does not specify an end time.",novel,open_ended,linear,False,False,False,False,False,False,True,,,0.0,1.0441,0.986723005771637
Q019,adaptive_novel,0.5,How are students informed about changes to the transport service?,Students are informed through official BRAC University notices and announcements.,"Question: How are students informed about changes to the transport service?
Answer: Students are informed through official BRAC University notices and announcements.

Question: How can students report a problem with the transport service?
Answer: Students can report issues by calling the designated route-specific numbers or reaching out to transport officers.

Question: What are the features of the transport service?
Answer: The service includes air-conditioned buses, fixed routes with designated stoppages, GPS tracking, CCTV cameras for security, and a strict schedule for pick-up and drop-off.

Question: How can students contact the transport service?
Answer: Students can contact the transport service via designated phone numbers.

Question (Banglish): Transport service e change hole student der kivabe janano hoy?
Answer (English): Students are informed through official BRAC University notices and announcements.",Students are informed through official BRAC University notices and announcements.,0.0195,3.855,3.8747,2026-08-02T16:35:46.773841+00:00,0.3136,1.0,SCORE: 1.0 | REASON: All claims are directly supported by the provided CONTEXT.,novel,open_ended,linear,False,False,False,False,False,False,True,,,0.0,1.054,0.9885925054550171
Q031,adaptive_novel,0.5,"New student here, could you please provide details about the tuition fee structure at BRAC University?","For students enrolled in the Computer Science and Engineering (CSE) program at BRAC University, the tuition fee structure includes a one-time, non-refundable admission fee of BDT 30,800. Each course within the CSE program costs BDT 22,500. Additionally, students are required to pay a semester fee of BDT 11,500, which covers various facilities such as IT services and library access. There is also a one-time library membership fee of BDT 2,500. This fee structure is designed to support the comprehensive education provided in the CSE program, ensuring access to advanced resources and facilities?","Question: New student here, could you please provide details about the tuition fee structure at BRAC University?
Answer: For students enrolled in the Computer Science and Engineering (CSE) program at BRAC University, the tuition fee structure includes a one-time, non-refundable admission fee of BDT 30,800. Each course within the CSE program costs BDT 22,500. Additionally, students are required to pay a semester fee of BDT 11,500, which covers various facilities such as IT services and library access. There is also a one-time library membership fee of BDT 2,500. This fee structure is designed to support the comprehensive education provided in the CSE program, ensuring access to advanced resources and facilities?

Question (Banglish): BRAC University er tuition fee structure ta ektu bolben please?
Answer (English): For students enrolled in the Computer Science and Engineering (CSE) program at BRAC University, the tuition fee structure includes a one-time, non-refundable admission fee of BDT 30,800. Each course within the CSE program costs BDT 22,500. Additionally, students are required to pay a semester fee of BDT 11,500, which covers various facilities such as IT services and library access. There is also a one-time library membership fee of BDT 2,500. This fee structure is designed to support the comprehensive education provided in the CSE program, ensuring access to advanced resources and facilities

Question: What's the tuition fee at North South University?
Answer: That's outside what I can help with - I only have information about BRAC University. North South University's own website would have their current fee structure.

Question: Not sure if this is covered elsewhere, but what's the tuition fee at North South University?
Answer: That's outside what I can help with - I only have information about BRAC University. North South University's own website would have their current fee structure.

Question: Could you please provide details about the tuition fee structure at BRAC University?
Answer: For students enrolled in the Computer Science and Engineering (CSE) program at BRAC University, the tuition fee structure includes a one-time, non-refundable admission fee of BDT 30,800. Each course within the CSE program costs BDT 22,500. Additionally, students are required to pay a semester fee of BDT 11,500, which covers various facilities such as IT services and library access. There is also a one-time library membership fee of BDT 2,500. This fee structure is designed to support the comprehensive education provided in the CSE program, ensuring access to advanced resources and facilities?","For students enrolled in the Computer Science and Engineering (CSE) program at BRAC University, the tuition fee structure includes a one-time, non-refundable admission fee of BDT 30,800. Each course within the CSE program costs BDT 22,500. Additionally, students are required to pay a semester fee of BDT 11,500, which covers various facilities such as IT services and library access. There is also a one-time library membership fee of BDT 2,500. This fee structure is designed to support the comprehensive education provided in the CSE program, ensuring access to advanced resources and facilities?",0.0275,17.2875,17.3152,2026-08-02T16:36:04.092595+00:00,0.0481,1.0,SCORE: 1.0 | REASON: All claims are directly mentioned in the provided CONTEXT.,novel,open_ended,linear,False,False,False,False,False,False,True,,,0.0,1.015,0.9848341941833496
Q074,adaptive_novel,0.5,What is the first outbound timing for Route-02 (Mirpur-A)?,Route-02 (Mirpur-A): First trip departs at 2:05 PM.,"Question: What is the first outbound timing for Route-02 (Mirpur-A)?
Answer: Route-02 (Mirpur-A): First trip departs at 2:05 PM.

Question (Banglish): Route-02 (Mirpur-A) er first outbound timing ta ki?
Answer (English): Route-02 (Mirpur-A): First trip departs at 2:05 PM.

Question: What is the second outbound timing for Route-02 (Mirpur-A)?
Answer: Route-02 (Mirpur-A): Second trip departs at 5:10 PM.

Question (Banglish): Route-02 (Mirpur-B) er first outbound timing ta ki?
Answer (English): Route-02 (Mirpur-B): First trip departs at 2:05 PM.

Question: What is the first outbound timing for Route-02 (Mirpur-B)?
Answer: Route-02 (Mirpur-B): First trip departs at 2:05 PM.",The first outbound timing for Route-02 (Mirpur-A) is 2:05 PM.,0.0203,4.5461,4.5666,2026-08-02T16:36:08.660431+00:00,0.0195,0.5,"SCORE: 0.5 | REASON: The answer only partially matches the context, as it correctly states the first outbound timing for Route-02 (Mirpur-A) but does not mention the second trip or provide information about Route-02 (Mirpur-B).",novel,open_ended,linear,False,False,False,False,False,False,True,,,0.0,1.0684,0.9780400991439819
Q034,adaptive_novel,0.5,Can you tell me what 'Freshman Enrollment and Class Sign' at BRAC University is?,"This is the official process new/incoming ('freshman') students go through after being admitted, to confirm their enrollment and get registered into their first semester's classes; details and instructions are published on the Admissions section of the university website.","Question: Can you tell me what 'Freshman Enrollment and Class Sign' at BRAC University is?
Answer: This is the official process new/incoming ('freshman') students go through after being admitted, to confirm their enrollment and get registered into their first semester's classes; details and instructions are published on the Admissions section of the university website.

Question (Banglish): BRAC University er 'Freshman Enrollment and Class Sign' ta ki?
Answer (English): This is the official process new/incoming ('freshman') students go through after being admitted, to confirm their enrollment and get registered into their first semester's classes; details and instructions are published on the Admissions section of the university website.

Question (Banglish): BRAC e enrollment certificate e ki ki information thake?
Answer (English): An enrollment certificate typically confirms a student's enrollment status and may include information such as the student's name, ID, program, and enrollment period, depending on the purpose of the certificate.

Question (Banglish): BRAC e Freshman, Sophomore, Junior ar Senior classification kivabe hoy?
Answer (English): BRAC University classifies undergraduate students based on earned credits: Freshman (0–30), Sophomore (31–60), Junior (61–90), Senior (91–140), and Advanced Senior (140+ credits).

Question: What is 'Freshman Enrollment and Class Sign' at BRAC University?
Answer: This is the official process new/incoming ('freshman') students go through after being admitted, to confirm their enrollment and get registered into their first semester's classes; details and instructions are published on the Admissions section of the university website.","This is the official process new/incoming ('freshman') students go through after being admitted, to confirm their enrollment and get registered into their first semester's classes; details and instructions are published on the Admissions section of the university website.",0.0232,7.4235,7.4469,2026-08-02T16:36:16.109427+00:00,0.0736,1.0,SCORE: 1.0 | REASON: All claims are directly supported by the provided CONTEXT.,novel,open_ended,linear,False,False,False,False,False,False,True,,,0.0,1.0279,0.9905078411102295
Q091,adaptive_novel,0.5,One thing I couldn't find anywhere: can I renew a book I have borrowed from the library?,"Yes, an item can be renewed if no other user has placed a hold on it. Renewal can be done through the online catalogue (OPAC) or by contacting the circulation desk.","Question: One thing I couldn't find anywhere: can I renew a book I have borrowed from the library?
Answer: Yes, an item can be renewed if no other user has placed a hold on it. Renewal can be done through the online catalogue (OPAC) or by contacting the circulation desk.

Question: Sorry if this was already answered, but can I renew a book I have borrowed from the library?
Answer: Yes, an item can be renewed if no other user has placed a hold on it. Renewal can be done through the online catalogue (OPAC) or by contacting the circulation desk.

Question: Before I forget to ask — can I renew a book I have borrowed from the library?
Answer: Yes, an item can be renewed if no other user has placed a hold on it. Renewal can be done through the online catalogue (OPAC) or by contacting the circulation desk.

Question: Can I renew a book I have borrowed from the library?
Answer: Yes, an item can be renewed if no other user has placed a hold on it. Renewal can be done through the online catalogue (OPAC) or by contacting the circulation desk.

Question: No idea if this is written down anywhere — can I renew a book I have borrowed from the library?
Answer: Yes, an item can be renewed if no other user has placed a hold on it. Renewal can be done through the online catalogue (OPAC) or by contacting the circulation desk.","Yes, an item can be renewed if no other user has placed a hold on it. Renewal can be done through the online catalogue (OPAC) or by contacting the circulation desk.",0.0286,6.6643,6.693,2026-08-02T16:36:22.804572+00:00,0.1447,1.0,SCORE: 1.0 | REASON: All individual factual claims in the ANSWER are fully supported by the CONTEXT.,novel,open_ended,linear,False,False,False,False,False,False,True,,,0.0,1.0336,0.9912300109863281
Q005,adaptive_novel,0.5,Before I forget to ask — what should students do if they have a scheduling conflict with their exams?,"The first step is to inform the course instructor about the conflict as soon as possible. If the conflict involves multiple exams or cannot be resolved with the instructor, students should consult their department office. The department can provide additional support or coordinate with other instructors to find a solution.","Question: What should students do if they have a scheduling conflict with their exams?
Answer: The first step is to inform the course instructor about the conflict as soon as possible. If the conflict involves multiple exams or cannot be resolved with the instructor, students should consult their department office. The department can provide additional support or coordinate with other instructors to find a solution.

Question: Before I forget to ask — what should students do if they have a scheduling conflict with their exams?
Answer: The first step is to inform the course instructor about the conflict as soon as possible. If the conflict involves multiple exams or cannot be resolved with the instructor, students should consult their department office. The department can provide additional support or coordinate with other instructors to find a solution.

Question (Banglish): BRAC e Midterm ba Final Exam conflict hoye gele student er ki koronio?
Answer (English): If a student faces an exam time conflict (two exams scheduled at the same time), they must inform their respective course instructors and the Department Office at least one week prior to the exam to arrange a rescheduled test.

Question (Banglish): Exam er scheduling e conflict thakle student der ki korte hoy?
Answer (English): The first step is to inform the course instructor about the conflict as soon as possible. If the conflict involves multiple exams or cannot be resolved with the instructor, students should consult their department office. The department can provide additional support or coordinate with other instructors to find a solution.

Question: Random question, what should students do if they have a scheduling conflict with their exams?
Answer: The first step is to inform the course instructor about the conflict as soon as possible. If the conflict involves multiple exams or cannot be resolved with the instructor, students should consult their department office. The department can provide additional support or coordinate with other instructors to find a solution.","The first step is to inform the course instructor about the conflict as soon as possible. If the conflict involves multiple exams or cannot be resolved with the instructor, students should consult their department office. The department can provide additional support or coordinate with other instructors to find a solution.",0.0233,8.0966,8.1204,2026-08-02T16:36:30.927142+00:00,0.0018,1.0,SCORE: 1.0 | REASON: All claims are directly supported by the provided CONTEXT.,novel,open_ended,linear,False,False,False,False,False,False,True,,,0.0,1.0424,0.9899876713752747
Q077,adaptive_novel,0.5,Consequence of not confirming advising during the Self-Registration period?,All selected courses will be automatically cancelled,"Question: Consequence of not confirming advising during the Self-Registration period?
Answer: All selected courses will be automatically cancelled

Question: When must course selections be confirmed after Pre-Registration phases?
Answer: During the Self-Registration period assigned after result publication

Question: Result of confirming advising in Summer 2025?
Answer: Advising will be confirmed and necessary fees will be automatically applied.

Question: What is the impact of confirming the Wishlist within the slot time?
Answer: Ensures eligibility for Pre-Registration Phase 1 and contributes to course planning

Question (Banglish): Self-Registration period e advising confirm na korle ki consequence hoy?
Answer (English): All selected courses will be automatically cancelled",All selected courses will be automatically cancelled.,0.0207,3.665,3.6859,2026-08-02T16:36:34.613865+00:00,0.1852,0.5,SCORE: 0.5 | REASON: Only two out of four claims are supported by the context.,novel,open_ended,linear,False,False,False,False,False,False,True,,,0.0,1.0278,0.9904916882514954
Q078,adaptive_novel,0.5,"Not sure if this is covered elsewhere, but how early should students arrive at the exam hall?",Students should aim to arrive at the exam hall at least 15 to 30 minutes before the scheduled start time of their exam.,"Question: How early should students arrive at the exam hall?
Answer: Students should aim to arrive at the exam hall at least 15 to 30 minutes before the scheduled start time of their exam.

Question: Not sure if this is covered elsewhere, but how early should students arrive at the exam hall?
Answer: Students should aim to arrive at the exam hall at least 15 to 30 minutes before the scheduled start time of their exam.

Question: Before I forget to ask — how soon are make-up exams scheduled after the original exam date?
Answer: Students unable to appear in the final exams may sit for the final makeup exams on the dates decided by the department/school which be within 4 weeks of the following semester.

Question (Banglish): Exam hall e student der koto age ashte hobe?
Answer (English): Students should aim to arrive at the exam hall at least 15 to 30 minutes before the scheduled start time of their exam.

Question: Curious about something: how early should students arrive at the exam hall?
Answer: Students should aim to arrive at the exam hall at least 15 to 30 minutes before the scheduled start time of their exam.",Students should aim to arrive at the exam hall at least 15 to 30 minutes before the scheduled start time of their exam.,0.0211,5.2438,5.2653,2026-08-02T16:36:39.880429+00:00,0.0038,1.0,SCORE: 1.0 | REASON: All individual factual claims are supported by the retrieved CONTEXT.,novel,open_ended,linear,False,False,False,False,False,False,True,,,0.0,1.0694,0.9863878488540649
Q013,adaptive_novel,0.5,"Random question, what should I do if I miss my mid/final?","You should inform your course instructor as soon as possible with a valid reason (such as medical emergencies). In some cases, you may need to provide documentation like medical certificates to appeal.","Question: Random question, what should I do if I miss my mid/final?
Answer: You should inform your course instructor as soon as possible with a valid reason (such as medical emergencies). In some cases, you may need to provide documentation like medical certificates to appeal.

Question (Banglish): Mid/final miss korle ki korbo?
Answer (English): You should inform your course instructor as soon as possible with a valid reason (such as medical emergencies). In some cases, you may need to provide documentation like medical certificates to appeal.

Question (Banglish): BRAC e final exam miss korle ki korte hobe?
Answer (English): Students who miss a final examination should immediately contact the course instructor and their department. Any make-up examination or alternative assessment is subject to university policy and the instructor's approval.

Question: Random question, what should a course teacher do if a student misses the final exam for a valid reason?
Answer: If a student misses the final exam for a documented valid reason (such as a medical emergency), the course teacher can arrange a make-up exam, and if course requirements genuinely can't be completed in time, an 'Incomplete' (I) grade with a defined completion deadline (up to 8 weeks after the final exam) may be assigned instead.

Question: What should I do if I miss my mid/final?
Answer: You should inform your course instructor as soon as possible with a valid reason (such as medical emergencies). In some cases, you may need to provide documentation like medical certificates to appeal.","You should inform your course instructor as soon as possible with a valid reason (such as medical emergencies). In some cases, you may need to provide documentation like medical certificates to appeal.",0.0176,6.1453,6.163,2026-08-02T16:36:46.045038+00:00,0.1306,1.0,SCORE: 1.0 | REASON: The answer is fully supported by the context as it matches one of the provided answers exactly.,novel,open_ended,linear,False,False,False,False,False,False,True,,,0.0,1.0064,0.9899653196334839
Q032,adaptive_novel,0.5,From where does the bus leave on campus?,The bus leave campus from the Basement-1,"Question: From where does the bus leave on campus?
Answer: The bus leave campus from the Basement-1

Question: How often can students leave the Savar campus to visit home during RS?
Answer: The Residential Semester is meant to be fully residential, so students are generally discouraged from leaving campus. Short leave may be granted in emergencies or exceptional cases with an approved leave application. Overstaying leave without valid reason is treated as a discipline violation and can result in further leave being denied for the rest of the semester.

Question: New student here, how often can students leave the Savar campus to visit home during RS?
Answer: The Residential Semester is meant to be fully residential, so students are generally discouraged from leaving campus. Short leave may be granted in emergencies or exceptional cases with an approved leave application. Overstaying leave without valid reason is treated as a discipline violation and can result in further leave being denied for the rest of the semester.

Question: Random question, how often can students leave the Savar campus to visit home during RS?
Answer: The Residential Semester is meant to be fully residential, so students are generally discouraged from leaving campus. Short leave may be granted in emergencies or exceptional cases with an approved leave application. Overstaying leave without valid reason is treated as a discipline violation and can result in further leave being denied for the rest of the semester.

Question (Banglish): Campus e bus kothay theke chare?
Answer (English): The bus leave campus from the Basement-1",The bus leaves campus from the Basement-1.,0.0176,3.8066,3.8243,2026-08-02T16:36:49.870373+00:00,0.17,0.5,"SCORE: 0.5 | REASON: Only one out of two claims is supported by the context. 

The ANSWER ""The bus leaves campus from the Basement-1"" is fully supported by the CONTEXT, but the claim that students can leave campus during RS is not supported by the CONTEXT for the other three questions.",novel,open_ended,linear,False,False,False,False,False,False,True,,,0.0,1.0444,0.9932612776756287
Q056,adaptive_novel,0.5,"New student here, when was BRAC University established and who founded it?","BRAC University was established in 2001, founded by Sir Fazle Hasan Abed, and is affiliated with the University Grants Commission (UGC) of Bangladesh.","Question: New student here, when was BRAC University established and who founded it?
Answer: BRAC University was established in 2001, founded by Sir Fazle Hasan Abed, and is affiliated with the University Grants Commission (UGC) of Bangladesh.

Question: When was BRAC University established and who founded it?
Answer: BRAC University was established in 2001, founded by Sir Fazle Hasan Abed, and is affiliated with the University Grants Commission (UGC) of Bangladesh.

Question: I'm a new student here, can you tell me what year Brac University was set up and by whom?
Answer: BRAC University was established in 2001, founded by Sir Fazle Hasan Abed, and is affiliated with the University Grants Commission (UGC) of Bangladesh.

Question: I'm new to BRAC University - can you tell me what year the university started and who is behind its founding?
Answer: BRAC University was established in 2001, founded by Sir Fazle Hasan Abed, and is affiliated with the University Grants Commission (UGC) of Bangladesh.

Question: Quick question — when was BRAC University established and who founded it?
Answer: BRAC University was established in 2001, founded by Sir Fazle Hasan Abed, and is affiliated with the University Grants Commission (UGC) of Bangladesh.","BRAC University was established in 2001, founded by Sir Fazle Hasan Abed, and is affiliated with the University Grants Commission (UGC) of Bangladesh.",0.0224,5.8197,5.8423,2026-08-02T16:36:55.714240+00:00,0.1706,1.0,"SCORE: 1.0 | REASON: All three claims (established year, founder, and affiliation with UGC) are explicitly mentioned in the CONTEXT.",novel,open_ended,linear,False,False,False,False,False,False,True,,,0.0,1.0521,0.9918408393859863
Q089,adaptive_novel,0.5,What are the pickup times for Route-03 (Jigatola)?,"Route-03 (Jigatola): 1st Trip: 6:30 AM, 2nd Trip: 8:45 AM.","Question: What are the pickup times for Route-03 (Jigatola)?
Answer: Route-03 (Jigatola): 1st Trip: 6:30 AM, 2nd Trip: 8:45 AM.

Question: What are the pickup times for Route-04 (Azimpur)?
Answer: Route-04 (Azimpur): 1st Trip: 6:30 AM, 2nd Trip: 8:45 AM.

Question: What are the pickup times for Route-02 (Mirpur-A)?
Answer: 1st Trip: 6:30 AM, 2nd Trip: 8:40 AM.

Question (Banglish): Route-04 (Azimpur) er pickup time gula ki?
Answer (English): Route-04 (Azimpur): 1st Trip: 6:30 AM, 2nd Trip: 8:45 AM.

Question (Banglish): Route-03 (Jigatola) er pickup time gula ki?
Answer (English): Route-03 (Jigatola): 1st Trip: 6:30 AM, 2nd Trip: 8:45 AM.",The pickup times for Route-03 (Jigatola) are 1st Trip: 6:30 AM and 2nd Trip: 8:45 AM.,0.018,6.1737,6.1918,2026-08-02T16:37:01.907736+00:00,0.1383,0.5,"SCORE: 0.5 | REASON: The answer partially matches the context for Route-03 (Jigatola) and Route-04 (Azimpur), but not for Route-02 (Mirpur-A).",novel,open_ended,linear,False,False,False,False,False,False,True,,,0.0,1.0669,0.8178967833518982
Q027,adaptive_novel,0.5,What amenities and facilities are provided for students at TARC?,"Tarc provides students of BRAC a residential campus where they experience to live with their fellow classmates.Tarc also provides students the importance of time dynamics ,punctuality and basic manners like to respect others work.Tarc also tries to make students do their own work by themselves.","Question: What amenities and facilities are provided for students at TARC?
Answer: Tarc provides students of BRAC a residential campus where they experience to live with their fellow classmates.Tarc also provides students the importance of time dynamics ,punctuality and basic manners like to respect others work.Tarc also tries to make students do their own work by themselves.

Question: Quick question — what amenities and facilities are provided for students at TARC?
Answer: Tarc provides students of BRAC a residential campus where they experience to live with their fellow classmates.Tarc also provides students the importance of time dynamics ,punctuality and basic manners like to respect others work.Tarc also tries to make students do their own work by themselves.

Question (Banglish): TARC e student der ki ki amenities ar facility deya hoy?
Answer (English): Tarc provides students of BRAC a residential campus where they experience to live with their fellow classmates.Tarc also provides students the importance of time dynamics ,punctuality and basic manners like to respect others work.Tarc also tries to make students do their own work by themselves.

Question: For a friend who's asking — what amenities and facilities are provided for students at TARC?
Answer: Tarc provides students of BRAC a residential campus where they experience to live with their fellow classmates.Tarc also provides students the importance of time dynamics ,punctuality and basic manners like to respect others work.Tarc also tries to make students do their own work by themselves.

Question: Curious about something: what amenities and facilities are provided for students at TARC?
Answer: Tarc provides students of BRAC a residential campus where they experience to live with their fellow classmates.Tarc also provides students the importance of time dynamics ,punctuality and basic manners like to respect others work.Tarc also tries to make students do their own work by themselves.","Tarc provides students of BRAC a residential campus where they experience to live with their fellow classmates. Tarc also provides students the importance of time dynamics, punctuality, and basic manners like respecting others' work. Tarc also tries to make students do their own work by themselves.",0.0186,8.3342,8.353,2026-08-02T16:37:10.262130+00:00,0.0066,1.0,SCORE: 1.0 | REASON: All claims are directly mentioned in the CONTEXT.,novel,open_ended,linear,False,False,False,False,False,False,True,,,0.0,1.048,0.278308242559433
Q043,adaptive_novel,0.5,What are the pickup times for Route-01 (Abdullahpur)?,"1st Trip: 6:40 AM, 2nd Trip: 8:50 AM.","Question: What are the pickup times for Route-01 (Abdullahpur)?
Answer: 1st Trip: 6:40 AM, 2nd Trip: 8:50 AM.

Question: What is the first pickup time for each route?
Answer: Pickup times range from 6:15 AM to 7:10 AM, depending on the route.

Question: What are the pickup times for Route-02 (Mirpur-B)?
Answer: 1st Trip: 6:45 AM, 2nd Trip: 9:00 AM.

Question: What are the pickup times for Route-04 (Azimpur)?
Answer: Route-04 (Azimpur): 1st Trip: 6:30 AM, 2nd Trip: 8:45 AM.

Question (Banglish): Route-01 (Abdullahpur) er pickup time gula ki?
Answer (English): 1st Trip: 6:40 AM, 2nd Trip: 8:50 AM.",The pickup times for Route-01 (Abdullahpur) are 1st Trip: 6:40 AM and 2nd Trip: 8:50 AM.,0.0188,6.015,6.0339,2026-08-02T16:37:16.297686+00:00,0.1567,0.5,"SCORE: 0.5 | REASON: The answer partially matches the context for Route-01 (Abdullahpur), but not for other routes mentioned in the context.",novel,open_ended,linear,False,False,False,False,False,False,True,,,0.0,1.0524,0.09270599484443665
Q070,adaptive_novel,0.5,For a friend who's asking — do I need to pay any fee to collect my degree certificate at Convocation?,"No, based on published notices, there is no fee to collect your certificate at the time of Convocation itself; fees apply if you request documents outside of that window.","Question: Do I need to pay any fee to collect my degree certificate at Convocation?
Answer: No, based on published notices, there is no fee to collect your certificate at the time of Convocation itself; fees apply if you request documents outside of that window.

Question: For a friend who's asking — do I need to pay any fee to collect my degree certificate at Convocation?
Answer: No, based on published notices, there is no fee to collect your certificate at the time of Convocation itself; fees apply if you request documents outside of that window.

Question: What's the process to collect my convocation gown after graduating?
Answer: Graduates collect their convocation gown and souvenirs from a designated location on campus (announced separately each year, e.g. the Alumni Lounge or Student Information Center) during a specific distribution window. You generally need to bring your student ID card and the original pay slip of your convocation fee payment.

Question (Banglish): Convocation e degree certificate collect korte ki amake fee dite hobe?
Answer (English): No, based on published notices, there is no fee to collect your certificate at the time of Convocation itself; fees apply if you request documents outside of that window.

Question: Am I required to need to pay any fee to collect my degree certificate at Convocation?
Answer: No, based on published notices, there is no fee to collect your certificate at the time of Convocation itself; fees apply if you request documents outside of that window.","No, based on published notices, there is no fee to collect your certificate at the time of Convocation itself; fees apply if you request documents outside of that window.",0.0234,5.9798,6.0037,2026-08-02T16:37:22.293533+00:00,0.0028,1.0,SCORE: 1.0 | REASON: All individual factual claims in the ANSWER are fully supported by the CONTEXT.,novel,open_ended,linear,False,False,False,False,False,False,True,,,0.0,1.0664,0.9921911358833313
Q184,adaptive_novel,0.9,What is Atonu Roy Chowdhury's email?,Atonu Roy Chowdhury's email is atonuroy.chowdhury@bracu.ac.bd.,"Initial: NARC
Name: Atonu Roy Chowdhury
Designation: Lecturer
Status: Full Time
Room: 4P192
Email: atonuroy.chowdhury@bracu.ac.bd

Initial: NARC
Name: Atonu Roy Chowdhury
Day: Thursday
Scheduled commitments (classes/labs/breaks, not availability): 12:30 PM - Consultation; 2:00 PM - CSE330-18 07D-20C; 3:30 PM - CSE330-19 07D-20C

Initial: NARC
Name: Atonu Roy Chowdhury
Day: Saturday
Scheduled commitments (classes/labs/breaks, not availability): 8:00 AM - CSE221-05 (LAB) NARC,FBAW 09B-08L; 11:00 AM - CSE221-13 (LAB) NARC,NMMR 09B-10L; 2:00 PM - CSE330-18 07D-20C; 3:30 PM - CSE330-19 07D-20C

Initial: NARC
Name: Atonu Roy Chowdhury
Day: Sunday
Scheduled commitments (classes/labs/breaks, not availability): 8:00 AM - CSE221-02 (LAB) NARC,NMMR 09E-22L; 11:00 AM - Consultation; 12:30 PM - Consultation

Initial: NARC
Name: Atonu Roy Chowdhury
Day: Wednesday
Scheduled commitments (classes/labs/breaks, not availability): 12:30 PM - Consultation; 2:00 PM - CSE330-10 (LAB) NFMK,NARC 09F-26L",Atonu Roy Chowdhury's email is atonuroy.chowdhury@bracu.ac.bd.,0.0161,5.2611,5.2772,2026-08-02T16:37:27.581181+00:00,100.5575,1.0,SCORE: 1.0 | REASON: All claims are directly supported by the provided CONTEXT.,novel,entity_heavy,linear,False,False,False,False,False,True,False,,,0.0,101.2733,0.05980890989303589
Q154,adaptive_novel,0.9,What day and time is the theory class for CSE370-16?,The theory class for CSE370-16 is on SAT+THU at 9:30 AM in room 10B-17C.,"Course: CSE370-16
Theory Initial: MZG
Theory Day: SAT+THU
Theory Time: 9:30 AM
Theory Room: 10B-17C
Lab Faculty: RBR,KZMN
Lab Day: TUE
Lab Time: 2:00 PM
Lab Room: 12F-31L

Course: CSE370-15
Theory Initial: NNTN
Theory Day: SAT+THU
Theory Time: 11:00 AM
Theory Room: 09B-12C
Lab Faculty: FZN,NZU
Lab Day: TUE
Lab Time: 11:00 AM
Lab Room: 12F-31L

Course: CSE370-11
Theory Initial: NFF
Theory Day: MON+WED
Theory Time: 9:30 AM
Theory Room: 09A-06C
Lab Faculty: TMD,NAHC
Lab Day: TUE
Lab Time: 11:00 AM
Lab Room: 12F-30L

Course: CSE370-14
Theory Initial: MRIA
Theory Day: SAT+THU
Theory Time: 11:00 AM
Theory Room: 07D-19C
Lab Faculty: CSHR,SHRR
Lab Day: TUE
Lab Time: 8:00 AM
Lab Room: 12F-31L

Initial: KZMN
Name: Kazi Kamruzzaman Rabbi
Day: Tuesday
Scheduled commitments (classes/labs/breaks, not availability): 11:00 AM - CSE471-04 09A-05C; 2:00 PM - CSE370-16 (LAB) RBR,KZMN 12F-31L; 3:30 PM - CSE370-16 (LAB) RBR,KZMN 12F-31L",The theory class for CSE370-16 is held on Saturday and Thursday at 9:30 AM.,0.0227,5.2511,5.2738,2026-08-02T16:37:32.856164+00:00,100.5744,1.0,SCORE: 1.0 | REASON: All claims about CSE370-16 theory class are supported in the CONTEXT.,novel,entity_heavy,linear,False,False,False,False,False,True,False,,,0.0,101.2781,0.08780911564826965
Q171,adaptive_novel,0.9,Who teaches the lab section of CSE221-19?,"The lab section of CSE221-19 is taught by ARD,ANV.","Course: CSE221-19
Theory Initial: IBA
Theory Day: SUN+TUE
Theory Time: 2:00 PM
Theory Room: 09H-33C
Lab Faculty: ARD,ANV
Lab Day: SAT
Lab Time: 11:00 AM
Lab Room: 09E-22L

Initial: ARD
Name: Mr. Ayman Rasheed
Day: Saturday
Scheduled commitments (classes/labs/breaks, not availability): 8:00 AM - CSE221-15 (LAB) MZW,ARD 09E-22L; 9:30 AM - CSE221-15 (LAB) MZW,ARD 09E-22L; 11:00 AM - CSE221-19 (LAB) ARD,ANV 09E-22L; 12:30 PM - CSE221-19 (LAB) ARD,ANV 09E-22L

Initial: FBAW
Name: Faria Binta Awal
Day: Saturday
Scheduled commitments (classes/labs/breaks, not availability): 8:00 AM - CSE221-05 (LAB) NARC,FBAW 09B-08L; 9:30 AM - CSE221-05 (LAB) NARC,FBAW 09B-08L; 11:00 AM - CSE221-06 (LAB) FBAW,ASRF 09B-08L; 12:30 PM - CSE221-06 (LAB) FBAW,ASRF 09B-08L; 2:00 PM - CSE221-17 (LAB) FBAW,NMMR 09B-10L; 3:30 PM - CSE221-17 (LAB) FBAW,NMMR 09B-10L

Initial: NARC
Name: Atonu Roy Chowdhury
Day: Saturday
Scheduled commitments (classes/labs/breaks, not availability): 8:00 AM - CSE221-05 (LAB) NARC,FBAW 09B-08L; 11:00 AM - CSE221-13 (LAB) NARC,NMMR 09B-10L; 2:00 PM - CSE330-18 07D-20C; 3:30 PM - CSE330-19 07D-20C

Initial: ANV
Name: Md. Anonto Shuvo
Day: Saturday
Scheduled commitments (classes/labs/breaks, not availability): 8:00 AM - CSE221-12 (LAB) NRHB,ANV 09B-10L; 9:30 AM - CSE221-12 (LAB) NRHB,ANV 09B-10L; 11:00 AM - CSE221-19 (LAB) ARD,ANV 09E-22L; 12:30 PM - CSE221-19 (LAB) ARD,ANV 09E-22L; 2:00 PM - CSE221-11 (LAB) ANV,CSYR 09B-09L; 3:30 PM - CSE221-11 (LAB) ANV,CSYR 09B-09L","The lab section of CSE221-19 is taught by both Mr. Ayman Rasheed and Md. Anonto Shuvo on Saturday at 11:00 AM in room 09E-22L, and again at 12:30 PM in the same location.",0.0211,8.9423,8.9634,2026-08-02T16:37:41.821078+00:00,100.3613,1.0,"SCORE: 1.0 | REASON: All claims are supported by the CONTEXT. 

Here's a breakdown of how I arrived at this conclusion:

1. Claim: The lab section of CSE221-19 is taught by both Mr. Ayman Rasheed and Md. Anonto Shuvo.
   - Supported by CONTEXT: Yes, in the Initial for ARD (Mr. Ayman Rasheed) and ANV (Md. Anonto Shuvo), it's mentioned that they are teaching together on Saturday.

2. Claim: The lab section of CSE221-19 is taught on Saturday.
   - Supported by CONTEXT: Yes, in the Scheduled commitments for both ARD and ANV, it's listed as being on Saturday.

3. Claim: The lab section of CSE221-19 is at 11:00 AM.
   - Supported by CONTEXT: Yes, in the Scheduled commitments for both ARD and ANV, it's listed as being at 11:00 AM.

4. Claim: The lab section of CSE221-19 is held in room 09E-22L.
   - Supported by CONTEXT: Yes, in the Scheduled commitments for both ARD and ANV, it's listed as being in room 09E-22L.

5. Claim: The lab section of CSE221-19 is also taught at 12:30 PM in the same location.
   - Supported by CONTEXT: Yes, in the Scheduled commitments for both ARD and ANV, it's listed as being at 12:30 PM in room 09E-22L.

All claims are supported by the CONTEXT.",novel,entity_heavy,linear,False,False,False,False,False,True,False,,,0.0,101.2613,0.2886095941066742
Q146,adaptive_novel,0.9,Who is the theory coordinator for CSE461?,The theory coordinator for CSE461 is KHR.,"Course: CSE461
First Theory Coordinator: KHR
Theory Coordinator Email: khalilur@bracu.ac.bd
First Lab Coordinator: RDW
Second Lab Coordinator: RFF
Lab Coordinator Email: redowanul.akbar@bracu.ac.bd,rafid.ahnaf@bracu.ac.bd

Course: CSE250
First Theory Coordinator: SDS
Second Theory Coordinator: PDS
Theory Coordinator Email: shadman.shahriar@bracu.ac.bd,purbayan.das@bracu.ac.bd
First Lab Coordinator: SDQ
Second Lab Coordinator: FFR
Lab Coordinator Email: saiful.bari@bracu.ac.bd,md.fatin@bracu.ac.bd

Course: CSE427
First Theory Coordinator: CMR
Second Theory Coordinator: DFD
Theory Coordinator Email: rahman.mofizur@bracu.ac.bd,fabian.dofadar@bracu.ac.bd
First Lab Coordinator: DFD
Second Lab Coordinator: QUZA
Lab Coordinator Email: fabian.dofadar@bracu.ac.bd,quazi.ashikur@bracu.ac.bd

Course: CSE221
First Theory Coordinator: FGZ
Second Theory Coordinator: IBA
Theory Coordinator Email: fakhruddin.gazzali@bracu.ac.bd,imran.azad@bracu.ac.bd
First Lab Coordinator: NARC
Second Lab Coordinator: AKHD
Lab Coordinator Email: atonuroy.chowdhury@bracu.ac.bd,ext.abdullah@bracu.ac.bd

Course: CSE421
First Theory Coordinator: MSMA
Second Theory Coordinator: NDT
Theory Coordinator Email: shamim.mia@bracu.ac.bd,nirjhor.datta@bracu.ac.bd
First Lab Coordinator: SRJ
Second Lab Coordinator: MSMA
Lab Coordinator Email: seraj.mehnaz@bracu.ac.bd,shamim.mia@bracu.ac.bd",The first Theory Coordinator for CSE461 is KHR.,0.0148,4.179,4.1938,2026-08-02T16:37:46.016451+00:00,100.5616,1.0,SCORE: 1.0 | REASON: The CONTEXT supports that KHR is the first Theory Coordinator for CSE461.,novel,entity_heavy,linear,False,False,False,False,False,True,False,,,0.0,101.2767,0.20841780304908752
Q145,adaptive_novel,0.9,What is the coordinator email for CSE446?,The coordinator email for CSE446 is sadek.ferdous@bracu.ac.bd.,"Course: CSE446
First Theory Coordinator: SDF
Theory Coordinator Email: sadek.ferdous@bracu.ac.bd
First Lab Coordinator: SJM
Second Lab Coordinator: SDF
Lab Coordinator Email: ext.sajid.mahir@bracu.ac.bd,sadek.ferdous@bracu.ac.bd

Course: CSE424
First Theory Coordinator: AAR
Theory Coordinator Email: annajiat@bracu.ac.bd
First Lab Coordinator: AAR
Lab Coordinator Email: annajiat@bracu.ac.bd

Course: CSE251
First Theory Coordinator: PDS
Second Theory Coordinator: UTS
Theory Coordinator Email: purbayan.das@bracu.ac.bd,utsab.saha@bracu.ac.bd
First Lab Coordinator: MOM
Lab Coordinator Email: moynul.moni@bracu.ac.bd

Course: CSE461
First Theory Coordinator: KHR
Theory Coordinator Email: khalilur@bracu.ac.bd
First Lab Coordinator: RDW
Second Lab Coordinator: RFF
Lab Coordinator Email: redowanul.akbar@bracu.ac.bd,rafid.ahnaf@bracu.ac.bd

Course: CSE474
First Theory Coordinator: AAR
Theory Coordinator Email: annajiat@bracu.ac.bd
First Lab Coordinator: AAR
Lab Coordinator Email: annajiat@bracu.ac.bd","The theory coordinator email for CSE446 is sadek.ferdous@bracu.ac.bd, and the lab coordinator emails are ext.sajid.mahir@bracu.ac.bd and sadek.ferdous@bracu.ac.bd.",0.0152,8.0802,8.0954,2026-08-02T16:37:54.113200+00:00,100.6269,1.0,SCORE: 1.0 | REASON: All claims are directly supported by the CONTEXT.,novel,entity_heavy,linear,False,False,False,False,False,True,False,,,0.0,101.2729,0.07859734445810318
Q140,adaptive_novel,0.9,Who is the theory coordinator for CSE330?,The theory coordinator for CSE330 is AMK. The second theory coordinator is AQU.,"Course: CSE330
First Theory Coordinator: AMK
Second Theory Coordinator: AQU
Theory Coordinator Email: abu.khan@bracu.ac.bd,aquib.azmain@bracu.ac.bd
First Lab Coordinator: NNTN
Second Lab Coordinator: ALB
Lab Coordinator Email: naima.tahsin@bracu.ac.bd,anindita.labonno@bracu.ac.bd

Course: CSE221
First Theory Coordinator: FGZ
Second Theory Coordinator: IBA
Theory Coordinator Email: fakhruddin.gazzali@bracu.ac.bd,imran.azad@bracu.ac.bd
First Lab Coordinator: NARC
Second Lab Coordinator: AKHD
Lab Coordinator Email: atonuroy.chowdhury@bracu.ac.bd,ext.abdullah@bracu.ac.bd

Course: CSE421
First Theory Coordinator: MSMA
Second Theory Coordinator: NDT
Theory Coordinator Email: shamim.mia@bracu.ac.bd,nirjhor.datta@bracu.ac.bd
First Lab Coordinator: SRJ
Second Lab Coordinator: MSMA
Lab Coordinator Email: seraj.mehnaz@bracu.ac.bd,shamim.mia@bracu.ac.bd

Course: CSE427
First Theory Coordinator: CMR
Second Theory Coordinator: DFD
Theory Coordinator Email: rahman.mofizur@bracu.ac.bd,fabian.dofadar@bracu.ac.bd
First Lab Coordinator: DFD
Second Lab Coordinator: QUZA
Lab Coordinator Email: fabian.dofadar@bracu.ac.bd,quazi.ashikur@bracu.ac.bd

Course: CSE250
First Theory Coordinator: SDS
Second Theory Coordinator: PDS
Theory Coordinator Email: shadman.shahriar@bracu.ac.bd,purbayan.das@bracu.ac.bd
First Lab Coordinator: SDQ
Second Lab Coordinator: FFR
Lab Coordinator Email: saiful.bari@bracu.ac.bd,md.fatin@bracu.ac.bd",The first Theory Coordinator for CSE330 is AMK and the second Theory Coordinator is AQU.,0.0148,4.848,4.8629,2026-08-02T16:37:58.977673+00:00,100.6094,1.0,SCORE: 1.0 | REASON: The CONTEXT supports all claims made about CSE330's Theory Coordinators.,novel,entity_heavy,linear,False,False,False,False,False,True,False,,,0.0,101.2764,0.12581494450569153
Q123,adaptive_novel,0.9,What are the prerequisites for CSE430?,The prerequisite for CSE430 is MAT120 (HP).,"Course: CSE430
Prerequisite: MAT120 (HP)
Full Prerequisite Chain: MAT120-MAT110

Course: CSE430
First Theory Coordinator: EHQ
Theory Coordinator Email: ehtashamul.haque@bracu.ac.bd
First Lab Coordinator: TAV
Lab Coordinator Email: tarvir.anjum@bracu.ac.bd

Question (Banglish): Major department na hole o student ra ki EEE te minor korte pare?
Answer (English): Yes, BRAC University offers a Minor in EEE with its own defined set of required courses and prerequisites (such as Electrical Circuits I & II and Electronic Circuits I & II), open to students from other departments who meet the prerequisites.

Question: Can students minor in EEE if it's not their major department?
Answer: Yes, BRAC University offers a Minor in EEE with its own defined set of required courses and prerequisites (such as Electrical Circuits I & II and Electronic Circuits I & II), open to students from other departments who meet the prerequisites.

Question: I'm an EEE student minoring in Physics. Do I need to separately meet the Physics minor's prerequisites even though I'm not a Physics major?
Answer: Yes - BRACU's Minor in Physics has its own defined set of required courses and prerequisites, separate from your EEE major requirements, open to students from other departments as long as they meet those specific prerequisites. Being an EEE major doesn't automatically satisfy the Physics minor's course requirements; you'd need to check and fulfill them independently.","The prerequisite for CSE430 is MAT120 (HP), with a full prerequisite chain of MAT120-MAT110.",0.015,5.0407,5.056,2026-08-02T16:38:04.034997+00:00,100.3861,1.0,SCORE: 1.0 | REASON: All claims are fully supported by the provided CONTEXT.,novel,entity_heavy,linear,False,False,False,False,False,True,False,,,0.0,101.2736,0.7328555583953857
Q181,adaptive_novel,0.9,Which room is Anika Tasnim in?,Anika Tasnim is in room 4F.,"Initial: ANT
Name: Anika Tasnim
Designation: C. Lecturer
Status: Contractual
Room: 4F
Email: ext.anika.tasnim@bracu.ac.bd

Initial: AAF
Name: Anika Afrin
Designation: C. Lecturer
Status: Contractual
Room: 4F
Email: ext.anika.afrin@bracu.ac.bd

Initial: ANT
Name: Anika Tasnim
Day: Sunday
Scheduled commitments (classes/labs/breaks, not availability): 8:00 AM - CSE110-16 09A-04C; 9:30 AM - Consultation; 11:00 AM - CSE110-01 10B-17C; 12:30 PM - Consultation

Initial: ANT
Name: Anika Tasnim
Day: Tuesday
Scheduled commitments (classes/labs/breaks, not availability): 8:00 AM - CSE110-16 09A-04C; 9:30 AM - Consultation; 11:00 AM - CSE110-01 10B-17C; 12:30 PM - Consultation

Initial: CAKM
Name: ANIKA ISLAM
Designation: C. Lecturer
Status: Contractual
Room: 4F
Email: ext.anika.islam@bracu.ac.bd",Anika Tasnim's room is 4F.,0.0181,3.8495,3.8677,2026-08-02T16:38:07.903587+00:00,100.7125,1.0,SCORE: 1.0 | REASON: The answer is fully supported by the context as it directly matches one of the initial records for Anika Tasnim.,novel,entity_heavy,linear,False,False,False,False,False,True,False,,,0.0,101.2646,0.11064448207616806
Q111,adaptive_novel,0.9,What are the prerequisites for CSE420?,"The prerequisite for CSE420 is CSE321 (HP),CSE331 (HP),CSE340 (HP).","Course: CSE420
Prerequisite: CSE321 (HP),CSE331 (HP),CSE340 (HP)
Full Prerequisite Chain: CSE321-CSE331-CSE340-CSE221-CSE260-CSE220-CSE251-CSE111-CSE230-CSE250-CSE110-PHY112-PHY111

Initial: NLAM
Name: Namirul Islam
Day: Monday
Scheduled commitments (classes/labs/breaks, not availability): 8:00 AM - CSE420-08 (LAB) RDS,NLAM 12F-32L,CSE420-17 (LAB) RDS,NLAM 12F-32L; 9:30 AM - CSE420-08 (LAB) RDS,NLAM 12F-32L,CSE420-17 (LAB) RDS,NLAM 12F-32L; 11:00 AM - CSE420-20 (LAB) SZD,NLAM 12F-32L; 12:30 PM - CSE420-20 (LAB) SZD,NLAM 12F-32L; 2:00 PM - CSE420-24 (LAB) NLAM,SMDS 12F-32L; 3:30 PM - CSE420-24 (LAB) NLAM,SMDS 12F-32L

Initial: AKHD
Name: Abdullah Khondoker
Day: Thursday
Scheduled commitments (classes/labs/breaks, not availability): 9:30 AM - CSE420-26 09A-04C; 11:00 AM - CSE420-05 (LAB) NFMK,AKHD 09E-22L,CSE420-06 (LAB) NFMK,AKHD 09E-22L; 12:30 PM - CSE420-05 (LAB) NFMK,AKHD 09E-22L,CSE420-06 (LAB) NFMK,AKHD 09E-22L; 2:00 PM - CSE420-24 09H-34C

Initial: RKBR
Name: Rakib Kibria
Day: Tuesday
Scheduled commitments (classes/labs/breaks, not availability): 8:00 AM - Consultation; 9:30 AM - Consultation; 11:00 AM - CSE420-11 (LAB) RKBR,RFR 12F-32L,CSE420-12 (LAB) RKBR,RFR 12F-32L; 12:30 PM - CSE420-11 (LAB) RKBR,RFR 12F-32L,CSE420-12 (LAB) RKBR,RFR 12F-32L; 2:00 PM - CSE420-25 (LAB) RKBR,NLAM 12F-32L,CSE420-26 (LAB) RKBR,NLAM 12F-32L; 3:30 PM - CSE420-25 (LAB) RKBR,NLAM 12F-32L,CSE420-26 (LAB) RKBR,NLAM 12F-32L

Question: I'm an EEE student minoring in Physics. Do I need to separately meet the Physics minor's prerequisites even though I'm not a Physics major?
Answer: Yes - BRACU's Minor in Physics has its own defined set of required courses and prerequisites, separate from your EEE major requirements, open to students from other departments as long as they meet those specific prerequisites. Being an EEE major doesn't automatically satisfy the Physics minor's course requirements; you'd need to check and fulfill them independently.","The prerequisites for CSE420 are CSE321 (HP), CSE331 (HP), and CSE340 (HP).",0.0212,5.928,5.9494,2026-08-02T16:38:13.854490+00:00,100.3449,1.0,"SCORE: 1.0 | REASON: All three prerequisites for CSE420 (CSE321, CSE331, and CSE340) are listed in the CONTEXT as prerequisites for the course.",novel,entity_heavy,linear,False,False,False,False,False,True,False,,,0.0,101.2677,0.22352463006973267
Q101,adaptive_novel,0.9,What are the prerequisites for CSE423?,The prerequisite for CSE423 is MAT216 (HP).,"Course: CSE423
Prerequisite: MAT216 (HP)
Full Prerequisite Chain: MAT216-MAT120-MAT110

Initial: FARS
Name: Ahmad Farhan Shahriar Chowdhury
Day: Monday
Scheduled commitments (classes/labs/breaks, not availability): 8:00 AM - CSE423-11 10B-17C; 9:30 AM - CSE423-12 10B-17C; 11:00 AM - CSE423-20 (LAB) SOSB,FARS 12D-27L,CSE423-21 (LAB) SOSB,FARS 12D-27L; 12:30 PM - CSE423-20 (LAB) SOSB,FARS 12D-27L,CSE423-21 (LAB) SOSB,FARS 12D-27L; 2:00 PM - CSE423-18 (LAB) ANKH,FARS 12D-27L,CSE423-19 (LAB) ANKH,FARS 12D-27L; 3:30 PM - CSE423-18 (LAB) ANKH,FARS 12D-27L,CSE423-19 (LAB) ANKH,FARS 12D-27L

Question: Can students minor in EEE if it's not their major department?
Answer: Yes, BRAC University offers a Minor in EEE with its own defined set of required courses and prerequisites (such as Electrical Circuits I & II and Electronic Circuits I & II), open to students from other departments who meet the prerequisites.

Initial: MAHS
Name: Md Arif Hasan
Day: Wednesday
Scheduled commitments (classes/labs/breaks, not availability): 11:00 AM - CSE423-01 (LAB) SOSB,MAHS 12D-27L,CSE423-24 (LAB) SOSB,MAHS 12D-27L; 12:30 PM - CSE423-01 (LAB) SOSB,MAHS 12D-27L,CSE423-24 (LAB) SOSB,MAHS 12D-27L; 2:00 PM - CSE423-02 (LAB) MAHS,ZLNM 10E-27L,CSE423-05 (LAB) MAHS,ZLNM 10E-27L; 3:30 PM - CSE423-02 (LAB) MAHS,ZLNM 10E-27L,CSE423-05 (LAB) MAHS,ZLNM 10E-27L

Question: I'm an EEE student minoring in Physics. Do I need to separately meet the Physics minor's prerequisites even though I'm not a Physics major?
Answer: Yes - BRACU's Minor in Physics has its own defined set of required courses and prerequisites, separate from your EEE major requirements, open to students from other departments as long as they meet those specific prerequisites. Being an EEE major doesn't automatically satisfy the Physics minor's course requirements; you'd need to check and fulfill them independently.",The full prerequisite chain for CSE423 is MAT216 (HP) - MAT120 - MAT110.,0.0144,5.6579,5.6726,2026-08-02T16:38:19.528773+00:00,100.3518,0.0,"SCORE: 0.0 | REASON: The ANSWER contains two separate statements about minors in EEE and Physics, but neither is supported by the CONTEXT provided for either student.",novel,entity_heavy,linear,False,False,False,False,False,True,False,,,0.0,101.2736,0.23072053492069244
Q119,adaptive_novel,0.9,What are the prerequisites for CSE392?,The prerequisite for CSE392 is MAT215 (HP).,"Course: CSE392
Prerequisite: MAT215 (HP)
Full Prerequisite Chain: MAT215-MAT216-MAT120-MAT110

Question: Can students minor in EEE if it's not their major department?
Answer: Yes, BRAC University offers a Minor in EEE with its own defined set of required courses and prerequisites (such as Electrical Circuits I & II and Electronic Circuits I & II), open to students from other departments who meet the prerequisites.

Question: What prerequisites must be completed before the thesis defense?
Answer: Pre-Thesis I and Pre-Thesis II.

Question (Banglish): Major department na hole o student ra ki EEE te minor korte pare?
Answer (English): Yes, BRAC University offers a Minor in EEE with its own defined set of required courses and prerequisites (such as Electrical Circuits I & II and Electronic Circuits I & II), open to students from other departments who meet the prerequisites.

Question: I'm an EEE student minoring in Physics. Do I need to separately meet the Physics minor's prerequisites even though I'm not a Physics major?
Answer: Yes - BRACU's Minor in Physics has its own defined set of required courses and prerequisites, separate from your EEE major requirements, open to students from other departments as long as they meet those specific prerequisites. Being an EEE major doesn't automatically satisfy the Physics minor's course requirements; you'd need to check and fulfill them independently.",The full prerequisite chain for CSE392 is MAT215-MAT216-MAT120-MAT110.,0.0161,4.7777,4.7942,2026-08-02T16:38:24.323771+00:00,100.4369,0.5,"SCORE: 0.5 | REASON: Only two out of four claims are supported by the context. 

The ANSWER decomposes into four individual factual claims:

1. The full prerequisite chain for CSE392 is MAT215-MAT216-MAT120-MAT110.
2. BRAC University offers a Minor in EEE with its own defined set of required courses and prerequisites (such as Electrical Circuits I & II and Electronic Circuits I & II), open to students from other departments who meet the prerequisites.
3. Pre-Thesis I and Pre-Thesis II are prerequisites for the thesis defense.
4. BRACU's Minor in Physics has its own defined set of required courses and prerequisites, separate from your EEE major requirements.

Claims 2 and 4 are supported by the CONTEXT as they directly match information provided in the context. However, claims 1 and 3 are not supported because there is no mention of CSE392 or Pre-Thesis I and II in the given CONTEXT.",novel,entity_heavy,linear,False,False,False,False,False,True,False,,,0.0,101.2753,0.6267333626747131
Q131,adaptive_novel,0.9,Who is the theory coordinator for CSE490D?,The theory coordinator for CSE490D is TAV.,"Course: CSE490D
First Theory Coordinator: TAV
Theory Coordinator Email: tarvir.anjum@bracu.ac.bd

Course: CSE250
First Theory Coordinator: SDS
Second Theory Coordinator: PDS
Theory Coordinator Email: shadman.shahriar@bracu.ac.bd,purbayan.das@bracu.ac.bd
First Lab Coordinator: SDQ
Second Lab Coordinator: FFR
Lab Coordinator Email: saiful.bari@bracu.ac.bd,md.fatin@bracu.ac.bd

Course: CSE427
First Theory Coordinator: CMR
Second Theory Coordinator: DFD
Theory Coordinator Email: rahman.mofizur@bracu.ac.bd,fabian.dofadar@bracu.ac.bd
First Lab Coordinator: DFD
Second Lab Coordinator: QUZA
Lab Coordinator Email: fabian.dofadar@bracu.ac.bd,quazi.ashikur@bracu.ac.bd

Course: CSE221
First Theory Coordinator: FGZ
Second Theory Coordinator: IBA
Theory Coordinator Email: fakhruddin.gazzali@bracu.ac.bd,imran.azad@bracu.ac.bd
First Lab Coordinator: NARC
Second Lab Coordinator: AKHD
Lab Coordinator Email: atonuroy.chowdhury@bracu.ac.bd,ext.abdullah@bracu.ac.bd

Course: CSE490D-01
Theory Initial: TAV
Theory Day: MON+WED
Theory Time: 2:00 PM
Theory Room: 07F-22C",The first Theory Coordinator for CSE490D is TAV.,0.0151,4.1396,4.1547,2026-08-02T16:38:28.479659+00:00,100.6251,1.0,SCORE: 1.0 | REASON: The CONTEXT supports that TAV is the first Theory Coordinator for CSE490D.,novel,entity_heavy,linear,False,False,False,False,False,True,False,,,0.0,101.2758,0.07406532019376755
Q174,adaptive_novel,0.9,Who teaches the lab section of CSE427-05?,"The lab section of CSE427-05 is taught by QUZA,ITTSC.","Course: CSE427-05
Theory Initial: QUZA
Theory Day: SUN+TUE
Theory Time: 9:30 AM
Theory Room: 09C-13C
Lab Faculty: QUZA,ITTSC
Lab Day: MON
Lab Time: 11:00 AM
Lab Room: 09F-27L

Initial: ITTSC
Name: Ittehad Saleh Chowdhury
Day: Monday
Scheduled commitments (classes/labs/breaks, not availability): 8:00 AM - CSE422-08 (LAB) ASRF,ITTSC 09B-11L; 9:30 AM - CSE422-08 (LAB) ASRF,ITTSC 09B-11L; 11:00 AM - CSE427-05 (LAB) QUZA,ITTSC 09F-27L; 12:30 PM - CSE427-05 (LAB) QUZA,ITTSC 09F-27L; 2:00 PM - CSE422-20 07H-26C

Initial: ADU
Name: Mr. Ahmed Mahir Ruhan
Day: Sunday
Scheduled commitments (classes/labs/breaks, not availability): 9:30 AM - Consultation by Appointment; 11:00 AM - CSE111-05 09H-35C; 12:30 PM - CSE111-06 09H-35C; 2:00 PM - CSE427-01 (LAB) DFD,ADU 09F-27L; 3:30 PM - CSE427-01 (LAB) DFD,ADU 09F-27L

Initial: ADU
Name: Mr. Ahmed Mahir Ruhan
Day: Tuesday
Scheduled commitments (classes/labs/breaks, not availability): 9:30 AM - Consultation by Appointment; 11:00 AM - CSE111-05 09H-35C; 12:30 PM - CSE111-06 09H-35C; 2:00 PM - CSE427-02 (LAB) DFD,ADU 09F-27L; 3:30 PM - CSE427-02 (LAB) DFD,ADU 09F-27L

Initial: QUZA
Name: Quazi Ashikur Rahman
Day: Monday
Scheduled commitments (classes/labs/breaks, not availability): 9:30 AM - Consultation by Appointment; 11:00 AM - CSE427-05 (LAB) QUZA,ITTSC 09F-27L; 12:30 PM - CSE427-05 (LAB) QUZA,ITTSC 09F-27L; 2:00 PM - CSE230-09 09B-12C",The instructors for the lab section of CSE427-05 are Quazi Ashikur Rahman and Ittehad Saleh Chowdhury.,0.0222,6.138,6.1603,2026-08-02T16:38:34.641512+00:00,100.3577,1.0,"SCORE: 1.0 | REASON: The CONTEXT supports all individual factual claims made in the ANSWER. 

Here's how I broke it down:

1. Claim: Quazi Ashikur Rahman is an instructor for CSE427-05.
   - Supported by CONTEXT (Theory Initial: QUZA, Theory Day: SUN+TUE, Theory Time: 9:30 AM, Theory Room: 09C-13C) and (Initial: QUZA, Name: Quazi Ashikur Rahman, Day: Monday, Scheduled commitments... CSE427-05 (LAB) QUZA,ITTSC 09F-27L).

2. Claim: Ittehad Saleh Chowdhury is an instructor for CSE427-05.
   - Supported by CONTEXT (Lab Faculty: QUZA,ITTSC, Lab Day: MON, Lab Time: 11:00 AM, Lab Room: 09F-27L) and (Initial: ITTSC, Name: Ittehad Saleh Chowdhury, Day: Monday, Scheduled commitments... CSE427-05 (LAB) QUZA,ITTSC 09F-27L).

Both claims are supported by the CONTEXT.",novel,entity_heavy,linear,False,False,False,False,False,True,False,,,0.0,101.2577,0.13552524149417877
Q134,adaptive_novel,0.9,Who is the theory coordinator for CSE426?,The theory coordinator for CSE426 is TSM.,"Course: CSE426
First Theory Coordinator: TSM
Theory Coordinator Email: mirza.mugdho@bracu.ac.bd

Course: CSE250
First Theory Coordinator: SDS
Second Theory Coordinator: PDS
Theory Coordinator Email: shadman.shahriar@bracu.ac.bd,purbayan.das@bracu.ac.bd
First Lab Coordinator: SDQ
Second Lab Coordinator: FFR
Lab Coordinator Email: saiful.bari@bracu.ac.bd,md.fatin@bracu.ac.bd

Course: CSE421
First Theory Coordinator: MSMA
Second Theory Coordinator: NDT
Theory Coordinator Email: shamim.mia@bracu.ac.bd,nirjhor.datta@bracu.ac.bd
First Lab Coordinator: SRJ
Second Lab Coordinator: MSMA
Lab Coordinator Email: seraj.mehnaz@bracu.ac.bd,shamim.mia@bracu.ac.bd

Course: CSE221
First Theory Coordinator: FGZ
Second Theory Coordinator: IBA
Theory Coordinator Email: fakhruddin.gazzali@bracu.ac.bd,imran.azad@bracu.ac.bd
First Lab Coordinator: NARC
Second Lab Coordinator: AKHD
Lab Coordinator Email: atonuroy.chowdhury@bracu.ac.bd,ext.abdullah@bracu.ac.bd

Course: CSE427
First Theory Coordinator: CMR
Second Theory Coordinator: DFD
Theory Coordinator Email: rahman.mofizur@bracu.ac.bd,fabian.dofadar@bracu.ac.bd
First Lab Coordinator: DFD
Second Lab Coordinator: QUZA
Lab Coordinator Email: fabian.dofadar@bracu.ac.bd,quazi.ashikur@bracu.ac.bd",The first Theory Coordinator for CSE426 is TSM.,0.0179,4.0233,4.0412,2026-08-02T16:38:38.683875+00:00,100.6246,1.0,SCORE: 1.0 | REASON: The CONTEXT supports that TSM is the first Theory Coordinator for CSE426.,novel,entity_heavy,linear,False,False,False,False,False,True,False,,,0.0,101.277,0.18705777823925018
Q191,adaptive_novel,0.9,What is FDZ's designation?,Fardin Zaman (FDZ) is a C. Lecturer.,"Initial: FDZ
Name: Fardin Zaman
Designation: C. Lecturer
Status: Contractual
Room: 4F
Email: ext.fardin.zaman@bracu.ac.bd

Initial: FDZ
Name: Fardin Zaman
Day: Wednesday
Scheduled commitments (classes/labs/breaks, not availability): 8:00 AM - CSE260-03A (LAB) FDZ,NRT FT10-03L; 9:30 AM - CSE260-03A (LAB) FDZ,NRT FT10-03L

Initial: MVH
Name: Mohammad Naveed Hossain
Day: Saturday
Scheduled commitments (classes/labs/breaks, not availability): 8:00 AM - CSE110-14 07H-26C; 9:30 AM - CSE423-17 07H-26C; 11:00 AM - CSE423-03 (LAB) MVH,FDZ 12D-27L,CSE423-04 (LAB) MVH,FDZ 12D-27L; 12:30 PM - CSE423-03 (LAB) MVH,FDZ 12D-27L,CSE423-04 (LAB) MVH,FDZ 12D-27L; 2:00 PM - Consultation

Initial: FDZ
Name: Fardin Zaman
Day: Sunday
Scheduled commitments (classes/labs/breaks, not availability): 8:00 AM - CSE260-22A (LAB) FDZ,SMDS FT10-03L; 9:30 AM - CSE260-22A (LAB) FDZ,SMDS FT10-03L

Initial: FDZ
Name: Fardin Zaman
Day: Saturday
Scheduled commitments (classes/labs/breaks, not availability): 8:00 AM - CSE422-20 (LAB) RRH,FDZ 09E-21L; 9:30 AM - CSE422-20 (LAB) RRH,FDZ 09E-21L; 11:00 AM - CSE423-03 (LAB) MVH,FDZ 12D-27L,CSE423-04 (LAB) MVH,FDZ 12D-27L; 12:30 PM - CSE423-03 (LAB) MVH,FDZ 12D-27L,CSE423-04 (LAB) MVH,FDZ 12D-27L",Fardin Zaman's designation is C. Lecturer.,0.0139,4.4019,4.4159,2026-08-02T16:38:43.100841+00:00,100.3,1.0,SCORE: 1.0 | REASON: All claims are directly supported by the CONTEXT.,novel,entity_heavy,linear,False,False,False,False,False,True,False,,,0.0,101.2,0.5461618304252625
Q105,adaptive_novel,0.9,What is the full prerequisite chain for PHY112?,The full prerequisite chain for PHY112 is PHY111.,"Verified prerequisite chain for PHY112 (nearest prerequisite first, from the Prerequisites knowledge base): PHY111.

Course: CSE250
Prerequisite: PHY112 (SP)
Full Prerequisite Chain: PHY112-PHY111

Course: CSE260
Prerequisite: CSE251 (HP)
Full Prerequisite Chain: CSE251-CSE250-PHY112-PHY111

Course: CSE350
Prerequisite: CSE251 (HP)
Full Prerequisite Chain: CSE251-CSE250-PHY112-PHY111

Course: CSE251
Prerequisite: CSE250 (HP)
Full Prerequisite Chain: CSE250-PHY112-PHY111

Course: PHY112
Prerequisite: PHY111 (HP)
Full Prerequisite Chain: PHY111",The full prerequisite chain for PHY112 is PHY111.,0.0165,3.7853,3.8018,2026-08-02T16:38:46.903766+00:00,100.383,1.0,SCORE: 1.0 | REASON: The answer is fully supported by the context as it exactly matches the provided prerequisite chain for PHY112.,novel,entity_heavy,linear,False,False,False,True,False,True,False,,,0.0,101.283,0.7586148977279663
Q177,adaptive_novel,0.9,Who teaches the lab section of CSE471-15?,"The lab section of CSE471-15 is taught by PLN,ART.","Course: CSE471-15
Theory Initial: NAHC
Theory Day: SAT+THU
Theory Time: 11:00 AM
Theory Room: 09D-18C
Lab Faculty: PLN,ART
Lab Day: TUE
Lab Time: 2:00 PM
Lab Room: 09F-25L

Initial: PLN
Name: Pollock Nag
Day: Tuesday
Scheduled commitments (classes/labs/breaks, not availability): 11:00 AM - CSE422-12 (LAB) SWG,PLN 09B-10L; 12:30 PM - CSE422-12 (LAB) SWG,PLN 09B-10L; 2:00 PM - CSE471-15 (LAB) PLN,ART 09F-25L; 3:30 PM - CSE471-15 (LAB) PLN,ART 09F-25L

Initial: KZMN
Name: Kazi Kamruzzaman Rabbi
Day: Saturday
Scheduled commitments (classes/labs/breaks, not availability): 8:00 AM - CSE471-09 (LAB) NAHC,KZMN 09F-25L; 9:30 AM - CSE471-09 (LAB) NAHC,KZMN 09F-25L; 11:00 AM - CSE471-10 (LAB) SHRR,KZMN 09F-25L; 12:30 PM - CSE471-10 (LAB) SHRR,KZMN 09F-25L

Initial: NAHC
Name: Asif Hasan Chowdhury
Day: Saturday
Scheduled commitments (classes/labs/breaks, not availability): 8:00 AM - CSE471-09 (LAB) NAHC,KZMN 09F-25L; 9:30 AM - CSE471-09 (LAB) NAHC,KZMN 09F-25L; 11:00 AM - CSE471-15 09D-18C; 12:30 PM - CSE470-06 09D-18C

Initial: ART
Name: Atanu Roy
Day: Tuesday
Scheduled commitments (classes/labs/breaks, not availability): 12:30 PM - CSE470-16 07D-19C; 2:00 PM - CSE471-15 (LAB) PLN,ART 09F-25L; 3:30 PM - CSE471-15 (LAB) PLN,ART 09F-25L",The lab section of CSE471-15 is taught by both Pollock Nag and Atanu Roy.,0.0216,5.3511,5.3727,2026-08-02T16:38:52.277792+00:00,100.3595,1.0,SCORE: 1.0 | REASON: The answer is fully supported by the context as it accurately reflects the lab faculty and scheduled commitments for CSE471-15.,novel,entity_heavy,linear,False,False,False,False,False,True,False,,,0.0,101.2595,0.2094847559928894
Q178,adaptive_novel,0.9,Who teaches the lab section of CSE423-05?,"The lab section of CSE423-05 is taught by MAHS,ZLNM.","Course: CSE423-05
Theory Initial: AJA
Theory Day: SUN+TUE
Theory Time: 11:00 AM
Theory Room: 09D-17C
Lab Faculty: MAHS,ZLNM
Lab Day: WED
Lab Time: 2:00 PM
Lab Room: 10E-27L

Initial: ZLNM
Name: Md. Zulkar Naim
Day: Wednesday
Scheduled commitments (classes/labs/breaks, not availability): 9:30 AM - CSE340-16 09H-32C; 12:30 PM - CSE340-17 09A-05C; 2:00 PM - CSE423-02 (LAB) MAHS,ZLNM 10E-27L,CSE423-05 (LAB) MAHS,ZLNM 10E-27L; 3:30 PM - CSE423-02 (LAB) MAHS,ZLNM 10E-27L,CSE423-05 (LAB) MAHS,ZLNM 10E-27L

Initial: SRU
Name: Mr. Shakir Rouf
Day: Sunday
Scheduled commitments (classes/labs/breaks, not availability): 11:00 AM - CSE423-08 09C-13C; 12:30 PM - CSE360-05 09C-13C; 2:00 PM - CSE423-09 (LAB) MAFZ,SRU 12D-27L,CSE423-17 (LAB) MAFZ,SRU 12D-27L; 3:30 PM - CSE423-09 (LAB) MAFZ,SRU 12D-27L,CSE423-17 (LAB) MAFZ,SRU 12D-27L

Initial: SRU
Name: Mr. Shakir Rouf
Day: Tuesday
Scheduled commitments (classes/labs/breaks, not availability): 11:00 AM - CSE423-08 09C-13C; 12:30 PM - CSE360-05 09C-13C; 2:00 PM - CSE423-15 (LAB) ZLNM,SRU 12D-27L,CSE423-16 (LAB) ZLNM,SRU 12D-27L; 3:30 PM - CSE423-15 (LAB) ZLNM,SRU 12D-27L,CSE423-16 (LAB) ZLNM,SRU 12D-27L

Initial: MAHS
Name: Md Arif Hasan
Day: Wednesday
Scheduled commitments (classes/labs/breaks, not availability): 11:00 AM - CSE423-01 (LAB) SOSB,MAHS 12D-27L,CSE423-24 (LAB) SOSB,MAHS 12D-27L; 12:30 PM - CSE423-01 (LAB) SOSB,MAHS 12D-27L,CSE423-24 (LAB) SOSB,MAHS 12D-27L; 2:00 PM - CSE423-02 (LAB) MAHS,ZLNM 10E-27L,CSE423-05 (LAB) MAHS,ZLNM 10E-27L; 3:30 PM - CSE423-02 (LAB) MAHS,ZLNM 10E-27L,CSE423-05 (LAB) MAHS,ZLNM 10E-27L",The lab section of CSE423-05 is taught by Md. Arif Hasan and Md. Zulkar Naim.,0.0248,6.2682,6.293,2026-08-02T16:38:58.572490+00:00,100.3592,0.5,"SCORE: 0.5 | REASON: The answer partially matches the context, as Md. Arif Hasan is indeed listed as a lab faculty for CSE423-05 on Wednesday, but there is no mention of Md. Zulkar Naim being involved in this specific lab section.",novel,entity_heavy,linear,False,False,False,False,False,True,False,,,0.0,101.2592,0.3215518295764923
Q113,adaptive_novel,0.9,What is the full prerequisite chain for ENG102?,The full prerequisite chain for ENG102 is ENG101.,"Verified prerequisite chain for ENG102 (nearest prerequisite first, from the Prerequisites knowledge base): ENG101.

Course: ENG103
Prerequisite: ENG102 (HP)
Full Prerequisite Chain: ENG102-ENG101

Course: MAT120
Prerequisite: MAT110 (HP)
Full Prerequisite Chain: MAT110

Course: CSE421
Prerequisite: CSE320 (SP)
Full Prerequisite Chain: CSE320

Course: PHY112
Prerequisite: PHY111 (HP)
Full Prerequisite Chain: PHY111

Course: ENG102
Prerequisite: ENG101 (HP)
Full Prerequisite Chain: ENG101",The full prerequisite chain for ENG102 is ENG101.,0.0193,3.7684,3.7878,2026-08-02T16:39:02.361332+00:00,100.3184,1.0,SCORE: 1.0 | REASON: The ANSWER is fully supported by the CONTEXT as it matches the provided prerequisite chain for ENG102.,novel,entity_heavy,linear,False,False,False,True,False,True,False,,,0.0,101.279,0.4634004831314087
Q132,adaptive_novel,0.9,Who is the theory coordinator for CSE428?,The theory coordinator for CSE428 is SDQ.,"Course: CSE428
First Theory Coordinator: SDQ
Theory Coordinator Email: saiful.bari@bracu.ac.bd
First Lab Coordinator: EHQ
Lab Coordinator Email: ehtashamul.haque@bracu.ac.bd

Course: CSE250
First Theory Coordinator: SDS
Second Theory Coordinator: PDS
Theory Coordinator Email: shadman.shahriar@bracu.ac.bd,purbayan.das@bracu.ac.bd
First Lab Coordinator: SDQ
Second Lab Coordinator: FFR
Lab Coordinator Email: saiful.bari@bracu.ac.bd,md.fatin@bracu.ac.bd

Course: CSE427
First Theory Coordinator: CMR
Second Theory Coordinator: DFD
Theory Coordinator Email: rahman.mofizur@bracu.ac.bd,fabian.dofadar@bracu.ac.bd
First Lab Coordinator: DFD
Second Lab Coordinator: QUZA
Lab Coordinator Email: fabian.dofadar@bracu.ac.bd,quazi.ashikur@bracu.ac.bd

Course: CSE221
First Theory Coordinator: FGZ
Second Theory Coordinator: IBA
Theory Coordinator Email: fakhruddin.gazzali@bracu.ac.bd,imran.azad@bracu.ac.bd
First Lab Coordinator: NARC
Second Lab Coordinator: AKHD
Lab Coordinator Email: atonuroy.chowdhury@bracu.ac.bd,ext.abdullah@bracu.ac.bd

Course: CSE420
First Theory Coordinator: MNY
Second Theory Coordinator: SUE
Theory Coordinator Email: nur.yanhaona@bracu.ac.bd,sukarna.sarkar@bracu.ac.bd
First Lab Coordinator: SUE
Second Lab Coordinator: MNY
Lab Coordinator Email: sukarna.sarkar@bracu.ac.bd,nur.yanhaona@bracu.ac.bd",The first Theory Coordinator for CSE428 is SDQ.,0.0166,4.037,4.0537,2026-08-02T16:39:06.416211+00:00,100.5887,1.0,SCORE: 1.0 | REASON: The CONTEXT supports that SDQ is the first Theory Coordinator for CSE428.,novel,entity_heavy,linear,False,False,False,False,False,True,False,,,0.0,101.2761,0.15057067573070526
Q156,adaptive_novel,0.9,What day and time is the theory class for CSE110-01?,The theory class for CSE110-01 is on SUN+TUE at 11:00 AM in room 10B-17C.,"Course: CSE110-01
Theory Initial: ANT
Theory Day: SUN+TUE
Theory Time: 11:00 AM
Theory Room: 10B-17C
Lab Faculty: ANT,ART
Lab Day: THU
Lab Time: 8:00 AM
Lab Room: 09B-10L

Course: CSE110-10
Theory Initial: WLV
Theory Day: MON+WED
Theory Time: 9:30 AM
Theory Room: 10B-13C
Lab Faculty: SLAR,FZN
Lab Day: THU
Lab Time: 11:00 AM
Lab Room: 09F-27L

Course: CSE110-03
Theory Initial: STNM
Theory Day: SUN+TUE
Theory Time: 3:30 PM
Theory Room: 10B-17C
Lab Faculty: YND,ATY
Lab Day: WED
Lab Time: 11:00 AM
Lab Room: 09B-08L

Course: CSE110-02
Theory Initial: STNM
Theory Day: SUN+TUE
Theory Time: 12:30 PM
Theory Room: 10B-17C
Lab Faculty: AOHE,RKBM
Lab Day: WED
Lab Time: 8:00 AM
Lab Room: 09B-08L

Course: CSE110-04
Theory Initial: SBHN
Theory Day: MON+WED
Theory Time: 11:00 AM
Theory Room: 10B-16C
Lab Faculty: FZN,SLAR
Lab Day: THU
Lab Time: 8:00 AM
Lab Room: 09B-08L",The theory class for CSE110-01 meets on Sunday and Tuesday at 11:00 AM.,0.0217,4.8381,4.8598,2026-08-02T16:39:11.277428+00:00,100.5025,1.0,"SCORE: 1.0 | REASON: All claims are supported by the CONTEXT. 

Explanation:

The ANSWER contains a single claim:
""The theory class for CSE110-01 meets on Sunday and Tuesday at 11:00 AM.""

This claim is fully supported by the CONTEXT, as it matches the information provided for Course CSE110-01:
Theory Day: SUN+TUE
Theory Time: 11:00 AM

Therefore, the score is 1.0 (all claims are supported) and the reason is that all claims are supported by the CONTEXT.",novel,entity_heavy,linear,False,False,False,False,False,True,False,,,0.0,101.2791,0.06702554225921631
Q189,adaptive_novel,0.9,What is Mr. Dewan Ziaul Karim's email?,Mr. Dewan Ziaul Karim's email is ziaul.karim@bracu.ac.bd.,"Initial: DZK
Name: Mr. Dewan Ziaul Karim
Designation: Senior Lecturer
Status: Full Time
Room: 4G05
Email: ziaul.karim@bracu.ac.bd

Course: CSE260
First Theory Coordinator: DZK
Theory Coordinator Email: ziaul.karim@bracu.ac.bd
First Lab Coordinator: DZK
Second Lab Coordinator: PBK
Lab Coordinator Email: ziaul.karim@bracu.ac.bd,partha.bhoumik@bracu.ac.bd

Initial: DZK
Name: Mr. Dewan Ziaul Karim
Day: Sunday
Scheduled commitments (classes/labs/breaks, not availability): 11:00 AM - CSE260-04A 09A-03C,CSE260-04B 09A-03C; 12:30 PM - CSE260-01A 09E-20T ,CSE260-01B 09E-20T ,CSE260-02A 09E-20T ,CSE260-02B 09E-20T ,CSE260-03A 09E-20T ,CSE260-03B 09E-20T; 2:00 PM - Consultation

Initial: DZK
Name: Mr. Dewan Ziaul Karim
Day: Tuesday
Scheduled commitments (classes/labs/breaks, not availability): 11:00 AM - CSE260-04A 09A-03C,CSE260-04B 09A-03C; 12:30 PM - CSE260-01A 09E-20T ,CSE260-01B 09E-20T ,CSE260-02A 09E-20T ,CSE260-02B 09E-20T ,CSE260-03A 09E-20T ,CSE260-03B 09E-20T; 2:00 PM - Consultation

Initial: DZK
Name: Mr. Dewan Ziaul Karim
Day: Saturday
Scheduled commitments (classes/labs/breaks, not availability): 11:00 AM - Consultation; 12:30 PM - Consultation",Mr. Dewan Ziaul Karim's email is ziaul.karim@bracu.ac.bd.,0.0199,5.6927,5.7127,2026-08-02T16:39:16.991412+00:00,100.5478,1.0,SCORE: 1.0 | REASON: All claims are directly supported by the CONTEXT.,novel,entity_heavy,linear,False,False,False,False,False,True,False,,,0.0,101.2715,0.19740034639835358
Q127,adaptive_novel,0.9,What is the full prerequisite chain for CSE220?,The full prerequisite chain for CSE220 is CSE111-CSE230-CSE110.,"Verified prerequisite chain for CSE220 (nearest prerequisite first, from the Prerequisites knowledge base): CSE111-CSE230-CSE110.

Course: CSE221
Prerequisite: CSE220 (HP)
Full Prerequisite Chain: CSE220-CSE111-CSE230-CSE110

Course: CSE422
Prerequisite: CSE221 (HP)
Full Prerequisite Chain: CSE221-CSE220-CSE111-CSE230-CSE110

Course: CSE370
Prerequisite: CSE221 (HP)
Full Prerequisite Chain: CSE221-CSE220-CSE111-CSE230-CSE110

Course: CSE321
Prerequisite: CSE221 (HP)
Full Prerequisite Chain: CSE221-CSE220-CSE111-CSE230-CSE110

Course: CSE220
Prerequisite: CSE111 (HP),CSE230 (HP)
Full Prerequisite Chain: CSE111-CSE230-CSE110",The full prerequisite chain for CSE220 is CSE111-CSE230-CSE110.,0.0205,4.4662,4.4868,2026-08-02T16:39:21.479038+00:00,100.3174,1.0,SCORE: 1.0 | REASON: The ANSWER's claim is fully supported by the CONTEXT as it matches the prerequisite chain for CSE220.,novel,entity_heavy,linear,False,False,False,True,False,True,False,,,0.0,101.2735,0.5746495127677917
Q143,adaptive_novel,0.9,What is the coordinator email for CSE220?,The coordinator email for CSE220 is abu.ibrahim@bracu.ac.bd.,"Course: CSE220
First Theory Coordinator: AIB
Theory Coordinator Email: abu.ibrahim@bracu.ac.bd
First Lab Coordinator: AIB
Second Lab Coordinator: KKS
Lab Coordinator Email: abu.ibrahim@bracu.ac.bd,md.khaliduzzaman@bracu.ac.bd

Course: CSE474
First Theory Coordinator: AAR
Theory Coordinator Email: annajiat@bracu.ac.bd
First Lab Coordinator: AAR
Lab Coordinator Email: annajiat@bracu.ac.bd

Course: CSE461
First Theory Coordinator: KHR
Theory Coordinator Email: khalilur@bracu.ac.bd
First Lab Coordinator: RDW
Second Lab Coordinator: RFF
Lab Coordinator Email: redowanul.akbar@bracu.ac.bd,rafid.ahnaf@bracu.ac.bd

Course: CSE424
First Theory Coordinator: AAR
Theory Coordinator Email: annajiat@bracu.ac.bd
First Lab Coordinator: AAR
Lab Coordinator Email: annajiat@bracu.ac.bd

Course: CSE260
First Theory Coordinator: DZK
Theory Coordinator Email: ziaul.karim@bracu.ac.bd
First Lab Coordinator: DZK
Second Lab Coordinator: PBK
Lab Coordinator Email: ziaul.karim@bracu.ac.bd,partha.bhoumik@bracu.ac.bd",The Theory and Lab Coordinator emails for CSE220 are abu.ibrahim@bracu.ac.bd.,0.0162,4.8909,4.9072,2026-08-02T16:39:26.387848+00:00,100.5503,1.0,"SCORE: 1.0 | REASON: All claims are fully supported by the context. 

Explanation:

The ANSWER contains a single claim: ""The Theory and Lab Coordinator emails for CSE220 are abu.ibrahim@bracu.ac.bd.""

This claim is supported by the CONTEXT, which explicitly states that for Course CSE220:
- The First Theory Coordinator is AIB.
- The Theory Coordinator Email is abu.ibrahim@bracu.ac.bd.
- The First Lab Coordinator is AIB.
- The Second Lab Coordinator is KKS.
- The Lab Coordinator Emails are abu.ibrahim@bracu.ac.bd and md.khaliduzzaman@bracu.ac.bd.

Since the ANSWER's claim matches all these details, it is fully supported by the CONTEXT.",novel,entity_heavy,linear,False,False,False,False,False,True,False,,,0.0,101.2707,0.062070295214653015
Q170,adaptive_novel,0.9,Who teaches the lab section of CSE260-15A?,"The lab section of CSE260-15A is taught by MDF,NQM.","Course: CSE260-15A
Theory Initial: LMI
Theory Day: SUN+TUE
Theory Time: 8:00 AM
Theory Room: 09C-13C
Lab Faculty: MDF,NQM
Lab Day: SAT
Lab Time: 8:00 AM
Lab Room: FT10-03L

Initial: NQM
Name: Md Nafiz Ishtiaque Mahee
Day: Saturday
Scheduled commitments (classes/labs/breaks, not availability): 8:00 AM - CSE260-15A (LAB) MDF,NQM FT10-03L; 9:30 AM - CSE260-15A (LAB) MDF,NQM FT10-03L; 11:00 AM - CSE260-18A (LAB) MDF,NQM FT10-03L; 12:30 PM - CSE260-18A (LAB) MDF,NQM FT10-03L

Initial: LMI
Name: Lamiah Israt
Day: Sunday
Scheduled commitments (classes/labs/breaks, not availability): 8:00 AM - CSE260-15A 09C-13C,CSE260-15B 09C-13C; 11:00 AM - CSE260-16A (LAB) NNTN,LMI FT11-01L; 12:30 PM - CSE260-16A (LAB) NNTN,LMI FT11-01L; 3:30 PM - CSE260-18A 09A-02C,CSE260-18B 09A-02C

Initial: LMI
Name: Lamiah Israt
Day: Tuesday
Scheduled commitments (classes/labs/breaks, not availability): 8:00 AM - CSE260-15A 09C-13C,CSE260-15B 09C-13C; 11:00 AM - CSE260-07B (LAB) PBK,LMI FT10-04L; 12:30 PM - CSE260-07B (LAB) PBK,LMI FT10-04L; 3:30 PM - CSE260-18A 09A-02C,CSE260-18B 09A-02C

Initial: MDF
Name: Mr. Mohammad Fahim
Day: Saturday
Scheduled commitments (classes/labs/breaks, not availability): 8:00 AM - CSE260-15A (LAB) MDF,NQM FT10-03L; 9:30 AM - CSE260-15A (LAB) MDF,NQM FT10-03L; 11:00 AM - CSE260-18A (LAB) MDF,NQM FT10-03L; 12:30 PM - CSE260-18A (LAB) MDF,NQM FT10-03L",The lab section of CSE260-15A is taught by both Nafiz Ishtiaque Mahee and Mohammad Fahim.,0.0176,5.9357,5.9533,2026-08-02T16:39:32.342109+00:00,100.3567,0.5,"SCORE: 0.5 | REASON: The answer partially matches the context, as it correctly identifies Mohammad Fahim as a lab instructor for CSE260-15A on Saturday, but incorrectly implies Nafiz Ishtiaque Mahee is also an instructor when in fact he is listed as the only instructor for that time slot.",novel,entity_heavy,linear,False,False,False,False,False,True,False,,,0.0,101.2567,0.0459330752491951
