query_id,config,lambda,query,reference_answer,retrieved_context,generated_answer,retrieval_s,generation_s,total_s,timestamp,query_confidence,faithfulness,faithfulness_reason,sample_source,route,fusion,abstained,raw_abstain,sufficient_context_override,graph_augmented,faculty_room_augmented,exact_match_any,question_match_any,translated_query,normalized_query,rerank_s,query_top1_score,nli_faithfulness
Q010,full_hybrid,0.5,Purpose of the Wishlist event for Summer 2025?,To help plan course offerings based on student demand,"Question: Purpose of the Wishlist event for Summer 2025?
Answer: To help plan course offerings based on student demand

Question (Banglish): Summer 2025 er Wishlist event er purpose ki?
Answer (English): To help plan course offerings based on student demand

Question: Why is participation in the Wishlist event important?
Answer: Course offerings will be based on student demand collected from Wishlist submissions

Question (Banglish): Wishlist event e participation kora keno eto important, seta ektu bujhiye bolben?
Answer (English): Course offerings will be based on student demand collected from Wishlist submissions

Question: Purpose of the Course Wishlist feature in the Connect system?
Answer: Addition of preferred courses to a wishlist to secure seats as they become available while following university policies",The purpose of the Wishlist event for Summer 2025 is to help plan course offerings based on student demand.,0.0579,9.8114,9.8693,2026-08-01T07:26:38.169726+00:00,0.0256,0.5,SCORE: 0.5 | REASON: Only two out of four claims are supported by the context.,baselines,,,,,,,,,,,,,,0.98164302110672
Q016,full_hybrid,0.5,How to contact with BRACU Finance and Accounts Department?,"BRAC University
Kha-224 Bir Uttam Rafiqul Islam Avenue, Merul Badda,
Dhaka 1212, Bangladesh
Phone: +88 09638464646 Ext: 1220, 1221

Email: queries-accounts@bracu.ac.bd","Question: How to contact with BRACU Finance and Accounts Department?
Answer: BRAC University
Kha-224 Bir Uttam Rafiqul Islam Avenue, Merul Badda,
Dhaka 1212, Bangladesh
Phone: +88 09638464646 Ext: 1220, 1221

Email: queries-accounts@bracu.ac.bd

Question: Can someone help — how to contact with BRACU Finance and Accounts Department?
Answer: BRAC University
Kha-224 Bir Uttam Rafiqul Islam Avenue, Merul Badda,
Dhaka 1212, Bangladesh
Phone: +88 09638464646 Ext: 1220, 1221

Email: queries-accounts@bracu.ac.bd

Question (Banglish): BRACU Finance and Accounts Department ke kivabe contact korbo?
Answer (English): BRAC University
Kha-224 Bir Uttam Rafiqul Islam Avenue, Merul Badda,
Dhaka 1212, Bangladesh
Phone: +88 09638464646 Ext: 1220, 1221

Email: queries-accounts@bracu.ac.bd

Question: What services are offered by the Finance & Accounts Office?
Answer: The Finance & Accounts Office manages student accounts, tuition payments, and financial aid. You can also email at queries-accounts@bracu.ac.bd

Question: How to collect payment clearance from Finance and Accounts department for Degree Processing/Convocation?
Answer: 1. Collect payment clearance from Finance and Accounts department for Degree Processing/Convocation

2. Collect the Degree Application Form from your respective Department's DCO and Fill up with the necessary information.

3. Take Library clearance

4. Clear all your previous dues (if any).

5. Make payment of Tk. 10,000 for each course as degree processing fee at BRAC Bank (any branch) or IFIC Bank (Mohakhali branch) through prescribed manual payslip.

6. Bring your payment slip and duly filled form in the Finance and Accounts department to take payment clearance.","To contact the BRACU Finance and Accounts Department, you can visit BRAC University at Kha-224 Bir Uttam Rafiqul Islam Avenue, Merul Badda, Dhaka 1212, Bangladesh, or call them at +88 09638464646 Ext: 1220, 1221. You can also email them at queries-accounts@bracu.ac.bd.",0.0201,11.0881,11.1082,2026-08-01T07:26:49.277993+00:00,0.0085,1.0,SCORE: 1.0 | REASON: All individual factual claims in the ANSWER are fully supported by the retrieved CONTEXT.,baselines,,,,,,,,,,,,,,0.9221064448356628
Q017,full_hybrid,0.5,"Hey, for further information regarding Admission who should I contact?","For more queries, please contact the Inquiry, Registration & Admissions Office, BRACU (Phone: +88 09638464646, Call Center Ext: 1001. You can also send e-mail at admissions@bracu.ac.bd.","Question: Hey, for further information regarding Admission who should I contact?
Answer: For more queries, please contact the Inquiry, Registration & Admissions Office, BRACU (Phone: +88 09638464646, Call Center Ext: 1001. You can also send e-mail at admissions@bracu.ac.bd.

Question: For further information regarding Admission who should I contact?
Answer: For more queries, please contact the Inquiry, Registration & Admissions Office, BRACU (Phone: +88 09638464646, Call Center Ext: 1001. You can also send e-mail at admissions@bracu.ac.bd.

Question (Banglish): Admission niye aro information er jonno kake contact korbo?
Answer (English): For more queries, please contact the Inquiry, Registration & Admissions Office, BRACU (Phone: +88 09638464646, Call Center Ext: 1001. You can also send e-mail at admissions@bracu.ac.bd.

Question: How do I contact the admissions office?
Answer: You can mail to admissions@bracu.ac.bd

Question (Banglish): Admissions office ke ami kivabe contact korbo?
Answer (English): You can mail to admissions@bracu.ac.bd","For more queries regarding admission, please contact the Inquiry, Registration & Admissions Office, BRACU (Phone: +88 09638464646, Call Center Ext: 1001. You can also send e-mail at admissions@bracu.ac.bd.",0.0184,7.9186,7.937,2026-08-01T07:26:57.215662+00:00,0.1162,1.0,SCORE: 1.0 | REASON: All individual factual claims are fully supported by the retrieved CONTEXT.,baselines,,,,,,,,,,,,,,0.7065708041191101
Q019,full_hybrid,0.5,How are students informed about changes to the transport service?,Students are informed through official BRAC University notices and announcements.,"Question: How are students informed about changes to the transport service?
Answer: Students are informed through official BRAC University notices and announcements.

Question (Banglish): Transport service e change hole student der kivabe janano hoy?
Answer (English): Students are informed through official BRAC University notices and announcements.

Question: How can students report a problem with the transport service?
Answer: Students can report issues by calling the designated route-specific numbers or reaching out to transport officers.

Question: How can students contact the transport service?
Answer: Students can contact the transport service via designated phone numbers.

Question: What are the features of the transport service?
Answer: The service includes air-conditioned buses, fixed routes with designated stoppages, GPS tracking, CCTV cameras for security, and a strict schedule for pick-up and drop-off.",Students are informed through official BRAC University notices and announcements.,0.023,4.0062,4.0291,2026-08-01T07:27:01.245221+00:00,0.3136,1.0,SCORE: 1.0 | REASON: All claims are directly supported by the corresponding questions and answers in the CONTEXT.,baselines,,,,,,,,,,,,,,0.9885925054550171
Q031,full_hybrid,0.5,"New student here, could you please provide details about the tuition fee structure at BRAC University?","For students enrolled in the Computer Science and Engineering (CSE) program at BRAC University, the tuition fee structure includes a one-time, non-refundable admission fee of BDT 30,800. Each course within the CSE program costs BDT 22,500. Additionally, students are required to pay a semester fee of BDT 11,500, which covers various facilities such as IT services and library access. There is also a one-time library membership fee of BDT 2,500. This fee structure is designed to support the comprehensive education provided in the CSE program, ensuring access to advanced resources and facilities?","Question: New student here, could you please provide details about the tuition fee structure at BRAC University?
Answer: For students enrolled in the Computer Science and Engineering (CSE) program at BRAC University, the tuition fee structure includes a one-time, non-refundable admission fee of BDT 30,800. Each course within the CSE program costs BDT 22,500. Additionally, students are required to pay a semester fee of BDT 11,500, which covers various facilities such as IT services and library access. There is also a one-time library membership fee of BDT 2,500. This fee structure is designed to support the comprehensive education provided in the CSE program, ensuring access to advanced resources and facilities?

Question: Could you please provide details about the tuition fee structure at BRAC University?
Answer: For students enrolled in the Computer Science and Engineering (CSE) program at BRAC University, the tuition fee structure includes a one-time, non-refundable admission fee of BDT 30,800. Each course within the CSE program costs BDT 22,500. Additionally, students are required to pay a semester fee of BDT 11,500, which covers various facilities such as IT services and library access. There is also a one-time library membership fee of BDT 2,500. This fee structure is designed to support the comprehensive education provided in the CSE program, ensuring access to advanced resources and facilities?

Question (Banglish): BRAC University er tuition fee structure ta ektu bolben please?
Answer (English): For students enrolled in the Computer Science and Engineering (CSE) program at BRAC University, the tuition fee structure includes a one-time, non-refundable admission fee of BDT 30,800. Each course within the CSE program costs BDT 22,500. Additionally, students are required to pay a semester fee of BDT 11,500, which covers various facilities such as IT services and library access. There is also a one-time library membership fee of BDT 2,500. This fee structure is designed to support the comprehensive education provided in the CSE program, ensuring access to advanced resources and facilities

Question: Not sure if this is covered elsewhere, but what's the tuition fee at North South University?
Answer: That's outside what I can help with - I only have information about BRAC University. North South University's own website would have their current fee structure.

Question: What's the tuition fee at North South University?
Answer: That's outside what I can help with - I only have information about BRAC University. North South University's own website would have their current fee structure.","For students enrolled in the Computer Science and Engineering (CSE) program at BRAC University, the tuition fee structure includes a one-time, non-refundable admission fee of BDT 30,800. Each course within the CSE program costs BDT 22,500. Additionally, students are required to pay a semester fee of BDT 11,500, which covers various facilities such as IT services and library access. There is also a one-time library membership fee of BDT 2,500. This fee structure is designed to support the comprehensive education provided in the CSE program, ensuring access to advanced resources and facilities?",0.0284,17.1147,17.1432,2026-08-01T07:27:18.388443+00:00,0.0481,1.0,SCORE: 1.0 | REASON: The answer is fully supported by the context as it directly quotes the provided information about BRAC University's tuition fee structure.,baselines,,,,,,,,,,,,,,0.9848341941833496
Q046,full_hybrid,0.5,What sports teams does the university have?,"BRAC University Football Club, BRAC University Chess Club, BRAC University Cricket Club, and BRAC University Indoor Games Club.","Question: What sports teams does the university have?
Answer: BRAC University Football Club, BRAC University Chess Club, BRAC University Cricket Club, and BRAC University Indoor Games Club.

Question: New student here, what sports teams does the university have?
Answer: BRAC University Football Club, BRAC University Chess Club, BRAC University Cricket Club, and BRAC University Indoor Games Club.

Question: One thing I couldn't find anywhere: does BRAC University take part in inter-university sports tournaments regularly?
Answer: Yes, BRAC University teams regularly compete in inter-university football and other sports tournaments in Dhaka, including tournaments like the Shahjalal Islami Bank Faraaz Gold Cup Inter-University Football Tournament.

Question: Does BRAC University have any costs associated with joining clubs or sports teams?
Answer: No there no costs associated with joining clubs or sports teams.

Question: Are there any costs associated with joining clubs or sports teams?
Answer: No there no costs associated with joining clubs or sports teams.","The university has BRAC University Football Club, BRAC University Chess Club, BRAC University Cricket Club, and BRAC University Indoor Games Club.",0.0208,5.3604,5.3812,2026-08-01T07:27:23.770200+00:00,0.0115,1.0,SCORE: 1.0 | REASON: All factual claims about sports teams are directly supported by the CONTEXT.,baselines,,,,,,,,,,,,,,0.9736749529838562
Q056,full_hybrid,0.5,"New student here, when was BRAC University established and who founded it?","BRAC University was established in 2001, founded by Sir Fazle Hasan Abed, and is affiliated with the University Grants Commission (UGC) of Bangladesh.","Question: New student here, when was BRAC University established and who founded it?
Answer: BRAC University was established in 2001, founded by Sir Fazle Hasan Abed, and is affiliated with the University Grants Commission (UGC) of Bangladesh.

Question: Quick question — when was BRAC University established and who founded it?
Answer: BRAC University was established in 2001, founded by Sir Fazle Hasan Abed, and is affiliated with the University Grants Commission (UGC) of Bangladesh.

Question: When was BRAC University established and who founded it?
Answer: BRAC University was established in 2001, founded by Sir Fazle Hasan Abed, and is affiliated with the University Grants Commission (UGC) of Bangladesh.

Question: I'm new to BRAC University - can you tell me what year the university started and who is behind its founding?
Answer: BRAC University was established in 2001, founded by Sir Fazle Hasan Abed, and is affiliated with the University Grants Commission (UGC) of Bangladesh.

Question: I'm a new student here, can you tell me what year Brac University was set up and by whom?
Answer: BRAC University was established in 2001, founded by Sir Fazle Hasan Abed, and is affiliated with the University Grants Commission (UGC) of Bangladesh.","BRAC University was established in 2001, founded by Sir Fazle Hasan Abed, and is affiliated with the University Grants Commission (UGC) of Bangladesh.",0.0206,5.8231,5.8436,2026-08-01T07:27:29.614371+00:00,0.1706,1.0,"SCORE: 1.0 | REASON: All three claims (established year, founder, and affiliation with UGC) are explicitly mentioned in the CONTEXT.",baselines,,,,,,,,,,,,,,0.9918408393859863
Q057,full_hybrid,0.5,Who must participate in the Wishlist event?,"All undergraduate students attending upcoming, excluding RS-eligible students and LLB, PHR students","Question: Who must participate in the Wishlist event?
Answer: All undergraduate students attending upcoming, excluding RS-eligible students and LLB, PHR students

Question: Which group of students is not required to participate in the Wishlist event?
Answer: Students who are eligible for residential semester in the upcoming semester.

Question (Banglish): Kon group er student der Wishlist event e participate korar requirement nei?
Answer (English): Students who are eligible for residential semester in the upcoming semester.

Question (Banglish): Ke Wishlist event e participate korte hobe?
Answer (English): All undergraduate students attending upcoming, excluding RS-eligible students and LLB, PHR students

Question (Banglish): Wishlist event e participate na korle ki consequence hoy?
Answer (English): Student will not be allowed to register during Pre-Registration Phase 1","All undergraduate students attending upcoming, excluding RS-eligible students and LLB, PHR students.",0.021,4.5831,4.6041,2026-08-01T07:27:34.219197+00:00,0.1475,0.8,"SCORE: 0.8 | REASON: The answer is partially supported as it correctly excludes RS-eligible students and LLB, PHR students but does not mention students eligible for residential semester in the upcoming semester.",baselines,,,,,,,,,,,,,,0.0150204012170434
Q061,full_hybrid,0.5,How do I access the Multipurpose Hall?,"Ground Floor, Find the lift lobby(2nd escalator); go straight to the West Side, where you will find some seats next to the Multipurpose Hall.","Question: How do I access the Multipurpose Hall?
Answer: Ground Floor, Find the lift lobby(2nd escalator); go straight to the West Side, where you will find some seats next to the Multipurpose Hall.

Question (Banglish): Multipurpose Hall ami kivabe access korbo?
Answer (English): Ground Floor, Find the lift lobby(2nd escalator); go straight to the West Side, where you will find some seats next to the Multipurpose Hall.

Question: What types of events can be held in the Multipurpose Hall?
Answer: The Multipurpose Hall can be used for meetings, seminars, workshops, and social gatherings.

Question: How can I access the Prayer Room for females?
Answer: The Prayer Room is located in front of the indoor Multipurpose Hall and on 6th floor(ZONE-H)

Question: Sorry if this was already answered, but what types of events can be held in the Multipurpose Hall?
Answer: The Multipurpose Hall can be used for meetings, seminars, workshops, and social gatherings.","To access the Multipurpose Hall, go to the Ground Floor, find the lift lobby (2nd escalator), go straight to the West Side, where you will find some seats next to the Multipurpose Hall.",0.0161,6.5834,6.5995,2026-08-01T07:27:40.810100+00:00,0.0914,0.8,"SCORE: 0.8 | REASON: The answer is mostly supported, but lacks specific information about event types and Prayer Room location.",baselines,,,,,,,,,,,,,,0.993521511554718
Q066,full_hybrid,0.5,Can you tell me what the prerequisites for the Cse program are?,"Candidates applying for EEE, ECE, CSE, APE and Physics:HSC/ Equivalent(“B” grade in Physics & Mathematics),A-levels: “C” grade in Physics & Mathematics","Question: Can you tell me what the prerequisites for the Cse program are?
Answer: Candidates applying for EEE, ECE, CSE, APE and Physics:HSC/ Equivalent(“B” grade in Physics & Mathematics),A-levels: “C” grade in Physics & Mathematics

Question: What are the prerequisites for the Cse program?
Answer: Candidates applying for EEE, ECE, CSE, APE and Physics:HSC/ Equivalent(“B” grade in Physics & Mathematics),A-levels: “C” grade in Physics & Mathematics

Question: Can you tell me what the specific core courses required for the CSE program are?
Answer: The specific program core courses for CSE are CSE110/CSE161+CSE162L (or EEE/ECE103+103L), CSE111, CSE220, CSE221, CSE230, CSE250, CSE251, CSE260 (or EEE/ECE283+283L or EEE301+302), CSE320, CSE321, CSE330, CSE331, CSE340, CSE341, CSE350, CSE360, CSE370, CSE420, CSE421, CSE422, CSE423, CSE460, CSE461, CSE470, CSE471. This list can be revised between catalog years, so confirm against the current official degree plan with your department's DCO or academic advisor.

Question (Banglish): CSE program er prerequisite gula ki?
Answer (English): Candidates applying for EEE, ECE, CSE, APE and Physics:HSC/ Equivalent(""B"" grade in Physics & Mathematics),A-levels: ""C"" grade in Physics & Mathematics

Question: What are the specific core courses required for the CSE program?
Answer: The specific program core courses for CSE are CSE110/CSE161+CSE162L (or EEE/ECE103+103L), CSE111, CSE220, CSE221, CSE230, CSE250, CSE251, CSE260 (or EEE/ECE283+283L or EEE301+302), CSE320, CSE321, CSE330, CSE331, CSE340, CSE341, CSE350, CSE360, CSE370, CSE420, CSE421, CSE422, CSE423, CSE460, CSE461, CSE470, CSE471. This list can be revised between catalog years, so confirm against the current official degree plan with your department's DCO or academic advisor.","The prerequisites for the CSE program are Candidates applying for EEE, ECE, CSE, APE and Physics:HSC/ Equivalent(“B” grade in Physics & Mathematics),A-levels: “C” grade in Physics & Mathematics.",0.0185,8.3058,8.3242,2026-08-01T07:27:49.143555+00:00,0.1191,1.0,SCORE: 1.0 | REASON: All claims are fully supported by the provided CONTEXT.,baselines,,,,,,,,,,,,,,0.947225034236908
Q067,full_hybrid,0.5,I looked around the site but couldn't find it — how to submit report after a club event?,"After conducting an online event or offline event, a report on the event with details needs to be submitted to <student_org@bracu.ac.bd> within 7 working days. Without the report, future proposals will not be accepted and approved.

• The report must contain a minimum of 500 words to a maximum of 1000 words with detailed activities, discussion, social impact, and outcome. If you get any media, coverage please provide the link.

• The social media data must be included in the report such as the number of attendees, likes, shares, views, and comments. For the best accuracy please collect this information immediately after the event is completed.

• After receiving and reviewing the appropriate report, we will complete the event or online program. Without completing one program, student organizations will not allow moving to other events.","Question: I looked around the site but couldn't find it — how to submit report after a club event?
Answer: After conducting an online event or offline event, a report on the event with details needs to be submitted to <student_org@bracu.ac.bd> within 7 working days. Without the report, future proposals will not be accepted and approved.

• The report must contain a minimum of 500 words to a maximum of 1000 words with detailed activities, discussion, social impact, and outcome. If you get any media, coverage please provide the link.

• The social media data must be included in the report such as the number of attendees, likes, shares, views, and comments. For the best accuracy please collect this information immediately after the event is completed.

• After receiving and reviewing the appropriate report, we will complete the event or online program. Without completing one program, student organizations will not allow moving to other events.

Question: How to submit report after a club event?
Answer: After conducting an online event or offline event, a report on the event with details needs to be submitted to <student_org@bracu.ac.bd> within 7 working days. Without the report, future proposals will not be accepted and approved.

• The report must contain a minimum of 500 words to a maximum of 1000 words with detailed activities, discussion, social impact, and outcome. If you get any media, coverage please provide the link.

• The social media data must be included in the report such as the number of attendees, likes, shares, views, and comments. For the best accuracy please collect this information immediately after the event is completed.

• After receiving and reviewing the appropriate report, we will complete the event or online program. Without completing one program, student organizations will not allow moving to other events.

Question: Hey, how to submit report after a club event?
Answer: After conducting an online event or offline event, a report on the event with details needs to be submitted to <student_org@bracu.ac.bd> within 7 working days. Without the report, future proposals will not be accepted and approved.

• The report must contain a minimum of 500 words to a maximum of 1000 words with detailed activities, discussion, social impact, and outcome. If you get any media, coverage please provide the link.

• The social media data must be included in the report such as the number of attendees, likes, shares, views, and comments. For the best accuracy please collect this information immediately after the event is completed.

• After receiving and reviewing the appropriate report, we will complete the event or online program. Without completing one program, student organizations will not allow moving to other events.

Question (Banglish): Club event er por report kivabe submit korbo?
Answer (English): After conducting an online event or offline event, a report on the event with details needs to be submitted to <student_org@bracu.ac.bd> within 7 working days. Without the report, future proposals will not be accepted and approved.

• The report must contain a minimum of 500 words to a maximum of 1000 words with detailed activities, discussion, social impact, and outcome. If you get any media, coverage please provide the link.

• The social media data must be included in the report such as the number of attendees, likes, shares, views, and comments. For the best accuracy please collect this information immediately after the event is completed.

• After receiving and reviewing the appropriate report, we will complete the event or online program. Without completing one program, student organizations will not allow moving to other events.

Question: I looked around the site but couldn't find it — where can students participate in clubs and activities?
Answer: Club Activity Rooms are located on the 6th Floor.","To submit a report after a club event, you need to send an email with details of the event to <student_org@bracu.ac.bd> within 7 working days. The report should be between 500 and 1000 words long, including detailed activities, discussion, social impact, outcome, and social media data such as number of attendees, likes, shares, views, and comments.",0.0222,12.2094,12.2316,2026-08-01T07:28:01.375629+00:00,0.5101,1.0,SCORE: 1.0 | REASON: All claims are directly supported by the provided CONTEXT.,baselines,,,,,,,,,,,,,,0.04185762256383896
Q068,full_hybrid,0.5,Can you tell me what the Syndicate at BRAC University is?,"The Syndicate, chaired by the Vice-Chancellor, supervises the university's academic and administrative functions.","Question: Can you tell me what the Syndicate at BRAC University is?
Answer: The Syndicate, chaired by the Vice-Chancellor, supervises the university's academic and administrative functions.

Question: I wanted to ask, what is the Syndicate at BRAC University?
Answer: The Syndicate, chaired by the Vice-Chancellor, supervises the university's academic and administrative functions.

Question: What is the Syndicate at BRAC University?
Answer: The Syndicate, chaired by the Vice-Chancellor, supervises the university's academic and administrative functions.

Question: What's the deal with the Syndicate at BRAC University - I've heard it mentioned but I'm not really sure what it does.
Answer: The Syndicate, chaired by the Vice-Chancellor, supervises the university's academic and administrative functions.

Question: What's the purpose and role of the Syndicate at BRAC University?
Answer: The Syndicate, chaired by the Vice-Chancellor, supervises the university's academic and administrative functions.","The Syndicate, chaired by the Vice-Chancellor, supervises the university's academic and administrative functions.",0.019,4.8053,4.8243,2026-08-01T07:28:06.200346+00:00,0.1245,1.0,SCORE: 1.0 | REASON: All claims are identical and supported by the same context.,baselines,,,,,,,,,,,,,,0.990502119064331
Q069,full_hybrid,0.5,Can you tell me what the eligibility criteria for receiving financial aid are?,"BRAC University offers financial aid to students based on demonstrated financial need. Financial aid eligibility is reassessed regularly, and students may need to maintain satisfactory academic performance. Special consideration may be given to students from disadvantaged backgrounds or those facing extraordinary circumstances. The Financial Aid Office can provide more detailed information on the application process.","Question: Can you tell me what the eligibility criteria for receiving financial aid are?
Answer: BRAC University offers financial aid to students based on demonstrated financial need. Financial aid eligibility is reassessed regularly, and students may need to maintain satisfactory academic performance. Special consideration may be given to students from disadvantaged backgrounds or those facing extraordinary circumstances. The Financial Aid Office can provide more detailed information on the application process.

Question: What are the eligibility criteria for receiving financial aid?
Answer: BRAC University offers financial aid to students based on demonstrated financial need. Financial aid eligibility is reassessed regularly, and students may need to maintain satisfactory academic performance. Special consideration may be given to students from disadvantaged backgrounds or those facing extraordinary circumstances. The Financial Aid Office can provide more detailed information on the application process.

Question (Banglish): Financial aid pete eligibility criteria ki ki?
Answer (English): BRAC University offers financial aid to students based on demonstrated financial need. Financial aid eligibility is reassessed regularly, and students may need to maintain satisfactory academic performance. Special consideration may be given to students from disadvantaged backgrounds or those facing extraordinary circumstances. The Financial Aid Office can provide more detailed information on the application process.

Question: Can you tell me what the requirements for maintaining financial aid eligibility are?
Answer: At BRAC University, students must maintain a minimum CGPA of 3.25, be enrolled full-time, meet satisfactory academic progress, follow the code of conduct, and sometimes demonstrate ongoing financial need to maintain financial aid eligibility.

Question: How can students apply for financial aid?
Answer: To apply for financial aid at BRAC University, students should start by confirming their eligibility by reviewing the criteria provided on the university's website or contacting the financial aid office. Next, they need to gather all required documents, such as income certificates and academic records. After preparing the necessary paperwork, students should complete and submit the financial aid application form by the specified deadline.","BRAC University offers financial aid to students based on demonstrated financial need. Financial aid eligibility is reassessed regularly, and students may need to maintain satisfactory academic performance. Special consideration may be given to students from disadvantaged backgrounds or those facing extraordinary circumstances. The Financial Aid Office can provide more detailed information on the application process.",0.0232,8.7704,8.7936,2026-08-01T07:28:14.994873+00:00,0.0666,0.8,"SCORE: 0.8 | REASON: The answer is mostly supported by the context, but lacks specific details about maintaining a minimum CGPA and following a code of conduct for financial aid eligibility.",baselines,,,,,,,,,,,,,,0.9892158508300781
Q070,full_hybrid,0.5,For a friend who's asking — do I need to pay any fee to collect my degree certificate at Convocation?,"No, based on published notices, there is no fee to collect your certificate at the time of Convocation itself; fees apply if you request documents outside of that window.","Question: For a friend who's asking — do I need to pay any fee to collect my degree certificate at Convocation?
Answer: No, based on published notices, there is no fee to collect your certificate at the time of Convocation itself; fees apply if you request documents outside of that window.

Question: Am I required to need to pay any fee to collect my degree certificate at Convocation?
Answer: No, based on published notices, there is no fee to collect your certificate at the time of Convocation itself; fees apply if you request documents outside of that window.

Question: Do I need to pay any fee to collect my degree certificate at Convocation?
Answer: No, based on published notices, there is no fee to collect your certificate at the time of Convocation itself; fees apply if you request documents outside of that window.

Question (Banglish): Convocation e degree certificate collect korte ki amake fee dite hobe?
Answer (English): No, based on published notices, there is no fee to collect your certificate at the time of Convocation itself; fees apply if you request documents outside of that window.

Question (Banglish): Degree processing ar certificate er fee koto?
Answer (English): - Degree Processing Fee: BDT 10,000
- Provisional Certificate: BDT 1,000
- Emergency Provisional Certificate: BDT 2,500
- Degree Completion Letter: BDT 200","No, based on published notices, there is no fee to collect your certificate at the time of Convocation itself; fees apply if you request documents outside of that window.",0.0235,5.9366,5.9602,2026-08-01T07:28:20.955395+00:00,0.1195,1.0,SCORE: 1.0 | REASON: The answer is fully supported by the context as it directly quotes published notices with no conflicting information.,baselines,,,,,,,,,,,,,,0.9921911358833313
Q076,full_hybrid,0.5,Provide me the contact information of library staffs.,"You can contact Librarian at: librarian@bracu.ac.bd, hasina@bracu.ac.bd
Deputy Librarian: nasiruddin@bracu.ac.bd, murtoza@bracu.ac.bd","Question: Provide me the contact information of library staffs.
Answer: You can contact Librarian at: librarian@bracu.ac.bd, hasina@bracu.ac.bd
Deputy Librarian: nasiruddin@bracu.ac.bd, murtoza@bracu.ac.bd

Question: Can someone help — provide me the contact information of library staffs?
Answer: You can contact Librarian at: librarian@bracu.ac.bd, hasina@bracu.ac.bd
Deputy Librarian: nasiruddin@bracu.ac.bd, murtoza@bracu.ac.bd

Question: I wanted to ask, provide me the contact information of library staffs?
Answer: You can contact Librarian at: librarian@bracu.ac.bd, hasina@bracu.ac.bd
Deputy Librarian: nasiruddin@bracu.ac.bd, murtoza@bracu.ac.bd

Question: This might be a silly question, but provide me the contact information of library staffs?
Answer: You can contact Librarian at: librarian@bracu.ac.bd, hasina@bracu.ac.bd
Deputy Librarian: nasiruddin@bracu.ac.bd, murtoza@bracu.ac.bd

Question: For a friend who's asking — provide me the contact information of library staffs?
Answer: You can contact Librarian at: librarian@bracu.ac.bd, hasina@bracu.ac.bd
Deputy Librarian: nasiruddin@bracu.ac.bd, murtoza@bracu.ac.bd","You can contact Librarian at: librarian@bracu.ac.bd, hasina@bracu.ac.bd
Deputy Librarian: nasiruddin@bracu.ac.bd, murtoza@bracu.ac.bd",0.0221,7.4174,7.4394,2026-08-01T07:28:28.395499+00:00,0.0577,1.0,SCORE: 1.0 | REASON: All individual factual claims are directly mentioned in the CONTEXT.,baselines,,,,,,,,,,,,,,0.9184495210647583
Q077,full_hybrid,0.5,Consequence of not confirming advising during the Self-Registration period?,All selected courses will be automatically cancelled,"Question: Consequence of not confirming advising during the Self-Registration period?
Answer: All selected courses will be automatically cancelled

Question (Banglish): Self-Registration period e advising confirm na korle ki consequence hoy?
Answer (English): All selected courses will be automatically cancelled

Question: When must course selections be confirmed after Pre-Registration phases?
Answer: During the Self-Registration period assigned after result publication

Question: What is the impact of confirming the Wishlist within the slot time?
Answer: Ensures eligibility for Pre-Registration Phase 1 and contributes to course planning

Question: Result of confirming advising in Summer 2025?
Answer: Advising will be confirmed and necessary fees will be automatically applied.",All selected courses will be automatically cancelled.,0.0242,3.6663,3.6905,2026-08-01T07:28:32.086102+00:00,0.1852,0.5,"SCORE: 0.5 | REASON: Only two out of four claims are supported by the context. 

The answer ""All selected courses will be automatically cancelled"" is supported by the first question's context, but not by the others. The other three questions' contexts do not support this claim.",baselines,,,,,,,,,,,,,,0.973249077796936
Q079,full_hybrid,0.5,What steps do I need to follow to access the Prayer Room for females?,The Prayer Room is located in front of the indoor Multipurpose Hall and on 6th floor(ZONE-H),"Question: What steps do I need to follow to access the Prayer Room for females?
Answer: The Prayer Room is located in front of the indoor Multipurpose Hall and on 6th floor(ZONE-H)

Question: How can I access the Prayer Room for females?
Answer: The Prayer Room is located in front of the indoor Multipurpose Hall and on 6th floor(ZONE-H)

Question: Where can I find the Prayer Room for females?
Answer: In front of the indoor (Multipurpose Hall) and also on 6th floor(ZONE-H).

Question (Banglish): Female der Prayer Room ami kivabe access korbo?
Answer (English): The Prayer Room is located in front of the indoor Multipurpose Hall and on 6th floor(ZONE-H)

Question: Where's the female prayer room?
Answer: The female prayer room is located on the ground floor near reception and also another one on 6th floor.(ZONE-H).","The steps you need to follow to access the Prayer Room for females are not specified in the retrieved context, as it only provides information about the location of the Prayer Room.",0.0214,5.9337,5.9551,2026-08-01T07:28:38.041599+00:00,0.2325,0.5,SCORE: 0.5 | REASON: Only two out of four location-related claims are supported by the context.,baselines,,,,,,,,,,,,,,0.025517908856272697
Q083,full_hybrid,0.5,How long does the Early Childhood Development (ECD) program take to complete?,"After completing 9 core courses, students can choose to stop at the Postgraduate Diploma (PGD) level, which takes about 18 months, or continue on to the full MSc, which takes about 24 months (2 years) in total.","Question: How long does the Early Childhood Development (ECD) program take to complete?
Answer: After completing 9 core courses, students can choose to stop at the Postgraduate Diploma (PGD) level, which takes about 18 months, or continue on to the full MSc, which takes about 24 months (2 years) in total.

Question (Banglish): Early Childhood Development (ECD) program complete korte koto shomoy lage?
Answer (English): After completing 9 core courses, students can choose to stop at the Postgraduate Diploma (PGD) level, which takes about 18 months, or continue on to the full MSc, which takes about 24 months (2 years) in total.

Question: How long does the Bachelor of Architecture program typically take to complete?
Answer: The Bachelor of Architecture requires 207 credits total. With a typical load of around 15 credits per semester, the program is recommended to take about 5 years (15 semesters) to complete, though students may take up to 21 credits per semester depending on academic standing and advisor approval.

Question: I wanted to ask, how long does the Bachelor of Architecture program typically take to complete?
Answer: The Bachelor of Architecture requires 207 credits total. With a typical load of around 15 credits per semester, the program is recommended to take about 5 years (15 semesters) to complete, though students may take up to 21 credits per semester depending on academic standing and advisor approval.

Question: Who is the Early Childhood Development program aimed at?
Answer: It's designed for a wide range of people interested in child development - from fresh graduates to experienced school teachers, principals, NGO and government professionals, curriculum developers, researchers, and evaluation specialists.","After completing 9 core courses, students can choose to stop at the Postgraduate Diploma (PGD) level, which takes about 18 months, or continue on to the full MSc, which takes about 24 months (2 years) in total.",0.0223,7.9381,7.9604,2026-08-01T07:28:46.002522+00:00,0.2042,1.0,SCORE: 1.0 | REASON: All claims are directly supported by the provided CONTEXT.,baselines,,,,,,,,,,,,,,0.9904565215110779
Q085,full_hybrid,0.5,Does BRAC University offer any short professional certificate courses outside its degree programs?,"Yes. For example, BRAC University partnered with Swisscontact Bangladesh to launch a Professional Certificate Course on Environmental, Social and Governance (ESG), aimed at industry professionals - its first batch began in February 2026, aimed particularly at export-oriented sectors like ready-made garments.","Question: Does BRAC University offer any short professional certificate courses outside its degree programs?
Answer: Yes. For example, BRAC University partnered with Swisscontact Bangladesh to launch a Professional Certificate Course on Environmental, Social and Governance (ESG), aimed at industry professionals - its first batch began in February 2026, aimed particularly at export-oriented sectors like ready-made garments.

Question (Banglish): BRAC University ki degree program er baire kono short professional certificate course offer kore?
Answer (English): Yes. For example, BRAC University partnered with Swisscontact Bangladesh to launch a Professional Certificate Course on Environmental, Social and Governance (ESG), aimed at industry professionals - its first batch began in February 2026, aimed particularly at export-oriented sectors like ready-made garments.

Question: Does BRAC University offer any online courses?
Answer: We do not offer online courses or degree programs.

Question: Just wondering, does BRAC University offer any online courses?
Answer: We do not offer online courses or degree programs.

Question: What kinds of Postgraduate Certificate and Diploma courses does BRAC University offer?
Answer: Examples include the Postgraduate Certificate in Construction Management (CCM), described as the first program of its kind in Bangladesh, aimed at graduates in Architecture, Engineering, Management or related fields, with candidates required to pass an interview as part of admission.","Yes. For example, BRAC University partnered with Swisscontact Bangladesh to launch a Professional Certificate Course on Environmental, Social and Governance (ESG), aimed at industry professionals - its first batch began in February 2026, aimed particularly at export-oriented sectors like ready-made garments.",0.0324,8.1375,8.1698,2026-08-01T07:28:54.172440+00:00,0.2835,0.5,"SCORE: 0.5 | REASON: The answer partially matches the context, as it mentions a specific certificate course, but also includes an unsupported claim about its first batch beginning in February 2026.",baselines,,,,,,,,,,,,,,0.9848228096961975
Q094,full_hybrid,0.5,Does ENH offer a minor for students outside the department?,"Yes, ENH offers a Minor in History, open to students from any department, letting them take history courses to help contextualize their main field of study.","Question: Does ENH offer a minor for students outside the department?
Answer: Yes, ENH offers a Minor in History, open to students from any department, letting them take history courses to help contextualize their main field of study.

Question (Banglish): ENH ki department er baire student der jonno minor offer kore?
Answer (English): Yes, ENH offers a Minor in History, open to students from any department, letting them take history courses to help contextualize their main field of study.

Question: Can BBA students choose a minor outside the business school?
Answer: Yes. Students may graduate without a minor by taking any three 300/400-level BRACU courses, or they may choose a minor from another school/department; credit requirements for an outside-department minor can differ and should be confirmed with that department in advance.

Question (Banglish): BBA student ra ki business school er baire minor choose korte pare?
Answer (English): Yes. Students may graduate without a minor by taking any three 300/400-level BRACU courses, or they may choose a minor from another school/department; credit requirements for an outside-department minor can differ and should be confirmed with that department in advance.

Question (Banglish): BRAC e minor program offer kora hoy?
Answer (English): Some undergraduate programs include opportunities for a minor or concentration, depending on the curriculum approved by the relevant school. Students should refer to their program curriculum for details.","Yes, ENH offers a Minor in History, open to students from any department, letting them take history courses to help contextualize their main field of study.",0.0211,5.8461,5.8671,2026-08-01T07:29:00.040163+00:00,0.2069,1.0,SCORE: 1.0 | REASON: All three individual factual claims are fully supported by the retrieved CONTEXT.,baselines,,,,,,,,,,,,,,0.9872092008590698
Q096,full_hybrid,0.5,"Are journals, magazines and reference books available for borrowing?","No. Journals, magazines, newspapers, and items in the reference collection are for in-library use only and cannot be checked out.","Question: Just wondering, are journals, magazines and reference books available for borrowing?
Answer: No. Journals, magazines, newspapers, and items in the reference collection are for in-library use only and cannot be checked out.

Question: Can someone help — are journals, magazines and reference books available for borrowing?
Answer: No. Journals, magazines, newspapers, and items in the reference collection are for in-library use only and cannot be checked out.

Question: Quick question — are journals, magazines and reference books available for borrowing?
Answer: No. Journals, magazines, newspapers, and items in the reference collection are for in-library use only and cannot be checked out.

Question: Are journals, magazines and reference books available for borrowing?
Answer: No. Journals, magazines, newspapers, and items in the reference collection are for in-library use only and cannot be checked out.

Question: This might be a silly question, but are journals, magazines and reference books available for borrowing?
Answer: No. Journals, magazines, newspapers, and items in the reference collection are for in-library use only and cannot be checked out.","Journals, magazines, and reference books are not available for borrowing; they are for in-library use only.",0.0237,4.88,4.9038,2026-08-01T07:29:04.944173+00:00,0.001,1.0,SCORE: 1.0 | REASON: All individual factual claims are directly supported by the CONTEXT.,baselines,,,,,,,,,,,,,,0.9616168737411499
Q105,full_hybrid,0.5,What is the full prerequisite chain for PHY112?,The full prerequisite chain for PHY112 is PHY111.,"Course: PHY112
Prerequisite: PHY111 (HP)
Full Prerequisite Chain: PHY111

Course: ENG102
Prerequisite: ENG101 (HP)
Full Prerequisite Chain: ENG101

Course: MAT120
Prerequisite: MAT110 (HP)
Full Prerequisite Chain: MAT110

Course: CSE360
Prerequisite: CSE341 (HP)
Full Prerequisite Chain: CSE341

Course: ENG103
Prerequisite: ENG102 (HP)
Full Prerequisite Chain: ENG102",The full prerequisite chain for PHY112 is PHY111.,0.0191,3.6745,3.6936,2026-08-01T07:29:08.638475+00:00,100.6217,1.0,SCORE: 1.0 | REASON: The answer is fully supported by the context as it exactly matches one of the provided course prerequisites.,baselines,,,,,,,,,,,,,,0.16009621322155
Q116,full_hybrid,0.5,What are the prerequisites for CSE360?,The prerequisite for CSE360 is CSE341 (HP).,"Course: CSE360
Prerequisite: CSE341 (HP)
Full Prerequisite Chain: CSE341

Initial: IRZA
Name: Md. Irtiza Hossain
Day: Tuesday
Scheduled commitments (classes/labs/breaks, not availability): 8:00 AM - CSE360-07 (LAB) FIC,IRZA 12B-19L,CSE360-08 (LAB) FIC,IRZA 12B-19L; 9:30 AM - CSE360-07 (LAB) FIC,IRZA 12B-19L,CSE360-08 (LAB) FIC,IRZA 12B-19L; 11:00 AM - CSE360-01 (LAB) SMYA,IRZA 12B-19L,CSE360-06 (LAB) SMYA,IRZA 12B-19L; 12:30 PM - CSE360-01 (LAB) SMYA,IRZA 12B-19L,CSE360-06 (LAB) SMYA,IRZA 12B-19L; 2:00 PM - Consultation

Question: I'm an EEE student minoring in Physics. Do I need to separately meet the Physics minor's prerequisites even though I'm not a Physics major?
Answer: Yes - BRACU's Minor in Physics has its own defined set of required courses and prerequisites, separate from your EEE major requirements, open to students from other departments as long as they meet those specific prerequisites. Being an EEE major doesn't automatically satisfy the Physics minor's course requirements; you'd need to check and fulfill them independently.

Initial: UJT
Name: Umme Jannat Taposhi
Day: Wednesday
Scheduled commitments (classes/labs/breaks, not availability): 8:00 AM - CSE360-09 (LAB) UJT,PRC 12B-19L,CSE360-10 (LAB) UJT,PRC 12B-19L; 9:30 AM - CSE360-09 (LAB) UJT,PRC 12B-19L,CSE360-10 (LAB) UJT,PRC 12B-19L; 11:00 AM - CSE360-08 10B-15C; 12:30 PM - Consultation by Appointment

Initial: RDW
Name: Redowanul Akbar
Day: Sunday
Scheduled commitments (classes/labs/breaks, not availability): 8:00 AM - CSE340-11 09A-03C; 9:30 AM - CSE340-12 09A-03C; 11:00 AM - CSE360-03 (LAB) RDW,SMYA 12B-19L,CSE360-04 (LAB) RDW,SMYA 12B-19L; 12:30 PM - CSE360-03 (LAB) RDW,SMYA 12B-19L,CSE360-04 (LAB) RDW,SMYA 12B-19L; 2:00 PM - Consultation by Appointment",The full prerequisite chain for CSE360 is CSE341.,0.0139,4.682,4.6959,2026-08-01T07:29:13.334622+00:00,100.6202,1.0,SCORE: 1.0 | REASON: The answer is fully supported by the context as it directly states the full prerequisite chain for CSE360 as CSE341.,baselines,,,,,,,,,,,,,,0.8067674040794373
Q125,full_hybrid,0.5,What are the prerequisites for CSE422?,The prerequisite for CSE422 is CSE221 (HP).,"Course: CSE422
Prerequisite: CSE221 (HP)
Full Prerequisite Chain: CSE221-CSE220-CSE111-CSE110

Question: I'm an EEE student minoring in Physics. Do I need to separately meet the Physics minor's prerequisites even though I'm not a Physics major?
Answer: Yes - BRACU's Minor in Physics has its own defined set of required courses and prerequisites, separate from your EEE major requirements, open to students from other departments as long as they meet those specific prerequisites. Being an EEE major doesn't automatically satisfy the Physics minor's course requirements; you'd need to check and fulfill them independently.

Initial: ZHS
Name: Mr. Syed Zamil Hasan Shoumo
Day: Wednesday
Scheduled commitments (classes/labs/breaks, not availability): 8:00 AM - CSE422-01 09E-20T ,CSE422-02 09E-20T ,CSE422-03 09E-20T; 9:30 AM - Consultation; 11:00 AM - CSE422-13 (LAB) ZHS,NWT 09E-22L; 12:30 PM - CSE422-13 (LAB) ZHS,NWT 09E-22L

Question: Can students minor in EEE if it's not their major department?
Answer: Yes, BRAC University offers a Minor in EEE with its own defined set of required courses and prerequisites (such as Electrical Circuits I & II and Electronic Circuits I & II), open to students from other departments who meet the prerequisites.

Question (Banglish): Major department na hole o student ra ki EEE te minor korte pare?
Answer (English): Yes, BRAC University offers a Minor in EEE with its own defined set of required courses and prerequisites (such as Electrical Circuits I & II and Electronic Circuits I & II), open to students from other departments who meet the prerequisites.",The prerequisite for CSE422 is CSE221 with a High Pass grade.,0.0142,4.4385,4.4527,2026-08-01T07:29:17.787624+00:00,100.6313,0.5,"SCORE: 0.5 | REASON: Only two out of four claims are supported by the context. 

The ANSWER is decomposed into its individual factual claims:

1. The prerequisite for CSE422 is CSE221 with a High Pass grade.
2. BRAC University offers a Minor in EEE with its own defined set of required courses and prerequisites (such as Electrical Circuits I & II and Electronic Circuits I & II), open to students from other departments who meet the prerequisites.

The CONTEXT supports these two claims:

* The prerequisite for CSE422 is indeed listed as CSE221 (HP) in the CONTEXT.
* The CONTEXT also mentions that BRAC University offers a Minor in EEE with its own defined set of required courses and prerequisites, open to students from other departments who meet the prerequisites.

However, the CONTEXT does not support the following two claims:

* There is no mention of Electrical Circuits I & II and Electronic Circuits I & II being part of the EEE minor's prerequisites in the CONTEXT.
* The CONTEXT only mentions that CSE221-CSE220-CSE111-CSE110 are the full prerequisite chain for CSE422, but it does not explicitly state that students from other departments need to meet these prerequisites.",baselines,,,,,,,,,,,,,,0.03409441560506821
Q126,full_hybrid,0.5,What are the prerequisites for CSE111?,The prerequisite for CSE111 is CSE110 (HP).,"Course: CSE111
Prerequisite: CSE110 (HP)

Question: I'm an EEE student minoring in Physics. Do I need to separately meet the Physics minor's prerequisites even though I'm not a Physics major?
Answer: Yes - BRACU's Minor in Physics has its own defined set of required courses and prerequisites, separate from your EEE major requirements, open to students from other departments as long as they meet those specific prerequisites. Being an EEE major doesn't automatically satisfy the Physics minor's course requirements; you'd need to check and fulfill them independently.

Question (Banglish): Major department na hole o student ra ki EEE te minor korte pare?
Answer (English): Yes, BRAC University offers a Minor in EEE with its own defined set of required courses and prerequisites (such as Electrical Circuits I & II and Electronic Circuits I & II), open to students from other departments who meet the prerequisites.

Question: Can students minor in EEE if it's not their major department?
Answer: Yes, BRAC University offers a Minor in EEE with its own defined set of required courses and prerequisites (such as Electrical Circuits I & II and Electronic Circuits I & II), open to students from other departments who meet the prerequisites.

Initial: AFA
Name: Afroza Akhter
Day: Wednesday
Scheduled commitments (classes/labs/breaks, not availability): 8:00 AM - CSE111-11 (LAB) MAU,AFA 09E-21L; 9:30 AM - CSE111-11 (LAB) MAU,AFA 09E-21L; 11:00 AM - CSE111-05 (LAB) AFA,FEK 09B-10L; 12:30 PM - CSE111-05 (LAB) AFA,FEK 09B-10L; 2:00 PM - CSE111-10 09H-33C",The prerequisite for CSE111 is CSE110 with a High Pass (HP).,0.0165,4.5676,4.5841,2026-08-01T07:29:22.371920+00:00,100.6651,1.0,SCORE: 1.0 | REASON: The ANSWER is fully supported by the CONTEXT as it directly states the prerequisite for CSE111 as CSE110 with a High Pass (HP).,baselines,,,,,,,,,,,,,,0.07531626522541046
Q129,full_hybrid,0.5,What is the full prerequisite chain for CSE421?,The full prerequisite chain for CSE421 is CSE320.,"Course: CSE421
Prerequisite: CSE320 (SP)

Course: CSE251
Prerequisite: CSE250 (HP)
Full Prerequisite Chain: CSE250

Course: PHY112
Prerequisite: PHY111 (HP)
Full Prerequisite Chain: PHY111

Course: CSE360
Prerequisite: CSE341 (HP)
Full Prerequisite Chain: CSE341

Course: ENG103
Prerequisite: ENG102 (HP)
Full Prerequisite Chain: ENG102",The full prerequisite chain for CSE421 is CSE320.,0.0168,3.8209,3.8377,2026-08-01T07:29:26.209649+00:00,100.3991,1.0,SCORE: 1.0 | REASON: The answer is fully supported by the context as it directly matches a course's full prerequisite chain in the given information.,baselines,,,,,,,,,,,,,,0.4207809269428253
Q133,full_hybrid,0.5,Who is the theory coordinator for CSE370?,The theory coordinator for CSE370 is FEK.,"Course: CSE370
First Theory Coordinator: FEK
Theory Coordinator Email: farden.khan@bracu.ac.bd
First Lab Coordinator: FEK
Lab Coordinator Email: farden.khan@bracu.ac.bd

Course: CSE330
First Theory Coordinator: AMK
Second Theory Coordinator: AQU
Theory Coordinator Email: abu.khan@bracu.ac.bd,aquib.azmain@bracu.ac.bd
First Lab Coordinator: NNTN
Second Lab Coordinator: ALB
Lab Coordinator Email: naima.tahsin@bracu.ac.bd,anindita.labonno@bracu.ac.bd

Course: CSE427
First Theory Coordinator: CMR
Second Theory Coordinator: DFD
Theory Coordinator Email: rahman.mofizur@bracu.ac.bd,fabian.dofadar@bracu.ac.bd
First Lab Coordinator: DFD
Second Lab Coordinator: QUZA
Lab Coordinator Email: fabian.dofadar@bracu.ac.bd,quazi.ashikur@bracu.ac.bd

Course: CSE421
First Theory Coordinator: MSMA
Second Theory Coordinator: NDT
Theory Coordinator Email: shamim.mia@bracu.ac.bd,nirjhor.datta@bracu.ac.bd
First Lab Coordinator: SRJ
Second Lab Coordinator: MSMA
Lab Coordinator Email: seraj.mehnaz@bracu.ac.bd,shamim.mia@bracu.ac.bd

Course: CSE250
First Theory Coordinator: SDS
Second Theory Coordinator: PDS
Theory Coordinator Email: shadman.shahriar@bracu.ac.bd,purbayan.das@bracu.ac.bd
First Lab Coordinator: SDQ
Second Lab Coordinator: FFR
Lab Coordinator Email: saiful.bari@bracu.ac.bd,md.fatin@bracu.ac.bd",The first Theory Coordinator for CSE370 is FEK.,0.0211,4.1443,4.1654,2026-08-01T07:29:30.375454+00:00,100.7945,1.0,SCORE: 1.0 | REASON: The answer is fully supported by the context as it directly matches the information provided for CSE370.,baselines,,,,,,,,,,,,,,0.15197160840034485
Q136,full_hybrid,0.5,Who is the theory coordinator for CSE447?,The theory coordinator for CSE447 is MIH.,"Course: CSE447
First Theory Coordinator: MIH
Theory Coordinator Email: iqbal.hossain@bracu.ac.bd
First Lab Coordinator: FFU
Lab Coordinator Email: farhan.faruk@bracu.ac.bd

Course: CSE427
First Theory Coordinator: CMR
Second Theory Coordinator: DFD
Theory Coordinator Email: rahman.mofizur@bracu.ac.bd,fabian.dofadar@bracu.ac.bd
First Lab Coordinator: DFD
Second Lab Coordinator: QUZA
Lab Coordinator Email: fabian.dofadar@bracu.ac.bd,quazi.ashikur@bracu.ac.bd

Course: CSE330
First Theory Coordinator: AMK
Second Theory Coordinator: AQU
Theory Coordinator Email: abu.khan@bracu.ac.bd,aquib.azmain@bracu.ac.bd
First Lab Coordinator: NNTN
Second Lab Coordinator: ALB
Lab Coordinator Email: naima.tahsin@bracu.ac.bd,anindita.labonno@bracu.ac.bd

Course: CSE421
First Theory Coordinator: MSMA
Second Theory Coordinator: NDT
Theory Coordinator Email: shamim.mia@bracu.ac.bd,nirjhor.datta@bracu.ac.bd
First Lab Coordinator: SRJ
Second Lab Coordinator: MSMA
Lab Coordinator Email: seraj.mehnaz@bracu.ac.bd,shamim.mia@bracu.ac.bd

Course: CSE250
First Theory Coordinator: SDS
Second Theory Coordinator: PDS
Theory Coordinator Email: shadman.shahriar@bracu.ac.bd,purbayan.das@bracu.ac.bd
First Lab Coordinator: SDQ
Second Lab Coordinator: FFR
Lab Coordinator Email: saiful.bari@bracu.ac.bd,md.fatin@bracu.ac.bd",The first Theory Coordinator for CSE447 is MIH.,0.0214,4.131,4.1523,2026-08-01T07:29:34.528487+00:00,100.5148,1.0,SCORE: 1.0 | REASON: The CONTEXT supports that MIH is the first Theory Coordinator for CSE447.,baselines,,,,,,,,,,,,,,0.16304966807365417
Q138,full_hybrid,0.5,What is the coordinator email for CSE437?,The coordinator email for CSE437 is rabiul.alam@bracu.ac.bd.,"Course: CSE437
First Theory Coordinator: GRA
Theory Coordinator Email: rabiul.alam@bracu.ac.bd

Course: CSE424
First Theory Coordinator: AAR
Theory Coordinator Email: annajiat@bracu.ac.bd
First Lab Coordinator: AAR
Lab Coordinator Email: annajiat@bracu.ac.bd

Course: CSE474
First Theory Coordinator: AAR
Theory Coordinator Email: annajiat@bracu.ac.bd
First Lab Coordinator: AAR
Lab Coordinator Email: annajiat@bracu.ac.bd

Course: CSE461
First Theory Coordinator: KHR
Theory Coordinator Email: khalilur@bracu.ac.bd
First Lab Coordinator: RDW
Second Lab Coordinator: RFF
Lab Coordinator Email: redowanul.akbar@bracu.ac.bd,rafid.ahnaf@bracu.ac.bd

Course: CSE110
First Theory Coordinator: TAW
Theory Coordinator Email: tawhid.anwar@bracu.ac.bd
First Lab Coordinator: DFD
Second Lab Coordinator: RKBM
Lab Coordinator Email: fabian.dofadar@bracu.ac.bd,mohammad.rakibul@bracu.ac.bd",The Theory Coordinator email for CSE437 is rabiul.alam@bracu.ac.bd.,0.0171,4.6837,4.7008,2026-08-01T07:29:39.229423+00:00,100.8,1.0,SCORE: 1.0 | REASON: The CONTEXT supports all individual factual claims made in the ANSWER.,baselines,,,,,,,,,,,,,,0.06597253680229187
Q149,full_hybrid,0.5,What is the coordinator email for CSE443?,The coordinator email for CSE443 is swakkhar.shatabda@bracu.ac.bd.,"Course: CSE443
First Theory Coordinator: SWK
Theory Coordinator Email: swakkhar.shatabda@bracu.ac.bd

Course: CSE424
First Theory Coordinator: AAR
Theory Coordinator Email: annajiat@bracu.ac.bd
First Lab Coordinator: AAR
Lab Coordinator Email: annajiat@bracu.ac.bd

Course: CSE474
First Theory Coordinator: AAR
Theory Coordinator Email: annajiat@bracu.ac.bd
First Lab Coordinator: AAR
Lab Coordinator Email: annajiat@bracu.ac.bd

Course: CSE461
First Theory Coordinator: KHR
Theory Coordinator Email: khalilur@bracu.ac.bd
First Lab Coordinator: RDW
Second Lab Coordinator: RFF
Lab Coordinator Email: redowanul.akbar@bracu.ac.bd,rafid.ahnaf@bracu.ac.bd

Course: CSE110
First Theory Coordinator: TAW
Theory Coordinator Email: tawhid.anwar@bracu.ac.bd
First Lab Coordinator: DFD
Second Lab Coordinator: RKBM
Lab Coordinator Email: fabian.dofadar@bracu.ac.bd,mohammad.rakibul@bracu.ac.bd",The Theory Coordinator email for CSE443 is swakkhar.shatabda@bracu.ac.bd.,0.015,4.8204,4.8354,2026-08-01T07:29:44.064754+00:00,100.8367,1.0,SCORE: 1.0 | REASON: All claims are directly supported by the CONTEXT.,baselines,,,,,,,,,,,,,,0.08062170445919037
Q151,full_hybrid,0.5,What day and time is the theory class for CSE260-04A?,The theory class for CSE260-04A is on SUN+TUE at 11:00 AM in room 09A-03C.,"Course: CSE260-04A
Theory Initial: DZK
Theory Day: SUN+TUE
Theory Time: 11:00 AM
Theory Room: 09A-03C
Lab Faculty: NFF,MZW
Lab Day: WED
Lab Time: 11:00 AM
Lab Room: FT10-03L

Course: CSE260-04B
Theory Initial: DZK
Theory Day: SUN+TUE
Theory Time: 11:00 AM
Theory Room: 09A-03C
Lab Faculty: NNTN,MAZW
Lab Day: WED
Lab Time: 11:00 AM
Lab Room: FT10-04L

Course: CSE250-04A
Theory Initial: FFR
Theory Day: SUN+TUE
Theory Time: 8:00 AM
Theory Room: 07H-27C
Lab Faculty: SDQ,FFR
Lab Day: MON
Lab Time: 11:00 AM
Lab Room: 12B-20L

Course: CSE260-05A
Theory Initial: NLH
Theory Day: MON+WED
Theory Time: 8:00 AM
Theory Room: 09A-03C
Lab Faculty: CSYR,SMDS
Lab Day: TUE
Lab Time: 8:00 AM
Lab Room: FT10-03L

Initial: MZW
Name: Maazin Munawar
Day: Wednesday
Scheduled commitments (classes/labs/breaks, not availability): 8:00 AM - CSE260-03B (LAB) MZW,ADD FT10-04L; 9:30 AM - CSE260-03B (LAB) MZW,ADD FT10-04L; 11:00 AM - CSE260-04A (LAB) NFF,MZW FT10-03L; 12:30 PM - CSE260-04A (LAB) NFF,MZW FT10-03L",The theory class for CSE260-04A is held on Sunday and Tuesday at 11:00 AM.,0.0198,5.1024,5.1222,2026-08-01T07:29:49.187481+00:00,100.4888,1.0,"SCORE: 1.0 | REASON: All claims are supported by the CONTEXT. 

Here's a breakdown of how I arrived at this score:

1. The theory class for CSE260-04A is held on Sunday and Tuesday at 11:00 AM.
   - Claim 1: Theory Day = SUN+TUE (supported)
   - Claim 2: Theory Time = 11:00 AM (supported)

Since both claims are supported by the CONTEXT, the score is 1.0.",baselines,,,,,,,,,,,,,,0.07471232861280441
Q153,full_hybrid,0.5,What day and time is the theory class for CSE460-03?,The theory class for CSE460-03 is on SAT+THU at 12:30 PM in room 07H-26C.,"Course: CSE460-03
Theory Initial: SDL
Theory Day: SAT+THU
Theory Time: 12:30 PM
Theory Room: 07H-26C
Lab Faculty: SDL,SDU
Lab Day: TUE
Lab Time: 8:00 AM
Lab Room: 09E-22L

Course: CSE460-04
Theory Initial: SDU
Theory Day: SAT+THU
Theory Time: 2:00 PM
Theory Room: 09A-07C
Lab Faculty: AKJ,RAS
Lab Day: MON
Lab Time: 11:00 AM
Lab Room: 09F-24L

Course: CSE460-01
Theory Initial: SDL
Theory Day: SAT+THU
Theory Time: 9:30 AM
Theory Room: 09D-18C
Lab Faculty: AKJ,UPM
Lab Day: WED
Lab Time: 11:00 AM
Lab Room: 09E-21L

Initial: SDU
Name: Shomen Kundu
Day: Tuesday
Scheduled commitments (classes/labs/breaks, not availability): 8:00 AM - CSE460-03 (LAB) SDL,SDU 09E-22L; 9:30 AM - CSE460-03 (LAB) SDL,SDU 09E-22L; 12:30 PM - CSE460-06 09A-07C

Course: CSE460-09
Theory Initial: UPM
Theory Day: MON+WED
Theory Time: 8:00 AM
Theory Room: 09A-07C
Lab Faculty: ARPD,RAS
Lab Day: TUE
Lab Time: 11:00 AM
Lab Room: 09E-21L",The theory class for CSE460-03 meets on Saturday and Thursday at 12:30 PM.,0.0193,4.9392,4.9585,2026-08-01T07:29:54.146538+00:00,100.4715,1.0,"SCORE: 1.0 | REASON: All claims are supported by the context. 

Here's a breakdown of how I arrived at this score:

1. The theory class for CSE460-03 meets on Saturday and Thursday:
	* In the CONTEXT, we see that Theory Day for CSE460-03 is SAT+THU.
	* We also see that Theory Time for CSE460-03 is 12:30 PM.
	* Therefore, this claim is supported by the context.
2. The theory class for CSE460-03 meets at 12:30 PM:
	* As mentioned above, we see that Theory Time for CSE460-03 is 12:30 PM.
	* Therefore, this claim is also supported by the context.

Since both claims are supported by the context, I assigned a score of 1.0 (i.e., all claims were supported).",baselines,,,,,,,,,,,,,,0.10799997299909592
Q159,full_hybrid,0.5,What day and time is the theory class for CSE250-06A?,The theory class for CSE250-06A is on SUN+TUE at 2:00 PM in room 07H-27C.,"Course: CSE250-06A
Theory Initial: RAO
Theory Day: SUN+TUE
Theory Time: 2:00 PM
Theory Room: 07H-27C
Lab Faculty: FFR,MHY
Lab Day: MON
Lab Time: 8:00 AM
Lab Room: 12B-20L

Course: CSE350-06A
Theory Initial: ZBH
Theory Day: SUN+TUE
Theory Time: 2:00 PM
Theory Room: 09A-07C
Lab Faculty: TSE,AQT
Lab Day: WED
Lab Time: 11:00 AM
Lab Room: FT10-01L

Course: CSE260-06A
Theory Initial: MSMA
Theory Day: SUN+TUE
Theory Time: 12:30 PM
Theory Room: 07H-26C
Lab Faculty: CMHQ,AHA
Lab Day: THU
Lab Time: 2:00 PM
Lab Room: FT10-03L

Course: CSE251-06A
Theory Initial: AQT
Theory Day: MON+WED
Theory Time: 8:00 AM
Theory Room: 07H-27C
Lab Faculty: SDAS,UPM
Lab Day: SUN
Lab Time: 11:00 AM
Lab Room: 12B-20L

Initial: FFR
Name: Md. Fatin Ishraq Faruqui
Day: Monday
Scheduled commitments (classes/labs/breaks, not availability): 8:00 AM - CSE250-06A (LAB) FFR,MHY 12B-20L; 9:30 AM - CSE250-06A (LAB) FFR,MHY 12B-20L; 11:00 AM - CSE250-04A (LAB) SDQ,FFR 12B-20L; 12:30 PM - CSE250-04A (LAB) SDQ,FFR 12B-20L",The theory class for CSE250-06A is held on Sunday and Tuesday at 2:00 PM.,0.0225,5.0608,5.0834,2026-08-01T07:29:59.230354+00:00,100.4722,1.0,SCORE: 1.0 | REASON: All claims about CSE250-06A theory class are supported by the CONTEXT.,baselines,,,,,,,,,,,,,,0.029077401384711266
Q165,full_hybrid,0.5,What day and time is the theory class for CSE260-04B?,The theory class for CSE260-04B is on SUN+TUE at 11:00 AM in room 09A-03C.,"Course: CSE260-04B
Theory Initial: DZK
Theory Day: SUN+TUE
Theory Time: 11:00 AM
Theory Room: 09A-03C
Lab Faculty: NNTN,MAZW
Lab Day: WED
Lab Time: 11:00 AM
Lab Room: FT10-04L

Course: CSE250-04B
Theory Initial: FFR
Theory Day: SUN+TUE
Theory Time: 8:00 AM
Theory Room: 07H-27C
Lab Faculty: MHY,PDS
Lab Day: MON
Lab Time: 11:00 AM
Lab Room: 12B-20L

Course: CSE260-04A
Theory Initial: DZK
Theory Day: SUN+TUE
Theory Time: 11:00 AM
Theory Room: 09A-03C
Lab Faculty: NFF,MZW
Lab Day: WED
Lab Time: 11:00 AM
Lab Room: FT10-03L

Course: CSE260-05A
Theory Initial: NLH
Theory Day: MON+WED
Theory Time: 8:00 AM
Theory Room: 09A-03C
Lab Faculty: CSYR,SMDS
Lab Day: TUE
Lab Time: 8:00 AM
Lab Room: FT10-03L

Initial: MAZW
Name: Mirza Azwad Wakil
Day: Wednesday
Scheduled commitments (classes/labs/breaks, not availability): 8:00 AM - Consultation by Appointment; 9:30 AM - CSE470-01 07F-22C; 11:00 AM - CSE260-04B (LAB) NNTN,MAZW FT10-04L; 12:30 PM - CSE260-04B (LAB) NNTN,MAZW FT10-04L; 2:00 PM - CSE260-12A (LAB) SMDS,MAZW FT10-03L; 3:30 PM - CSE260-12A (LAB) SMDS,MAZW FT10-03L",The theory class for CSE260-04B is held on Sunday and Tuesday at 11:00 AM.,0.0214,5.1454,5.1668,2026-08-01T07:30:04.397563+00:00,100.4864,1.0,"SCORE: 1.0 | REASON: All claims are supported by the CONTEXT. 

Here's a breakdown of how I arrived at this score:

1. The theory class for CSE260-04B is held on Sunday and Tuesday at 11:00 AM.
   - Claim 1: Theory Day = SUN+TUE (supported)
   - Claim 2: Theory Time = 11:00 AM (supported)

Since both claims are supported by the CONTEXT, the score remains 1.0.",baselines,,,,,,,,,,,,,,0.1130983904004097
Q166,full_hybrid,0.5,Who teaches the lab section of CSE321-18?,"The lab section of CSE321-18 is taught by TNF,SVKG.","Course: CSE321-18
Theory Initial: TRZA
Theory Day: MON+WED
Theory Time: 9:30 AM
Theory Room: 09H-33C
Lab Faculty: TNF,SVKG
Lab Day: SAT
Lab Time: 11:00 AM
Lab Room: 10G-32L

Initial: SVKG
Name: Souvik Ghosh
Day: Saturday
Scheduled commitments (classes/labs/breaks, not availability): 8:00 AM - CSE321-21 (LAB) SVKG,AHA 12D-26L; 9:30 AM - CSE321-21 (LAB) SVKG,AHA 12D-26L; 11:00 AM - CSE321-18 (LAB) TNF,SVKG 10G-32L; 12:30 PM - CSE321-18 (LAB) TNF,SVKG 10G-32L; 2:00 PM - CSE321-19 (LAB) NKBS,SVKG 10G-32L; 3:30 PM - CSE321-19 (LAB) NKBS,SVKG 10G-32L

Initial: TNF
Name: Tanhiat Fatema Afnan
Day: Saturday
Scheduled commitments (classes/labs/breaks, not availability): 8:00 AM - CSE321-16 07F-22C; 9:30 AM - CSE321-17 07F-22C; 11:00 AM - CSE321-18 (LAB) TNF,SVKG 10G-32L; 12:30 PM - CSE321-18 (LAB) TNF,SVKG 10G-32L

Initial: ARD
Name: Mr. Ayman Rasheed
Day: Sunday
Scheduled commitments (classes/labs/breaks, not availability): 8:00 AM - CSE221-16 (LAB) ASRF,ARD 09E-21L; 9:30 AM - CSE221-16 (LAB) ASRF,ARD 09E-21L; 11:00 AM - CSE221-18 (LAB) HFN,ARD 09E-21L; 12:30 PM - CSE221-18 (LAB) HFN,ARD 09E-21L; 2:00 PM - CSE330-18 (LAB) ARD,MAJIJ 09F-26L; 3:30 PM - CSE330-18 (LAB) ARD,MAJIJ 09F-26L

Initial: SZD
Name: Md. Shazid Bin Mahbub
Day: Tuesday
Scheduled commitments (classes/labs/breaks, not availability): 8:00 AM - CSE321-02 (LAB) SZD,MAFZ 10G-32L; 9:30 AM - CSE321-02 (LAB) SZD,MAFZ 10G-32L; 11:00 AM - CSE321-15 07F-22C; 12:30 PM - Consultation; 2:00 PM - CSE321-06 (LAB) NRHB,SZD 10G-32L; 3:30 PM - CSE321-06 (LAB) NRHB,SZD 10G-32L",The lab section of CSE321-18 is taught by both TNF and SVKG.,0.0179,5.2886,5.3065,2026-08-01T07:30:09.704022+00:00,100.6061,1.0,"SCORE: 1.0 | REASON: The CONTEXT supports all individual factual claims made in the ANSWER. 

Here's how I broke down the process:

1. Decomposed the ANSWER into its individual factual claims:
   - Claim 1: CSE321-18 has a lab section.
   - Claim 2: TNF is involved with the lab section of CSE321-18.
   - Claim 3: SVKG is involved with the lab section of CSE321-18.

2. Checked whether the CONTEXT supports each claim:
   - Claim 1 is supported because the CONTEXT lists ""Lab Faculty: TNF,SVKG"" for course CSE321-18.
   - Claim 2 is supported because the CONTEXT lists ""Lab Faculty: TNF,SVKG"" for course CSE321-18 and also mentions that TNF is involved with the lab section of CSE321-18 on Saturday at 11:00 AM.
   - Claim 3 is supported because the CONTEXT lists ""Lab Faculty: TNF,SVKG"" for course CSE321-18 and also mentions that SVKG is involved with the lab section of CSE321-18 on Saturday at 11:00 AM.

Since all claims are supported by the CONTEXT, the final score is 1.0.",baselines,,,,,,,,,,,,,,0.29483360052108765
Q171,full_hybrid,0.5,Who teaches the lab section of CSE221-19?,"The lab section of CSE221-19 is taught by ARD,ANV.","Course: CSE221-19
Theory Initial: IBA
Theory Day: SUN+TUE
Theory Time: 2:00 PM
Theory Room: 09H-33C
Lab Faculty: ARD,ANV
Lab Day: SAT
Lab Time: 11:00 AM
Lab Room: 09E-22L

Initial: ANV
Name: Md. Anonto Shuvo
Day: Saturday
Scheduled commitments (classes/labs/breaks, not availability): 8:00 AM - CSE221-12 (LAB) NRHB,ANV 09B-10L; 9:30 AM - CSE221-12 (LAB) NRHB,ANV 09B-10L; 11:00 AM - CSE221-19 (LAB) ARD,ANV 09E-22L; 12:30 PM - CSE221-19 (LAB) ARD,ANV 09E-22L; 2:00 PM - CSE221-11 (LAB) ANV,CSYR 09B-09L; 3:30 PM - CSE221-11 (LAB) ANV,CSYR 09B-09L

Initial: ARD
Name: Mr. Ayman Rasheed
Day: Saturday
Scheduled commitments (classes/labs/breaks, not availability): 8:00 AM - CSE221-15 (LAB) MZW,ARD 09E-22L; 9:30 AM - CSE221-15 (LAB) MZW,ARD 09E-22L; 11:00 AM - CSE221-19 (LAB) ARD,ANV 09E-22L; 12:30 PM - CSE221-19 (LAB) ARD,ANV 09E-22L

Initial: NARC
Name: Atonu Roy Chowdhury
Day: Saturday
Scheduled commitments (classes/labs/breaks, not availability): 8:00 AM - CSE221-05 (LAB) NARC,FBAW 09B-08L; 11:00 AM - CSE221-13 (LAB) NARC,NMMR 09B-10L; 2:00 PM - CSE330-18 07D-20C; 3:30 PM - CSE330-19 07D-20C

Initial: FBAW
Name: Faria Binta Awal
Day: Saturday
Scheduled commitments (classes/labs/breaks, not availability): 8:00 AM - CSE221-05 (LAB) NARC,FBAW 09B-08L; 9:30 AM - CSE221-05 (LAB) NARC,FBAW 09B-08L; 11:00 AM - CSE221-06 (LAB) FBAW,ASRF 09B-08L; 12:30 PM - CSE221-06 (LAB) FBAW,ASRF 09B-08L; 2:00 PM - CSE221-17 (LAB) FBAW,NMMR 09B-10L; 3:30 PM - CSE221-17 (LAB) FBAW,NMMR 09B-10L",The lab section of CSE221-19 is taught by both ARD and ANV.,0.0188,5.3138,5.3326,2026-08-01T07:30:15.036970+00:00,100.6065,1.0,"SCORE: 1.0 | REASON: The CONTEXT supports all individual factual claims made in the ANSWER. 

Here's how I broke down the process:

1. Decomposed the ANSWER into its individual factual claims:
   - Claim 1: ARD is a lab faculty for CSE221-19.
   - Claim 2: ANV is a lab faculty for CSE221-19.
   - Claim 3: The lab section of CSE221-19 has two faculties.

2. Checked whether the CONTEXT supports each claim:
   - Claim 1 is supported because ARD's scheduled commitment for CSE221-19 (LAB) is listed in the CONTEXT.
   - Claim 2 is supported because ANV's scheduled commitment for CSE221-19 (LAB) is listed in the CONTEXT.
   - Claim 3 is supported because both ARD and ANV are listed as lab faculties for CSE221-19 in the CONTEXT.

Since all claims made in the ANSWER are supported by the CONTEXT, the final score is 1.0.",baselines,,,,,,,,,,,,,,0.606033444404602
Q175,full_hybrid,0.5,Who teaches the lab section of CSE260-19B?,"The lab section of CSE260-19B is taught by CMHQ,CABS.","Course: CSE260-19B
Theory Initial: TWK
Theory Day: SUN+TUE
Theory Time: 2:00 PM
Theory Room: 09A-02C
Lab Faculty: CMHQ,CABS
Lab Day: SAT
Lab Time: 2:00 PM
Lab Room: FT10-04L

Initial: CMHQ
Name: Moinul Haque
Day: Saturday
Scheduled commitments (classes/labs/breaks, not availability): 8:00 AM - CSE260-10A (LAB) CSYR,CMHQ FT11-01L; 9:30 AM - CSE260-10A (LAB) CSYR,CMHQ FT11-01L; 11:00 AM - Consultation; 12:30 PM - Consultation; 2:00 PM - CSE260-19B (LAB) CMHQ,CABS FT10-04L; 3:30 PM - CSE260-19B (LAB) CMHQ,CABS FT10-04L

Initial: CABS
Name: Aabrar Islam
Day: Saturday
Scheduled commitments (classes/labs/breaks, not availability): 2:00 PM - CSE260-19B (LAB) CMHQ,CABS FT10-04L; 3:30 PM - CSE260-19B (LAB) CMHQ,CABS FT10-04L

Initial: TWK
Name: Towshik Anam Taj
Day: Sunday
Scheduled commitments (classes/labs/breaks, not availability): 8:00 AM - CSE260-22B (LAB) TWK,AAF FT10-04L; 9:30 AM - CSE260-22B (LAB) TWK,AAF FT10-04L; 11:00 AM - CSE260-08A (LAB) AFQ,TWK FT10-03L; 12:30 PM - CSE260-08A (LAB) AFQ,TWK FT10-03L; 2:00 PM - CSE260-19A 09A-02C,CSE260-19B 09A-02C; 3:30 PM - Consultation

Question (Banglish): Main advising er shomoy kono course e extra seat kivabe pabo?
Answer (English): Request the section's faculty. If he agrees then he will do the other procedures for your desired section. But you need to have a maximum of 9 credits and also if there is vacany in the other sections and the section is not clashing with the courses of the routine. Your request will be rejected. Extra Seat Request Policy [CSE]:
• The section faculty has the right to deny any extra seat request in their section.
• If a student already is in another section of the same course, the request will be denied. The student may apply for lab change when the form is circulated if they have a clash that is not solveable..
If a student doesn't have the course at all and there are other sections with empty seats, then again the request will be denied. They might be added to an available section (depending on seat availability) without any notice from our side.
• If a student has 4 courses or more then again the request will be denied.
• No extra seat for hardware courses (CSE250,CSE251, CSE260, CSE350).
• A faculty may request max 2 extra seats for a lab based course and theory based course. If the seat status is already -2 in connect, the request will be denied.
Only when there is no suitable section for the student, the student maybe granted an extra seat.",The lab section of CSE260-19B is taught by CMHQ and CABS.,0.0211,5.3296,5.3507,2026-08-01T07:30:20.388264+00:00,100.5945,1.0,"SCORE: 1.0 | REASON: All claims made in the ANSWER are fully supported by the CONTEXT. 

Here's a breakdown of how I arrived at this conclusion:

1. Claim: The lab section of CSE260-19B is taught by CMHQ.
   - Supported by CONTEXT: Initial: CMHQ, Lab Faculty: CMHQ,CABS, Scheduled commitments (classes/labs/breaks, not availability): 2:00 PM - CSE260-19B (LAB) CMHQ,CABS FT10-04L; 3:30 PM - CSE260-19B (LAB) CMHQ,CABS FT10-04L

2. Claim: The lab section of CSE260-19B is taught by CABS.
   - Supported by CONTEXT: Initial: CABS, Lab Faculty: CMHQ,CABS, Scheduled commitments (classes/labs/breaks, not availability): 2:00 PM - CSE260-19B (LAB) CMHQ,CABS FT10-04L; 3:30 PM - CSE260-19B (LAB) CMHQ,CABS FT10-04L

Both claims are supported by the CONTEXT.",baselines,,,,,,,,,,,,,,0.401835560798645
Q178,full_hybrid,0.5,Who teaches the lab section of CSE423-05?,"The lab section of CSE423-05 is taught by MAHS,ZLNM.","Course: CSE423-05
Theory Initial: AJA
Theory Day: SUN+TUE
Theory Time: 11:00 AM
Theory Room: 09D-17C
Lab Faculty: MAHS,ZLNM
Lab Day: WED
Lab Time: 2:00 PM
Lab Room: 10E-27L

Initial: MAHS
Name: Md Arif Hasan
Day: Wednesday
Scheduled commitments (classes/labs/breaks, not availability): 11:00 AM - CSE423-01 (LAB) SOSB,MAHS 12D-27L,CSE423-24 (LAB) SOSB,MAHS 12D-27L; 12:30 PM - CSE423-01 (LAB) SOSB,MAHS 12D-27L,CSE423-24 (LAB) SOSB,MAHS 12D-27L; 2:00 PM - CSE423-02 (LAB) MAHS,ZLNM 10E-27L,CSE423-05 (LAB) MAHS,ZLNM 10E-27L; 3:30 PM - CSE423-02 (LAB) MAHS,ZLNM 10E-27L,CSE423-05 (LAB) MAHS,ZLNM 10E-27L

Initial: ZLNM
Name: Md. Zulkar Naim
Day: Wednesday
Scheduled commitments (classes/labs/breaks, not availability): 9:30 AM - CSE340-16 09H-32C; 12:30 PM - CSE340-17 09A-05C; 2:00 PM - CSE423-02 (LAB) MAHS,ZLNM 10E-27L,CSE423-05 (LAB) MAHS,ZLNM 10E-27L; 3:30 PM - CSE423-02 (LAB) MAHS,ZLNM 10E-27L,CSE423-05 (LAB) MAHS,ZLNM 10E-27L

Initial: SRU
Name: Mr. Shakir Rouf
Day: Sunday
Scheduled commitments (classes/labs/breaks, not availability): 11:00 AM - CSE423-08 09C-13C; 12:30 PM - CSE360-05 09C-13C; 2:00 PM - CSE423-09 (LAB) MAFZ,SRU 12D-27L,CSE423-17 (LAB) MAFZ,SRU 12D-27L; 3:30 PM - CSE423-09 (LAB) MAFZ,SRU 12D-27L,CSE423-17 (LAB) MAFZ,SRU 12D-27L

Initial: SRU
Name: Mr. Shakir Rouf
Day: Tuesday
Scheduled commitments (classes/labs/breaks, not availability): 11:00 AM - CSE423-08 09C-13C; 12:30 PM - CSE360-05 09C-13C; 2:00 PM - CSE423-15 (LAB) ZLNM,SRU 12D-27L,CSE423-16 (LAB) ZLNM,SRU 12D-27L; 3:30 PM - CSE423-15 (LAB) ZLNM,SRU 12D-27L,CSE423-16 (LAB) ZLNM,SRU 12D-27L",The lab section of CSE423-05 is taught by Md Arif Hasan and Md. Zulkar Naim.,0.0223,5.9094,5.9317,2026-08-01T07:30:26.320367+00:00,100.5958,1.0,SCORE: 1.0 | REASON: The answer is fully supported by the context as it accurately reflects the lab instructors for CSE423-05 according to the scheduled commitments.,baselines,,,,,,,,,,,,,,0.22808444499969482
Q183,full_hybrid,0.5,Which room is Mr. Md. Tawhid Anwar in?,Mr. Md. Tawhid Anwar is in room 4G03.,"Initial: TAW
Name: Mr. Md. Tawhid Anwar
Designation: Senior Lecturer
Status: Full Time
Room: 4G03
Email: tawhid.anwar@bracu.ac.bd

Initial: TAW
Name: Mr. Md. Tawhid Anwar
Day: Thursday
Scheduled commitments (classes/labs/breaks, not availability): 9:30 AM - Consultation; 11:00 AM - CSE111-03 (LAB) TAW,MAF 12F-32L; 12:30 PM - CSE111-03 (LAB) TAW,MAF 12F-32L

Initial: AIB
Name: Mr. Md. Abu Ibrahim
Designation: Lecturer
Status: Full Time
Room: 4J59
Email: abu.ibrahim@bracu.ac.bd

Initial: TAW
Name: Mr. Md. Tawhid Anwar
Day: Tuesday
Scheduled commitments (classes/labs/breaks, not availability): 9:30 AM - Consultation; 11:00 AM - CSE111-01 10A-05C; 12:30 PM - CSE111-02 10A-05C

Initial: TAW
Name: Mr. Md. Tawhid Anwar
Day: Monday
Scheduled commitments (classes/labs/breaks, not availability): 9:30 AM - Consultation; 11:00 AM - CSE110-05 10A-05C; 12:30 PM - CSE111-03 10A-05C",Mr. Md. Tawhid Anwar's room is 4G03.,0.0214,4.482,4.5034,2026-08-01T07:30:30.824048+00:00,100.5702,1.0,SCORE: 1.0 | REASON: The CONTEXT explicitly states that Mr. Md. Tawhid Anwar's room is indeed 4G03.,baselines,,,,,,,,,,,,,,0.9210470914840698
Q187,full_hybrid,0.5,What is FEK's designation?,Farden Ehsan Khan (FEK) is a Lecturer.,"Initial: FEK
Name: Farden Ehsan Khan
Designation: Lecturer
Status: Full Time
Room: 4M117
Email: farden.khan@bracu.ac.bd

Initial: FEK
Name: Farden Ehsan Khan
Day: Thursday
Scheduled commitments (classes/labs/breaks, not availability): 9:30 AM - Consultation By Appointment; 11:00 AM - CSE370-02 (LAB) FEK,MAU 12F-30L; 12:30 PM - CSE370-02 (LAB) FEK,MAU 12F-30L; 2:00 PM - CSE370-05 (LAB) FEK,MRIA 12F-30L; 3:30 PM - CSE370-05 (LAB) FEK,MRIA 12F-30L

Initial: FEK
Name: Farden Ehsan Khan
Day: Wednesday
Scheduled commitments (classes/labs/breaks, not availability): 9:30 AM - CSE370-08 09D-17C; 11:00 AM - CSE111-05 (LAB) AFA,FEK 09B-10L; 12:30 PM - CSE111-05 (LAB) AFA,FEK 09B-10L; 2:00 PM - CSE370-06 08H-22C

Course: CSE370
First Theory Coordinator: FEK
Theory Coordinator Email: farden.khan@bracu.ac.bd
First Lab Coordinator: FEK
Lab Coordinator Email: farden.khan@bracu.ac.bd

Course: CSE370-05
Theory Initial: FEK
Theory Day: SUN+TUE
Theory Time: 2:00 PM
Theory Room: 09A-05C
Lab Faculty: FEK,MRIA
Lab Day: THU
Lab Time: 2:00 PM
Lab Room: 12F-30L",FEK's designation is Lecturer.,0.0202,3.7645,3.7846,2026-08-01T07:30:34.608971+00:00,100.3,1.0,SCORE: 1.0 | REASON: The CONTEXT supports that FEK's designation is Lecturer.,baselines,,,,,,,,,,,,,,0.37777626514434814
Q010,bm25_only,1.0,Purpose of the Wishlist event for Summer 2025?,To help plan course offerings based on student demand,"Question: Purpose of the Wishlist event for Summer 2025?
Answer: To help plan course offerings based on student demand

Question (Banglish): Summer 2025 er Wishlist event er purpose ki?
Answer (English): To help plan course offerings based on student demand

Question: Purpose of the Course Wishlist feature in the Connect system?
Answer: Addition of preferred courses to a wishlist to secure seats as they become available while following university policies

Question (Banglish): Connect system e Course Wishlist feature er purpose ki?
Answer (English): Addition of preferred courses to a wishlist to secure seats as they become available while following university policies

Question: Why is participation in the Wishlist event important?
Answer: Course offerings will be based on student demand collected from Wishlist submissions",The purpose of the Wishlist event for Summer 2025 is to help plan course offerings based on student demand.,0.0197,4.7351,4.7548,2026-08-01T07:30:39.364429+00:00,0.028,0.75,SCORE: 0.75 | REASON: Three out of four factual claims are supported by the CONTEXT.,baselines,,,,,,,,,,,,,,0.98164302110672
Q016,bm25_only,1.0,How to contact with BRACU Finance and Accounts Department?,"BRAC University
Kha-224 Bir Uttam Rafiqul Islam Avenue, Merul Badda,
Dhaka 1212, Bangladesh
Phone: +88 09638464646 Ext: 1220, 1221

Email: queries-accounts@bracu.ac.bd","Question: How to contact with BRACU Finance and Accounts Department?
Answer: BRAC University
Kha-224 Bir Uttam Rafiqul Islam Avenue, Merul Badda,
Dhaka 1212, Bangladesh
Phone: +88 09638464646 Ext: 1220, 1221

Email: queries-accounts@bracu.ac.bd

Question: Can someone help — how to contact with BRACU Finance and Accounts Department?
Answer: BRAC University
Kha-224 Bir Uttam Rafiqul Islam Avenue, Merul Badda,
Dhaka 1212, Bangladesh
Phone: +88 09638464646 Ext: 1220, 1221

Email: queries-accounts@bracu.ac.bd

Question (Banglish): BRACU Finance and Accounts Department ke kivabe contact korbo?
Answer (English): BRAC University
Kha-224 Bir Uttam Rafiqul Islam Avenue, Merul Badda,
Dhaka 1212, Bangladesh
Phone: +88 09638464646 Ext: 1220, 1221

Email: queries-accounts@bracu.ac.bd

Question: What services are offered by the Finance & Accounts Office?
Answer: The Finance & Accounts Office manages student accounts, tuition payments, and financial aid. You can also email at queries-accounts@bracu.ac.bd

Question: How to collect payment clearance from Finance and Accounts department for Degree Processing/Convocation?
Answer: 1. Collect payment clearance from Finance and Accounts department for Degree Processing/Convocation

2. Collect the Degree Application Form from your respective Department's DCO and Fill up with the necessary information.

3. Take Library clearance

4. Clear all your previous dues (if any).

5. Make payment of Tk. 10,000 for each course as degree processing fee at BRAC Bank (any branch) or IFIC Bank (Mohakhali branch) through prescribed manual payslip.

6. Bring your payment slip and duly filled form in the Finance and Accounts department to take payment clearance.","To contact the BRACU Finance and Accounts Department, you can visit BRAC University at Kha-224 Bir Uttam Rafiqul Islam Avenue, Merul Badda, Dhaka 1212, Bangladesh, or call them at +88 09638464646 Ext: 1220, 1221. You can also email them at queries-accounts@bracu.ac.bd.",0.022,11.2678,11.2898,2026-08-01T07:30:50.654561+00:00,0.0178,1.0,SCORE: 1.0 | REASON: All individual factual claims in the ANSWER are fully supported by the CONTEXT.,baselines,,,,,,,,,,,,,,0.9221064448356628
Q017,bm25_only,1.0,"Hey, for further information regarding Admission who should I contact?","For more queries, please contact the Inquiry, Registration & Admissions Office, BRACU (Phone: +88 09638464646, Call Center Ext: 1001. You can also send e-mail at admissions@bracu.ac.bd.","Question: Hey, for further information regarding Admission who should I contact?
Answer: For more queries, please contact the Inquiry, Registration & Admissions Office, BRACU (Phone: +88 09638464646, Call Center Ext: 1001. You can also send e-mail at admissions@bracu.ac.bd.

Question: For further information regarding Admission who should I contact?
Answer: For more queries, please contact the Inquiry, Registration & Admissions Office, BRACU (Phone: +88 09638464646, Call Center Ext: 1001. You can also send e-mail at admissions@bracu.ac.bd.

Question (Banglish): Brac e admission information kothay pabo?
Answer (English): Admission information is available on the BRAC University website and through the Inquiry, Registration & Admissions Office. Applicants can also contact the admissions office by phone or email for assistance.

Question (Banglish): BRAC e admission related information er jonno kon office e jogajog korbo?
Answer (English): For admission-related inquiries, students should contact the BRAC University Admissions Office through the official contact channels published on the university website.

Question: How can I get information about Scholarship/Financial Aid in BRAC University?
Answer: Regarding all information about Financial Aid, please contact:
BRACU (Phone: +88 09638464646, Call Center Ext: 1001 or email at scholarship@bracu.ac.bd
(BRACU Scholarship Office)","For more queries about admission, please contact the Inquiry, Registration & Admissions Office, BRACU (Phone: +88 09638464646, Call Center Ext: 1001. You can also send e-mail at admissions@bracu.ac.bd.",0.0241,7.9869,8.011,2026-08-01T07:30:58.665883+00:00,0.2281,1.0,SCORE: 1.0 | REASON: All claims in the ANSWER are directly supported by the CONTEXT.,baselines,,,,,,,,,,,,,,0.6582115888595581
Q019,bm25_only,1.0,How are students informed about changes to the transport service?,Students are informed through official BRAC University notices and announcements.,"Question: How are students informed about changes to the transport service?
Answer: Students are informed through official BRAC University notices and announcements.

Question (Banglish): Transport service e change hole student der kivabe janano hoy?
Answer (English): Students are informed through official BRAC University notices and announcements.

Question: How can students contact the transport service?
Answer: Students can contact the transport service via designated phone numbers.

Question (Banglish): Student ra ki transport service niye feedback dite pare?
Answer (English): Yes, students can share feedback via BRAC University's official transport service email or hotline.

Question (Banglish): Student ra transport service ke kivabe contact korbe?
Answer (English): Students can contact the transport service via designated phone numbers.",Students are informed through official BRAC University notices and announcements.,0.0189,3.8877,3.9066,2026-08-01T07:31:02.573219+00:00,0.4119,1.0,SCORE: 1.0 | REASON: All claims are fully supported by the provided CONTEXT.,baselines,,,,,,,,,,,,,,0.9885925054550171
Q031,bm25_only,1.0,"New student here, could you please provide details about the tuition fee structure at BRAC University?","For students enrolled in the Computer Science and Engineering (CSE) program at BRAC University, the tuition fee structure includes a one-time, non-refundable admission fee of BDT 30,800. Each course within the CSE program costs BDT 22,500. Additionally, students are required to pay a semester fee of BDT 11,500, which covers various facilities such as IT services and library access. There is also a one-time library membership fee of BDT 2,500. This fee structure is designed to support the comprehensive education provided in the CSE program, ensuring access to advanced resources and facilities?","Question: New student here, could you please provide details about the tuition fee structure at BRAC University?
Answer: For students enrolled in the Computer Science and Engineering (CSE) program at BRAC University, the tuition fee structure includes a one-time, non-refundable admission fee of BDT 30,800. Each course within the CSE program costs BDT 22,500. Additionally, students are required to pay a semester fee of BDT 11,500, which covers various facilities such as IT services and library access. There is also a one-time library membership fee of BDT 2,500. This fee structure is designed to support the comprehensive education provided in the CSE program, ensuring access to advanced resources and facilities?

Question: Could you please provide details about the tuition fee structure at BRAC University?
Answer: For students enrolled in the Computer Science and Engineering (CSE) program at BRAC University, the tuition fee structure includes a one-time, non-refundable admission fee of BDT 30,800. Each course within the CSE program costs BDT 22,500. Additionally, students are required to pay a semester fee of BDT 11,500, which covers various facilities such as IT services and library access. There is also a one-time library membership fee of BDT 2,500. This fee structure is designed to support the comprehensive education provided in the CSE program, ensuring access to advanced resources and facilities?

Question (Banglish): BRAC University er tuition fee structure ta ektu bolben please?
Answer (English): For students enrolled in the Computer Science and Engineering (CSE) program at BRAC University, the tuition fee structure includes a one-time, non-refundable admission fee of BDT 30,800. Each course within the CSE program costs BDT 22,500. Additionally, students are required to pay a semester fee of BDT 11,500, which covers various facilities such as IT services and library access. There is also a one-time library membership fee of BDT 2,500. This fee structure is designed to support the comprehensive education provided in the CSE program, ensuring access to advanced resources and facilities

Question: What's the tuition fee at North South University?
Answer: That's outside what I can help with - I only have information about BRAC University. North South University's own website would have their current fee structure.

Question: Not sure if this is covered elsewhere, but what's the tuition fee at North South University?
Answer: That's outside what I can help with - I only have information about BRAC University. North South University's own website would have their current fee structure.","For students enrolled in the Computer Science and Engineering (CSE) program at BRAC University, the tuition fee structure includes a one-time, non-refundable admission fee of BDT 30,800. Each course within the CSE program costs BDT 22,500. Additionally, students are required to pay a semester fee of BDT 11,500, which covers various facilities such as IT services and library access. There is also a one-time library membership fee of BDT 2,500. This fee structure is designed to support the comprehensive education provided in the CSE program, ensuring access to advanced resources and facilities?",0.028,17.3888,17.4168,2026-08-01T07:31:19.990156+00:00,0.1051,1.0,SCORE: 1.0 | REASON: The answer is fully supported by the context as it directly quotes the provided information about BRAC University's tuition fee structure.,baselines,,,,,,,,,,,,,,0.9848341941833496
Q046,bm25_only,1.0,What sports teams does the university have?,"BRAC University Football Club, BRAC University Chess Club, BRAC University Cricket Club, and BRAC University Indoor Games Club.","Question: Does BRAC University have any costs associated with joining clubs or sports teams?
Answer: No there no costs associated with joining clubs or sports teams.

Question: Are there any costs associated with joining clubs or sports teams?
Answer: No there no costs associated with joining clubs or sports teams.

Question: Just wondering, are there any costs associated with joining clubs or sports teams?
Answer: No there no costs associated with joining clubs or sports teams.

Question: What sports teams does the university have?
Answer: BRAC University Football Club, BRAC University Chess Club, BRAC University Cricket Club, and BRAC University Indoor Games Club.

Question: New student here, what sports teams does the university have?
Answer: BRAC University Football Club, BRAC University Chess Club, BRAC University Cricket Club, and BRAC University Indoor Games Club.","BRAC University has several sports teams, including the BRAC University Football Club, BRAC University Chess Club, BRAC University Cricket Club, and BRAC University Indoor Games Club.",0.0195,6.0861,6.1056,2026-08-01T07:31:26.095989+00:00,0.062,1.0,SCORE: 1.0 | REASON: All individual factual claims are directly supported by the CONTEXT.,baselines,,,,,,,,,,,,,,0.9662309288978577
Q056,bm25_only,1.0,"New student here, when was BRAC University established and who founded it?","BRAC University was established in 2001, founded by Sir Fazle Hasan Abed, and is affiliated with the University Grants Commission (UGC) of Bangladesh.","Question: New student here, when was BRAC University established and who founded it?
Answer: BRAC University was established in 2001, founded by Sir Fazle Hasan Abed, and is affiliated with the University Grants Commission (UGC) of Bangladesh.

Question: When was BRAC University established and who founded it?
Answer: BRAC University was established in 2001, founded by Sir Fazle Hasan Abed, and is affiliated with the University Grants Commission (UGC) of Bangladesh.

Question: I'm a new student here, can you tell me what year Brac University was set up and by whom?
Answer: BRAC University was established in 2001, founded by Sir Fazle Hasan Abed, and is affiliated with the University Grants Commission (UGC) of Bangladesh.

Question: Quick question — when was BRAC University established and who founded it?
Answer: BRAC University was established in 2001, founded by Sir Fazle Hasan Abed, and is affiliated with the University Grants Commission (UGC) of Bangladesh.

Question: I'm new to BRAC University - can you tell me what year the university started and who is behind its founding?
Answer: BRAC University was established in 2001, founded by Sir Fazle Hasan Abed, and is affiliated with the University Grants Commission (UGC) of Bangladesh.","BRAC University was established in 2001, founded by Sir Fazle Hasan Abed, and is affiliated with the University Grants Commission (UGC) of Bangladesh.",0.0243,5.8488,5.8731,2026-08-01T07:31:31.969610+00:00,0.2385,1.0,"SCORE: 1.0 | REASON: All three claims (established year, founder, and affiliation with UGC) are explicitly mentioned in the CONTEXT.",baselines,,,,,,,,,,,,,,0.9918408393859863
Q057,bm25_only,1.0,Who must participate in the Wishlist event?,"All undergraduate students attending upcoming, excluding RS-eligible students and LLB, PHR students","Question: Who must participate in the Wishlist event?
Answer: All undergraduate students attending upcoming, excluding RS-eligible students and LLB, PHR students

Question: Which group of students is not required to participate in the Wishlist event?
Answer: Students who are eligible for residential semester in the upcoming semester.

Question (Banglish): Kon group er student der Wishlist event e participate korar requirement nei?
Answer (English): Students who are eligible for residential semester in the upcoming semester.

Question: Group of students eligible for Pre-Registration Phase 2?
Answer: Students who participated and did not participate in the Wishlist Event. It means all the students.

Question (Banglish): Wishlist event e participate na korle ki consequence hoy?
Answer (English): Student will not be allowed to register during Pre-Registration Phase 1","All undergraduate students attending upcoming, excluding RS-eligible students and LLB, PHR students.",0.0235,4.4014,4.4248,2026-08-01T07:31:36.395050+00:00,0.1711,0.8,"SCORE: 0.8 | REASON: The answer is mostly supported, but it lacks explicit mention of students who are eligible for residential semester in the upcoming semester being excluded.",baselines,,,,,,,,,,,,,,0.0150204012170434
Q061,bm25_only,1.0,How do I access the Multipurpose Hall?,"Ground Floor, Find the lift lobby(2nd escalator); go straight to the West Side, where you will find some seats next to the Multipurpose Hall.","Question: How do I access the Multipurpose Hall?
Answer: Ground Floor, Find the lift lobby(2nd escalator); go straight to the West Side, where you will find some seats next to the Multipurpose Hall.

Question (Banglish): Multipurpose Hall ami kivabe access korbo?
Answer (English): Ground Floor, Find the lift lobby(2nd escalator); go straight to the West Side, where you will find some seats next to the Multipurpose Hall.

Question: What types of events can be held in the Multipurpose Hall?
Answer: The Multipurpose Hall can be used for meetings, seminars, workshops, and social gatherings.

Question: Sorry if this was already answered, but what types of events can be held in the Multipurpose Hall?
Answer: The Multipurpose Hall can be used for meetings, seminars, workshops, and social gatherings.

Question (Banglish): Multipurpose Hall e ki type er event hote pare?
Answer (English): The Multipurpose Hall can be used for meetings, seminars, workshops, and social gatherings.","To access the Multipurpose Hall, go to the Ground Floor, find the lift lobby (2nd escalator), and then go straight to the West Side, where you will find some seats next to the Multipurpose Hall.",0.0158,6.8193,6.8351,2026-08-01T07:31:43.230362+00:00,0.0354,0.5,"SCORE: 0.5 | REASON: The answer partially matches the context for accessing the Multipurpose Hall, but it does not mention the types of events that can be held there, which are also mentioned in the context.",baselines,,,,,,,,,,,,,,0.9938783049583435
Q066,bm25_only,1.0,Can you tell me what the prerequisites for the Cse program are?,"Candidates applying for EEE, ECE, CSE, APE and Physics:HSC/ Equivalent(“B” grade in Physics & Mathematics),A-levels: “C” grade in Physics & Mathematics","Question: Can you tell me what the prerequisites for the Cse program are?
Answer: Candidates applying for EEE, ECE, CSE, APE and Physics:HSC/ Equivalent(“B” grade in Physics & Mathematics),A-levels: “C” grade in Physics & Mathematics

Question: What are the prerequisites for the Cse program?
Answer: Candidates applying for EEE, ECE, CSE, APE and Physics:HSC/ Equivalent(“B” grade in Physics & Mathematics),A-levels: “C” grade in Physics & Mathematics

Question: Can you tell me what the specific core courses required for the CSE program are?
Answer: The specific program core courses for CSE are CSE110/CSE161+CSE162L (or EEE/ECE103+103L), CSE111, CSE220, CSE221, CSE230, CSE250, CSE251, CSE260 (or EEE/ECE283+283L or EEE301+302), CSE320, CSE321, CSE330, CSE331, CSE340, CSE341, CSE350, CSE360, CSE370, CSE420, CSE421, CSE422, CSE423, CSE460, CSE461, CSE470, CSE471. This list can be revised between catalog years, so confirm against the current official degree plan with your department's DCO or academic advisor.

Question: Can you tell me what the Master in Computer Applications (MCA) program at BRAC University for is?
Answer: MCA is designed for students coming from academic backgrounds other than computer science who want to build applied computing skills, distinguishing it from the more research/theory-focused MSc in CSE aimed at CS/CSE graduates.

Question: What's the acceptance rate for the CSE program specifically?
Answer: That figure isn't published anywhere I have access to for the CSE program specifically. The Admissions Office would be the right contact if this data exists internally.","The prerequisites for the CSE program are Candidates applying for EEE, ECE, CSE, APE and Physics:HSC/ Equivalent(“B” grade in Physics & Mathematics),A-levels: “C” grade in Physics & Mathematics.",0.0219,7.831,7.8529,2026-08-01T07:31:51.083826+00:00,0.2202,0.5,"SCORE: 0.5 | REASON: Only two out of four claims are supported by the context. 

The ANSWER is decomposed into its individual factual claims:

1. Candidates applying for EEE, ECE, CSE, APE and Physics:HSC/ Equivalent(“B” grade in Physics & Mathematics)
2. A-levels: “C” grade in Physics & Mathematics

Claims 1 and 2 are supported by the context (the first two questions), but claims 3 and 4 are not mentioned anywhere in the provided CONTEXT.

Note that this analysis only checks whether the CONTEXT supports each claim, not whether the claim is true in general.",baselines,,,,,,,,,,,,,,0.947225034236908
Q067,bm25_only,1.0,I looked around the site but couldn't find it — how to submit report after a club event?,"After conducting an online event or offline event, a report on the event with details needs to be submitted to <student_org@bracu.ac.bd> within 7 working days. Without the report, future proposals will not be accepted and approved.

• The report must contain a minimum of 500 words to a maximum of 1000 words with detailed activities, discussion, social impact, and outcome. If you get any media, coverage please provide the link.

• The social media data must be included in the report such as the number of attendees, likes, shares, views, and comments. For the best accuracy please collect this information immediately after the event is completed.

• After receiving and reviewing the appropriate report, we will complete the event or online program. Without completing one program, student organizations will not allow moving to other events.","Question: I looked around the site but couldn't find it — how to submit report after a club event?
Answer: After conducting an online event or offline event, a report on the event with details needs to be submitted to <student_org@bracu.ac.bd> within 7 working days. Without the report, future proposals will not be accepted and approved.

• The report must contain a minimum of 500 words to a maximum of 1000 words with detailed activities, discussion, social impact, and outcome. If you get any media, coverage please provide the link.

• The social media data must be included in the report such as the number of attendees, likes, shares, views, and comments. For the best accuracy please collect this information immediately after the event is completed.

• After receiving and reviewing the appropriate report, we will complete the event or online program. Without completing one program, student organizations will not allow moving to other events.

Question: I looked around the site but couldn't find it — what sports teams does the university have?
Answer: BRAC University Football Club, BRAC University Chess Club, BRAC University Cricket Club, and BRAC University Indoor Games Club.

Question: I looked around the site but couldn't find it — where can students participate in clubs and activities?
Answer: Club Activity Rooms are located on the 6th Floor.

Question: I looked around the site but couldn't find it — can more than one student from the same group submit the registration form?
Answer: No, only one student is allowed to register for their Thesis.

Question: I looked around the site but couldn't find it — are there writing or literary clubs available?
Answer: Yes, the BRAC University Communication and Language Club (BUCLC) offers platforms for students interested in literature and communication. Check: https://www.bracu.ac.bd/club-forum/brac-university-communication-and-language-club","To submit a report after a club event, you need to email the details of the event with activities, discussion, social impact, and outcome to <student_org@bracu.ac.bd> within 7 working days. The report should be between 500 to 1000 words in length and include social media data such as attendance numbers and engagement metrics.",0.0272,10.1271,10.1543,2026-08-01T07:32:01.238454+00:00,0.3582,0.8,"SCORE: 0.8 | REASON: The answer partially supports the context, missing details about including media coverage and the requirement for a minimum word count.",baselines,,,,,,,,,,,,,,0.01370848249644041
Q068,bm25_only,1.0,Can you tell me what the Syndicate at BRAC University is?,"The Syndicate, chaired by the Vice-Chancellor, supervises the university's academic and administrative functions.","Question: Can you tell me what the Syndicate at BRAC University is?
Answer: The Syndicate, chaired by the Vice-Chancellor, supervises the university's academic and administrative functions.

Question: What is the Syndicate at BRAC University?
Answer: The Syndicate, chaired by the Vice-Chancellor, supervises the university's academic and administrative functions.

Question: I wanted to ask, what is the Syndicate at BRAC University?
Answer: The Syndicate, chaired by the Vice-Chancellor, supervises the university's academic and administrative functions.

Question: What's the purpose and role of the Syndicate at BRAC University?
Answer: The Syndicate, chaired by the Vice-Chancellor, supervises the university's academic and administrative functions.

Question: What's the deal with the Syndicate at BRAC University - I've heard it mentioned but I'm not really sure what it does.
Answer: The Syndicate, chaired by the Vice-Chancellor, supervises the university's academic and administrative functions.","The Syndicate at BRAC University is the body that oversees the university's academic and administrative functions, with the Vice-Chancellor serving as its chair.",0.0231,5.5002,5.5232,2026-08-01T07:32:06.762298+00:00,0.2839,1.0,SCORE: 1.0 | REASON: All claims are identical and directly supported by the provided CONTEXT.,baselines,,,,,,,,,,,,,,0.05730346962809563
Q069,bm25_only,1.0,Can you tell me what the eligibility criteria for receiving financial aid are?,"BRAC University offers financial aid to students based on demonstrated financial need. Financial aid eligibility is reassessed regularly, and students may need to maintain satisfactory academic performance. Special consideration may be given to students from disadvantaged backgrounds or those facing extraordinary circumstances. The Financial Aid Office can provide more detailed information on the application process.","Question: Can you tell me what the eligibility criteria for receiving financial aid are?
Answer: BRAC University offers financial aid to students based on demonstrated financial need. Financial aid eligibility is reassessed regularly, and students may need to maintain satisfactory academic performance. Special consideration may be given to students from disadvantaged backgrounds or those facing extraordinary circumstances. The Financial Aid Office can provide more detailed information on the application process.

Question: What are the eligibility criteria for receiving financial aid?
Answer: BRAC University offers financial aid to students based on demonstrated financial need. Financial aid eligibility is reassessed regularly, and students may need to maintain satisfactory academic performance. Special consideration may be given to students from disadvantaged backgrounds or those facing extraordinary circumstances. The Financial Aid Office can provide more detailed information on the application process.

Question (Banglish): Financial aid pete eligibility criteria ki ki?
Answer (English): BRAC University offers financial aid to students based on demonstrated financial need. Financial aid eligibility is reassessed regularly, and students may need to maintain satisfactory academic performance. Special consideration may be given to students from disadvantaged backgrounds or those facing extraordinary circumstances. The Financial Aid Office can provide more detailed information on the application process.

Question: Can you tell me what the requirements for maintaining financial aid eligibility are?
Answer: At BRAC University, students must maintain a minimum CGPA of 3.25, be enrolled full-time, meet satisfactory academic progress, follow the code of conduct, and sometimes demonstrate ongoing financial need to maintain financial aid eligibility.

Question: How can students apply for financial aid?
Answer: To apply for financial aid at BRAC University, students should start by confirming their eligibility by reviewing the criteria provided on the university's website or contacting the financial aid office. Next, they need to gather all required documents, such as income certificates and academic records. After preparing the necessary paperwork, students should complete and submit the financial aid application form by the specified deadline.","BRAC University offers financial aid to students based on demonstrated financial need. Financial aid eligibility is reassessed regularly, and students may need to maintain satisfactory academic performance. Special consideration may be given to students from disadvantaged backgrounds or those facing extraordinary circumstances. The Financial Aid Office can provide more detailed information on the application process.",0.0201,8.9451,8.9652,2026-08-01T07:32:15.727555+00:00,0.1085,0.8,"SCORE: 0.8 | REASON: The answer is mostly supported by the context, but lacks specific details about maintaining a minimum CGPA and following a code of conduct for financial aid eligibility.",baselines,,,,,,,,,,,,,,0.9892158508300781
Q070,bm25_only,1.0,For a friend who's asking — do I need to pay any fee to collect my degree certificate at Convocation?,"No, based on published notices, there is no fee to collect your certificate at the time of Convocation itself; fees apply if you request documents outside of that window.","Question: For a friend who's asking — do I need to pay any fee to collect my degree certificate at Convocation?
Answer: No, based on published notices, there is no fee to collect your certificate at the time of Convocation itself; fees apply if you request documents outside of that window.

Question: Do I need to pay any fee to collect my degree certificate at Convocation?
Answer: No, based on published notices, there is no fee to collect your certificate at the time of Convocation itself; fees apply if you request documents outside of that window.

Question: Am I required to need to pay any fee to collect my degree certificate at Convocation?
Answer: No, based on published notices, there is no fee to collect your certificate at the time of Convocation itself; fees apply if you request documents outside of that window.

Question (Banglish): Convocation e degree certificate collect korte ki amake fee dite hobe?
Answer (English): No, based on published notices, there is no fee to collect your certificate at the time of Convocation itself; fees apply if you request documents outside of that window.

Question: How do I collect my convocation gown after graduating?
Answer: Graduates collect their convocation gown and souvenirs from a designated location on campus (announced separately each year, e.g. the Alumni Lounge or Student Information Center) during a specific distribution window. You generally need to bring your student ID card and the original pay slip of your convocation fee payment.","No, based on published notices, there is no fee to collect your certificate at the time of Convocation itself; fees apply if you request documents outside of that window.",0.0294,6.1018,6.1312,2026-08-01T07:32:21.859060+00:00,0.2142,1.0,SCORE: 1.0 | REASON: The answer is fully supported by the context as it directly quotes a published notice.,baselines,,,,,,,,,,,,,,0.9921911358833313
Q076,bm25_only,1.0,Provide me the contact information of library staffs.,"You can contact Librarian at: librarian@bracu.ac.bd, hasina@bracu.ac.bd
Deputy Librarian: nasiruddin@bracu.ac.bd, murtoza@bracu.ac.bd","Question: Provide me the contact information of library staffs.
Answer: You can contact Librarian at: librarian@bracu.ac.bd, hasina@bracu.ac.bd
Deputy Librarian: nasiruddin@bracu.ac.bd, murtoza@bracu.ac.bd

Question: I wanted to ask, provide me the contact information of library staffs?
Answer: You can contact Librarian at: librarian@bracu.ac.bd, hasina@bracu.ac.bd
Deputy Librarian: nasiruddin@bracu.ac.bd, murtoza@bracu.ac.bd

Question: This might be a silly question, but provide me the contact information of library staffs?
Answer: You can contact Librarian at: librarian@bracu.ac.bd, hasina@bracu.ac.bd
Deputy Librarian: nasiruddin@bracu.ac.bd, murtoza@bracu.ac.bd

Question: Can someone help — provide me the contact information of library staffs?
Answer: You can contact Librarian at: librarian@bracu.ac.bd, hasina@bracu.ac.bd
Deputy Librarian: nasiruddin@bracu.ac.bd, murtoza@bracu.ac.bd

Question: New student here, provide me the contact information of library staffs?
Answer: You can contact Librarian at: librarian@bracu.ac.bd, hasina@bracu.ac.bd
Deputy Librarian: nasiruddin@bracu.ac.bd, murtoza@bracu.ac.bd","You can contact Librarian at: librarian@bracu.ac.bd, hasina@bracu.ac.bd
Deputy Librarian: nasiruddin@bracu.ac.bd, murtoza@bracu.ac.bd",0.0193,7.5076,7.5269,2026-08-01T07:32:29.386618+00:00,0.0468,1.0,SCORE: 1.0 | REASON: All contact information provided in the answer is present in the context.,baselines,,,,,,,,,,,,,,0.9184495210647583
Q077,bm25_only,1.0,Consequence of not confirming advising during the Self-Registration period?,All selected courses will be automatically cancelled,"Question: Consequence of not confirming advising during the Self-Registration period?
Answer: All selected courses will be automatically cancelled

Question (Banglish): Self-Registration period e advising confirm na korle ki consequence hoy?
Answer (English): All selected courses will be automatically cancelled

Question: Final opportunity for course registration after Pre-Registration Phases?
Answer: The Self-Registration period is the final opportunity for course registration after both Pre-Registration phases have ended.

Question: Just wondering, final opportunity for course registration after Pre-Registration Phases?
Answer: The Self-Registration period is the final opportunity for course registration after both Pre-Registration phases have ended.

Question: When must course selections be confirmed after Pre-Registration phases?
Answer: During the Self-Registration period assigned after result publication",All selected courses will be automatically cancelled.,0.0234,3.5951,3.6186,2026-08-01T07:32:33.005612+00:00,0.2344,0.5,"SCORE: 0.5 | REASON: Only two out of four claims are supported by the context. 

The two supported claims are:
- ""All selected courses will be automatically cancelled"" (supported by the first question's answer)
- ""The Self-Registration period is the final opportunity for course registration after both Pre-Registration phases have ended."" (supported by the third and fourth questions' answers)

However, the context does not support the other two claims:
- ""When must course selections be confirmed after Pre-Registration phases?"" is answered in a way that contradicts the supported claim about automatic cancellation.
- The answer to the first question's Banglish version is identical to the English version, but it doesn't provide any additional information that would support or contradict the other claims.",baselines,,,,,,,,,,,,,,0.973249077796936
Q079,bm25_only,1.0,What steps do I need to follow to access the Prayer Room for females?,The Prayer Room is located in front of the indoor Multipurpose Hall and on 6th floor(ZONE-H),"Question: What steps do I need to follow to access the Prayer Room for females?
Answer: The Prayer Room is located in front of the indoor Multipurpose Hall and on 6th floor(ZONE-H)

Question: How can I access the Prayer Room for females?
Answer: The Prayer Room is located in front of the indoor Multipurpose Hall and on 6th floor(ZONE-H)

Question: Where can I find the Prayer Room for females?
Answer: In front of the indoor (Multipurpose Hall) and also on 6th floor(ZONE-H).

Question (Banglish): Female der Prayer Room ami kivabe access korbo?
Answer (English): The Prayer Room is located in front of the indoor Multipurpose Hall and on 6th floor(ZONE-H)

Question: What steps do I need to follow to retake a course?
Answer: You just need to take the course during the advising.",The steps you need to follow to access the Prayer Room for females are located in front of the indoor Multipurpose Hall and on 6th floor(ZONE-H).,0.0231,5.701,5.7241,2026-08-01T07:32:38.729663+00:00,0.3612,1.0,SCORE: 1.0 | REASON: All claims about the Prayer Room's location are fully supported by the CONTEXT.,baselines,,,,,,,,,,,,,,0.5074744820594788
Q083,bm25_only,1.0,How long does the Early Childhood Development (ECD) program take to complete?,"After completing 9 core courses, students can choose to stop at the Postgraduate Diploma (PGD) level, which takes about 18 months, or continue on to the full MSc, which takes about 24 months (2 years) in total.","Question: How long does the Early Childhood Development (ECD) program take to complete?
Answer: After completing 9 core courses, students can choose to stop at the Postgraduate Diploma (PGD) level, which takes about 18 months, or continue on to the full MSc, which takes about 24 months (2 years) in total.

Question (Banglish): Early Childhood Development (ECD) program complete korte koto shomoy lage?
Answer (English): After completing 9 core courses, students can choose to stop at the Postgraduate Diploma (PGD) level, which takes about 18 months, or continue on to the full MSc, which takes about 24 months (2 years) in total.

Question: Who is the Early Childhood Development program aimed at?
Answer: It's designed for a wide range of people interested in child development - from fresh graduates to experienced school teachers, principals, NGO and government professionals, curriculum developers, researchers, and evaluation specialists.

Question: Can you tell me who is the Early Childhood Development program aimed at?
Answer: It's designed for a wide range of people interested in child development - from fresh graduates to experienced school teachers, principals, NGO and government professionals, curriculum developers, researchers, and evaluation specialists.

Question (Banglish): Early Childhood Development program kader jonno aimed?
Answer (English): It's designed for a wide range of people interested in child development - from fresh graduates to experienced school teachers, principals, NGO and government professionals, curriculum developers, researchers, and evaluation specialists.",The Early Childhood Development (ECD) program takes about 18 months to complete at the Postgraduate Diploma level or about 24 months (2 years) in total if students choose to continue on to the full MSc.,0.0262,7.0575,7.0836,2026-08-01T07:32:45.814137+00:00,0.2766,1.0,SCORE: 1.0 | REASON: All claims are directly supported by the provided CONTEXT.,baselines,,,,,,,,,,,,,,0.03504205867648125
Q085,bm25_only,1.0,Does BRAC University offer any short professional certificate courses outside its degree programs?,"Yes. For example, BRAC University partnered with Swisscontact Bangladesh to launch a Professional Certificate Course on Environmental, Social and Governance (ESG), aimed at industry professionals - its first batch began in February 2026, aimed particularly at export-oriented sectors like ready-made garments.","Question: Does BRAC University offer any short professional certificate courses outside its degree programs?
Answer: Yes. For example, BRAC University partnered with Swisscontact Bangladesh to launch a Professional Certificate Course on Environmental, Social and Governance (ESG), aimed at industry professionals - its first batch began in February 2026, aimed particularly at export-oriented sectors like ready-made garments.

Question (Banglish): BRAC University ki degree program er baire kono short professional certificate course offer kore?
Answer (English): Yes. For example, BRAC University partnered with Swisscontact Bangladesh to launch a Professional Certificate Course on Environmental, Social and Governance (ESG), aimed at industry professionals - its first batch began in February 2026, aimed particularly at export-oriented sectors like ready-made garments.

Question: Does BRAC University offer any online courses?
Answer: We do not offer online courses or degree programs.

Question: Just wondering, does BRAC University offer any online courses?
Answer: We do not offer online courses or degree programs.

Question (Banglish): BRAC University ki kono online course offer kore?
Answer (English): We do not offer online courses or degree programs.","Yes. For example, BRAC University partnered with Swisscontact Bangladesh to launch a Professional Certificate Course on Environmental, Social and Governance (ESG), aimed at industry professionals - its first batch began in February 2026, aimed particularly at export-oriented sectors like ready-made garments.",0.033,7.9943,8.0273,2026-08-01T07:32:53.841795+00:00,0.3289,0.5,"SCORE: 0.5 | REASON: The answer contains two claims, but only one is supported by the context (the existence of a Professional Certificate Course on ESG), while the other claim (existence of online courses) contradicts the provided context.",baselines,,,,,,,,,,,,,,0.9848228096961975
Q094,bm25_only,1.0,Does ENH offer a minor for students outside the department?,"Yes, ENH offers a Minor in History, open to students from any department, letting them take history courses to help contextualize their main field of study.","Question: Does ENH offer a minor for students outside the department?
Answer: Yes, ENH offers a Minor in History, open to students from any department, letting them take history courses to help contextualize their main field of study.

Question (Banglish): ENH ki department er baire student der jonno minor offer kore?
Answer (English): Yes, ENH offers a Minor in History, open to students from any department, letting them take history courses to help contextualize their main field of study.

Question: Can BBA students choose a minor outside the business school?
Answer: Yes. Students may graduate without a minor by taking any three 300/400-level BRACU courses, or they may choose a minor from another school/department; credit requirements for an outside-department minor can differ and should be confirmed with that department in advance.

Question (Banglish): BBA student ra ki business school er baire minor choose korte pare?
Answer (English): Yes. Students may graduate without a minor by taking any three 300/400-level BRACU courses, or they may choose a minor from another school/department; credit requirements for an outside-department minor can differ and should be confirmed with that department in advance.

Question (Banglish): BRAC e minor program offer kora hoy?
Answer (English): Some undergraduate programs include opportunities for a minor or concentration, depending on the curriculum approved by the relevant school. Students should refer to their program curriculum for details.","Yes, ENH offers a Minor in History, open to students from any department, letting them take history courses to help contextualize their main field of study.",0.0222,5.7813,5.8035,2026-08-01T07:32:59.645792+00:00,0.2357,1.0,SCORE: 1.0 | REASON: All three individual factual claims are fully supported by the retrieved CONTEXT.,baselines,,,,,,,,,,,,,,0.9872092008590698
Q096,bm25_only,1.0,"Are journals, magazines and reference books available for borrowing?","No. Journals, magazines, newspapers, and items in the reference collection are for in-library use only and cannot be checked out.","Question: Are journals, magazines and reference books available for borrowing?
Answer: No. Journals, magazines, newspapers, and items in the reference collection are for in-library use only and cannot be checked out.

Question: Just wondering, are journals, magazines and reference books available for borrowing?
Answer: No. Journals, magazines, newspapers, and items in the reference collection are for in-library use only and cannot be checked out.

Question: Quick question — are journals, magazines and reference books available for borrowing?
Answer: No. Journals, magazines, newspapers, and items in the reference collection are for in-library use only and cannot be checked out.

Question: Can someone help — are journals, magazines and reference books available for borrowing?
Answer: No. Journals, magazines, newspapers, and items in the reference collection are for in-library use only and cannot be checked out.

Question: For a friend who's asking — are journals, magazines and reference books available for borrowing?
Answer: No. Journals, magazines, newspapers, and items in the reference collection are for in-library use only and cannot be checked out.","Journals, magazines, and reference books are not available for borrowing; they are for in-library use only.",0.0219,4.7721,4.794,2026-08-01T07:33:04.440183+00:00,0.0093,1.0,SCORE: 1.0 | REASON: The answer's claim is fully supported by the context as it directly quotes the same information.,baselines,,,,,,,,,,,,,,0.9616168737411499
Q105,bm25_only,1.0,What is the full prerequisite chain for PHY112?,The full prerequisite chain for PHY112 is PHY111.,"Course: PHY112
Prerequisite: PHY111 (HP)
Full Prerequisite Chain: PHY111

Course: CSE360
Prerequisite: CSE341 (HP)
Full Prerequisite Chain: CSE341

Course: ENG103
Prerequisite: ENG102 (HP)
Full Prerequisite Chain: ENG102

Course: MAT120
Prerequisite: MAT110 (HP)
Full Prerequisite Chain: MAT110

Course: CSE251
Prerequisite: CSE250 (HP)
Full Prerequisite Chain: CSE250",The full prerequisite chain for PHY112 is PHY111.,0.0165,3.733,3.7495,2026-08-01T07:33:08.189846+00:00,100.6499,1.0,SCORE: 1.0 | REASON: The answer is fully supported by the context as it directly matches a provided prerequisite chain.,baselines,,,,,,,,,,,,,,0.3335944414138794
Q116,bm25_only,1.0,What are the prerequisites for CSE360?,The prerequisite for CSE360 is CSE341 (HP).,"Course: CSE360
Prerequisite: CSE341 (HP)
Full Prerequisite Chain: CSE341

Initial: IRZA
Name: Md. Irtiza Hossain
Day: Tuesday
Scheduled commitments (classes/labs/breaks, not availability): 8:00 AM - CSE360-07 (LAB) FIC,IRZA 12B-19L,CSE360-08 (LAB) FIC,IRZA 12B-19L; 9:30 AM - CSE360-07 (LAB) FIC,IRZA 12B-19L,CSE360-08 (LAB) FIC,IRZA 12B-19L; 11:00 AM - CSE360-01 (LAB) SMYA,IRZA 12B-19L,CSE360-06 (LAB) SMYA,IRZA 12B-19L; 12:30 PM - CSE360-01 (LAB) SMYA,IRZA 12B-19L,CSE360-06 (LAB) SMYA,IRZA 12B-19L; 2:00 PM - Consultation

Initial: UJT
Name: Umme Jannat Taposhi
Day: Wednesday
Scheduled commitments (classes/labs/breaks, not availability): 8:00 AM - CSE360-09 (LAB) UJT,PRC 12B-19L,CSE360-10 (LAB) UJT,PRC 12B-19L; 9:30 AM - CSE360-09 (LAB) UJT,PRC 12B-19L,CSE360-10 (LAB) UJT,PRC 12B-19L; 11:00 AM - CSE360-08 10B-15C; 12:30 PM - Consultation by Appointment

Question: I'm an EEE student minoring in Physics. Do I need to separately meet the Physics minor's prerequisites even though I'm not a Physics major?
Answer: Yes - BRACU's Minor in Physics has its own defined set of required courses and prerequisites, separate from your EEE major requirements, open to students from other departments as long as they meet those specific prerequisites. Being an EEE major doesn't automatically satisfy the Physics minor's course requirements; you'd need to check and fulfill them independently.

Initial: RDW
Name: Redowanul Akbar
Day: Sunday
Scheduled commitments (classes/labs/breaks, not availability): 8:00 AM - CSE340-11 09A-03C; 9:30 AM - CSE340-12 09A-03C; 11:00 AM - CSE360-03 (LAB) RDW,SMYA 12B-19L,CSE360-04 (LAB) RDW,SMYA 12B-19L; 12:30 PM - CSE360-03 (LAB) RDW,SMYA 12B-19L,CSE360-04 (LAB) RDW,SMYA 12B-19L; 2:00 PM - Consultation by Appointment",The prerequisite for CSE360 is CSE341 with a High Pass. The full prerequisite chain for CSE360 is also CSE341.,0.0149,6.1474,6.1622,2026-08-01T07:33:14.352245+00:00,100.3,1.0,"SCORE: 1.0 | REASON: All claims made in the ANSWER are directly supported by the CONTEXT. 

Here's how I broke down the ANSWER into individual factual claims and checked whether the CONTEXT supports each claim:

1. The prerequisite for CSE360 is CSE341 with a High Pass.
	* Supported by CONTEXT: Yes, it explicitly states ""Prerequisite: CSE341 (HP)"".
2. The full prerequisite chain for CSE360 is also CSE341.
	* Supported by CONTEXT: Yes, it explicitly states ""Full Prerequisite Chain: CSE341"".

Both claims are directly supported by the CONTEXT, so the score is 1.0.",baselines,,,,,,,,,,,,,,0.35870808362960815
Q125,bm25_only,1.0,What are the prerequisites for CSE422?,The prerequisite for CSE422 is CSE221 (HP).,"Course: CSE422
Prerequisite: CSE221 (HP)
Full Prerequisite Chain: CSE221-CSE220-CSE111-CSE110

Question: I'm an EEE student minoring in Physics. Do I need to separately meet the Physics minor's prerequisites even though I'm not a Physics major?
Answer: Yes - BRACU's Minor in Physics has its own defined set of required courses and prerequisites, separate from your EEE major requirements, open to students from other departments as long as they meet those specific prerequisites. Being an EEE major doesn't automatically satisfy the Physics minor's course requirements; you'd need to check and fulfill them independently.

Initial: ZHS
Name: Mr. Syed Zamil Hasan Shoumo
Day: Wednesday
Scheduled commitments (classes/labs/breaks, not availability): 8:00 AM - CSE422-01 09E-20T ,CSE422-02 09E-20T ,CSE422-03 09E-20T; 9:30 AM - Consultation; 11:00 AM - CSE422-13 (LAB) ZHS,NWT 09E-22L; 12:30 PM - CSE422-13 (LAB) ZHS,NWT 09E-22L

Question: Can students minor in EEE if it's not their major department?
Answer: Yes, BRAC University offers a Minor in EEE with its own defined set of required courses and prerequisites (such as Electrical Circuits I & II and Electronic Circuits I & II), open to students from other departments who meet the prerequisites.

Question (Banglish): Major department na hole o student ra ki EEE te minor korte pare?
Answer (English): Yes, BRAC University offers a Minor in EEE with its own defined set of required courses and prerequisites (such as Electrical Circuits I & II and Electronic Circuits I & II), open to students from other departments who meet the prerequisites.",The prerequisite for CSE422 is CSE221 with a High Pass grade.,0.017,4.311,4.328,2026-08-01T07:33:18.680937+00:00,100.2772,0.5,"SCORE: 0.5 | REASON: Only two out of four claims are supported by the context. 

The ANSWER is decomposed into its individual factual claims:

1. The prerequisite for CSE422 is CSE221 with a High Pass grade.
2. BRAC University offers a Minor in EEE with its own defined set of required courses and prerequisites (such as Electrical Circuits I & II and Electronic Circuits I & II), open to students from other departments who meet the prerequisites.

The CONTEXT supports these two claims:

* The prerequisite for CSE422 is indeed listed as CSE221 (HP) in the CONTEXT.
* The CONTEXT also mentions that BRAC University offers a Minor in EEE with its own defined set of required courses and prerequisites, open to students from other departments who meet the prerequisites.

However, the CONTEXT does not support the following two claims:

* There is no mention of Electrical Circuits I & II and Electronic Circuits I & II being part of the EEE minor's prerequisites in the CONTEXT.
* The CONTEXT does not provide any information about whether a student can minor in EEE if it's not their major department, which is mentioned in the ANSWER but not supported by the CONTEXT.",baselines,,,,,,,,,,,,,,0.03409441560506821
Q126,bm25_only,1.0,What are the prerequisites for CSE111?,The prerequisite for CSE111 is CSE110 (HP).,"Course: CSE111
Prerequisite: CSE110 (HP)

Question: I'm an EEE student minoring in Physics. Do I need to separately meet the Physics minor's prerequisites even though I'm not a Physics major?
Answer: Yes - BRACU's Minor in Physics has its own defined set of required courses and prerequisites, separate from your EEE major requirements, open to students from other departments as long as they meet those specific prerequisites. Being an EEE major doesn't automatically satisfy the Physics minor's course requirements; you'd need to check and fulfill them independently.

Question: Can students minor in EEE if it's not their major department?
Answer: Yes, BRAC University offers a Minor in EEE with its own defined set of required courses and prerequisites (such as Electrical Circuits I & II and Electronic Circuits I & II), open to students from other departments who meet the prerequisites.

Question (Banglish): Major department na hole o student ra ki EEE te minor korte pare?
Answer (English): Yes, BRAC University offers a Minor in EEE with its own defined set of required courses and prerequisites (such as Electrical Circuits I & II and Electronic Circuits I & II), open to students from other departments who meet the prerequisites.

Initial: AFA
Name: Afroza Akhter
Day: Wednesday
Scheduled commitments (classes/labs/breaks, not availability): 8:00 AM - CSE111-11 (LAB) MAU,AFA 09E-21L; 9:30 AM - CSE111-11 (LAB) MAU,AFA 09E-21L; 11:00 AM - CSE111-05 (LAB) AFA,FEK 09B-10L; 12:30 PM - CSE111-05 (LAB) AFA,FEK 09B-10L; 2:00 PM - CSE111-10 09H-33C",The prerequisite for CSE111 is CSE110 with a High Pass (HP).,0.0157,4.4266,4.4423,2026-08-01T07:33:23.123203+00:00,100.266,1.0,SCORE: 1.0 | REASON: All claims are directly supported by the CONTEXT.,baselines,,,,,,,,,,,,,,0.07531626522541046
Q129,bm25_only,1.0,What is the full prerequisite chain for CSE421?,The full prerequisite chain for CSE421 is CSE320.,"Course: CSE421
Prerequisite: CSE320 (SP)

Course: PHY112
Prerequisite: PHY111 (HP)
Full Prerequisite Chain: PHY111

Course: CSE360
Prerequisite: CSE341 (HP)
Full Prerequisite Chain: CSE341

Course: ENG103
Prerequisite: ENG102 (HP)
Full Prerequisite Chain: ENG102

Course: MAT120
Prerequisite: MAT110 (HP)
Full Prerequisite Chain: MAT110",The full prerequisite chain for CSE421 is CSE320.,0.0176,3.8678,3.8854,2026-08-01T07:33:27.008856+00:00,100.3,1.0,SCORE: 1.0 | REASON: The answer is fully supported by the context as it correctly identifies CSE320 as the prerequisite for CSE421.,baselines,,,,,,,,,,,,,,0.3284231424331665
Q133,bm25_only,1.0,Who is the theory coordinator for CSE370?,The theory coordinator for CSE370 is FEK.,"Course: CSE370
First Theory Coordinator: FEK
Theory Coordinator Email: farden.khan@bracu.ac.bd
First Lab Coordinator: FEK
Lab Coordinator Email: farden.khan@bracu.ac.bd

Course: CSE330
First Theory Coordinator: AMK
Second Theory Coordinator: AQU
Theory Coordinator Email: abu.khan@bracu.ac.bd,aquib.azmain@bracu.ac.bd
First Lab Coordinator: NNTN
Second Lab Coordinator: ALB
Lab Coordinator Email: naima.tahsin@bracu.ac.bd,anindita.labonno@bracu.ac.bd

Course: CSE427
First Theory Coordinator: CMR
Second Theory Coordinator: DFD
Theory Coordinator Email: rahman.mofizur@bracu.ac.bd,fabian.dofadar@bracu.ac.bd
First Lab Coordinator: DFD
Second Lab Coordinator: QUZA
Lab Coordinator Email: fabian.dofadar@bracu.ac.bd,quazi.ashikur@bracu.ac.bd

Course: CSE421
First Theory Coordinator: MSMA
Second Theory Coordinator: NDT
Theory Coordinator Email: shamim.mia@bracu.ac.bd,nirjhor.datta@bracu.ac.bd
First Lab Coordinator: SRJ
Second Lab Coordinator: MSMA
Lab Coordinator Email: seraj.mehnaz@bracu.ac.bd,shamim.mia@bracu.ac.bd

Course: CSE250
First Theory Coordinator: SDS
Second Theory Coordinator: PDS
Theory Coordinator Email: shadman.shahriar@bracu.ac.bd,purbayan.das@bracu.ac.bd
First Lab Coordinator: SDQ
Second Lab Coordinator: FFR
Lab Coordinator Email: saiful.bari@bracu.ac.bd,md.fatin@bracu.ac.bd",The first Theory Coordinator for CSE370 is FEK.,0.015,4.1182,4.1332,2026-08-01T07:33:31.142532+00:00,100.5561,1.0,SCORE: 1.0 | REASON: The answer is fully supported by the context as it directly matches the information provided for CSE370.,baselines,,,,,,,,,,,,,,0.15197160840034485
Q136,bm25_only,1.0,Who is the theory coordinator for CSE447?,The theory coordinator for CSE447 is MIH.,"Course: CSE447
First Theory Coordinator: MIH
Theory Coordinator Email: iqbal.hossain@bracu.ac.bd
First Lab Coordinator: FFU
Lab Coordinator Email: farhan.faruk@bracu.ac.bd

Course: CSE330
First Theory Coordinator: AMK
Second Theory Coordinator: AQU
Theory Coordinator Email: abu.khan@bracu.ac.bd,aquib.azmain@bracu.ac.bd
First Lab Coordinator: NNTN
Second Lab Coordinator: ALB
Lab Coordinator Email: naima.tahsin@bracu.ac.bd,anindita.labonno@bracu.ac.bd

Course: CSE427
First Theory Coordinator: CMR
Second Theory Coordinator: DFD
Theory Coordinator Email: rahman.mofizur@bracu.ac.bd,fabian.dofadar@bracu.ac.bd
First Lab Coordinator: DFD
Second Lab Coordinator: QUZA
Lab Coordinator Email: fabian.dofadar@bracu.ac.bd,quazi.ashikur@bracu.ac.bd

Course: CSE421
First Theory Coordinator: MSMA
Second Theory Coordinator: NDT
Theory Coordinator Email: shamim.mia@bracu.ac.bd,nirjhor.datta@bracu.ac.bd
First Lab Coordinator: SRJ
Second Lab Coordinator: MSMA
Lab Coordinator Email: seraj.mehnaz@bracu.ac.bd,shamim.mia@bracu.ac.bd

Course: CSE250
First Theory Coordinator: SDS
Second Theory Coordinator: PDS
Theory Coordinator Email: shadman.shahriar@bracu.ac.bd,purbayan.das@bracu.ac.bd
First Lab Coordinator: SDQ
Second Lab Coordinator: FFR
Lab Coordinator Email: saiful.bari@bracu.ac.bd,md.fatin@bracu.ac.bd",The first Theory Coordinator for CSE447 is MIH.,0.0168,4.0235,4.0403,2026-08-01T07:33:35.183428+00:00,100.6211,1.0,SCORE: 1.0 | REASON: The answer is fully supported by the context as it directly matches the information provided for CSE447.,baselines,,,,,,,,,,,,,,0.16342207789421082
Q138,bm25_only,1.0,What is the coordinator email for CSE437?,The coordinator email for CSE437 is rabiul.alam@bracu.ac.bd.,"Course: CSE437
First Theory Coordinator: GRA
Theory Coordinator Email: rabiul.alam@bracu.ac.bd

Course: CSE424
First Theory Coordinator: AAR
Theory Coordinator Email: annajiat@bracu.ac.bd
First Lab Coordinator: AAR
Lab Coordinator Email: annajiat@bracu.ac.bd

Course: CSE474
First Theory Coordinator: AAR
Theory Coordinator Email: annajiat@bracu.ac.bd
First Lab Coordinator: AAR
Lab Coordinator Email: annajiat@bracu.ac.bd

Course: CSE461
First Theory Coordinator: KHR
Theory Coordinator Email: khalilur@bracu.ac.bd
First Lab Coordinator: RDW
Second Lab Coordinator: RFF
Lab Coordinator Email: redowanul.akbar@bracu.ac.bd,rafid.ahnaf@bracu.ac.bd

Course: CSE110
First Theory Coordinator: TAW
Theory Coordinator Email: tawhid.anwar@bracu.ac.bd
First Lab Coordinator: DFD
Second Lab Coordinator: RKBM
Lab Coordinator Email: fabian.dofadar@bracu.ac.bd,mohammad.rakibul@bracu.ac.bd",The Theory Coordinator email for CSE437 is rabiul.alam@bracu.ac.bd.,0.0174,4.7474,4.7648,2026-08-01T07:33:39.948568+00:00,100.5634,1.0,SCORE: 1.0 | REASON: The CONTEXT supports all individual factual claims made in the ANSWER.,baselines,,,,,,,,,,,,,,0.06597253680229187
Q149,bm25_only,1.0,What is the coordinator email for CSE443?,The coordinator email for CSE443 is swakkhar.shatabda@bracu.ac.bd.,"Course: CSE443
First Theory Coordinator: SWK
Theory Coordinator Email: swakkhar.shatabda@bracu.ac.bd

Course: CSE424
First Theory Coordinator: AAR
Theory Coordinator Email: annajiat@bracu.ac.bd
First Lab Coordinator: AAR
Lab Coordinator Email: annajiat@bracu.ac.bd

Course: CSE474
First Theory Coordinator: AAR
Theory Coordinator Email: annajiat@bracu.ac.bd
First Lab Coordinator: AAR
Lab Coordinator Email: annajiat@bracu.ac.bd

Course: CSE461
First Theory Coordinator: KHR
Theory Coordinator Email: khalilur@bracu.ac.bd
First Lab Coordinator: RDW
Second Lab Coordinator: RFF
Lab Coordinator Email: redowanul.akbar@bracu.ac.bd,rafid.ahnaf@bracu.ac.bd

Course: CSE110
First Theory Coordinator: TAW
Theory Coordinator Email: tawhid.anwar@bracu.ac.bd
First Lab Coordinator: DFD
Second Lab Coordinator: RKBM
Lab Coordinator Email: fabian.dofadar@bracu.ac.bd,mohammad.rakibul@bracu.ac.bd",The Theory Coordinator email for CSE443 is swakkhar.shatabda@bracu.ac.bd.,0.0184,4.7641,4.7825,2026-08-01T07:33:44.731406+00:00,100.6151,1.0,SCORE: 1.0 | REASON: All claims are directly supported by the CONTEXT.,baselines,,,,,,,,,,,,,,0.08062170445919037
Q151,bm25_only,1.0,What day and time is the theory class for CSE260-04A?,The theory class for CSE260-04A is on SUN+TUE at 11:00 AM in room 09A-03C.,"Course: CSE260-04A
Theory Initial: DZK
Theory Day: SUN+TUE
Theory Time: 11:00 AM
Theory Room: 09A-03C
Lab Faculty: NFF,MZW
Lab Day: WED
Lab Time: 11:00 AM
Lab Room: FT10-03L

Initial: MZW
Name: Maazin Munawar
Day: Wednesday
Scheduled commitments (classes/labs/breaks, not availability): 8:00 AM - CSE260-03B (LAB) MZW,ADD FT10-04L; 9:30 AM - CSE260-03B (LAB) MZW,ADD FT10-04L; 11:00 AM - CSE260-04A (LAB) NFF,MZW FT10-03L; 12:30 PM - CSE260-04A (LAB) NFF,MZW FT10-03L

Course: CSE250-04A
Theory Initial: FFR
Theory Day: SUN+TUE
Theory Time: 8:00 AM
Theory Room: 07H-27C
Lab Faculty: SDQ,FFR
Lab Day: MON
Lab Time: 11:00 AM
Lab Room: 12B-20L

Course: CSE350-04A
Theory Initial: ARA
Theory Day: SUN+TUE
Theory Time: 8:00 AM
Theory Room: 09A-07C
Lab Faculty: SDAS,TSE
Lab Day: THU
Lab Time: 11:00 AM
Lab Room: FT10-01L

Course: CSE251-04A
Theory Initial: AKJ
Theory Day: SUN+TUE
Theory Time: 12:30 PM
Theory Room: 07H-27C
Lab Faculty: EHQ,SHJR
Lab Day: MON
Lab Time: 2:00 PM
Lab Room: 12B-20L",The theory class for CSE260-04A is held on Sunday and Tuesday at 11:00 AM.,0.0194,5.1541,5.1734,2026-08-01T07:33:49.905076+00:00,100.4501,1.0,"SCORE: 1.0 | REASON: The answer's claim is fully supported by the context, as it matches the Theory Day and Time for CSE260-04A in the retrieved CONTEXT.",baselines,,,,,,,,,,,,,,0.07822613418102264
Q153,bm25_only,1.0,What day and time is the theory class for CSE460-03?,The theory class for CSE460-03 is on SAT+THU at 12:30 PM in room 07H-26C.,"Course: CSE460-03
Theory Initial: SDL
Theory Day: SAT+THU
Theory Time: 12:30 PM
Theory Room: 07H-26C
Lab Faculty: SDL,SDU
Lab Day: TUE
Lab Time: 8:00 AM
Lab Room: 09E-22L

Initial: SDU
Name: Shomen Kundu
Day: Tuesday
Scheduled commitments (classes/labs/breaks, not availability): 8:00 AM - CSE460-03 (LAB) SDL,SDU 09E-22L; 9:30 AM - CSE460-03 (LAB) SDL,SDU 09E-22L; 12:30 PM - CSE460-06 09A-07C

Course: CSE460-01
Theory Initial: SDL
Theory Day: SAT+THU
Theory Time: 9:30 AM
Theory Room: 09D-18C
Lab Faculty: AKJ,UPM
Lab Day: WED
Lab Time: 11:00 AM
Lab Room: 09E-21L

Course: CSE460-09
Theory Initial: UPM
Theory Day: MON+WED
Theory Time: 8:00 AM
Theory Room: 09A-07C
Lab Faculty: ARPD,RAS
Lab Day: TUE
Lab Time: 11:00 AM
Lab Room: 09E-21L

Course: CSE460-10
Theory Initial: MTOT
Theory Day: MON+WED
Theory Time: 11:00 AM
Theory Room: 09A-07C
Lab Faculty: ARPD,UPM
Lab Day: SUN
Lab Time: 8:00 AM
Lab Room: 12D-27L","The theory class for CSE460-03 is held on Saturday (SAT) and Thursday (THU), at 12:30 PM.",0.0218,5.5975,5.6193,2026-08-01T07:33:55.524596+00:00,100.4465,1.0,SCORE: 1.0 | REASON: The answer is fully supported by the context as all details about the theory class for CSE460-03 are present in the retrieved context.,baselines,,,,,,,,,,,,,,0.09141730517148972
Q159,bm25_only,1.0,What day and time is the theory class for CSE250-06A?,The theory class for CSE250-06A is on SUN+TUE at 2:00 PM in room 07H-27C.,"Course: CSE250-06A
Theory Initial: RAO
Theory Day: SUN+TUE
Theory Time: 2:00 PM
Theory Room: 07H-27C
Lab Faculty: FFR,MHY
Lab Day: MON
Lab Time: 8:00 AM
Lab Room: 12B-20L

Initial: FFR
Name: Md. Fatin Ishraq Faruqui
Day: Monday
Scheduled commitments (classes/labs/breaks, not availability): 8:00 AM - CSE250-06A (LAB) FFR,MHY 12B-20L; 9:30 AM - CSE250-06A (LAB) FFR,MHY 12B-20L; 11:00 AM - CSE250-04A (LAB) SDQ,FFR 12B-20L; 12:30 PM - CSE250-04A (LAB) SDQ,FFR 12B-20L

Initial: SDAS
Name: Sowmitra Das
Day: Sunday
Scheduled commitments (classes/labs/breaks, not availability): 8:00 AM - CSE250-09A (LAB) SDAS,SZZ 12B-20L; 9:30 AM - CSE250-09A (LAB) SDAS,SZZ 12B-20L; 11:00 AM - CSE251-06A (LAB) SDAS,UPM 12B-20L; 12:30 PM - CSE251-06A (LAB) SDAS,UPM 12B-20L

Course: CSE251-06A
Theory Initial: AQT
Theory Day: MON+WED
Theory Time: 8:00 AM
Theory Room: 07H-27C
Lab Faculty: SDAS,UPM
Lab Day: SUN
Lab Time: 11:00 AM
Lab Room: 12B-20L

Course: CSE350-06A
Theory Initial: ZBH
Theory Day: SUN+TUE
Theory Time: 2:00 PM
Theory Room: 09A-07C
Lab Faculty: TSE,AQT
Lab Day: WED
Lab Time: 11:00 AM
Lab Room: FT10-01L",The theory class for CSE250-06A is held on Sunday and Tuesday at 2:00 PM.,0.0228,5.1833,5.2061,2026-08-01T07:34:00.731304+00:00,100.4156,1.0,"SCORE: 1.0 | REASON: All claims are supported by the context. 

Here's a breakdown of how I arrived at this score:

1. Claim 1: The theory class for CSE250-06A is held on Sunday.
   - Supported by CONTEXT, as Theory Day for CSE250-06A includes SUN.

2. Claim 2: The theory class for CSE250-06A is held on Tuesday.
   - Supported by CONTEXT, as Theory Day for CSE250-06A also includes TUE.

3. Claim 3: The theory class for CSE250-06A is held at 2:00 PM.
   - Supported by CONTEXT, as Theory Time for CSE250-06A is indeed 2:00 PM.

Since all three claims are supported by the context, the score is 1.0.",baselines,,,,,,,,,,,,,,0.10355457663536072
Q165,bm25_only,1.0,What day and time is the theory class for CSE260-04B?,The theory class for CSE260-04B is on SUN+TUE at 11:00 AM in room 09A-03C.,"Course: CSE260-04B
Theory Initial: DZK
Theory Day: SUN+TUE
Theory Time: 11:00 AM
Theory Room: 09A-03C
Lab Faculty: NNTN,MAZW
Lab Day: WED
Lab Time: 11:00 AM
Lab Room: FT10-04L

Initial: MAZW
Name: Mirza Azwad Wakil
Day: Wednesday
Scheduled commitments (classes/labs/breaks, not availability): 8:00 AM - Consultation by Appointment; 9:30 AM - CSE470-01 07F-22C; 11:00 AM - CSE260-04B (LAB) NNTN,MAZW FT10-04L; 12:30 PM - CSE260-04B (LAB) NNTN,MAZW FT10-04L; 2:00 PM - CSE260-12A (LAB) SMDS,MAZW FT10-03L; 3:30 PM - CSE260-12A (LAB) SMDS,MAZW FT10-03L

Course: CSE350-04B
Theory Initial: ARA
Theory Day: SUN+TUE
Theory Time: 8:00 AM
Theory Room: 09A-07C
Lab Faculty: MHY,PDS
Lab Day: THU
Lab Time: 11:00 AM
Lab Room: FT10-02L

Course: CSE250-04B
Theory Initial: FFR
Theory Day: SUN+TUE
Theory Time: 8:00 AM
Theory Room: 07H-27C
Lab Faculty: MHY,PDS
Lab Day: MON
Lab Time: 11:00 AM
Lab Room: 12B-20L

Course: CSE251-04B
Theory Initial: AKJ
Theory Day: SUN+TUE
Theory Time: 12:30 PM
Theory Room: 07H-27C
Lab Faculty: SEF,ALSM
Lab Day: MON
Lab Time: 2:00 PM
Lab Room: 12B-20L",The theory class for CSE260-04B is held on Sunday and Tuesday at 11:00 AM.,0.0216,5.1517,5.1733,2026-08-01T07:34:05.904810+00:00,100.4907,1.0,"SCORE: 1.0 | REASON: All claims are supported by the CONTEXT. 

Here's a breakdown of how I arrived at this score:

1. The theory class for CSE260-04B is held on Sunday and Tuesday at 11:00 AM.
   - Claim 1: Theory Day = SUN+TUE (supported)
   - Claim 2: Theory Time = 11:00 AM (supported)

Since both claims are supported by the CONTEXT, the score is 1.0.",baselines,,,,,,,,,,,,,,0.07414564490318298
Q166,bm25_only,1.0,Who teaches the lab section of CSE321-18?,"The lab section of CSE321-18 is taught by TNF,SVKG.","Course: CSE321-18
Theory Initial: TRZA
Theory Day: MON+WED
Theory Time: 9:30 AM
Theory Room: 09H-33C
Lab Faculty: TNF,SVKG
Lab Day: SAT
Lab Time: 11:00 AM
Lab Room: 10G-32L

Initial: SVKG
Name: Souvik Ghosh
Day: Saturday
Scheduled commitments (classes/labs/breaks, not availability): 8:00 AM - CSE321-21 (LAB) SVKG,AHA 12D-26L; 9:30 AM - CSE321-21 (LAB) SVKG,AHA 12D-26L; 11:00 AM - CSE321-18 (LAB) TNF,SVKG 10G-32L; 12:30 PM - CSE321-18 (LAB) TNF,SVKG 10G-32L; 2:00 PM - CSE321-19 (LAB) NKBS,SVKG 10G-32L; 3:30 PM - CSE321-19 (LAB) NKBS,SVKG 10G-32L

Initial: TNF
Name: Tanhiat Fatema Afnan
Day: Saturday
Scheduled commitments (classes/labs/breaks, not availability): 8:00 AM - CSE321-16 07F-22C; 9:30 AM - CSE321-17 07F-22C; 11:00 AM - CSE321-18 (LAB) TNF,SVKG 10G-32L; 12:30 PM - CSE321-18 (LAB) TNF,SVKG 10G-32L

Initial: ARD
Name: Mr. Ayman Rasheed
Day: Sunday
Scheduled commitments (classes/labs/breaks, not availability): 8:00 AM - CSE221-16 (LAB) ASRF,ARD 09E-21L; 9:30 AM - CSE221-16 (LAB) ASRF,ARD 09E-21L; 11:00 AM - CSE221-18 (LAB) HFN,ARD 09E-21L; 12:30 PM - CSE221-18 (LAB) HFN,ARD 09E-21L; 2:00 PM - CSE330-18 (LAB) ARD,MAJIJ 09F-26L; 3:30 PM - CSE330-18 (LAB) ARD,MAJIJ 09F-26L

Initial: SZD
Name: Md. Shazid Bin Mahbub
Day: Tuesday
Scheduled commitments (classes/labs/breaks, not availability): 8:00 AM - CSE321-02 (LAB) SZD,MAFZ 10G-32L; 9:30 AM - CSE321-02 (LAB) SZD,MAFZ 10G-32L; 11:00 AM - CSE321-15 07F-22C; 12:30 PM - Consultation; 2:00 PM - CSE321-06 (LAB) NRHB,SZD 10G-32L; 3:30 PM - CSE321-06 (LAB) NRHB,SZD 10G-32L",The lab section of CSE321-18 is taught by both TNF and SVKG.,0.0214,4.6706,4.6921,2026-08-01T07:34:10.597294+00:00,100.3,1.0,"SCORE: 1.0 | REASON: The CONTEXT supports all individual factual claims made in the ANSWER. 

Here's how I broke down the process:

1. Decomposed the ANSWER into its individual factual claims:
   - Claim 1: CSE321-18 has a lab section.
   - Claim 2: TNF is involved with the lab section of CSE321-18.
   - Claim 3: SVKG is involved with the lab section of CSE321-18.

2. Checked whether the CONTEXT supports each claim:
   - Claim 1 is supported because there are two entries for CSE321-18 in the Lab section of the CONTEXT, indicating it has a lab section.
   - Claim 2 is supported because TNF's name appears as one of the faculty members teaching the lab section of CSE321-18 in the CONTEXT.
   - Claim 3 is supported because SVKG's name also appears as one of the faculty members teaching the lab section of CSE321-18 in the CONTEXT.

Since all claims are supported, the final score is 1.0.",baselines,,,,,,,,,,,,,,0.29483360052108765
Q171,bm25_only,1.0,Who teaches the lab section of CSE221-19?,"The lab section of CSE221-19 is taught by ARD,ANV.","Course: CSE221-19
Theory Initial: IBA
Theory Day: SUN+TUE
Theory Time: 2:00 PM
Theory Room: 09H-33C
Lab Faculty: ARD,ANV
Lab Day: SAT
Lab Time: 11:00 AM
Lab Room: 09E-22L

Initial: ANV
Name: Md. Anonto Shuvo
Day: Saturday
Scheduled commitments (classes/labs/breaks, not availability): 8:00 AM - CSE221-12 (LAB) NRHB,ANV 09B-10L; 9:30 AM - CSE221-12 (LAB) NRHB,ANV 09B-10L; 11:00 AM - CSE221-19 (LAB) ARD,ANV 09E-22L; 12:30 PM - CSE221-19 (LAB) ARD,ANV 09E-22L; 2:00 PM - CSE221-11 (LAB) ANV,CSYR 09B-09L; 3:30 PM - CSE221-11 (LAB) ANV,CSYR 09B-09L

Initial: ARD
Name: Mr. Ayman Rasheed
Day: Saturday
Scheduled commitments (classes/labs/breaks, not availability): 8:00 AM - CSE221-15 (LAB) MZW,ARD 09E-22L; 9:30 AM - CSE221-15 (LAB) MZW,ARD 09E-22L; 11:00 AM - CSE221-19 (LAB) ARD,ANV 09E-22L; 12:30 PM - CSE221-19 (LAB) ARD,ANV 09E-22L

Initial: NARC
Name: Atonu Roy Chowdhury
Day: Saturday
Scheduled commitments (classes/labs/breaks, not availability): 8:00 AM - CSE221-05 (LAB) NARC,FBAW 09B-08L; 11:00 AM - CSE221-13 (LAB) NARC,NMMR 09B-10L; 2:00 PM - CSE330-18 07D-20C; 3:30 PM - CSE330-19 07D-20C

Initial: FBAW
Name: Faria Binta Awal
Day: Saturday
Scheduled commitments (classes/labs/breaks, not availability): 8:00 AM - CSE221-05 (LAB) NARC,FBAW 09B-08L; 9:30 AM - CSE221-05 (LAB) NARC,FBAW 09B-08L; 11:00 AM - CSE221-06 (LAB) FBAW,ASRF 09B-08L; 12:30 PM - CSE221-06 (LAB) FBAW,ASRF 09B-08L; 2:00 PM - CSE221-17 (LAB) FBAW,NMMR 09B-10L; 3:30 PM - CSE221-17 (LAB) FBAW,NMMR 09B-10L",The lab section of CSE221-19 is taught by both ARD and ANV.,0.0202,4.742,4.7622,2026-08-01T07:34:15.359931+00:00,100.3,1.0,SCORE: 1.0 | REASON: The CONTEXT supports that ARD and ANV are both listed as Lab Faculty for CSE221-19.,baselines,,,,,,,,,,,,,,0.606033444404602
Q175,bm25_only,1.0,Who teaches the lab section of CSE260-19B?,"The lab section of CSE260-19B is taught by CMHQ,CABS.","Course: CSE260-19B
Theory Initial: TWK
Theory Day: SUN+TUE
Theory Time: 2:00 PM
Theory Room: 09A-02C
Lab Faculty: CMHQ,CABS
Lab Day: SAT
Lab Time: 2:00 PM
Lab Room: FT10-04L

Initial: CMHQ
Name: Moinul Haque
Day: Saturday
Scheduled commitments (classes/labs/breaks, not availability): 8:00 AM - CSE260-10A (LAB) CSYR,CMHQ FT11-01L; 9:30 AM - CSE260-10A (LAB) CSYR,CMHQ FT11-01L; 11:00 AM - Consultation; 12:30 PM - Consultation; 2:00 PM - CSE260-19B (LAB) CMHQ,CABS FT10-04L; 3:30 PM - CSE260-19B (LAB) CMHQ,CABS FT10-04L

Initial: CABS
Name: Aabrar Islam
Day: Saturday
Scheduled commitments (classes/labs/breaks, not availability): 2:00 PM - CSE260-19B (LAB) CMHQ,CABS FT10-04L; 3:30 PM - CSE260-19B (LAB) CMHQ,CABS FT10-04L

Initial: TWK
Name: Towshik Anam Taj
Day: Sunday
Scheduled commitments (classes/labs/breaks, not availability): 8:00 AM - CSE260-22B (LAB) TWK,AAF FT10-04L; 9:30 AM - CSE260-22B (LAB) TWK,AAF FT10-04L; 11:00 AM - CSE260-08A (LAB) AFQ,TWK FT10-03L; 12:30 PM - CSE260-08A (LAB) AFQ,TWK FT10-03L; 2:00 PM - CSE260-19A 09A-02C,CSE260-19B 09A-02C; 3:30 PM - Consultation

Question (Banglish): Main advising er shomoy kono course e extra seat kivabe pabo?
Answer (English): Request the section's faculty. If he agrees then he will do the other procedures for your desired section. But you need to have a maximum of 9 credits and also if there is vacany in the other sections and the section is not clashing with the courses of the routine. Your request will be rejected. Extra Seat Request Policy [CSE]:
• The section faculty has the right to deny any extra seat request in their section.
• If a student already is in another section of the same course, the request will be denied. The student may apply for lab change when the form is circulated if they have a clash that is not solveable..
If a student doesn't have the course at all and there are other sections with empty seats, then again the request will be denied. They might be added to an available section (depending on seat availability) without any notice from our side.
• If a student has 4 courses or more then again the request will be denied.
• No extra seat for hardware courses (CSE250,CSE251, CSE260, CSE350).
• A faculty may request max 2 extra seats for a lab based course and theory based course. If the seat status is already -2 in connect, the request will be denied.
Only when there is no suitable section for the student, the student maybe granted an extra seat.",The lab section of CSE260-19B is taught by CMHQ and CABS.,0.0202,4.6625,4.6826,2026-08-01T07:34:20.043084+00:00,100.3,1.0,SCORE: 1.0 | REASON: All claims made in the answer are directly supported by the retrieved context.,baselines,,,,,,,,,,,,,,0.401835560798645
Q178,bm25_only,1.0,Who teaches the lab section of CSE423-05?,"The lab section of CSE423-05 is taught by MAHS,ZLNM.","Course: CSE423-05
Theory Initial: AJA
Theory Day: SUN+TUE
Theory Time: 11:00 AM
Theory Room: 09D-17C
Lab Faculty: MAHS,ZLNM
Lab Day: WED
Lab Time: 2:00 PM
Lab Room: 10E-27L

Initial: MAHS
Name: Md Arif Hasan
Day: Wednesday
Scheduled commitments (classes/labs/breaks, not availability): 11:00 AM - CSE423-01 (LAB) SOSB,MAHS 12D-27L,CSE423-24 (LAB) SOSB,MAHS 12D-27L; 12:30 PM - CSE423-01 (LAB) SOSB,MAHS 12D-27L,CSE423-24 (LAB) SOSB,MAHS 12D-27L; 2:00 PM - CSE423-02 (LAB) MAHS,ZLNM 10E-27L,CSE423-05 (LAB) MAHS,ZLNM 10E-27L; 3:30 PM - CSE423-02 (LAB) MAHS,ZLNM 10E-27L,CSE423-05 (LAB) MAHS,ZLNM 10E-27L

Initial: ZLNM
Name: Md. Zulkar Naim
Day: Wednesday
Scheduled commitments (classes/labs/breaks, not availability): 9:30 AM - CSE340-16 09H-32C; 12:30 PM - CSE340-17 09A-05C; 2:00 PM - CSE423-02 (LAB) MAHS,ZLNM 10E-27L,CSE423-05 (LAB) MAHS,ZLNM 10E-27L; 3:30 PM - CSE423-02 (LAB) MAHS,ZLNM 10E-27L,CSE423-05 (LAB) MAHS,ZLNM 10E-27L

Initial: SRU
Name: Mr. Shakir Rouf
Day: Sunday
Scheduled commitments (classes/labs/breaks, not availability): 11:00 AM - CSE423-08 09C-13C; 12:30 PM - CSE360-05 09C-13C; 2:00 PM - CSE423-09 (LAB) MAFZ,SRU 12D-27L,CSE423-17 (LAB) MAFZ,SRU 12D-27L; 3:30 PM - CSE423-09 (LAB) MAFZ,SRU 12D-27L,CSE423-17 (LAB) MAFZ,SRU 12D-27L

Initial: SRU
Name: Mr. Shakir Rouf
Day: Tuesday
Scheduled commitments (classes/labs/breaks, not availability): 11:00 AM - CSE423-08 09C-13C; 12:30 PM - CSE360-05 09C-13C; 2:00 PM - CSE423-15 (LAB) ZLNM,SRU 12D-27L,CSE423-16 (LAB) ZLNM,SRU 12D-27L; 3:30 PM - CSE423-15 (LAB) ZLNM,SRU 12D-27L,CSE423-16 (LAB) ZLNM,SRU 12D-27L",The lab section of CSE423-05 is taught by Md Arif Hasan and Md. Zulkar Naim.,0.0221,5.5149,5.537,2026-08-01T07:34:25.579935+00:00,100.3,1.0,SCORE: 1.0 | REASON: The answer is fully supported by the context as it accurately reflects the lab instructors for CSE423-05 according to the scheduled commitments.,baselines,,,,,,,,,,,,,,0.22808444499969482
Q183,bm25_only,1.0,Which room is Mr. Md. Tawhid Anwar in?,Mr. Md. Tawhid Anwar is in room 4G03.,"Initial: TAW
Name: Mr. Md. Tawhid Anwar
Designation: Senior Lecturer
Status: Full Time
Room: 4G03
Email: tawhid.anwar@bracu.ac.bd

Initial: TAW
Name: Mr. Md. Tawhid Anwar
Day: Tuesday
Scheduled commitments (classes/labs/breaks, not availability): 9:30 AM - Consultation; 11:00 AM - CSE111-01 10A-05C; 12:30 PM - CSE111-02 10A-05C

Initial: TAW
Name: Mr. Md. Tawhid Anwar
Day: Monday
Scheduled commitments (classes/labs/breaks, not availability): 9:30 AM - Consultation; 11:00 AM - CSE110-05 10A-05C; 12:30 PM - CSE111-03 10A-05C

Initial: TAW
Name: Mr. Md. Tawhid Anwar
Day: Sunday
Scheduled commitments (classes/labs/breaks, not availability): 9:30 AM - Consultation; 11:00 AM - CSE111-01 10A-05C; 12:30 PM - CSE111-02 10A-05C

Initial: TAW
Name: Mr. Md. Tawhid Anwar
Day: Thursday
Scheduled commitments (classes/labs/breaks, not availability): 9:30 AM - Consultation; 11:00 AM - CSE111-03 (LAB) TAW,MAF 12F-32L; 12:30 PM - CSE111-03 (LAB) TAW,MAF 12F-32L",Mr. Md. Tawhid Anwar's room is 4G03.,0.0227,4.4876,4.5103,2026-08-01T07:34:30.090937+00:00,100.6139,1.0,"SCORE: 1.0 | REASON: The answer is fully supported by the context as it directly matches the information provided in the CONTEXT under ""Room"".",baselines,,,,,,,,,,,,,,0.9210470914840698
Q187,bm25_only,1.0,What is FEK's designation?,Farden Ehsan Khan (FEK) is a Lecturer.,"Initial: FEK
Name: Farden Ehsan Khan
Designation: Lecturer
Status: Full Time
Room: 4M117
Email: farden.khan@bracu.ac.bd

Initial: FEK
Name: Farden Ehsan Khan
Day: Thursday
Scheduled commitments (classes/labs/breaks, not availability): 9:30 AM - Consultation By Appointment; 11:00 AM - CSE370-02 (LAB) FEK,MAU 12F-30L; 12:30 PM - CSE370-02 (LAB) FEK,MAU 12F-30L; 2:00 PM - CSE370-05 (LAB) FEK,MRIA 12F-30L; 3:30 PM - CSE370-05 (LAB) FEK,MRIA 12F-30L

Initial: FEK
Name: Farden Ehsan Khan
Day: Wednesday
Scheduled commitments (classes/labs/breaks, not availability): 9:30 AM - CSE370-08 09D-17C; 11:00 AM - CSE111-05 (LAB) AFA,FEK 09B-10L; 12:30 PM - CSE111-05 (LAB) AFA,FEK 09B-10L; 2:00 PM - CSE370-06 08H-22C

Course: CSE370
First Theory Coordinator: FEK
Theory Coordinator Email: farden.khan@bracu.ac.bd
First Lab Coordinator: FEK
Lab Coordinator Email: farden.khan@bracu.ac.bd

Course: CSE370-05
Theory Initial: FEK
Theory Day: SUN+TUE
Theory Time: 2:00 PM
Theory Room: 09A-05C
Lab Faculty: FEK,MRIA
Lab Day: THU
Lab Time: 2:00 PM
Lab Room: 12F-30L",FEK's designation is Lecturer.,0.0143,3.3088,3.3231,2026-08-01T07:34:33.414473+00:00,100.3,1.0,SCORE: 1.0 | REASON: The CONTEXT supports that FEK's designation is Lecturer.,baselines,,,,,,,,,,,,,,0.37777626514434814
Q010,vector_only,0.0,Purpose of the Wishlist event for Summer 2025?,To help plan course offerings based on student demand,"Question: Purpose of the Wishlist event for Summer 2025?
Answer: To help plan course offerings based on student demand

Question (Banglish): Summer 2025 er Wishlist event er purpose ki?
Answer (English): To help plan course offerings based on student demand

Question: Why is participation in the Wishlist event important?
Answer: Course offerings will be based on student demand collected from Wishlist submissions

Question (Banglish): Wishlist event e participation kora keno eto important, seta ektu bujhiye bolben?
Answer (English): Course offerings will be based on student demand collected from Wishlist submissions

Question (Banglish): Ke Wishlist event e participate korte hobe?
Answer (English): All undergraduate students attending upcoming, excluding RS-eligible students and LLB, PHR students",The purpose of the Wishlist event for Summer 2025 is to help plan course offerings based on student demand.,0.0211,4.7347,4.7558,2026-08-01T07:34:38.170540+00:00,0.0232,0.5,SCORE: 0.5 | REASON: Two out of four claims are supported by the context.,baselines,,,,,,,,,,,,,,0.98164302110672
Q016,vector_only,0.0,How to contact with BRACU Finance and Accounts Department?,"BRAC University
Kha-224 Bir Uttam Rafiqul Islam Avenue, Merul Badda,
Dhaka 1212, Bangladesh
Phone: +88 09638464646 Ext: 1220, 1221

Email: queries-accounts@bracu.ac.bd","Question: Can someone help — how to contact with BRACU Finance and Accounts Department?
Answer: BRAC University
Kha-224 Bir Uttam Rafiqul Islam Avenue, Merul Badda,
Dhaka 1212, Bangladesh
Phone: +88 09638464646 Ext: 1220, 1221

Email: queries-accounts@bracu.ac.bd

Question: How to contact with BRACU Finance and Accounts Department?
Answer: BRAC University
Kha-224 Bir Uttam Rafiqul Islam Avenue, Merul Badda,
Dhaka 1212, Bangladesh
Phone: +88 09638464646 Ext: 1220, 1221

Email: queries-accounts@bracu.ac.bd

Question (Banglish): BRACU Finance and Accounts Department ke kivabe contact korbo?
Answer (English): BRAC University
Kha-224 Bir Uttam Rafiqul Islam Avenue, Merul Badda,
Dhaka 1212, Bangladesh
Phone: +88 09638464646 Ext: 1220, 1221

Email: queries-accounts@bracu.ac.bd

Question: Kind of urgent, but how can I contact technical support if I encounter issues with my university account?
Answer: Please email help@bracu.ac.bd about your issue.

Question: How can I contact technical support if I encounter issues with my university account?
Answer: Please email help@bracu.ac.bd about your issue.","To contact the BRACU Finance and Accounts Department, you can visit BRAC University at Kha-224 Bir Uttam Rafiqul Islam Avenue, Merul Badda, Dhaka 1212, Bangladesh, or call them at +88 09638464646 Ext: 1220, 1221. Alternatively, you can email them at queries-accounts@bracu.ac.bd.",0.0195,11.0544,11.0738,2026-08-01T07:34:49.245078+00:00,0.0009,0.5,SCORE: 0.5 | REASON: The answer contains two unsupported claims about contacting technical support via email help@bracu.ac.bd.,baselines,,,,,,,,,,,,,,0.799668550491333
Q017,vector_only,0.0,"Hey, for further information regarding Admission who should I contact?","For more queries, please contact the Inquiry, Registration & Admissions Office, BRACU (Phone: +88 09638464646, Call Center Ext: 1001. You can also send e-mail at admissions@bracu.ac.bd.","Question: Hey, for further information regarding Admission who should I contact?
Answer: For more queries, please contact the Inquiry, Registration & Admissions Office, BRACU (Phone: +88 09638464646, Call Center Ext: 1001. You can also send e-mail at admissions@bracu.ac.bd.

Question: For further information regarding Admission who should I contact?
Answer: For more queries, please contact the Inquiry, Registration & Admissions Office, BRACU (Phone: +88 09638464646, Call Center Ext: 1001. You can also send e-mail at admissions@bracu.ac.bd.

Question (Banglish): Admissions office ke ami kivabe contact korbo?
Answer (English): You can mail to admissions@bracu.ac.bd

Question: How do I contact the admissions office?
Answer: You can mail to admissions@bracu.ac.bd

Question: What's the process to contact the admissions office?
Answer: You can mail to admissions@bracu.ac.bd","For more queries regarding admission, please contact the Inquiry, Registration & Admissions Office, BRACU (Phone: +88 09638464646, Call Center Ext: 1001. You can also send e-mail at admissions@bracu.ac.bd.",0.019,7.5727,7.5918,2026-08-01T07:34:56.837267+00:00,0.0044,1.0,SCORE: 1.0 | REASON: All claims are directly supported by the provided CONTEXT.,baselines,,,,,,,,,,,,,,0.62596595287323
Q019,vector_only,0.0,How are students informed about changes to the transport service?,Students are informed through official BRAC University notices and announcements.,"Question: How are students informed about changes to the transport service?
Answer: Students are informed through official BRAC University notices and announcements.

Question (Banglish): Transport service e change hole student der kivabe janano hoy?
Answer (English): Students are informed through official BRAC University notices and announcements.

Question: How can students report a problem with the transport service?
Answer: Students can report issues by calling the designated route-specific numbers or reaching out to transport officers.

Question: What are the features of the transport service?
Answer: The service includes air-conditioned buses, fixed routes with designated stoppages, GPS tracking, CCTV cameras for security, and a strict schedule for pick-up and drop-off.

Question: Hi, how will the new system help students stay informed about semester events and deadlines?
Answer: Through access to the Academic Calendar, which includes semester events, holidays, and important deadlines.",Students are informed through official BRAC University notices and announcements.,0.0218,3.8583,3.8801,2026-08-01T07:35:00.717314+00:00,0.2153,1.0,SCORE: 1.0 | REASON: All claims are directly supported by the provided CONTEXT.,baselines,,,,,,,,,,,,,,0.9885925054550171
Q031,vector_only,0.0,"New student here, could you please provide details about the tuition fee structure at BRAC University?","For students enrolled in the Computer Science and Engineering (CSE) program at BRAC University, the tuition fee structure includes a one-time, non-refundable admission fee of BDT 30,800. Each course within the CSE program costs BDT 22,500. Additionally, students are required to pay a semester fee of BDT 11,500, which covers various facilities such as IT services and library access. There is also a one-time library membership fee of BDT 2,500. This fee structure is designed to support the comprehensive education provided in the CSE program, ensuring access to advanced resources and facilities?","Question: Could you please provide details about the tuition fee structure at BRAC University?
Answer: For students enrolled in the Computer Science and Engineering (CSE) program at BRAC University, the tuition fee structure includes a one-time, non-refundable admission fee of BDT 30,800. Each course within the CSE program costs BDT 22,500. Additionally, students are required to pay a semester fee of BDT 11,500, which covers various facilities such as IT services and library access. There is also a one-time library membership fee of BDT 2,500. This fee structure is designed to support the comprehensive education provided in the CSE program, ensuring access to advanced resources and facilities?

Question: New student here, could you please provide details about the tuition fee structure at BRAC University?
Answer: For students enrolled in the Computer Science and Engineering (CSE) program at BRAC University, the tuition fee structure includes a one-time, non-refundable admission fee of BDT 30,800. Each course within the CSE program costs BDT 22,500. Additionally, students are required to pay a semester fee of BDT 11,500, which covers various facilities such as IT services and library access. There is also a one-time library membership fee of BDT 2,500. This fee structure is designed to support the comprehensive education provided in the CSE program, ensuring access to advanced resources and facilities?

Question (Banglish): BRAC University er tuition fee structure ta ektu bolben please?
Answer (English): For students enrolled in the Computer Science and Engineering (CSE) program at BRAC University, the tuition fee structure includes a one-time, non-refundable admission fee of BDT 30,800. Each course within the CSE program costs BDT 22,500. Additionally, students are required to pay a semester fee of BDT 11,500, which covers various facilities such as IT services and library access. There is also a one-time library membership fee of BDT 2,500. This fee structure is designed to support the comprehensive education provided in the CSE program, ensuring access to advanced resources and facilities

Question: Not sure if this is covered elsewhere, but what's the tuition fee at North South University?
Answer: That's outside what I can help with - I only have information about BRAC University. North South University's own website would have their current fee structure.

Question: What's the tuition fee at North South University?
Answer: That's outside what I can help with - I only have information about BRAC University. North South University's own website would have their current fee structure.","For students enrolled in the Computer Science and Engineering (CSE) program at BRAC University, the tuition fee structure includes a one-time, non-refundable admission fee of BDT 30,800. Each course within the CSE program costs BDT 22,500. Additionally, students are required to pay a semester fee of BDT 11,500, which covers various facilities such as IT services and library access. There is also a one-time library membership fee of BDT 2,500. This fee structure is designed to support the comprehensive education provided in the CSE program, ensuring access to advanced resources and facilities?",0.033,17.2271,17.2601,2026-08-01T07:35:17.978130+00:00,0.0088,1.0,SCORE: 1.0 | REASON: The answer is fully supported by the context as it directly quotes the provided information about BRAC University's tuition fee structure.,baselines,,,,,,,,,,,,,,0.9848341941833496
Q046,vector_only,0.0,What sports teams does the university have?,"BRAC University Football Club, BRAC University Chess Club, BRAC University Cricket Club, and BRAC University Indoor Games Club.","Question: What sports teams does the university have?
Answer: BRAC University Football Club, BRAC University Chess Club, BRAC University Cricket Club, and BRAC University Indoor Games Club.

Question: New student here, what sports teams does the university have?
Answer: BRAC University Football Club, BRAC University Chess Club, BRAC University Cricket Club, and BRAC University Indoor Games Club.

Question: I looked around the site but couldn't find it — what sports teams does the university have?
Answer: BRAC University Football Club, BRAC University Chess Club, BRAC University Cricket Club, and BRAC University Indoor Games Club.

Question (Banglish): University te ki ki sports team ache?
Answer (English): BRAC University Football Club, BRAC University Chess Club, BRAC University Cricket Club, and BRAC University Indoor Games Club.

Question: What are the sports opportunities in Tarc?
Answer: During my period i have seen students playing volleyball,basketball,football and cricket.Football, cricket and tennis tournaments are arranged and students also get jersey.These tournaments are celebrated among the students in a big manner","The university has BRAC University Football Club, BRAC University Chess Club, BRAC University Cricket Club, and BRAC University Indoor Games Club.",0.0157,5.4542,5.4699,2026-08-01T07:35:23.448135+00:00,0.0044,0.8,"SCORE: 0.8 | REASON: Four out of five sports teams mentioned are supported by the context, but BRAC University Indoor Games Club is not explicitly mentioned in any question or answer.",baselines,,,,,,,,,,,,,,0.9736749529838562
Q056,vector_only,0.0,"New student here, when was BRAC University established and who founded it?","BRAC University was established in 2001, founded by Sir Fazle Hasan Abed, and is affiliated with the University Grants Commission (UGC) of Bangladesh.","Question: New student here, when was BRAC University established and who founded it?
Answer: BRAC University was established in 2001, founded by Sir Fazle Hasan Abed, and is affiliated with the University Grants Commission (UGC) of Bangladesh.

Question: I'm new to BRAC University - can you tell me what year the university started and who is behind its founding?
Answer: BRAC University was established in 2001, founded by Sir Fazle Hasan Abed, and is affiliated with the University Grants Commission (UGC) of Bangladesh.

Question: Quick question — when was BRAC University established and who founded it?
Answer: BRAC University was established in 2001, founded by Sir Fazle Hasan Abed, and is affiliated with the University Grants Commission (UGC) of Bangladesh.

Question: When was BRAC University established and who founded it?
Answer: BRAC University was established in 2001, founded by Sir Fazle Hasan Abed, and is affiliated with the University Grants Commission (UGC) of Bangladesh.

Question: I'm new to BRAC University, can you tell me what year it started up and who actually set it all in motion?
Answer: BRAC University was established in 2001, founded by Sir Fazle Hasan Abed, and is affiliated with the University Grants Commission (UGC) of Bangladesh.","BRAC University was established in 2001, founded by Sir Fazle Hasan Abed, and is affiliated with the University Grants Commission (UGC) of Bangladesh.",0.0251,5.9357,5.9608,2026-08-01T07:35:29.409363+00:00,0.0947,1.0,"SCORE: 1.0 | REASON: All three claims (established year, founder, and affiliation with UGC) are explicitly mentioned in the CONTEXT.",baselines,,,,,,,,,,,,,,0.9918408393859863
Q057,vector_only,0.0,Who must participate in the Wishlist event?,"All undergraduate students attending upcoming, excluding RS-eligible students and LLB, PHR students","Question: Who must participate in the Wishlist event?
Answer: All undergraduate students attending upcoming, excluding RS-eligible students and LLB, PHR students

Question: Which group of students is not required to participate in the Wishlist event?
Answer: Students who are eligible for residential semester in the upcoming semester.

Question (Banglish): Kon group er student der Wishlist event e participate korar requirement nei?
Answer (English): Students who are eligible for residential semester in the upcoming semester.

Question (Banglish): Ke Wishlist event e participate korte hobe?
Answer (English): All undergraduate students attending upcoming, excluding RS-eligible students and LLB, PHR students

Question (Banglish): Wishlist event e participate na korle ki consequence hoy?
Answer (English): Student will not be allowed to register during Pre-Registration Phase 1","All undergraduate students attending upcoming, excluding RS-eligible students and LLB, PHR students.",0.0201,4.4974,4.5174,2026-08-01T07:35:33.926906+00:00,0.1238,0.8,"SCORE: 0.8 | REASON: The answer is partially supported as it correctly excludes RS-eligible students and LLB, PHR students but does not mention students eligible for residential semester in the upcoming semester.",baselines,,,,,,,,,,,,,,0.0150204012170434
Q061,vector_only,0.0,How do I access the Multipurpose Hall?,"Ground Floor, Find the lift lobby(2nd escalator); go straight to the West Side, where you will find some seats next to the Multipurpose Hall.","Question: How do I access the Multipurpose Hall?
Answer: Ground Floor, Find the lift lobby(2nd escalator); go straight to the West Side, where you will find some seats next to the Multipurpose Hall.

Question (Banglish): Multipurpose Hall ami kivabe access korbo?
Answer (English): Ground Floor, Find the lift lobby(2nd escalator); go straight to the West Side, where you will find some seats next to the Multipurpose Hall.

Question: Where is the multi-purpose hall?
Answer: The multi-purpose hall is located on the ground floor.

Question (Banglish): Multi-purpose hall kothay?
Answer (English): The multi-purpose hall is located on the ground floor.

Question: How can I access the Prayer Room for females?
Answer: The Prayer Room is located in front of the indoor Multipurpose Hall and on 6th floor(ZONE-H)","The Multipurpose Hall is located on the Ground Floor, specifically near the West Side. To access it, find the lift lobby (2nd escalator) on the Ground Floor, go straight to the West Side, and you will find some seats next to the hall.",0.021,7.7352,7.7562,2026-08-01T07:35:41.683548+00:00,0.1474,0.8,SCORE: 0.8 | REASON: Two out of three specific location-related claims are supported by the context.,baselines,,,,,,,,,,,,,,0.950032651424408
Q066,vector_only,0.0,Can you tell me what the prerequisites for the Cse program are?,"Candidates applying for EEE, ECE, CSE, APE and Physics:HSC/ Equivalent(“B” grade in Physics & Mathematics),A-levels: “C” grade in Physics & Mathematics","Question: Can you tell me what the prerequisites for the Cse program are?
Answer: Candidates applying for EEE, ECE, CSE, APE and Physics:HSC/ Equivalent(“B” grade in Physics & Mathematics),A-levels: “C” grade in Physics & Mathematics

Question: What are the prerequisites for the Cse program?
Answer: Candidates applying for EEE, ECE, CSE, APE and Physics:HSC/ Equivalent(“B” grade in Physics & Mathematics),A-levels: “C” grade in Physics & Mathematics

Question (Banglish): CSE program er prerequisite gula ki?
Answer (English): Candidates applying for EEE, ECE, CSE, APE and Physics:HSC/ Equivalent(""B"" grade in Physics & Mathematics),A-levels: ""C"" grade in Physics & Mathematics

Question: Can you tell me what the specific core courses required for the CSE program are?
Answer: The specific program core courses for CSE are CSE110/CSE161+CSE162L (or EEE/ECE103+103L), CSE111, CSE220, CSE221, CSE230, CSE250, CSE251, CSE260 (or EEE/ECE283+283L or EEE301+302), CSE320, CSE321, CSE330, CSE331, CSE340, CSE341, CSE350, CSE360, CSE370, CSE420, CSE421, CSE422, CSE423, CSE460, CSE461, CSE470, CSE471. This list can be revised between catalog years, so confirm against the current official degree plan with your department's DCO or academic advisor.

Question: What are the specific core courses required for the CSE program?
Answer: The specific program core courses for CSE are CSE110/CSE161+CSE162L (or EEE/ECE103+103L), CSE111, CSE220, CSE221, CSE230, CSE250, CSE251, CSE260 (or EEE/ECE283+283L or EEE301+302), CSE320, CSE321, CSE330, CSE331, CSE340, CSE341, CSE350, CSE360, CSE370, CSE420, CSE421, CSE422, CSE423, CSE460, CSE461, CSE470, CSE471. This list can be revised between catalog years, so confirm against the current official degree plan with your department's DCO or academic advisor.","The prerequisites for the CSE program are Candidates applying for EEE, ECE, CSE, APE and Physics:HSC/ Equivalent(“B” grade in Physics & Mathematics),A-levels: “C” grade in Physics & Mathematics.",0.0223,8.1237,8.1459,2026-08-01T07:35:49.829784+00:00,0.0181,1.0,SCORE: 1.0 | REASON: All individual factual claims in the ANSWER are fully supported by the CONTEXT.,baselines,,,,,,,,,,,,,,0.9715884327888489
Q067,vector_only,0.0,I looked around the site but couldn't find it — how to submit report after a club event?,"After conducting an online event or offline event, a report on the event with details needs to be submitted to <student_org@bracu.ac.bd> within 7 working days. Without the report, future proposals will not be accepted and approved.

• The report must contain a minimum of 500 words to a maximum of 1000 words with detailed activities, discussion, social impact, and outcome. If you get any media, coverage please provide the link.

• The social media data must be included in the report such as the number of attendees, likes, shares, views, and comments. For the best accuracy please collect this information immediately after the event is completed.

• After receiving and reviewing the appropriate report, we will complete the event or online program. Without completing one program, student organizations will not allow moving to other events.","Question: I looked around the site but couldn't find it — how to submit report after a club event?
Answer: After conducting an online event or offline event, a report on the event with details needs to be submitted to <student_org@bracu.ac.bd> within 7 working days. Without the report, future proposals will not be accepted and approved.

• The report must contain a minimum of 500 words to a maximum of 1000 words with detailed activities, discussion, social impact, and outcome. If you get any media, coverage please provide the link.

• The social media data must be included in the report such as the number of attendees, likes, shares, views, and comments. For the best accuracy please collect this information immediately after the event is completed.

• After receiving and reviewing the appropriate report, we will complete the event or online program. Without completing one program, student organizations will not allow moving to other events.

Question: How to submit report after a club event?
Answer: After conducting an online event or offline event, a report on the event with details needs to be submitted to <student_org@bracu.ac.bd> within 7 working days. Without the report, future proposals will not be accepted and approved.

• The report must contain a minimum of 500 words to a maximum of 1000 words with detailed activities, discussion, social impact, and outcome. If you get any media, coverage please provide the link.

• The social media data must be included in the report such as the number of attendees, likes, shares, views, and comments. For the best accuracy please collect this information immediately after the event is completed.

• After receiving and reviewing the appropriate report, we will complete the event or online program. Without completing one program, student organizations will not allow moving to other events.

Question: Hey, how to submit report after a club event?
Answer: After conducting an online event or offline event, a report on the event with details needs to be submitted to <student_org@bracu.ac.bd> within 7 working days. Without the report, future proposals will not be accepted and approved.

• The report must contain a minimum of 500 words to a maximum of 1000 words with detailed activities, discussion, social impact, and outcome. If you get any media, coverage please provide the link.

• The social media data must be included in the report such as the number of attendees, likes, shares, views, and comments. For the best accuracy please collect this information immediately after the event is completed.

• After receiving and reviewing the appropriate report, we will complete the event or online program. Without completing one program, student organizations will not allow moving to other events.

Question (Banglish): Club event er por report kivabe submit korbo?
Answer (English): After conducting an online event or offline event, a report on the event with details needs to be submitted to <student_org@bracu.ac.bd> within 7 working days. Without the report, future proposals will not be accepted and approved.

• The report must contain a minimum of 500 words to a maximum of 1000 words with detailed activities, discussion, social impact, and outcome. If you get any media, coverage please provide the link.

• The social media data must be included in the report such as the number of attendees, likes, shares, views, and comments. For the best accuracy please collect this information immediately after the event is completed.

• After receiving and reviewing the appropriate report, we will complete the event or online program. Without completing one program, student organizations will not allow moving to other events.

Question (Banglish): Shob report kobe er modhye submit korte hobe?
Answer (English): Within the deadline declared in the running semester.","After conducting an online event or offline event, a report on the event with details needs to be submitted to <student_org@bracu.ac.bd> within 7 working days. Without the report, future proposals will not be accepted and approved.

The report must contain a minimum of 500 words to a maximum of 1000 words with detailed activities, discussion, social impact, and outcome. If you get any media, coverage please provide the link.

The social media data must be included in the report such as the number of attendees, likes, shares, views, and comments. For the best accuracy please collect this information immediately after the event is completed.

After receiving and reviewing the appropriate report, we will complete the event or online program. Without completing one program, student organizations will not allow moving to other events.",0.0232,22.5486,22.5718,2026-08-01T07:36:12.401829+00:00,0.0135,0.8,"SCORE: 0.8 | REASON: The ANSWER is mostly supported by the CONTEXT, but it lacks specific information about submitting reports within a semester's deadline and does not mention the importance of collecting social media data immediately after the event.",baselines,,,,,,,,,,,,,,0.9838569164276123
Q068,vector_only,0.0,Can you tell me what the Syndicate at BRAC University is?,"The Syndicate, chaired by the Vice-Chancellor, supervises the university's academic and administrative functions.","Question: I wanted to ask, what is the Syndicate at BRAC University?
Answer: The Syndicate, chaired by the Vice-Chancellor, supervises the university's academic and administrative functions.

Question: Can you tell me what the Syndicate at BRAC University is?
Answer: The Syndicate, chaired by the Vice-Chancellor, supervises the university's academic and administrative functions.

Question: What's the deal with the Syndicate at BRAC University - I've heard it mentioned but I'm not really sure what it does.
Answer: The Syndicate, chaired by the Vice-Chancellor, supervises the university's academic and administrative functions.

Question: What is the Syndicate at BRAC University?
Answer: The Syndicate, chaired by the Vice-Chancellor, supervises the university's academic and administrative functions.

Question: What's the deal with this thing called the Syndicate at BRAC U, I've seen it mentioned but don't really know what it's all about.
Answer: The Syndicate, chaired by the Vice-Chancellor, supervises the university's academic and administrative functions.","The Syndicate, chaired by the Vice-Chancellor, supervises the university's academic and administrative functions.",0.0248,4.7475,4.7723,2026-08-01T07:36:17.175066+00:00,0.0394,1.0,SCORE: 1.0 | REASON: All claims are identical and supported by the same context.,baselines,,,,,,,,,,,,,,0.990502119064331
Q069,vector_only,0.0,Can you tell me what the eligibility criteria for receiving financial aid are?,"BRAC University offers financial aid to students based on demonstrated financial need. Financial aid eligibility is reassessed regularly, and students may need to maintain satisfactory academic performance. Special consideration may be given to students from disadvantaged backgrounds or those facing extraordinary circumstances. The Financial Aid Office can provide more detailed information on the application process.","Question: Can you tell me what the eligibility criteria for receiving financial aid are?
Answer: BRAC University offers financial aid to students based on demonstrated financial need. Financial aid eligibility is reassessed regularly, and students may need to maintain satisfactory academic performance. Special consideration may be given to students from disadvantaged backgrounds or those facing extraordinary circumstances. The Financial Aid Office can provide more detailed information on the application process.

Question: What are the eligibility criteria for receiving financial aid?
Answer: BRAC University offers financial aid to students based on demonstrated financial need. Financial aid eligibility is reassessed regularly, and students may need to maintain satisfactory academic performance. Special consideration may be given to students from disadvantaged backgrounds or those facing extraordinary circumstances. The Financial Aid Office can provide more detailed information on the application process.

Question: Can you tell me what the requirements for maintaining financial aid eligibility are?
Answer: At BRAC University, students must maintain a minimum CGPA of 3.25, be enrolled full-time, meet satisfactory academic progress, follow the code of conduct, and sometimes demonstrate ongoing financial need to maintain financial aid eligibility.

Question: What are the requirements for maintaining financial aid eligibility?
Answer: At BRAC University, students must maintain a minimum CGPA of 3.25, be enrolled full-time, meet satisfactory academic progress, follow the code of conduct, and sometimes demonstrate ongoing financial need to maintain financial aid eligibility.

Question (Banglish): Financial aid pete eligibility criteria ki ki?
Answer (English): BRAC University offers financial aid to students based on demonstrated financial need. Financial aid eligibility is reassessed regularly, and students may need to maintain satisfactory academic performance. Special consideration may be given to students from disadvantaged backgrounds or those facing extraordinary circumstances. The Financial Aid Office can provide more detailed information on the application process.","BRAC University offers financial aid to students based on demonstrated financial need. Financial aid eligibility is reassessed regularly, and students may need to maintain satisfactory academic performance. Special consideration may be given to students from disadvantaged backgrounds or those facing extraordinary circumstances. The Financial Aid Office can provide more detailed information on the application process.",0.0208,8.7034,8.7241,2026-08-01T07:36:25.899510+00:00,0.0247,0.8,"SCORE: 0.8 | REASON: The answer is mostly supported by the context, but lacks specific details about maintaining a minimum CGPA and being enrolled full-time as requirements for financial aid eligibility.",baselines,,,,,,,,,,,,,,0.9892158508300781
Q070,vector_only,0.0,For a friend who's asking — do I need to pay any fee to collect my degree certificate at Convocation?,"No, based on published notices, there is no fee to collect your certificate at the time of Convocation itself; fees apply if you request documents outside of that window.","Question: For a friend who's asking — do I need to pay any fee to collect my degree certificate at Convocation?
Answer: No, based on published notices, there is no fee to collect your certificate at the time of Convocation itself; fees apply if you request documents outside of that window.

Question: Am I required to need to pay any fee to collect my degree certificate at Convocation?
Answer: No, based on published notices, there is no fee to collect your certificate at the time of Convocation itself; fees apply if you request documents outside of that window.

Question: Do I need to pay any fee to collect my degree certificate at Convocation?
Answer: No, based on published notices, there is no fee to collect your certificate at the time of Convocation itself; fees apply if you request documents outside of that window.

Question (Banglish): Convocation e degree certificate collect korte ki amake fee dite hobe?
Answer (English): No, based on published notices, there is no fee to collect your certificate at the time of Convocation itself; fees apply if you request documents outside of that window.

Question (Banglish): Degree processing ar certificate er fee koto?
Answer (English): - Degree Processing Fee: BDT 10,000
- Provisional Certificate: BDT 1,000
- Emergency Provisional Certificate: BDT 2,500
- Degree Completion Letter: BDT 200","No, based on published notices, there is no fee to collect your certificate at the time of Convocation itself; fees apply if you request documents outside of that window.",0.0248,6.0661,6.0909,2026-08-01T07:36:31.990520+00:00,0.0179,1.0,SCORE: 1.0 | REASON: The answer is fully supported by the context as it directly quotes published notices with no conflicting information.,baselines,,,,,,,,,,,,,,0.9921911358833313
Q076,vector_only,0.0,Provide me the contact information of library staffs.,"You can contact Librarian at: librarian@bracu.ac.bd, hasina@bracu.ac.bd
Deputy Librarian: nasiruddin@bracu.ac.bd, murtoza@bracu.ac.bd","Question: Provide me the contact information of library staffs.
Answer: You can contact Librarian at: librarian@bracu.ac.bd, hasina@bracu.ac.bd
Deputy Librarian: nasiruddin@bracu.ac.bd, murtoza@bracu.ac.bd

Question: Can someone help — provide me the contact information of library staffs?
Answer: You can contact Librarian at: librarian@bracu.ac.bd, hasina@bracu.ac.bd
Deputy Librarian: nasiruddin@bracu.ac.bd, murtoza@bracu.ac.bd

Question: For a friend who's asking — provide me the contact information of library staffs?
Answer: You can contact Librarian at: librarian@bracu.ac.bd, hasina@bracu.ac.bd
Deputy Librarian: nasiruddin@bracu.ac.bd, murtoza@bracu.ac.bd

Question: I wanted to ask, provide me the contact information of library staffs?
Answer: You can contact Librarian at: librarian@bracu.ac.bd, hasina@bracu.ac.bd
Deputy Librarian: nasiruddin@bracu.ac.bd, murtoza@bracu.ac.bd

Question: This might be a silly question, but provide me the contact information of library staffs?
Answer: You can contact Librarian at: librarian@bracu.ac.bd, hasina@bracu.ac.bd
Deputy Librarian: nasiruddin@bracu.ac.bd, murtoza@bracu.ac.bd","You can contact Librarian at: librarian@bracu.ac.bd, hasina@bracu.ac.bd
Deputy Librarian: nasiruddin@bracu.ac.bd, murtoza@bracu.ac.bd",0.02,7.4139,7.434,2026-08-01T07:36:39.424879+00:00,0.0652,1.0,SCORE: 1.0 | REASON: All contact information provided in the answer is present in the context.,baselines,,,,,,,,,,,,,,0.9184495210647583
Q077,vector_only,0.0,Consequence of not confirming advising during the Self-Registration period?,All selected courses will be automatically cancelled,"Question: Consequence of not confirming advising during the Self-Registration period?
Answer: All selected courses will be automatically cancelled

Question (Banglish): Self-Registration period e advising confirm na korle ki consequence hoy?
Answer (English): All selected courses will be automatically cancelled

Question: What is the impact of confirming the Wishlist within the slot time?
Answer: Ensures eligibility for Pre-Registration Phase 1 and contributes to course planning

Question: Result of confirming advising in Summer 2025?
Answer: Advising will be confirmed and necessary fees will be automatically applied.

Question: Just wondering, what happens if a student fails to confirm the Wishlist on time?
Answer: Student will not be considered a participant and cannot register in Pre-Registration Phase 1",All selected courses will be automatically cancelled.,0.0224,3.6589,3.6813,2026-08-01T07:36:43.106383+00:00,0.136,0.5,"SCORE: 0.5 | REASON: Only two out of four individual factual claims are supported by the context. 

The ANSWER ""All selected courses will be automatically cancelled"" is decomposed into four individual claims:

1. All selected courses will be automatically cancelled.
2. This consequence occurs when advising is not confirmed during the Self-Registration period.
3. Confirming the Wishlist within the slot time ensures eligibility for Pre-Registration Phase 1 and contributes to course planning (this claim is actually supported by the context).
4. Advising will be confirmed and necessary fees will be automatically applied if it is confirmed in Summer 2025 (this claim is not supported by the context).

Only claims 1 and 3 are supported by the context, hence the score of 0.5.",baselines,,,,,,,,,,,,,,0.973249077796936
Q079,vector_only,0.0,What steps do I need to follow to access the Prayer Room for females?,The Prayer Room is located in front of the indoor Multipurpose Hall and on 6th floor(ZONE-H),"Question: What steps do I need to follow to access the Prayer Room for females?
Answer: The Prayer Room is located in front of the indoor Multipurpose Hall and on 6th floor(ZONE-H)

Question: How can I access the Prayer Room for females?
Answer: The Prayer Room is located in front of the indoor Multipurpose Hall and on 6th floor(ZONE-H)

Question: Where can I find the Prayer Room for females?
Answer: In front of the indoor (Multipurpose Hall) and also on 6th floor(ZONE-H).

Question (Banglish): Female der Prayer Room ami kivabe access korbo?
Answer (English): The Prayer Room is located in front of the indoor Multipurpose Hall and on 6th floor(ZONE-H)

Question: Where's the female prayer room?
Answer: The female prayer room is located on the ground floor near reception and also another one on 6th floor.(ZONE-H).","The steps you need to follow to access the Prayer Room for females are not specified in the retrieved context, as it only provides information about the location of the Prayer Room.",0.0238,5.9062,5.93,2026-08-01T07:36:49.036825+00:00,0.1037,0.5,SCORE: 0.5 | REASON: Only two out of four location-related claims are supported by the context.,baselines,,,,,,,,,,,,,,0.025517908856272697
Q083,vector_only,0.0,How long does the Early Childhood Development (ECD) program take to complete?,"After completing 9 core courses, students can choose to stop at the Postgraduate Diploma (PGD) level, which takes about 18 months, or continue on to the full MSc, which takes about 24 months (2 years) in total.","Question: How long does the Early Childhood Development (ECD) program take to complete?
Answer: After completing 9 core courses, students can choose to stop at the Postgraduate Diploma (PGD) level, which takes about 18 months, or continue on to the full MSc, which takes about 24 months (2 years) in total.

Question (Banglish): Early Childhood Development (ECD) program complete korte koto shomoy lage?
Answer (English): After completing 9 core courses, students can choose to stop at the Postgraduate Diploma (PGD) level, which takes about 18 months, or continue on to the full MSc, which takes about 24 months (2 years) in total.

Question: I wanted to ask, how long does the Bachelor of Architecture program typically take to complete?
Answer: The Bachelor of Architecture requires 207 credits total. With a typical load of around 15 credits per semester, the program is recommended to take about 5 years (15 semesters) to complete, though students may take up to 21 credits per semester depending on academic standing and advisor approval.

Question: How long does the Bachelor of Architecture program typically take to complete?
Answer: The Bachelor of Architecture requires 207 credits total. With a typical load of around 15 credits per semester, the program is recommended to take about 5 years (15 semesters) to complete, though students may take up to 21 credits per semester depending on academic standing and advisor approval.

Question: How is the Master of Development Studies (MDS) program structured across its two years?
Answer: In the first year, MDS gives students a broad grounding in the core concepts, theories, and debates in development studies. In the second year, students specialize through elective courses in a specific area of development studies of their choice.",The Early Childhood Development (ECD) program takes about 18 months to complete at the Postgraduate Diploma level or about 24 months (2 years) in total if students choose to continue on to the full MSc.,0.0268,7.0783,7.1052,2026-08-01T07:36:56.142471+00:00,0.1319,0.5,"SCORE: 0.5 | REASON: The answer partially matches the context for the ECD program, but incorrectly states that it takes about 24 months (2 years) in total to complete at the MSc level when the context only mentions this duration if students choose to continue on from the PGD level.",baselines,,,,,,,,,,,,,,0.015750693157315254
Q085,vector_only,0.0,Does BRAC University offer any short professional certificate courses outside its degree programs?,"Yes. For example, BRAC University partnered with Swisscontact Bangladesh to launch a Professional Certificate Course on Environmental, Social and Governance (ESG), aimed at industry professionals - its first batch began in February 2026, aimed particularly at export-oriented sectors like ready-made garments.","Question: Does BRAC University offer any short professional certificate courses outside its degree programs?
Answer: Yes. For example, BRAC University partnered with Swisscontact Bangladesh to launch a Professional Certificate Course on Environmental, Social and Governance (ESG), aimed at industry professionals - its first batch began in February 2026, aimed particularly at export-oriented sectors like ready-made garments.

Question (Banglish): BRAC University ki degree program er baire kono short professional certificate course offer kore?
Answer (English): Yes. For example, BRAC University partnered with Swisscontact Bangladesh to launch a Professional Certificate Course on Environmental, Social and Governance (ESG), aimed at industry professionals - its first batch began in February 2026, aimed particularly at export-oriented sectors like ready-made garments.

Question: Does BRAC University offer any online courses?
Answer: We do not offer online courses or degree programs.

Question: What kinds of Postgraduate Certificate and Diploma courses does BRAC University offer?
Answer: Examples include the Postgraduate Certificate in Construction Management (CCM), described as the first program of its kind in Bangladesh, aimed at graduates in Architecture, Engineering, Management or related fields, with candidates required to pass an interview as part of admission.

Question: Just wondering, does BRAC University offer any online courses?
Answer: We do not offer online courses or degree programs.","Yes. For example, BRAC University partnered with Swisscontact Bangladesh to launch a Professional Certificate Course on Environmental, Social and Governance (ESG), aimed at industry professionals - its first batch began in February 2026, aimed particularly at export-oriented sectors like ready-made garments.",0.0279,7.8458,7.8737,2026-08-01T07:37:04.016816+00:00,0.2381,0.5,"SCORE: 0.5 | REASON: The answer partially matches the context, as it mentions a specific certificate course, but does not mention online courses or postgraduate certificates/diplomas that are also mentioned in the context.",baselines,,,,,,,,,,,,,,0.9848228096961975
Q094,vector_only,0.0,Does ENH offer a minor for students outside the department?,"Yes, ENH offers a Minor in History, open to students from any department, letting them take history courses to help contextualize their main field of study.","Question: Does ENH offer a minor for students outside the department?
Answer: Yes, ENH offers a Minor in History, open to students from any department, letting them take history courses to help contextualize their main field of study.

Question (Banglish): ENH ki department er baire student der jonno minor offer kore?
Answer (English): Yes, ENH offers a Minor in History, open to students from any department, letting them take history courses to help contextualize their main field of study.

Question: Can students minor in EEE if it's not their major department?
Answer: Yes, BRAC University offers a Minor in EEE with its own defined set of required courses and prerequisites (such as Electrical Circuits I & II and Electronic Circuits I & II), open to students from other departments who meet the prerequisites.

Question: Can BBA students choose a minor outside the business school?
Answer: Yes. Students may graduate without a minor by taking any three 300/400-level BRACU courses, or they may choose a minor from another school/department; credit requirements for an outside-department minor can differ and should be confirmed with that department in advance.

Question (Banglish): Major department na hole o student ra ki EEE te minor korte pare?
Answer (English): Yes, BRAC University offers a Minor in EEE with its own defined set of required courses and prerequisites (such as Electrical Circuits I & II and Electronic Circuits I & II), open to students from other departments who meet the prerequisites.","Yes, ENH offers a Minor in History, open to students from any department, letting them take history courses to help contextualize their main field of study.",0.0219,5.8367,5.8586,2026-08-01T07:37:09.875304+00:00,0.1781,1.0,SCORE: 1.0 | REASON: All individual factual claims in the ANSWER are fully supported by the CONTEXT.,baselines,,,,,,,,,,,,,,0.9872092008590698
Q096,vector_only,0.0,"Are journals, magazines and reference books available for borrowing?","No. Journals, magazines, newspapers, and items in the reference collection are for in-library use only and cannot be checked out.","Question: Can someone help — are journals, magazines and reference books available for borrowing?
Answer: No. Journals, magazines, newspapers, and items in the reference collection are for in-library use only and cannot be checked out.

Question: Just wondering, are journals, magazines and reference books available for borrowing?
Answer: No. Journals, magazines, newspapers, and items in the reference collection are for in-library use only and cannot be checked out.

Question: Quick question — are journals, magazines and reference books available for borrowing?
Answer: No. Journals, magazines, newspapers, and items in the reference collection are for in-library use only and cannot be checked out.

Question: This might be a silly question, but are journals, magazines and reference books available for borrowing?
Answer: No. Journals, magazines, newspapers, and items in the reference collection are for in-library use only and cannot be checked out.

Question: For a friend who's asking — are journals, magazines and reference books available for borrowing?
Answer: No. Journals, magazines, newspapers, and items in the reference collection are for in-library use only and cannot be checked out.","Journals, magazines, and reference books are not available for borrowing; they are for in-library use only.",0.02,4.8081,4.8281,2026-08-01T07:37:14.703858+00:00,0.0062,1.0,SCORE: 1.0 | REASON: The answer's claim is fully supported by the identical context provided for each question.,baselines,,,,,,,,,,,,,,0.9616168737411499
Q105,vector_only,0.0,What is the full prerequisite chain for PHY112?,The full prerequisite chain for PHY112 is PHY111.,"Course: PHY112
Prerequisite: PHY111 (HP)
Full Prerequisite Chain: PHY111

Course: ENG102
Prerequisite: ENG101 (HP)
Full Prerequisite Chain: ENG101

Course: MAT120
Prerequisite: MAT110 (HP)
Full Prerequisite Chain: MAT110

Course: CSE110
First Theory Coordinator: TAW
Theory Coordinator Email: tawhid.anwar@bracu.ac.bd
First Lab Coordinator: DFD
Second Lab Coordinator: RKBM
Lab Coordinator Email: fabian.dofadar@bracu.ac.bd,mohammad.rakibul@bracu.ac.bd

Course: CSE110-02
Theory Initial: STNM
Theory Day: SUN+TUE
Theory Time: 12:30 PM
Theory Room: 10B-17C
Lab Faculty: AOHE,RKBM
Lab Day: WED
Lab Time: 8:00 AM
Lab Room: 09B-08L",The full prerequisite chain for PHY112 is PHY111.,0.0207,3.8114,3.8321,2026-08-01T07:37:18.536509+00:00,0.2935,1.0,SCORE: 1.0 | REASON: All claims in the ANSWER are fully supported by the CONTEXT.,baselines,,,,,,,,,,,,,,0.2455615997314453
Q116,vector_only,0.0,What are the prerequisites for CSE360?,The prerequisite for CSE360 is CSE341 (HP).,"Course: CSE360
Prerequisite: CSE341 (HP)
Full Prerequisite Chain: CSE341

Question: What are the prerequisites for the Cse program?
Answer: Candidates applying for EEE, ECE, CSE, APE and Physics:HSC/ Equivalent(“B” grade in Physics & Mathematics),A-levels: “C” grade in Physics & Mathematics

Question: Can you tell me what the prerequisites for the Cse program are?
Answer: Candidates applying for EEE, ECE, CSE, APE and Physics:HSC/ Equivalent(“B” grade in Physics & Mathematics),A-levels: “C” grade in Physics & Mathematics

Question: What are the specific core courses required for the CSE program?
Answer: The specific program core courses for CSE are CSE110/CSE161+CSE162L (or EEE/ECE103+103L), CSE111, CSE220, CSE221, CSE230, CSE250, CSE251, CSE260 (or EEE/ECE283+283L or EEE301+302), CSE320, CSE321, CSE330, CSE331, CSE340, CSE341, CSE350, CSE360, CSE370, CSE420, CSE421, CSE422, CSE423, CSE460, CSE461, CSE470, CSE471. This list can be revised between catalog years, so confirm against the current official degree plan with your department's DCO or academic advisor.

Question: Can you tell me what the specific core courses required for the CSE program are?
Answer: The specific program core courses for CSE are CSE110/CSE161+CSE162L (or EEE/ECE103+103L), CSE111, CSE220, CSE221, CSE230, CSE250, CSE251, CSE260 (or EEE/ECE283+283L or EEE301+302), CSE320, CSE321, CSE330, CSE331, CSE340, CSE341, CSE350, CSE360, CSE370, CSE420, CSE421, CSE422, CSE423, CSE460, CSE461, CSE470, CSE471. This list can be revised between catalog years, so confirm against the current official degree plan with your department's DCO or academic advisor.",The prerequisite for CSE360 is CSE341 (with a High Pass).,0.0143,5.3362,5.3506,2026-08-01T07:37:23.887333+00:00,0.0003,0.5,"SCORE: 0.5 | REASON: The ANSWER contains multiple factual claims that are not fully supported by the CONTEXT, specifically regarding the prerequisites for the CSE program and the specific core courses required.",baselines,,,,,,,,,,,,,,0.17800191044807434
Q125,vector_only,0.0,What are the prerequisites for CSE422?,The prerequisite for CSE422 is CSE221 (HP).,"Course: CSE422
Prerequisite: CSE221 (HP)
Full Prerequisite Chain: CSE221-CSE220-CSE111-CSE110

Course: CSE422
First Theory Coordinator: TRZ
Theory Coordinator Email: tanzim.reza@bracu.ac.bd
First Lab Coordinator: ZHS
Lab Coordinator Email: shoumo.hasan@bracu.ac.bd

Course: CSE422-02
Theory Initial: ZHS
Theory Day: MON+WED
Theory Time: 8:00 AM
Theory Room: 09E-20T
Lab Faculty: SHAH,YND
Lab Day: TUE
Lab Time: 11:00 AM
Lab Room: 09B-11L

Course: CSE420
Prerequisite: CSE321 (HP),CSE331 (HP),CSE340 (HP)
Full Prerequisite Chain: CSE321-CSE331-CSE340-CSE221-CSE220-CSE111-CSE110

Course: CSE422-04
Theory Initial: ZHS
Theory Day: SUN+TUE
Theory Time: 11:00 AM
Theory Room: 09A-01C
Lab Faculty: RSS,NFF
Lab Day: WED
Lab Time: 2:00 PM
Lab Room: 09B-10L",The prerequisite for CSE422 is CSE221 (Honors Prerequisite).,0.0138,4.3711,4.3849,2026-08-01T07:37:28.272758+00:00,0.079,1.0,"SCORE: 1.0 | REASON: All claims are fully supported by the provided CONTEXT. 

Explanation:

1. The prerequisite for CSE422 is indeed mentioned in the CONTEXT as ""Prerequisite: CSE221 (HP)"".
2. The full prerequisite chain for CSE422 is also present, which indirectly supports the claim about CSE221 being a prerequisite.
3. There's no mention of CSE422-02 or CSE422-04 in the ANSWER, so we don't need to check those sections.

Since all claims are supported by the CONTEXT, the score is 1.0.",baselines,,,,,,,,,,,,,,0.08456873148679733
Q126,vector_only,0.0,What are the prerequisites for CSE111?,The prerequisite for CSE111 is CSE110 (HP).,"Course: CSE111
Prerequisite: CSE110 (HP)

Course: CSE111
First Theory Coordinator: TAW
Theory Coordinator Email: tawhid.anwar@bracu.ac.bd
First Lab Coordinator: KNI
Second Lab Coordinator: ADU
Lab Coordinator Email: nazia.iqbal@bracu.ac.bd,ahmed.ruhan@bracu.ac.bd

Course: CSE111-01
Theory Initial: TAW
Theory Day: SUN+TUE
Theory Time: 11:00 AM
Theory Room: 10A-05C
Lab Faculty: TAW,AOHE
Lab Day: WED
Lab Time: 2:00 PM
Lab Room: 12F-32L

Course: CSE111-11
Theory Initial: CAKM
Theory Day: SUN+TUE
Theory Time: 9:30 AM
Theory Room: 10B-16C
Lab Faculty: MAU,AFA
Lab Day: WED
Lab Time: 8:00 AM
Lab Room: 09E-21L

Course: CSE111-04
Theory Initial: ZMD
Theory Day: SUN+TUE
Theory Time: 2:00 PM
Theory Room: 09D-17C
Lab Faculty: AVB,CABS
Lab Day: WED
Lab Time: 8:00 AM
Lab Room: 09B-11L",The prerequisite for CSE111 is CSE110 (HP).,0.0157,4.1315,4.1472,2026-08-01T07:37:32.420188+00:00,0.1016,1.0,SCORE: 1.0 | REASON: The prerequisite for CSE111 is explicitly mentioned in the CONTEXT as CSE110 (HP).,baselines,,,,,,,,,,,,,,0.08968266099691391
Q129,vector_only,0.0,What is the full prerequisite chain for CSE421?,The full prerequisite chain for CSE421 is CSE320.,"Course: CSE421
Prerequisite: CSE320 (SP)

Course: CSE421
First Theory Coordinator: MSMA
Second Theory Coordinator: NDT
Theory Coordinator Email: shamim.mia@bracu.ac.bd,nirjhor.datta@bracu.ac.bd
First Lab Coordinator: SRJ
Second Lab Coordinator: MSMA
Lab Coordinator Email: seraj.mehnaz@bracu.ac.bd,shamim.mia@bracu.ac.bd

Course: CSE421-04
Theory Initial: MSAH
Theory Day: SUN+TUE
Theory Time: 9:30 AM
Theory Room: 09G-31T
Lab Faculty: CSSN,WBH
Lab Day: MON
Lab Time: 2:00 PM
Lab Room: 12D-26L

Course: CSE421-01
Theory Initial: ARF
Theory Day: MON+WED
Theory Time: 12:30 PM
Theory Room: 10A-04C
Lab Faculty: CQAE,WBH
Lab Day: SAT
Lab Time: 2:00 PM
Lab Room: 12D-26L

Course: CSE461
Prerequisite: CSE260 (HP)
Full Prerequisite Chain: CSE260-CSE251-CSE250",The full prerequisite chain for CSE421 is CSE320.,0.0171,4.0719,4.0891,2026-08-01T07:37:36.509741+00:00,0.1221,1.0,"SCORE: 1.0 | REASON: The ANSWER's claim about CSE421's full prerequisite chain is fully supported by the CONTEXT, which lists CSE320 as a prerequisite for CSE421.",baselines,,,,,,,,,,,,,,0.1883728951215744
Q133,vector_only,0.0,Who is the theory coordinator for CSE370?,The theory coordinator for CSE370 is FEK.,"Course: CSE370
First Theory Coordinator: FEK
Theory Coordinator Email: farden.khan@bracu.ac.bd
First Lab Coordinator: FEK
Lab Coordinator Email: farden.khan@bracu.ac.bd

Course: CSE230
First Theory Coordinator: AVB
Second Theory Coordinator: FIC
Theory Coordinator Email: avinandan@bracu.ac.bd,fatiha.ishrar@bracu.ac.bd

Course: CSE260
First Theory Coordinator: DZK
Theory Coordinator Email: ziaul.karim@bracu.ac.bd
First Lab Coordinator: DZK
Second Lab Coordinator: PBK
Lab Coordinator Email: ziaul.karim@bracu.ac.bd,partha.bhoumik@bracu.ac.bd

Course: CSE370
Prerequisite: CSE221 (HP)
Full Prerequisite Chain: CSE221-CSE220-CSE111-CSE110

Course: CSE370-01
Theory Initial: MNY
Theory Day: SUN+TUE
Theory Time: 12:30 PM
Theory Room: 10A-04C
Lab Faculty: SHRR,MAU
Lab Day: THU
Lab Time: 8:00 AM
Lab Room: 12F-30L",The first theory coordinator for CSE370 is FEK.,0.0188,3.9765,3.9953,2026-08-01T07:37:40.505166+00:00,0.1698,0.0,"SCORE: 0.0 | REASON: The answer's claim about FEK being the first theory coordinator for CSE370 is not supported by the context, which actually lists MNY as the initial theory instructor and does not mention FEK in this capacity.",baselines,,,,,,,,,,,,,,0.13717231154441833
Q136,vector_only,0.0,Who is the theory coordinator for CSE447?,The theory coordinator for CSE447 is MIH.,"Course: CSE447
First Theory Coordinator: MIH
Theory Coordinator Email: iqbal.hossain@bracu.ac.bd
First Lab Coordinator: FFU
Lab Coordinator Email: farhan.faruk@bracu.ac.bd

Course: CSE427
First Theory Coordinator: CMR
Second Theory Coordinator: DFD
Theory Coordinator Email: rahman.mofizur@bracu.ac.bd,fabian.dofadar@bracu.ac.bd
First Lab Coordinator: DFD
Second Lab Coordinator: QUZA
Lab Coordinator Email: fabian.dofadar@bracu.ac.bd,quazi.ashikur@bracu.ac.bd

Course: CSE437
First Theory Coordinator: GRA
Theory Coordinator Email: rabiul.alam@bracu.ac.bd

Course: CSE447-01
Theory Initial: MIH
Theory Day: SUN+TUE
Theory Time: 2:00 PM
Theory Room: 09E-20T
Lab Faculty: FFU,SJM
Lab Day: SAT
Lab Time: 2:00 PM
Lab Room: 09E-22L

Course: CSE449
First Theory Coordinator: AAR
Theory Coordinator Email: annajiat@bracu.ac.bd",The first theory coordinator for CSE447 is MIH.,0.0166,3.9441,3.9607,2026-08-01T07:37:44.466292+00:00,0.1086,1.0,SCORE: 1.0 | REASON: The CONTEXT supports that MIH is the first theory coordinator for CSE447.,baselines,,,,,,,,,,,,,,0.292447030544281
Q138,vector_only,0.0,What is the coordinator email for CSE437?,The coordinator email for CSE437 is rabiul.alam@bracu.ac.bd.,"Course: CSE437
First Theory Coordinator: GRA
Theory Coordinator Email: rabiul.alam@bracu.ac.bd

Course: CSE437-07
Theory Initial: KKS
Theory Day: SUN+TUE
Theory Time: 3:30 PM
Theory Room: 07D-19C

Course: CSE427
First Theory Coordinator: CMR
Second Theory Coordinator: DFD
Theory Coordinator Email: rahman.mofizur@bracu.ac.bd,fabian.dofadar@bracu.ac.bd
First Lab Coordinator: DFD
Second Lab Coordinator: QUZA
Lab Coordinator Email: fabian.dofadar@bracu.ac.bd,quazi.ashikur@bracu.ac.bd

Course: CSE437-04
Theory Initial: SBB
Theory Day: SAT+THU
Theory Time: 2:00 PM
Theory Room: 09C-16T

Course: CSE447
First Theory Coordinator: MIH
Theory Coordinator Email: iqbal.hossain@bracu.ac.bd
First Lab Coordinator: FFU
Lab Coordinator Email: farhan.faruk@bracu.ac.bd",The Theory Coordinator Email for CSE437 is rabiul.alam@bracu.ac.bd.,0.0171,4.7174,4.7345,2026-08-01T07:37:49.201421+00:00,0.146,1.0,SCORE: 1.0 | REASON: The CONTEXT supports all individual factual claims made in the ANSWER.,baselines,,,,,,,,,,,,,,0.0375116765499115
Q149,vector_only,0.0,What is the coordinator email for CSE443?,The coordinator email for CSE443 is swakkhar.shatabda@bracu.ac.bd.,"Course: CSE443
First Theory Coordinator: SWK
Theory Coordinator Email: swakkhar.shatabda@bracu.ac.bd

Course: CSE463
First Theory Coordinator: ASA
Theory Coordinator Email: ashraful.alam@bracu.ac.bd
First Lab Coordinator: ASA
Lab Coordinator Email: ashraful.alam@bracu.ac.bd

Course: CSE423
First Theory Coordinator: TMD
Second Theory Coordinator: SMUR
Theory Coordinator Email: tamkin.mahmud@bracu.ac.bd,rahman.samiur@bracu.ac.bd
First Lab Coordinator: SRU
Lab Coordinator Email: shakir.rouf@bracu.ac.bd

Course: CSE443-01
Theory Initial: SWK
Theory Day: SUN+TUE
Theory Time: 8:00 AM
Theory Room: 10A-05C

Course: CSE443-02
Theory Initial: ANWE
Theory Day: SAT+THU
Theory Time: 8:00 AM
Theory Room: 09A-05C",The Theory Coordinator Email for CSE443 is swakkhar.shatabda@bracu.ac.bd.,0.0196,4.7672,4.7868,2026-08-01T07:37:53.988423+00:00,0.1369,1.0,"SCORE: 1.0 | REASON: The CONTEXT supports all individual factual claims made in the ANSWER. 

Here's a breakdown of how I arrived at this score:

1. The ANSWER makes one claim about CSE443:
   - Claim: Theory Coordinator Email for CSE443 is swakkhar.shatabda@bracu.ac.bd.
   - Contextual Support: Yes, it is directly mentioned in the CONTEXT.

2. Since there's only one claim and it's fully supported by the CONTEXT, the overall score is 1.0.",baselines,,,,,,,,,,,,,,0.05609332025051117
Q151,vector_only,0.0,What day and time is the theory class for CSE260-04A?,The theory class for CSE260-04A is on SUN+TUE at 11:00 AM in room 09A-03C.,"Course: CSE260-04A
Theory Initial: DZK
Theory Day: SUN+TUE
Theory Time: 11:00 AM
Theory Room: 09A-03C
Lab Faculty: NFF,MZW
Lab Day: WED
Lab Time: 11:00 AM
Lab Room: FT10-03L

Course: CSE260-04B
Theory Initial: DZK
Theory Day: SUN+TUE
Theory Time: 11:00 AM
Theory Room: 09A-03C
Lab Faculty: NNTN,MAZW
Lab Day: WED
Lab Time: 11:00 AM
Lab Room: FT10-04L

Course: CSE260-03A
Theory Initial: DZK
Theory Day: SUN+TUE
Theory Time: 12:30 PM
Theory Room: 09E-20T
Lab Faculty: FDZ,NRT
Lab Day: WED
Lab Time: 8:00 AM
Lab Room: FT10-03L

Course: CSE260-02A
Theory Initial: DZK
Theory Day: SUN+TUE
Theory Time: 12:30 PM
Theory Room: 09E-20T
Lab Faculty: ESF,CABS
Lab Day: THU
Lab Time: 11:00 AM
Lab Room: FT10-03L

Course: CSE260-05A
Theory Initial: NLH
Theory Day: MON+WED
Theory Time: 8:00 AM
Theory Room: 09A-03C
Lab Faculty: CSYR,SMDS
Lab Day: TUE
Lab Time: 8:00 AM
Lab Room: FT10-03L",The theory class for CSE260-04A meets on Sunday and Tuesday at 11:00 AM.,0.0216,4.9036,4.9253,2026-08-01T07:37:58.913848+00:00,0.0549,1.0,SCORE: 1.0 | REASON: All claims about CSE260-04A's theory class are supported in the CONTEXT.,baselines,,,,,,,,,,,,,,0.1850147545337677
Q153,vector_only,0.0,What day and time is the theory class for CSE460-03?,The theory class for CSE460-03 is on SAT+THU at 12:30 PM in room 07H-26C.,"Course: CSE460-03
Theory Initial: SDL
Theory Day: SAT+THU
Theory Time: 12:30 PM
Theory Room: 07H-26C
Lab Faculty: SDL,SDU
Lab Day: TUE
Lab Time: 8:00 AM
Lab Room: 09E-22L

Course: CSE463-03
Theory Initial: ASA
Theory Day: SUN+TUE
Theory Time: 3:30 PM
Theory Room: 09E-20T
Lab Faculty: STNM,CMHQ
Lab Day: THU
Lab Time: 11:00 AM
Lab Room: 09E-21L

Course: CSE463-01
Theory Initial: ASA
Theory Day: SUN+TUE
Theory Time: 3:30 PM
Theory Room: 09E-20T
Lab Faculty: STNM,ASMN
Lab Day: SAT
Lab Time: 11:00 AM
Lab Room: 09E-21L

Course: CSE461-03
Theory Initial: KHR
Theory Day: MON+WED
Theory Time: 3:30 PM
Theory Room: 09C-16T
Lab Faculty: RDW,KHR
Lab Day: TUE
Lab Time: 11:00 AM
Lab Room: 12B-18L

Course: CSE463-02
Theory Initial: ASA
Theory Day: SUN+TUE
Theory Time: 3:30 PM
Theory Room: 09E-20T
Lab Faculty: STNM,ASMN
Lab Day: SAT
Lab Time: 2:00 PM
Lab Room: 09E-21L",The theory class for CSE460-03 meets on Saturday (SAT) at 12:30 PM.,0.0194,4.9051,4.9245,2026-08-01T07:38:03.839075+00:00,0.0954,1.0,SCORE: 1.0 | REASON: The answer is fully supported by the context as all details match the retrieved information for CSE460-03.,baselines,,,,,,,,,,,,,,0.2171032875776291
Q159,vector_only,0.0,What day and time is the theory class for CSE250-06A?,The theory class for CSE250-06A is on SUN+TUE at 2:00 PM in room 07H-27C.,"Course: CSE250-06A
Theory Initial: RAO
Theory Day: SUN+TUE
Theory Time: 2:00 PM
Theory Room: 07H-27C
Lab Faculty: FFR,MHY
Lab Day: MON
Lab Time: 8:00 AM
Lab Room: 12B-20L

Course: CSE250-06B
Theory Initial: RAO
Theory Day: SUN+TUE
Theory Time: 2:00 PM
Theory Room: 07H-27C
Lab Faculty: ALSM,SHJR
Lab Day: MON
Lab Time: 8:00 AM
Lab Room: 12B-20L

Course: CSE350-06A
Theory Initial: ZBH
Theory Day: SUN+TUE
Theory Time: 2:00 PM
Theory Room: 09A-07C
Lab Faculty: TSE,AQT
Lab Day: WED
Lab Time: 11:00 AM
Lab Room: FT10-01L

Course: CSE260-06A
Theory Initial: MSMA
Theory Day: SUN+TUE
Theory Time: 12:30 PM
Theory Room: 07H-26C
Lab Faculty: CMHQ,AHA
Lab Day: THU
Lab Time: 2:00 PM
Lab Room: FT10-03L

Course: CSE250-07A
Theory Initial: AKDB
Theory Day: MON+WED
Theory Time: 9:30 AM
Theory Room: 07H-27C
Lab Faculty: PDS,NUR
Lab Day: SUN
Lab Time: 2:00 PM
Lab Room: 12B-20L",The theory class for CSE250-06A meets on Sunday and Tuesday at 2:00 PM.,0.0241,4.8851,4.9092,2026-08-01T07:38:08.748464+00:00,0.0332,1.0,SCORE: 1.0 | REASON: All claims about CSE250-06A's theory class are supported in the CONTEXT.,baselines,,,,,,,,,,,,,,0.02202744036912918
Q165,vector_only,0.0,What day and time is the theory class for CSE260-04B?,The theory class for CSE260-04B is on SUN+TUE at 11:00 AM in room 09A-03C.,"Course: CSE260-04B
Theory Initial: DZK
Theory Day: SUN+TUE
Theory Time: 11:00 AM
Theory Room: 09A-03C
Lab Faculty: NNTN,MAZW
Lab Day: WED
Lab Time: 11:00 AM
Lab Room: FT10-04L

Course: CSE260-04A
Theory Initial: DZK
Theory Day: SUN+TUE
Theory Time: 11:00 AM
Theory Room: 09A-03C
Lab Faculty: NFF,MZW
Lab Day: WED
Lab Time: 11:00 AM
Lab Room: FT10-03L

Course: CSE260-05B
Theory Initial: NLH
Theory Day: MON+WED
Theory Time: 8:00 AM
Theory Room: 09A-03C
Lab Faculty: PBK,NQM
Lab Day: TUE
Lab Time: 8:00 AM
Lab Room: FT10-04L

Course: CSE260-01B
Theory Initial: DZK
Theory Day: SUN+TUE
Theory Time: 12:30 PM
Theory Room: 09E-20T
Lab Faculty: ADD,DZK
Lab Day: THU
Lab Time: 8:00 AM
Lab Room: FT10-04L

Course: CSE260-02B
Theory Initial: DZK
Theory Day: SUN+TUE
Theory Time: 12:30 PM
Theory Room: 09E-20T
Lab Faculty: PBK,DZK
Lab Day: THU
Lab Time: 11:00 AM
Lab Room: FT10-04L",The theory class for CSE260-04B meets on Sunday and Tuesday at 11:00 AM.,0.0226,4.8426,4.8651,2026-08-01T07:38:13.613969+00:00,0.0874,1.0,"SCORE: 1.0 | REASON: The answer is fully supported by the context for course CSE260-04B. 

Explanation:

The ANSWER contains one factual claim:
""The theory class for CSE260-04B meets on Sunday and Tuesday at 11:00 AM.""

This claim can be broken down into four sub-claims:
1. The theory class is for CSE260-04B.
2. The theory class meets on Sunday.
3. The theory class meets on Tuesday.
4. The theory class meets at 11:00 AM.

Checking each of these claims against the CONTEXT:

1. The context indeed specifies that the course is CSE260-04B, so this claim is supported.
2. The context lists ""SUN+TUE"" as the days for the theory class, which includes Sunday, so this claim is supported.
3. As above, Tuesday is also listed in the context, so this claim is supported.
4. The context specifies that the theory time is 11:00 AM, so this claim is supported.

Since all four sub-claims are supported by the CONTEXT, the ANSWER is fully supported and the score is 1.0.",baselines,,,,,,,,,,,,,,0.125331848859787
Q166,vector_only,0.0,Who teaches the lab section of CSE321-18?,"The lab section of CSE321-18 is taught by TNF,SVKG.","Course: CSE321-18
Theory Initial: TRZA
Theory Day: MON+WED
Theory Time: 9:30 AM
Theory Room: 09H-33C
Lab Faculty: TNF,SVKG
Lab Day: SAT
Lab Time: 11:00 AM
Lab Room: 10G-32L

Course: CSE421-18
Theory Initial: BIJS
Theory Day: SUN+TUE
Theory Time: 9:30 AM
Theory Room: 09H-32C
Lab Faculty: RDS,NKMA
Lab Day: THU
Lab Time: 11:00 AM
Lab Room: 12D-26L

Course: CSE221-18
Theory Initial: IRZA
Theory Day: SAT+THU
Theory Time: 8:00 AM
Theory Room: 10B-17C
Lab Faculty: HFN,ARD
Lab Day: SUN
Lab Time: 11:00 AM
Lab Room: 09E-21L

Course: CSE321
First Theory Coordinator: BDH
Second Theory Coordinator: SZD
Theory Coordinator Email: badrul.hossain@bracu.ac.bd,shazid.mahbub@bracu.ac.bd
First Lab Coordinator: BDH
Lab Coordinator Email: badrul.hossain@bracu.ac.bd

Course: CSE321-19
Theory Initial: NRT
Theory Day: MON+WED
Theory Time: 12:30 PM
Theory Room: 07D-20C
Lab Faculty: NKBS,SVKG
Lab Day: SAT
Lab Time: 2:00 PM
Lab Room: 10G-32L",The lab faculty for CSE321-18 are TNF and SVKG.,0.0228,4.5456,4.5684,2026-08-01T07:38:18.182843+00:00,0.077,1.0,SCORE: 1.0 | REASON: The CONTEXT supports that TNF and SVKG are lab faculty for CSE321-18.,baselines,,,,,,,,,,,,,,0.0718471109867096
Q171,vector_only,0.0,Who teaches the lab section of CSE221-19?,"The lab section of CSE221-19 is taught by ARD,ANV.","Course: CSE221-19
Theory Initial: IBA
Theory Day: SUN+TUE
Theory Time: 2:00 PM
Theory Room: 09H-33C
Lab Faculty: ARD,ANV
Lab Day: SAT
Lab Time: 11:00 AM
Lab Room: 09E-22L

Course: CSE221
First Theory Coordinator: FGZ
Second Theory Coordinator: IBA
Theory Coordinator Email: fakhruddin.gazzali@bracu.ac.bd,imran.azad@bracu.ac.bd
First Lab Coordinator: NARC
Second Lab Coordinator: AKHD
Lab Coordinator Email: atonuroy.chowdhury@bracu.ac.bd,ext.abdullah@bracu.ac.bd

Course: CSE220-19
Theory Initial: IRZA
Theory Day: SAT+THU
Theory Time: 9:30 AM
Theory Room: 09D-17C
Lab Faculty: FBAW,CMHQ
Lab Day: SUN
Lab Time: 8:00 AM
Lab Room: 09B-11L

Course: CSE421-19
Theory Initial: BIJS
Theory Day: SUN+TUE
Theory Time: 8:00 AM
Theory Room: 09H-32C
Lab Faculty: AKTD,CQAE
Lab Day: MON
Lab Time: 2:00 PM
Lab Room: 09F-24L

Course: STA201-19
Theory Initial: TBS
Theory Day: SAT+THU
Theory Time: 11:00 AM
Theory Room: 09H-35C",The lab faculty for CSE221-19 are ARD and ANV.,0.0223,4.3182,4.3406,2026-08-01T07:38:22.523438+00:00,0.0419,1.0,SCORE: 1.0 | REASON: The CONTEXT supports that ARD and ANV are lab faculty for CSE221-19.,baselines,,,,,,,,,,,,,,0.05529598519206047
Q175,vector_only,0.0,Who teaches the lab section of CSE260-19B?,"The lab section of CSE260-19B is taught by CMHQ,CABS.","Course: CSE260-19B
Theory Initial: TWK
Theory Day: SUN+TUE
Theory Time: 2:00 PM
Theory Room: 09A-02C
Lab Faculty: CMHQ,CABS
Lab Day: SAT
Lab Time: 2:00 PM
Lab Room: FT10-04L

Course: CSE260-19A
Theory Initial: TWK
Theory Day: SUN+TUE
Theory Time: 2:00 PM
Theory Room: 09A-02C
Lab Faculty: MAO,PRC
Lab Day: SAT
Lab Time: 2:00 PM
Lab Room: FT10-03L

Course: CSE260
First Theory Coordinator: DZK
Theory Coordinator Email: ziaul.karim@bracu.ac.bd
First Lab Coordinator: DZK
Second Lab Coordinator: PBK
Lab Coordinator Email: ziaul.karim@bracu.ac.bd,partha.bhoumik@bracu.ac.bd

Course: CSE220-19
Theory Initial: IRZA
Theory Day: SAT+THU
Theory Time: 9:30 AM
Theory Room: 09D-17C
Lab Faculty: FBAW,CMHQ
Lab Day: SUN
Lab Time: 8:00 AM
Lab Room: 09B-11L

Course: CSE260-21B
Theory Initial: MAO
Theory Day: SAT+THU
Theory Time: 9:30 AM
Theory Room: 09A-02C
Lab Faculty: MDF,NRT
Lab Day: SUN
Lab Time: 2:00 PM
Lab Room: FT10-04L",The lab faculty for CSE260-19B is CMHQ and CABS.,0.0179,4.5451,4.563,2026-08-01T07:38:27.078369+00:00,0.0305,1.0,SCORE: 1.0 | REASON: The ANSWER is fully supported by the CONTEXT as it directly matches the Lab Faculty for CSE260-19B.,baselines,,,,,,,,,,,,,,0.051834508776664734
Q178,vector_only,0.0,Who teaches the lab section of CSE423-05?,"The lab section of CSE423-05 is taught by MAHS,ZLNM.","Course: CSE423
First Theory Coordinator: TMD
Second Theory Coordinator: SMUR
Theory Coordinator Email: tamkin.mahmud@bracu.ac.bd,rahman.samiur@bracu.ac.bd
First Lab Coordinator: SRU
Lab Coordinator Email: shakir.rouf@bracu.ac.bd

Course: CSE423-05
Theory Initial: AJA
Theory Day: SUN+TUE
Theory Time: 11:00 AM
Theory Room: 09D-17C
Lab Faculty: MAHS,ZLNM
Lab Day: WED
Lab Time: 2:00 PM
Lab Room: 10E-27L

Course: CSE423-04
Theory Initial: TMD
Theory Day: MON+WED
Theory Time: 3:30 PM
Theory Room: 09A-02C
Lab Faculty: MVH,FDZ
Lab Day: SAT
Lab Time: 11:00 AM
Lab Room: 12D-27L

Course: CSE425-03
Theory Initial: MMM
Theory Day: SUN+TUE
Theory Time: 8:00 AM
Theory Room: 09E-20T

Course: CSE423
Prerequisite: MAT216 (HP)
Full Prerequisite Chain: MAT216-MAT120-MAT110",The Lab Faculty for the course CSE423-05 is MAHS and ZLNM.,0.0211,4.5888,4.6099,2026-08-01T07:38:31.697262+00:00,0.0017,1.0,SCORE: 1.0 | REASON: All claims are directly supported by the CONTEXT.,baselines,,,,,,,,,,,,,,0.08607134968042374
Q183,vector_only,0.0,Which room is Mr. Md. Tawhid Anwar in?,Mr. Md. Tawhid Anwar is in room 4G03.,"Initial: TAW
Name: Mr. Md. Tawhid Anwar
Designation: Senior Lecturer
Status: Full Time
Room: 4G03
Email: tawhid.anwar@bracu.ac.bd

Question: Where's the male prayer room?
Answer: The male prayer room is on the 6th floor (ZONE-H).

Question (Banglish): Male prayer room ta kothay?
Answer (English): The male prayer room is on the 6th floor (ZONE-H).

Question: Where can I find the male and female washrooms on the 1st Floor?
Answer: Beside the lift lobby(2nd escalator)

Initial: TAW
Name: Mr. Md. Tawhid Anwar
Day: Thursday
Scheduled commitments (classes/labs/breaks, not availability): 9:30 AM - Consultation; 11:00 AM - CSE111-03 (LAB) TAW,MAF 12F-32L; 12:30 PM - CSE111-03 (LAB) TAW,MAF 12F-32L",Mr. Md. Tawhid Anwar's room is 4G03.,0.0223,4.3036,4.3259,2026-08-01T07:38:36.023693+00:00,0.1531,1.0,SCORE: 1.0 | REASON: All claims are directly supported by the provided CONTEXT.,baselines,,,,,,,,,,,,,,0.49504679441452026
Q187,vector_only,0.0,What is FEK's designation?,Farden Ehsan Khan (FEK) is a Lecturer.,"Question (Banglish): BRAC e 'F' grade pele ki course compulsory retake korte hoy?
Answer (English): If a student receives an 'F' grade in a core or required course, they must retake and pass the course to fulfill degree requirements.

Question (Banglish): F grade paile ekta student koyti bar course retake korte parbe?
Answer (English): A student who receives an F grade in a course is normally allowed to retake it twice. In exceptional cases, such as a student on probation, the Head of Department or Dean may arrange with the Registrar for a third retake to help safeguard the student's progression.

Question (Banglish): FYAT ta ki, ar notun student der jonno ki eta mandatory?
Answer (English): FYAT (First Year Advising/orientation-type session) briefs incoming freshmen on university policies, key offices (BIL, RS, Library, Medical Center), payment procedures and scholarships. Due to the large intake, it's usually run in a Morning and an Afternoon session, and attendance at orientation is mandatory.

Question (Banglish): BRAC e course grade 'I' (Incomplete) automatic 'F' hoi jawa stop korte koto semester pawa jay?
Answer (English): An 'I' grade must be resolved within the immediate following semester; otherwise, it automatically converts to an 'F' grade.

Initial: SDF
Name: Dr. Md Sadek Ferdous
Designation: Professor
Status: Full Time
Room: 4G10
Email: sadek.ferdous@bracu.ac.bd","I do not have enough information to answer the question about FEK's designation, as there is no mention of a person named FEK in the retrieved context.",0.0142,5.8656,5.8798,2026-08-01T07:38:41.903805+00:00,0.0132,0.8,"SCORE: 0.8 | REASON: The answer partially supports the context as it accurately reflects some policies (F grade retake, FYAT mandatory) but fails to address others (BRAC e 'F' grade pele ki course compulsory retake korte hoy, BRAC e course grade 'I' (Incomplete) automatic 'F' hoi jawa stop korte koto semester pawa jay).",baselines,,,,,,,,,,,,,,0.030350493267178535
Q003,adaptive_novel,0.5,When is the next intake for the undergraduate program?,"BRAC University admits new undergraduates three times a year - Spring (classes start January), Summer (May), and Fall (September). The exact application deadline and admission test date for the next intake are published on the Admissions page (bracu.ac.bd/admissions) closer to that semester.","Question: When is the next intake for the undergraduate program?
Answer: BRAC University admits new undergraduates three times a year - Spring (classes start January), Summer (May), and Fall (September). The exact application deadline and admission test date for the next intake are published on the Admissions page (bracu.ac.bd/admissions) closer to that semester.

Question (Banglish): Undergraduate program e porer barer intake ta thik kobe theke shuru hobe?
Answer (English): BRAC University admits new undergraduates three times a year - Spring (classes start January), Summer (May), and Fall (September). The exact application deadline and admission test date for the next intake are published on the Admissions page (bracu.ac.bd/admissions) closer to that semester.

Question (Banglish): BRAC University er Department of Architecture kobe shuru hoyechilo, ar er typical intake koto?
Answer (English): The department started in Spring 2002 with 15 students and 3 faculty members. Admission is competitive and intake has historically been limited to around 25-30 students per year to maintain close studio supervision.

Question: When did the Department of Architecture at BRAC University start, and how large is its typical intake?
Answer: The department started in Spring 2002 with 15 students and 3 faculty members. Admission is competitive and intake has historically been limited to around 25-30 students per year to maintain close studio supervision.

Question: Do you know when is the next intake for the undergraduate program?
Answer: BRAC University admits new undergraduates three times a year - Spring (classes start January), Summer (May), and Fall (September). The exact application deadline and admission test date for the next intake are published on the Admissions page (bracu.ac.bd/admissions) closer to that semester.","BRAC University admits new undergraduates three times a year - Spring (classes start January), Summer (May), and Fall (September). The exact application deadline and admission test date for the next intake are published on the Admissions page (bracu.ac.bd/admissions) closer to that semester.",0.0755,19.4142,19.4899,2026-08-01T07:45:56.487621+00:00,0.0162,0.5,"SCORE: 0.5 | REASON: The answer partially matches the context, as it correctly states the frequency and timing of undergraduate admissions, but lacks information about the exact application deadline and admission test date for the next intake.",novel,open_ended,linear,False,False,False,False,False,False,True,,,0.0,1.0435,0.9871610403060913
Q010,adaptive_novel,0.5,Purpose of the Wishlist event for Summer 2025?,To help plan course offerings based on student demand,"Question: Purpose of the Wishlist event for Summer 2025?
Answer: To help plan course offerings based on student demand

Question: Why is participation in the Wishlist event important?
Answer: Course offerings will be based on student demand collected from Wishlist submissions

Question: Purpose of the Course Wishlist feature in the Connect system?
Answer: Addition of preferred courses to a wishlist to secure seats as they become available while following university policies

Question (Banglish): Wishlist event e participation kora keno eto important, seta ektu bujhiye bolben?
Answer (English): Course offerings will be based on student demand collected from Wishlist submissions

Question (Banglish): Summer 2025 er Wishlist event er purpose ki?
Answer (English): To help plan course offerings based on student demand",The purpose of the Wishlist event for Summer 2025 is to help plan course offerings based on student demand.,0.0203,4.8214,4.8419,2026-08-01T07:46:01.330194+00:00,0.0256,1.0,SCORE: 1.0 | REASON: All individual factual claims are fully supported by the retrieved CONTEXT.,novel,open_ended,linear,False,True,True,False,False,False,True,,,0.0,0.9939,0.6660317778587341
Q013,adaptive_novel,0.5,"Random question, what should I do if I miss my mid/final?","You should inform your course instructor as soon as possible with a valid reason (such as medical emergencies). In some cases, you may need to provide documentation like medical certificates to appeal.","Question: Random question, what should I do if I miss my mid/final?
Answer: You should inform your course instructor as soon as possible with a valid reason (such as medical emergencies). In some cases, you may need to provide documentation like medical certificates to appeal.

Question (Banglish): Mid/final miss korle ki korbo?
Answer (English): You should inform your course instructor as soon as possible with a valid reason (such as medical emergencies). In some cases, you may need to provide documentation like medical certificates to appeal.

Question (Banglish): BRAC e final exam miss korle ki korte hobe?
Answer (English): Students who miss a final examination should immediately contact the course instructor and their department. Any make-up examination or alternative assessment is subject to university policy and the instructor's approval.

Question: Random question, what should a course teacher do if a student misses the final exam for a valid reason?
Answer: If a student misses the final exam for a documented valid reason (such as a medical emergency), the course teacher can arrange a make-up exam, and if course requirements genuinely can't be completed in time, an 'Incomplete' (I) grade with a defined completion deadline (up to 8 weeks after the final exam) may be assigned instead.

Question: What should I do if I miss my mid/final?
Answer: You should inform your course instructor as soon as possible with a valid reason (such as medical emergencies). In some cases, you may need to provide documentation like medical certificates to appeal.","You should inform your course instructor as soon as possible with a valid reason (such as medical emergencies). In some cases, you may need to provide documentation like medical certificates to appeal.",0.0235,6.1379,6.1616,2026-08-01T07:46:07.492434+00:00,0.1306,1.0,SCORE: 1.0 | REASON: The answer is fully supported by the context as it matches one of the provided answers exactly.,novel,open_ended,linear,False,True,True,False,False,False,True,,,0.0,1.0064,0.9899653196334839
Q016,adaptive_novel,0.5,How to contact with BRACU Finance and Accounts Department?,"BRAC University
Kha-224 Bir Uttam Rafiqul Islam Avenue, Merul Badda,
Dhaka 1212, Bangladesh
Phone: +88 09638464646 Ext: 1220, 1221

Email: queries-accounts@bracu.ac.bd","Question: How to contact with BRACU Finance and Accounts Department?
Answer: BRAC University
Kha-224 Bir Uttam Rafiqul Islam Avenue, Merul Badda,
Dhaka 1212, Bangladesh
Phone: +88 09638464646 Ext: 1220, 1221

Email: queries-accounts@bracu.ac.bd

Question (Banglish): BRACU Finance and Accounts Department ke kivabe contact korbo?
Answer (English): BRAC University
Kha-224 Bir Uttam Rafiqul Islam Avenue, Merul Badda,
Dhaka 1212, Bangladesh
Phone: +88 09638464646 Ext: 1220, 1221

Email: queries-accounts@bracu.ac.bd

Question: How to collect payment clearance from Finance and Accounts department for Degree Processing/Convocation?
Answer: 1. Collect payment clearance from Finance and Accounts department for Degree Processing/Convocation

2. Collect the Degree Application Form from your respective Department's DCO and Fill up with the necessary information.

3. Take Library clearance

4. Clear all your previous dues (if any).

5. Make payment of Tk. 10,000 for each course as degree processing fee at BRAC Bank (any branch) or IFIC Bank (Mohakhali branch) through prescribed manual payslip.

6. Bring your payment slip and duly filled form in the Finance and Accounts department to take payment clearance.

Question: What services are offered by the Finance & Accounts Office?
Answer: The Finance & Accounts Office manages student accounts, tuition payments, and financial aid. You can also email at queries-accounts@bracu.ac.bd

Question: Can someone help — how to contact with BRACU Finance and Accounts Department?
Answer: BRAC University
Kha-224 Bir Uttam Rafiqul Islam Avenue, Merul Badda,
Dhaka 1212, Bangladesh
Phone: +88 09638464646 Ext: 1220, 1221

Email: queries-accounts@bracu.ac.bd","To contact the BRACU Finance and Accounts Department, you can visit BRAC University at Kha-224 Bir Uttam Rafiqul Islam Avenue, Merul Badda, Dhaka 1212, Bangladesh, or call them at +88 09638464646 Ext: 1220, 1221. Alternatively, you can email them at queries-accounts@bracu.ac.bd.",0.0182,11.3199,11.3383,2026-08-01T07:46:18.831017+00:00,0.0085,1.0,SCORE: 1.0 | REASON: All individual factual claims in the ANSWER are fully supported by the CONTEXT.,novel,open_ended,linear,False,False,False,False,False,False,True,,,0.0,1.0342,0.960965096950531
Q017,adaptive_novel,0.5,"Hey, for further information regarding Admission who should I contact?","For more queries, please contact the Inquiry, Registration & Admissions Office, BRACU (Phone: +88 09638464646, Call Center Ext: 1001. You can also send e-mail at admissions@bracu.ac.bd.","Question: Hey, for further information regarding Admission who should I contact?
Answer: For more queries, please contact the Inquiry, Registration & Admissions Office, BRACU (Phone: +88 09638464646, Call Center Ext: 1001. You can also send e-mail at admissions@bracu.ac.bd.

Question (Banglish): Admission niye aro information er jonno kake contact korbo?
Answer (English): For more queries, please contact the Inquiry, Registration & Admissions Office, BRACU (Phone: +88 09638464646, Call Center Ext: 1001. You can also send e-mail at admissions@bracu.ac.bd.

Question (Banglish): Admissions office ke ami kivabe contact korbo?
Answer (English): You can mail to admissions@bracu.ac.bd

Question: How do I contact the admissions office?
Answer: You can mail to admissions@bracu.ac.bd

Question: For further information regarding Admission who should I contact?
Answer: For more queries, please contact the Inquiry, Registration & Admissions Office, BRACU (Phone: +88 09638464646, Call Center Ext: 1001. You can also send e-mail at admissions@bracu.ac.bd.","For more queries, please contact the Inquiry, Registration & Admissions Office, BRACU (Phone: +88 09638464646, Call Center Ext: 1001. You can also send e-mail at admissions@bracu.ac.bd.",0.0264,7.7767,7.8032,2026-08-01T07:46:26.634577+00:00,0.1162,1.0,SCORE: 1.0 | REASON: All claims are directly supported by the provided CONTEXT.,novel,open_ended,linear,False,False,False,False,False,False,True,,,0.0,1.0743,0.9852175712585449
Q019,adaptive_novel,0.5,How are students informed about changes to the transport service?,Students are informed through official BRAC University notices and announcements.,"Question: How are students informed about changes to the transport service?
Answer: Students are informed through official BRAC University notices and announcements.

Question: How can students report a problem with the transport service?
Answer: Students can report issues by calling the designated route-specific numbers or reaching out to transport officers.

Question: What are the features of the transport service?
Answer: The service includes air-conditioned buses, fixed routes with designated stoppages, GPS tracking, CCTV cameras for security, and a strict schedule for pick-up and drop-off.

Question: How can students contact the transport service?
Answer: Students can contact the transport service via designated phone numbers.

Question (Banglish): Transport service e change hole student der kivabe janano hoy?
Answer (English): Students are informed through official BRAC University notices and announcements.",Students are informed through official BRAC University notices and announcements.,0.0185,3.9607,3.9793,2026-08-01T07:46:30.614098+00:00,0.3136,1.0,SCORE: 1.0 | REASON: All claims are directly supported by the provided CONTEXT.,novel,open_ended,linear,False,False,False,False,False,False,True,,,0.0,1.054,0.9885925054550171
Q020,adaptive_novel,0.5,What is checked at the Security Supervisor Office?,"Student ID Check, All workers In out","Question: What is checked at the Security Supervisor Office?
Answer: Student ID Check, All workers In out

Question: What is the function of the Security Supervisor Office?
Answer: To check student IDs and monitor the entry and exit of all workers.

Question: Is there a dorm supervisor who oversees student welfare in BRACU accommodation?
Answer: Yes, BRACU accommodation (e.g., the female students' dormitory) has a dedicated Dorm Supervisor role responsible for enforcing dormitory rules, coordinating with the Medical Center, overseeing meals and hygiene, managing attendance and security, and organizing extracurricular logistics like airport pickup and cultural trips for residents.

Question (Banglish): Security Supervisor Office er function ta ki?
Answer (English): To check student IDs and monitor the entry and exit of all workers.

Question (Banglish): Security Supervisor Office e ki check kora hoy?
Answer (English): Student ID Check, All workers In out","Student ID Check, All workers In out.",0.0183,3.5446,3.5631,2026-08-01T07:46:34.177937+00:00,0.2587,1.0,SCORE: 1.0 | REASON: All individual factual claims in the ANSWER are fully supported by the CONTEXT.,novel,open_ended,linear,False,False,False,False,False,False,True,,,0.0,1.0371,0.9798077940940857
Q025,adaptive_novel,0.5,Can you tell me what the difference in focus between the BSEEE and BSECE programs is?,"BSEEE (Electrical and Electronic Engineering) has a broader focus spanning power, electronics and general EEE topics, while BSECE (Electronic and Communication Engineering) concentrates more specifically on communication-related topics such as signal processing, telecommunications, microwave engineering, and data/optical/satellite communications.","Question: Can you tell me what the difference in focus between the BSEEE and BSECE programs is?
Answer: BSEEE (Electrical and Electronic Engineering) has a broader focus spanning power, electronics and general EEE topics, while BSECE (Electronic and Communication Engineering) concentrates more specifically on communication-related topics such as signal processing, telecommunications, microwave engineering, and data/optical/satellite communications.

Question (Banglish): BSEEE ar BSECE program er focus e ki difference?
Answer (English): BSEEE (Electrical and Electronic Engineering) has a broader focus spanning power, electronics and general EEE topics, while BSECE (Electronic and Communication Engineering) concentrates more specifically on communication-related topics such as signal processing, telecommunications, microwave engineering, and data/optical/satellite communications.

Question: Hey, is BRAC University's CSE program better than BUET's?
Answer: I can't give an objective ranking there - 'better' depends on what you're optimizing for, and I don't have comparative data on BUET to draw from anyway.

Question: Is BRAC University's CSE program better than BUET's?
Answer: I can't give an objective ranking there - 'better' depends on what you're optimizing for, and I don't have comparative data on BUET to draw from anyway.

Question: What is the difference in focus between the BSEEE and BSECE programs?
Answer: BSEEE (Electrical and Electronic Engineering) has a broader focus spanning power, electronics and general EEE topics, while BSECE (Electronic and Communication Engineering) concentrates more specifically on communication-related topics such as signal processing, telecommunications, microwave engineering, and data/optical/satellite communications.","BSEEE (Electrical and Electronic Engineering) has a broader focus spanning power, electronics and general EEE topics, while BSECE (Electronic and Communication Engineering) concentrates more specifically on communication-related topics such as signal processing, telecommunications, microwave engineering, and data/optical/satellite communications.",0.0214,8.5788,8.6005,2026-08-01T07:46:42.778860+00:00,0.0562,1.0,SCORE: 1.0 | REASON: All claims are directly supported by the provided CONTEXT.,novel,open_ended,linear,False,False,False,False,False,False,True,,,0.0,1.0422,0.9678246974945068
Q030,adaptive_novel,0.5,What is the second outbound timing for Route-04 (Azimpur)?,Route-04 (Azimpur): Second trip departs at 5:10 PM.,"Question: What is the second outbound timing for Route-04 (Azimpur)?
Answer: Route-04 (Azimpur): Second trip departs at 5:10 PM.

Question: What is the second outbound timing for Route-02 (Mirpur-A)?
Answer: Route-02 (Mirpur-A): Second trip departs at 5:10 PM.

Question: What is the second outbound timing for Route-03 (Jigatola)?
Answer: Route-03 (Jigatola): Second trip departs at 5:10 PM.

Question: What is the second outbound timing for Route-01 (Abdullahpur)?
Answer: Route-01 (Abdullahpur): Second trip departs at 5:10 PM.

Question (Banglish): Route-04 (Azimpur) er second outbound timing ta ki?
Answer (English): Route-04 (Azimpur): Second trip departs at 5:10 PM.",The second outbound timing for Route-04 (Azimpur) is 5:10 PM.,0.0199,4.5757,4.5958,2026-08-01T07:46:47.374875+00:00,0.0594,0.0,SCORE: 0.0 | REASON: The answer makes a claim that is not supported by any question in the context.,novel,open_ended,linear,False,False,False,False,False,False,True,,,0.0,1.0976,0.9867754578590393
Q031,adaptive_novel,0.5,"New student here, could you please provide details about the tuition fee structure at BRAC University?","For students enrolled in the Computer Science and Engineering (CSE) program at BRAC University, the tuition fee structure includes a one-time, non-refundable admission fee of BDT 30,800. Each course within the CSE program costs BDT 22,500. Additionally, students are required to pay a semester fee of BDT 11,500, which covers various facilities such as IT services and library access. There is also a one-time library membership fee of BDT 2,500. This fee structure is designed to support the comprehensive education provided in the CSE program, ensuring access to advanced resources and facilities?","Question: New student here, could you please provide details about the tuition fee structure at BRAC University?
Answer: For students enrolled in the Computer Science and Engineering (CSE) program at BRAC University, the tuition fee structure includes a one-time, non-refundable admission fee of BDT 30,800. Each course within the CSE program costs BDT 22,500. Additionally, students are required to pay a semester fee of BDT 11,500, which covers various facilities such as IT services and library access. There is also a one-time library membership fee of BDT 2,500. This fee structure is designed to support the comprehensive education provided in the CSE program, ensuring access to advanced resources and facilities?

Question (Banglish): BRAC University er tuition fee structure ta ektu bolben please?
Answer (English): For students enrolled in the Computer Science and Engineering (CSE) program at BRAC University, the tuition fee structure includes a one-time, non-refundable admission fee of BDT 30,800. Each course within the CSE program costs BDT 22,500. Additionally, students are required to pay a semester fee of BDT 11,500, which covers various facilities such as IT services and library access. There is also a one-time library membership fee of BDT 2,500. This fee structure is designed to support the comprehensive education provided in the CSE program, ensuring access to advanced resources and facilities

Question: What's the tuition fee at North South University?
Answer: That's outside what I can help with - I only have information about BRAC University. North South University's own website would have their current fee structure.

Question: Not sure if this is covered elsewhere, but what's the tuition fee at North South University?
Answer: That's outside what I can help with - I only have information about BRAC University. North South University's own website would have their current fee structure.

Question: Could you please provide details about the tuition fee structure at BRAC University?
Answer: For students enrolled in the Computer Science and Engineering (CSE) program at BRAC University, the tuition fee structure includes a one-time, non-refundable admission fee of BDT 30,800. Each course within the CSE program costs BDT 22,500. Additionally, students are required to pay a semester fee of BDT 11,500, which covers various facilities such as IT services and library access. There is also a one-time library membership fee of BDT 2,500. This fee structure is designed to support the comprehensive education provided in the CSE program, ensuring access to advanced resources and facilities?","For students enrolled in the Computer Science and Engineering (CSE) program at BRAC University, the tuition fee structure includes a one-time, non-refundable admission fee of BDT 30,800. Each course within the CSE program costs BDT 22,500. Additionally, students are required to pay a semester fee of BDT 11,500, which covers various facilities such as IT services and library access. There is also a one-time library membership fee of BDT 2,500. This fee structure is designed to support the comprehensive education provided in the CSE program, ensuring access to advanced resources and facilities?",0.0303,17.2615,17.2921,2026-08-01T07:47:04.667007+00:00,0.0481,1.0,SCORE: 1.0 | REASON: All claims are directly mentioned in the provided CONTEXT.,novel,open_ended,linear,False,True,True,False,False,False,True,,,0.0,1.015,0.9848341941833496
Q032,adaptive_novel,0.5,From where does the bus leave on campus?,The bus leave campus from the Basement-1,"Question: From where does the bus leave on campus?
Answer: The bus leave campus from the Basement-1

Question: How often can students leave the Savar campus to visit home during RS?
Answer: The Residential Semester is meant to be fully residential, so students are generally discouraged from leaving campus. Short leave may be granted in emergencies or exceptional cases with an approved leave application. Overstaying leave without valid reason is treated as a discipline violation and can result in further leave being denied for the rest of the semester.

Question: New student here, how often can students leave the Savar campus to visit home during RS?
Answer: The Residential Semester is meant to be fully residential, so students are generally discouraged from leaving campus. Short leave may be granted in emergencies or exceptional cases with an approved leave application. Overstaying leave without valid reason is treated as a discipline violation and can result in further leave being denied for the rest of the semester.

Question: Random question, how often can students leave the Savar campus to visit home during RS?
Answer: The Residential Semester is meant to be fully residential, so students are generally discouraged from leaving campus. Short leave may be granted in emergencies or exceptional cases with an approved leave application. Overstaying leave without valid reason is treated as a discipline violation and can result in further leave being denied for the rest of the semester.

Question (Banglish): Campus e bus kothay theke chare?
Answer (English): The bus leave campus from the Basement-1",The bus leaves campus from the Basement-1.,0.0179,3.9128,3.9308,2026-08-01T07:47:08.598156+00:00,0.17,0.5,"SCORE: 0.5 | REASON: Only two out of four claims are supported by the context. 

The answer ""The bus leaves campus from the Basement-1"" is supported because it matches the CONTEXT for the first question.

However, the answer ""The Residential Semester is meant to be fully residential, so students are generally discouraged from leaving campus."" is also supported in three different questions, but the specific claim about leave being granted in emergencies or exceptional cases with an approved application is not mentioned in any of the contexts.",novel,open_ended,linear,False,False,False,False,False,False,True,,,0.0,1.0444,0.9932612776756287
Q039,adaptive_novel,0.5,Why is it advised not to select unnecessary courses in the Wishlist?,"Course demand influences planning, and unnecessary selections may misrepresent actual needs","Question: Why is it advised not to select unnecessary courses in the Wishlist?
Answer: Course demand influences planning, and unnecessary selections may misrepresent actual needs

Question: Purpose of the Course Wishlist feature in the Connect system?
Answer: Addition of preferred courses to a wishlist to secure seats as they become available while following university policies

Question: What must be done after selecting courses in the Wishlist event?
Answer: Press the ""Confirm"" button within the assigned slot time

Question (Banglish): Connect system e Course Wishlist feature er purpose ki?
Answer (English): Addition of preferred courses to a wishlist to secure seats as they become available while following university policies

Question (Banglish): Wishlist e unnecessary course select na korte keno bola hoy?
Answer (English): Course demand influences planning, and unnecessary selections may misrepresent actual needs","It is advised not to select unnecessary courses in the Wishlist because course demand influences planning, and unnecessary selections may misrepresent actual needs.",0.0202,4.982,5.0023,2026-08-01T07:47:13.601367+00:00,0.2646,1.0,SCORE: 1.0 | REASON: All three claims are fully supported by the provided CONTEXT.,novel,open_ended,linear,False,False,False,False,False,False,True,,,0.0,1.0675,0.014057566411793232
Q042,adaptive_novel,0.5,What is the BRAC University Students' Transport Service?,"BRAC University provides an affordable, safe, and comfortable transport service with air-conditioned buses covering nine routes across Dhaka city.","Question: What is the BRAC University Students' Transport Service?
Answer: BRAC University provides an affordable, safe, and comfortable transport service with air-conditioned buses covering nine routes across Dhaka city.

Question: Can non-students use the BRAC University transport service?
Answer: No, the service is exclusively for BRAC University students.

Question (Banglish): Student ra ki transport service niye feedback dite pare?
Answer (English): Yes, students can share feedback via BRAC University's official transport service email or hotline.

Question: How can students contact the transport service?
Answer: Students can contact the transport service via designated phone numbers.

Question (Banglish): BRAC University Students' Transport Service ta ki?
Answer (English): BRAC University provides an affordable, safe, and comfortable transport service with air-conditioned buses covering nine routes across Dhaka city.",The BRAC University Students' Transport Service is a transport service provided by BRAC University for its students.,0.0212,4.579,4.6003,2026-08-01T07:47:18.201767+00:00,0.0564,0.8,SCORE: 0.8 | REASON: The answer partially supports the context as it accurately describes the service's purpose and availability but lacks specific details about routes and contact methods.,novel,open_ended,linear,False,True,True,False,False,False,True,,,0.0,0.9724,0.9053748846054077
Q043,adaptive_novel,0.5,What are the pickup times for Route-01 (Abdullahpur)?,"1st Trip: 6:40 AM, 2nd Trip: 8:50 AM.","Question: What are the pickup times for Route-01 (Abdullahpur)?
Answer: 1st Trip: 6:40 AM, 2nd Trip: 8:50 AM.

Question: What is the first pickup time for each route?
Answer: Pickup times range from 6:15 AM to 7:10 AM, depending on the route.

Question: What are the pickup times for Route-02 (Mirpur-B)?
Answer: 1st Trip: 6:45 AM, 2nd Trip: 9:00 AM.

Question: What are the pickup times for Route-04 (Azimpur)?
Answer: Route-04 (Azimpur): 1st Trip: 6:30 AM, 2nd Trip: 8:45 AM.

Question (Banglish): Route-01 (Abdullahpur) er pickup time gula ki?
Answer (English): 1st Trip: 6:40 AM, 2nd Trip: 8:50 AM.",The pickup times for Route-01 (Abdullahpur) are 1st Trip: 6:40 AM and 2nd Trip: 8:50 AM.,0.0218,5.9218,5.9438,2026-08-01T07:47:24.145945+00:00,0.1567,0.5,"SCORE: 0.5 | REASON: The answer partially matches the context for Route-01 (Abdullahpur), but not for other routes mentioned in the context.",novel,open_ended,linear,False,False,False,False,False,False,True,,,0.0,1.0524,0.09270621091127396
Q046,adaptive_novel,0.5,What sports teams does the university have?,"BRAC University Football Club, BRAC University Chess Club, BRAC University Cricket Club, and BRAC University Indoor Games Club.","Question: What sports teams does the university have?
Answer: BRAC University Football Club, BRAC University Chess Club, BRAC University Cricket Club, and BRAC University Indoor Games Club.

Question: One thing I couldn't find anywhere: does BRAC University take part in inter-university sports tournaments regularly?
Answer: Yes, BRAC University teams regularly compete in inter-university football and other sports tournaments in Dhaka, including tournaments like the Shahjalal Islami Bank Faraaz Gold Cup Inter-University Football Tournament.

Question: Are there any costs associated with joining clubs or sports teams?
Answer: No there no costs associated with joining clubs or sports teams.

Question: Does BRAC University have any costs associated with joining clubs or sports teams?
Answer: No there no costs associated with joining clubs or sports teams.

Question: New student here, what sports teams does the university have?
Answer: BRAC University Football Club, BRAC University Chess Club, BRAC University Cricket Club, and BRAC University Indoor Games Club.","The university has several sports teams, including BRAC University Football Club, BRAC University Chess Club, BRAC University Cricket Club, and BRAC University Indoor Games Club.",0.0192,5.7949,5.8142,2026-08-01T07:47:29.960774+00:00,0.0115,1.0,SCORE: 1.0 | REASON: All factual claims made in the ANSWER are fully supported by the CONTEXT.,novel,open_ended,linear,False,True,True,False,False,False,True,,,0.0,0.8918,0.9486691355705261
Q052,adaptive_novel,0.5,"How many semesters does BRAC University run per year, and when do they start?","BRAC University runs three semesters a year - Spring, Summer and Fall - starting in January, May and September respectively. Pharmacy admits in Spring or Summer, and LLB admits in Spring or Fall.","Question: How many semesters does BRAC University run per year, and when do they start?
Answer: BRAC University runs three semesters a year - Spring, Summer and Fall - starting in January, May and September respectively. Pharmacy admits in Spring or Summer, and LLB admits in Spring or Fall.

Question: How many semesters does BRAC University run each year, and what are they called?
Answer: BRAC University follows a semester-based system with three equal semesters each year: Spring, Summer, and Fall.

Question: Before I forget to ask — how many semesters does BRAC University run each year, and what are they called?
Answer: BRAC University follows a semester-based system with three equal semesters each year: Spring, Summer, and Fall.

Question: Not sure if this is covered elsewhere, but how many semesters does BRAC University run each year, and what are they called?
Answer: BRAC University follows a semester-based system with three equal semesters each year: Spring, Summer, and Fall.

Question: Just wondering, how many semesters does BRAC University run per year, and when do they start?
Answer: BRAC University runs three semesters a year - Spring, Summer and Fall - starting in January, May and September respectively. Pharmacy admits in Spring or Summer, and LLB admits in Spring or Fall.","BRAC University runs three semesters a year - Spring, Summer and Fall - starting in January, May and September respectively.",0.0227,5.1017,5.1246,2026-08-01T07:47:35.085453+00:00,0.0102,0.5,"SCORE: 0.5 | REASON: The answer partially matches the context, but lacks information about admission periods for Pharmacy and LLB.",novel,open_ended,linear,False,True,True,False,False,False,True,,,0.0,1.001,0.9926272034645081
Q057,adaptive_novel,0.5,Who must participate in the Wishlist event?,"All undergraduate students attending upcoming, excluding RS-eligible students and LLB, PHR students","Question: Who must participate in the Wishlist event?
Answer: All undergraduate students attending upcoming, excluding RS-eligible students and LLB, PHR students

Question (Banglish): Kon group er student der Wishlist event e participate korar requirement nei?
Answer (English): Students who are eligible for residential semester in the upcoming semester.

Question (Banglish): Wishlist event e participate na korle ki consequence hoy?
Answer (English): Student will not be allowed to register during Pre-Registration Phase 1

Question (Banglish): Ke Wishlist event e participate korte hobe?
Answer (English): All undergraduate students attending upcoming, excluding RS-eligible students and LLB, PHR students

Question: Which group of students is not required to participate in the Wishlist event?
Answer: Students who are eligible for residential semester in the upcoming semester.","All undergraduate students attending the upcoming semester, excluding RS-eligible students and LLB, PHR students.",0.0172,4.6159,4.6331,2026-08-01T07:47:39.719037+00:00,0.1475,0.8,"SCORE: 0.8 | REASON: Three out of four individual factual claims are supported by the CONTEXT. 

Here's how I broke down the ANSWER into its individual claims and checked their support in the CONTEXT:

1. ""All undergraduate students attending the upcoming semester"" is supported, as it matches Question (Banglish): Kon group er student der Wishlist event e participate korar requirement nei? Answer (English): Students who are eligible for residential semester in the upcoming semester.
2. ""excluding RS-eligible students"" is supported, as it matches Question: Who must participate in the Wishlist event? Answer: All undergraduate students attending upcoming, excluding RS-eligible students and LLB, PHR students
3. ""and LLB, PHR students"" is supported, as it matches Question: Who must participate in the Wishlist event? Answer: All undergraduate students attending upcoming, excluding RS-eligible students and LLB, PHR students
4. However, the claim ""will not be allowed to register during Pre-Registration Phase 1"" is not directly supported by the CONTEXT; while it's mentioned as a consequence of not participating in the Wishlist event (Question: Wishlist event e participate na korle ki consequence hoy? Answer (English): Student will not be allowed to register during Pre-Registration Phase 1), this specific claim isn't part of the ANSWER.",novel,open_ended,linear,False,True,True,False,False,False,True,,,0.0,1.0214,0.09257953613996506
Q066,adaptive_novel,0.5,Can you tell me what the prerequisites for the Cse program are?,"Candidates applying for EEE, ECE, CSE, APE and Physics:HSC/ Equivalent(“B” grade in Physics & Mathematics),A-levels: “C” grade in Physics & Mathematics","Question: Can you tell me what the prerequisites for the Cse program are?
Answer: Candidates applying for EEE, ECE, CSE, APE and Physics:HSC/ Equivalent(“B” grade in Physics & Mathematics),A-levels: “C” grade in Physics & Mathematics

Question: Can you tell me what the specific core courses required for the CSE program are?
Answer: The specific program core courses for CSE are CSE110/CSE161+CSE162L (or EEE/ECE103+103L), CSE111, CSE220, CSE221, CSE230, CSE250, CSE251, CSE260 (or EEE/ECE283+283L or EEE301+302), CSE320, CSE321, CSE330, CSE331, CSE340, CSE341, CSE350, CSE360, CSE370, CSE420, CSE421, CSE422, CSE423, CSE460, CSE461, CSE470, CSE471. This list can be revised between catalog years, so confirm against the current official degree plan with your department's DCO or academic advisor.

Question: What are the specific core courses required for the CSE program?
Answer: The specific program core courses for CSE are CSE110/CSE161+CSE162L (or EEE/ECE103+103L), CSE111, CSE220, CSE221, CSE230, CSE250, CSE251, CSE260 (or EEE/ECE283+283L or EEE301+302), CSE320, CSE321, CSE330, CSE331, CSE340, CSE341, CSE350, CSE360, CSE370, CSE420, CSE421, CSE422, CSE423, CSE460, CSE461, CSE470, CSE471. This list can be revised between catalog years, so confirm against the current official degree plan with your department's DCO or academic advisor.

Question (Banglish): CSE program er prerequisite gula ki?
Answer (English): Candidates applying for EEE, ECE, CSE, APE and Physics:HSC/ Equivalent(""B"" grade in Physics & Mathematics),A-levels: ""C"" grade in Physics & Mathematics

Question: What are the prerequisites for the Cse program?
Answer: Candidates applying for EEE, ECE, CSE, APE and Physics:HSC/ Equivalent(“B” grade in Physics & Mathematics),A-levels: “C” grade in Physics & Mathematics","The prerequisites for the Cse program are Candidates applying for EEE, ECE, CSE, APE and Physics:HSC/ Equivalent(“B” grade in Physics & Mathematics),A-levels: “C” grade in Physics & Mathematics.",0.022,8.2782,8.3004,2026-08-01T07:47:48.019670+00:00,0.1191,1.0,SCORE: 1.0 | REASON: All individual factual claims in the ANSWER are fully supported by the CONTEXT.,novel,open_ended,linear,False,False,False,False,False,False,True,,,0.0,1.037,0.9099766612052917
Q067,adaptive_novel,0.5,I looked around the site but couldn't find it — how to submit report after a club event?,"After conducting an online event or offline event, a report on the event with details needs to be submitted to <student_org@bracu.ac.bd> within 7 working days. Without the report, future proposals will not be accepted and approved.

• The report must contain a minimum of 500 words to a maximum of 1000 words with detailed activities, discussion, social impact, and outcome. If you get any media, coverage please provide the link.

• The social media data must be included in the report such as the number of attendees, likes, shares, views, and comments. For the best accuracy please collect this information immediately after the event is completed.

• After receiving and reviewing the appropriate report, we will complete the event or online program. Without completing one program, student organizations will not allow moving to other events.","Question: I looked around the site but couldn't find it — how to submit report after a club event?
Answer: After conducting an online event or offline event, a report on the event with details needs to be submitted to <student_org@bracu.ac.bd> within 7 working days. Without the report, future proposals will not be accepted and approved.

• The report must contain a minimum of 500 words to a maximum of 1000 words with detailed activities, discussion, social impact, and outcome. If you get any media, coverage please provide the link.

• The social media data must be included in the report such as the number of attendees, likes, shares, views, and comments. For the best accuracy please collect this information immediately after the event is completed.

• After receiving and reviewing the appropriate report, we will complete the event or online program. Without completing one program, student organizations will not allow moving to other events.

Question: Hey, how to submit report after a club event?
Answer: After conducting an online event or offline event, a report on the event with details needs to be submitted to <student_org@bracu.ac.bd> within 7 working days. Without the report, future proposals will not be accepted and approved.

• The report must contain a minimum of 500 words to a maximum of 1000 words with detailed activities, discussion, social impact, and outcome. If you get any media, coverage please provide the link.

• The social media data must be included in the report such as the number of attendees, likes, shares, views, and comments. For the best accuracy please collect this information immediately after the event is completed.

• After receiving and reviewing the appropriate report, we will complete the event or online program. Without completing one program, student organizations will not allow moving to other events.

Question: I looked around the site but couldn't find it — where can students participate in clubs and activities?
Answer: Club Activity Rooms are located on the 6th Floor.

Question (Banglish): Club event er por report kivabe submit korbo?
Answer (English): After conducting an online event or offline event, a report on the event with details needs to be submitted to <student_org@bracu.ac.bd> within 7 working days. Without the report, future proposals will not be accepted and approved.

• The report must contain a minimum of 500 words to a maximum of 1000 words with detailed activities, discussion, social impact, and outcome. If you get any media, coverage please provide the link.

• The social media data must be included in the report such as the number of attendees, likes, shares, views, and comments. For the best accuracy please collect this information immediately after the event is completed.

• After receiving and reviewing the appropriate report, we will complete the event or online program. Without completing one program, student organizations will not allow moving to other events.

Question: How to submit report after a club event?
Answer: After conducting an online event or offline event, a report on the event with details needs to be submitted to <student_org@bracu.ac.bd> within 7 working days. Without the report, future proposals will not be accepted and approved.

• The report must contain a minimum of 500 words to a maximum of 1000 words with detailed activities, discussion, social impact, and outcome. If you get any media, coverage please provide the link.

• The social media data must be included in the report such as the number of attendees, likes, shares, views, and comments. For the best accuracy please collect this information immediately after the event is completed.

• After receiving and reviewing the appropriate report, we will complete the event or online program. Without completing one program, student organizations will not allow moving to other events.","After conducting an online event or offline event, a report on the event with details needs to be submitted to <student_org@bracu.ac.bd> within 7 working days. The report must contain a minimum of 500 words to a maximum of 1000 words with detailed activities, discussion, social impact, and outcome, including social media data such as the number of attendees, likes, shares, views, and comments collected immediately after the event is completed.",0.025,14.0588,14.0839,2026-08-01T07:48:02.104276+00:00,0.5101,1.0,SCORE: 1.0 | REASON: The answer is fully supported by the context as it directly quotes and summarizes the provided answers.,novel,open_ended,linear,False,True,True,False,False,False,True,,,0.0,1.0207,0.516103982925415
Q068,adaptive_novel,0.5,Can you tell me what the Syndicate at BRAC University is?,"The Syndicate, chaired by the Vice-Chancellor, supervises the university's academic and administrative functions.","Question: Can you tell me what the Syndicate at BRAC University is?
Answer: The Syndicate, chaired by the Vice-Chancellor, supervises the university's academic and administrative functions.

Question: What is the Syndicate at BRAC University?
Answer: The Syndicate, chaired by the Vice-Chancellor, supervises the university's academic and administrative functions.

Question: What's the purpose and role of the Syndicate at BRAC University?
Answer: The Syndicate, chaired by the Vice-Chancellor, supervises the university's academic and administrative functions.

Question: What's the deal with the Syndicate at BRAC University - I've heard it mentioned but I'm not really sure what it does.
Answer: The Syndicate, chaired by the Vice-Chancellor, supervises the university's academic and administrative functions.

Question: I wanted to ask, what is the Syndicate at BRAC University?
Answer: The Syndicate, chaired by the Vice-Chancellor, supervises the university's academic and administrative functions.","The Syndicate at BRAC University is the body that oversees the university's academic and administrative functions, with the Vice-Chancellor serving as its chair.",0.0214,5.5273,5.5488,2026-08-01T07:48:07.653094+00:00,0.1245,1.0,SCORE: 1.0 | REASON: All claims are directly supported by the provided contexts.,novel,open_ended,linear,False,True,True,False,False,False,True,,,0.0,1.003,0.05730346962809563
Q069,adaptive_novel,0.5,Can you tell me what the eligibility criteria for receiving financial aid are?,"BRAC University offers financial aid to students based on demonstrated financial need. Financial aid eligibility is reassessed regularly, and students may need to maintain satisfactory academic performance. Special consideration may be given to students from disadvantaged backgrounds or those facing extraordinary circumstances. The Financial Aid Office can provide more detailed information on the application process.","Question: Can you tell me what the eligibility criteria for receiving financial aid are?
Answer: BRAC University offers financial aid to students based on demonstrated financial need. Financial aid eligibility is reassessed regularly, and students may need to maintain satisfactory academic performance. Special consideration may be given to students from disadvantaged backgrounds or those facing extraordinary circumstances. The Financial Aid Office can provide more detailed information on the application process.

Question (Banglish): Financial aid pete eligibility criteria ki ki?
Answer (English): BRAC University offers financial aid to students based on demonstrated financial need. Financial aid eligibility is reassessed regularly, and students may need to maintain satisfactory academic performance. Special consideration may be given to students from disadvantaged backgrounds or those facing extraordinary circumstances. The Financial Aid Office can provide more detailed information on the application process.

Question: How can students apply for financial aid?
Answer: To apply for financial aid at BRAC University, students should start by confirming their eligibility by reviewing the criteria provided on the university's website or contacting the financial aid office. Next, they need to gather all required documents, such as income certificates and academic records. After preparing the necessary paperwork, students should complete and submit the financial aid application form by the specified deadline.

Question: Can you tell me what the requirements for maintaining financial aid eligibility are?
Answer: At BRAC University, students must maintain a minimum CGPA of 3.25, be enrolled full-time, meet satisfactory academic progress, follow the code of conduct, and sometimes demonstrate ongoing financial need to maintain financial aid eligibility.

Question: What are the eligibility criteria for receiving financial aid?
Answer: BRAC University offers financial aid to students based on demonstrated financial need. Financial aid eligibility is reassessed regularly, and students may need to maintain satisfactory academic performance. Special consideration may be given to students from disadvantaged backgrounds or those facing extraordinary circumstances. The Financial Aid Office can provide more detailed information on the application process.","The eligibility criteria for receiving financial aid at BRAC University are based on demonstrated financial need, and students may also be considered if they come from disadvantaged backgrounds or face extraordinary circumstances.",0.0186,6.2221,6.2409,2026-08-01T07:48:13.894309+00:00,0.0666,0.8,"SCORE: 0.8 | REASON: The ANSWER partially matches the CONTEXT, as it correctly mentions demonstrated financial need and disadvantaged backgrounds, but omits other eligibility criteria such as maintaining a minimum CGPA and satisfactory academic progress.",novel,open_ended,linear,False,True,True,False,False,False,True,,,0.0,0.9769,0.007823399268090725
Q070,adaptive_novel,0.5,For a friend who's asking — do I need to pay any fee to collect my degree certificate at Convocation?,"No, based on published notices, there is no fee to collect your certificate at the time of Convocation itself; fees apply if you request documents outside of that window.","Question: For a friend who's asking — do I need to pay any fee to collect my degree certificate at Convocation?
Answer: No, based on published notices, there is no fee to collect your certificate at the time of Convocation itself; fees apply if you request documents outside of that window.

Question: Do I need to pay any fee to collect my degree certificate at Convocation?
Answer: No, based on published notices, there is no fee to collect your certificate at the time of Convocation itself; fees apply if you request documents outside of that window.

Question (Banglish): Degree processing ar certificate er fee koto?
Answer (English): - Degree Processing Fee: BDT 10,000
- Provisional Certificate: BDT 1,000
- Emergency Provisional Certificate: BDT 2,500
- Degree Completion Letter: BDT 200

Question (Banglish): Convocation e degree certificate collect korte ki amake fee dite hobe?
Answer (English): No, based on published notices, there is no fee to collect your certificate at the time of Convocation itself; fees apply if you request documents outside of that window.

Question: Am I required to need to pay any fee to collect my degree certificate at Convocation?
Answer: No, based on published notices, there is no fee to collect your certificate at the time of Convocation itself; fees apply if you request documents outside of that window.","No, based on published notices, there is no fee to collect your certificate at the time of Convocation itself; fees apply if you request documents outside of that window.",0.0256,6.0044,6.0302,2026-08-01T07:48:19.924900+00:00,0.1195,1.0,SCORE: 1.0 | REASON: All individual factual claims are fully supported by the retrieved CONTEXT.,novel,open_ended,linear,False,False,False,False,False,False,True,,,0.0,1.057,0.9921911358833313
Q077,adaptive_novel,0.5,Consequence of not confirming advising during the Self-Registration period?,All selected courses will be automatically cancelled,"Question: Consequence of not confirming advising during the Self-Registration period?
Answer: All selected courses will be automatically cancelled

Question: When must course selections be confirmed after Pre-Registration phases?
Answer: During the Self-Registration period assigned after result publication

Question: Result of confirming advising in Summer 2025?
Answer: Advising will be confirmed and necessary fees will be automatically applied.

Question: What is the impact of confirming the Wishlist within the slot time?
Answer: Ensures eligibility for Pre-Registration Phase 1 and contributes to course planning

Question (Banglish): Self-Registration period e advising confirm na korle ki consequence hoy?
Answer (English): All selected courses will be automatically cancelled",All selected courses will be automatically cancelled.,0.0227,3.4948,3.5176,2026-08-01T07:48:23.443118+00:00,0.1852,0.5,"SCORE: 0.5 | REASON: Only two out of four claims are supported by the context. 

The answer ""All selected courses will be automatically cancelled"" is supported by the first and fourth questions in the context, but not by the second or third.",novel,open_ended,linear,False,True,True,False,False,False,True,,,0.0,1.0278,0.9904916882514954
Q079,adaptive_novel,0.5,What steps do I need to follow to access the Prayer Room for females?,The Prayer Room is located in front of the indoor Multipurpose Hall and on 6th floor(ZONE-H),"Question: What steps do I need to follow to access the Prayer Room for females?
Answer: The Prayer Room is located in front of the indoor Multipurpose Hall and on 6th floor(ZONE-H)

Question: Where can I find the Prayer Room for females?
Answer: In front of the indoor (Multipurpose Hall) and also on 6th floor(ZONE-H).

Question: Where's the female prayer room?
Answer: The female prayer room is located on the ground floor near reception and also another one on 6th floor.(ZONE-H).

Question (Banglish): Female der Prayer Room ami kivabe access korbo?
Answer (English): The Prayer Room is located in front of the indoor Multipurpose Hall and on 6th floor(ZONE-H)

Question: How can I access the Prayer Room for females?
Answer: The Prayer Room is located in front of the indoor Multipurpose Hall and on 6th floor(ZONE-H)","The steps you need to follow to access the Prayer Room for females are not specified in the retrieved context, as it only provides locations where the Prayer Room is located.",0.0241,5.7348,5.7591,2026-08-01T07:48:29.202420+00:00,0.2325,0.5,SCORE: 0.5 | REASON: The ANSWER contains two claims that are not supported by the CONTEXT (steps to access and location on ground floor near reception).,novel,open_ended,linear,False,False,False,False,False,False,True,,,0.0,1.0849,0.05052836611866951
Q084,adaptive_novel,0.5,"Just wondering, what types of general education courses are required for all undergraduate students at BRAC University?","Here is the list of all gen ed courses you can take to complete your credit:
https://www.bracu.ac.bd/academics/institutes-and-schools/school-general-education/streams-and-courses. But all the courses won't be available at every semester so please check USIS to make sure your prefered courses are available or not.","Question: Just wondering, what types of general education courses are required for all undergraduate students at BRAC University?
Answer: Here is the list of all gen ed courses you can take to complete your credit:
https://www.bracu.ac.bd/academics/institutes-and-schools/school-general-education/streams-and-courses. But all the courses won't be available at every semester so please check USIS to make sure your prefered courses are available or not.

Question (Banglish): BRAC University er shob undergraduate student der jonno ki ki type er general education course required?
Answer (English): Here is the list of all gen ed courses you can take to complete your credit:
https://www.bracu.ac.bd/academics/institutes-and-schools/school-general-education/streams-and-courses. But all the courses won't be available at every semester so please check USIS to make sure your prefered courses are available or not.

Question (Banglish): BRAC e School of General Education (SGE) kon dhoroner core courses coordinate kore?
Answer (English): The School of General Education coordinates university-wide core and foundation courses required across all undergraduate degree programs.

Question (Banglish): Protita student ke General Education (GenEd) course er koto credit-hour complete korte hoy?
Answer (English): Every undergraduate student, regardless of major, must complete 42 credit-hours (14 courses) of General Education courses, generally within the first two years of study, spanning Humanities, Social Sciences, Law, Mathematics, Sciences, Technology and Architecture.

Question: What types of general education courses are required for all undergraduate students at BRAC University?
Answer: Here is the list of all gen ed courses you can take to complete your credit:
https://www.bracu.ac.bd/academics/institutes-and-schools/school-general-education/streams-and-courses. But all the courses won't be available at every semester so please check USIS to make sure your prefered courses are available or not.","Every undergraduate student, regardless of major, must complete 42 credit-hours (14 courses) of General Education courses, generally within the first two years of study, spanning Humanities, Social Sciences, Law, Mathematics, Sciences, Technology and Architecture.",0.0322,7.5329,7.5654,2026-08-01T07:48:36.768274+00:00,0.0679,0.5,"SCORE: 0.5 | REASON: The answer partially matches the context, as it mentions the same credit-hour requirement (42) and course distribution, but lacks specific details about core and foundation courses mentioned in another part of the context.",novel,open_ended,linear,False,False,False,False,False,False,True,,,0.0,1.0533,0.9794409275054932
Q087,adaptive_novel,0.5,Before I forget to ask — what are the consequences of violating TARC rules and regulations?,"Violating rules and regulations can get one ousted from tarc.Eventually on severe violation the authority will call their parents and send them home.On minor violation,students are given warning.Also after 3 warnings if they cannot bring changes in themselves their tarc will also be cancelled","Question: Before I forget to ask — what are the consequences of violating TARC rules and regulations?
Answer: Violating rules and regulations can get one ousted from tarc.Eventually on severe violation the authority will call their parents and send them home.On minor violation,students are given warning.Also after 3 warnings if they cannot bring changes in themselves their tarc will also be cancelled

Question: What are the consequences of violating TARC rules and regulations?
Answer: Violating rules and regulations can get one ousted from tarc.Eventually on severe violation the authority will call their parents and send them home.On minor violation,students are given warning.Also after 3 warnings if they cannot bring changes in themselves their tarc will also be cancelled

Question (Banglish): TARC er rules bhanle ki consequence hoy?
Answer (English): Violating rules and regulations can get one ousted from tarc.Eventually on severe violation the authority will call their parents and send them home.On minor violation,students are given warning.Also after 3 warnings if they cannot bring changes in themselves their tarc will also be cancelled

Question: Can you tell me what the consequences of violating TARC rules and regulations are?
Answer: Violating rules and regulations can get one ousted from tarc.Eventually on severe violation the authority will call their parents and send them home.On minor violation,students are given warning.Also after 3 warnings if they cannot bring changes in themselves their tarc will also be cancelled

Question: Just wondering, what are the consequences of violating TARC rules and regulations?
Answer: Violating rules and regulations can get one ousted from tarc.Eventually on severe violation the authority will call their parents and send them home.On minor violation,students are given warning.Also after 3 warnings if they cannot bring changes in themselves their tarc will also be cancelled","Violating rules and regulations can get one ousted from tarc. Eventually on severe violation the authority will call their parents and send them home. On minor violation, students are given warning. Also after 3 warnings if they cannot bring changes in themselves their tarc will also be cancelled.",0.0204,8.3981,8.4187,2026-08-01T07:48:45.187520+00:00,0.1006,1.0,SCORE: 1.0 | REASON: All claims are directly mentioned in the provided CONTEXT.,novel,open_ended,linear,False,False,False,False,False,False,True,,,0.0,1.0617,0.1605897843837738
Q092,adaptive_novel,0.5,"I wanted to ask, is there an application fee, How much is it?","Admission Application Fee Tk. 1,500/- Non-Refundable [Through Bkash, Rocket, Nagod, Visa cards, Dhaka Bank Ltd., One Bank Ltd., Southeast Bank Ltd., Brac Bank Ltd. And Prime Bank Ltd]","Question: I wanted to ask, is there an application fee, How much is it?
Answer: Admission Application Fee Tk. 1,500/- Non-Refundable [Through Bkash, Rocket, Nagod, Visa cards, Dhaka Bank Ltd., One Bank Ltd., Southeast Bank Ltd., Brac Bank Ltd. And Prime Bank Ltd]

Question: One thing I couldn't find anywhere: how much is the admission application fee?
Answer: Local Applicants need to pay the non-refundable application fee Tk. 1500. For international applicants, the non-refundable application fee is US$ 20.

Question: Before I start the application, how much money do I need to set aside just for the fee itself?
Answer: Local Applicants need to pay the non-refundable application fee Tk. 1500. For international applicants, the non-refundable application fee is US$ 20.

Question: How much is the admission application fee?
Answer: Local Applicants need to pay the non-refundable application fee Tk. 1500. For international applicants, the non-refundable application fee is US$ 20.

Question: Is there an application fee? How much is it?
Answer: Admission Application Fee Tk. 1,500/- Non-Refundable [Through Bkash, Rocket, Nagod, Visa cards, Dhaka Bank Ltd., One Bank Ltd., Southeast Bank Ltd., Brac Bank Ltd. And Prime Bank Ltd]","There is an admission application fee of Tk. 1,500/- Non-Refundable, which can be paid through various banks and digital payment methods.",0.0256,5.9246,5.9504,2026-08-01T07:48:51.138079+00:00,0.1875,1.0,SCORE: 1.0 | REASON: All individual factual claims are fully supported by the retrieved CONTEXT.,novel,open_ended,linear,False,False,False,False,False,False,True,,,0.0,1.0301,0.6427218317985535
Q095,adaptive_novel,0.5,"Kind of urgent, but what should I do if I can’t log in to a lab PC?","If you've changed your password and can’t remember it, contact IT support at itsupport@bracu.ac.bd.","Question: Kind of urgent, but what should I do if I can’t log in to a lab PC?
Answer: If you've changed your password and can’t remember it, contact IT support at itsupport@bracu.ac.bd.

Question: What should I do if I can’t log in to a lab PC?
Answer: If you've changed your password and can’t remember it, contact IT support at itsupport@bracu.ac.bd.

Question (Banglish): BRAC University lab PC te ami kivabe log in korbo?
Answer (English): To log in to the BRAC University lab PCs, use your university-provided credentials. Typically, your student ID is your username, and the default password is provided by the IT department during orientation.

Question: Kind of urgent, but how do I log in to the BRAC University lab PCs?
Answer: To log in to the BRAC University lab PCs, use your university-provided credentials. Typically, your student ID is your username, and the default password is provided by the IT department during orientation.

Question: Quick question — what should I do if I can’t log in to a lab PC?
Answer: If you've changed your password and can’t remember it, contact IT support at itsupport@bracu.ac.bd.","If you can't log in to a lab PC, contact IT support at itsupport@bracu.ac.bd.",0.0187,5.0154,5.0343,2026-08-01T07:48:56.172657+00:00,0.2439,0.5,"SCORE: 0.5 | REASON: Only two out of four individual factual claims are supported by the retrieved CONTEXT. 

The ANSWER can be decomposed into two individual factual claims:

1. If you've changed your password and can’t remember it, contact IT support at itsupport@bracu.ac.bd.
2. To log in to the BRAC University lab PCs, use your university-provided credentials.

However, only the first claim is supported by the CONTEXT (the answer to the question ""What should I do if I can’t log in to a lab PC?""). The second claim is not supported because it contradicts the information provided in another part of the CONTEXT (the answer to the question ""BRAC University lab PC te ami kivabe log in korbo?"", which states that the default password is provided by the IT department during orientation).",novel,open_ended,linear,False,False,False,False,False,False,True,,,0.0,1.0751,0.008227155543863773
Q097,adaptive_novel,0.5,Can you tell me what the important dates and deadlines for admission are?,"The exact admission test date, application deadline, and academic-session start date change every semester, so BRAC University publishes them on its Admissions page (bracu.ac.bd/admissions) ahead of each intake rather than fixing them year-round - check that page for the current cycle's dates.","Question: Can you tell me what the important dates and deadlines for admission are?
Answer: The exact admission test date, application deadline, and academic-session start date change every semester, so BRAC University publishes them on its Admissions page (bracu.ac.bd/admissions) ahead of each intake rather than fixing them year-round - check that page for the current cycle's dates.

Question: Can you tell me what the payment deadlines for tuition and fees are?
Answer: At BRAC University, tuition and fees must be paid by the specified deadlines each semester.It's important to check specific dates each semester, as they may vary

Question: Can you tell me what the deadline for scholarship applications is?
Answer: The deadline for scholarship applications at BRAC University typically varies depending on the type of scholarship and the academic semester. It is important for students to check the university's official announcements or contact the admissions or financial aid office for the specific deadlines related to each semester or scholarship program.

Question (Banglish): Admission er important date ar deadline gula ki?
Answer (English): The exact admission test date, application deadline, and academic-session start date change every semester, so BRAC University publishes them on its Admissions page (bracu.ac.bd/admissions) ahead of each intake rather than fixing them year-round - check that page for the current cycle's dates.

Question: What are the important dates and deadlines for admission?
Answer: The exact admission test date, application deadline, and academic-session start date change every semester, so BRAC University publishes them on its Admissions page (bracu.ac.bd/admissions) ahead of each intake rather than fixing them year-round - check that page for the current cycle's dates.","The exact admission test date, application deadline, and academic-session start date change every semester, so BRAC University publishes them on its Admissions page (bracu.ac.bd/admissions) ahead of each intake rather than fixing them year-round - check that page for the current cycle's dates.",0.0208,8.4689,8.4898,2026-08-01T07:49:04.662793+00:00,0.0667,0.5,"SCORE: 0.5 | REASON: The answer contains two distinct factual claims, but only one is fully supported by the context (the admission test date, application deadline, and academic-session start date change every semester), while the other claim (BRAC University publishes them on its Admissions page) is partially supported as it's mentioned in some of the questions but not explicitly stated in the answer.",novel,open_ended,linear,False,True,True,False,False,False,True,,,0.0,1.0188,0.98711758852005
Q100,adaptive_novel,0.5,"When was the BRAC University School of Law established, and what degree does it offer?","The School of Law was founded in 2004 and offers a four-year undergraduate Bachelor of Laws (LL.B. Hons.) program, along with a postgraduate LL.M. program.","Question: When was the BRAC University School of Law established, and what degree does it offer?
Answer: The School of Law was founded in 2004 and offers a four-year undergraduate Bachelor of Laws (LL.B. Hons.) program, along with a postgraduate LL.M. program.

Question: Does BRAC University's School of Law offer a Master of Laws (LL.M.) program?
Answer: Yes, alongside the undergraduate LL.B. (Hons), the School of Law offers an LL.M. program aimed at both emerging and experienced legal professionals, covering areas from human rights and international law to corporate governance and digital/cyber law.

Question: Quick question — when was BRAC University established and who founded it?
Answer: BRAC University was established in 2001, founded by Sir Fazle Hasan Abed, and is affiliated with the University Grants Commission (UGC) of Bangladesh.

Question (Banglish): BRAC University er School of Law ki Master of Laws (LL.M.) program offer kore?
Answer (English): Yes, alongside the undergraduate LL.B. (Hons), the School of Law offers an LL.M. program aimed at both emerging and experienced legal professionals, covering areas from human rights and international law to corporate governance and digital/cyber law.

Question (Banglish): BRAC University School of Law kobe established hoyechilo, ar eta ki degree offer kore?
Answer (English): The School of Law was founded in 2004 and offers a four-year undergraduate Bachelor of Laws (LL.B. Hons.) program, along with a postgraduate LL.M. program.","The BRAC University School of Law was founded in 2004 and offers a four-year undergraduate Bachelor of Laws (LL.B. Hons.) program, along with a postgraduate LL.M. program.",0.0255,6.7506,6.7764,2026-08-01T07:49:11.439803+00:00,0.1689,0.8,"SCORE: 0.8 | REASON: The answer is mostly supported, but it incorrectly states that BRAC University was founded in 2004 (it was actually established in 2001), and does not mention the LL.B. program's duration as a four-year undergraduate program.",novel,open_ended,linear,False,False,False,False,False,False,True,,,0.0,1.0717,0.7282516956329346
Q102,adaptive_novel,0.9,What are the prerequisites for CSE251?,The prerequisite for CSE251 is CSE250 (HP).,"Course: CSE251
Prerequisite: CSE250 (HP)
Full Prerequisite Chain: CSE250

Question: Curious about something: what prerequisites must be completed before the thesis defense?
Answer: Pre-Thesis I and Pre-Thesis II.

Question (Banglish): Major department na hole o student ra ki EEE te minor korte pare?
Answer (English): Yes, BRAC University offers a Minor in EEE with its own defined set of required courses and prerequisites (such as Electrical Circuits I & II and Electronic Circuits I & II), open to students from other departments who meet the prerequisites.

Question: I'm an EEE student minoring in Physics. Do I need to separately meet the Physics minor's prerequisites even though I'm not a Physics major?
Answer: Yes - BRACU's Minor in Physics has its own defined set of required courses and prerequisites, separate from your EEE major requirements, open to students from other departments as long as they meet those specific prerequisites. Being an EEE major doesn't automatically satisfy the Physics minor's course requirements; you'd need to check and fulfill them independently.

Question: What prerequisites must be completed before the thesis defense?
Answer: Pre-Thesis I and Pre-Thesis II.","The prerequisite for CSE251 is CSE250 (HP), with a full prerequisite chain of CSE250.",0.0175,4.9323,4.9503,2026-08-01T07:49:16.390065+00:00,99.9978,0.5,"SCORE: 0.5 | REASON: Only two out of four claims are supported by the context. 

The ANSWER decomposes into four individual factual claims:

1. The prerequisite for CSE251 is CSE250 (HP).
2. The full prerequisite chain for CSE251 is CSE250.
3. Pre-Thesis I and Pre-Thesis II must be completed before the thesis defense.
4. A minor in EEE has its own defined set of required courses and prerequisites.

Claims 1, 2, and 3 are supported by the context, but claim 4 is not mentioned in the provided CONTEXT.",novel,entity_heavy,rrf,False,False,False,False,False,True,False,,,0.0,100.0167,0.08086465299129486
Q113,adaptive_novel,0.9,What is the full prerequisite chain for ENG102?,The full prerequisite chain for ENG102 is ENG101.,"Verified prerequisite chain for ENG102 (nearest prerequisite first, from the Prerequisites knowledge base): ENG101.

Course: ENG103
Prerequisite: ENG102 (HP)
Full Prerequisite Chain: ENG102

Course: PHY112
Prerequisite: PHY111 (HP)
Full Prerequisite Chain: PHY111

Course: CSE251
Prerequisite: CSE250 (HP)
Full Prerequisite Chain: CSE250

Course: MAT120
Prerequisite: MAT110 (HP)
Full Prerequisite Chain: MAT110

Course: ENG102
Prerequisite: ENG101 (HP)
Full Prerequisite Chain: ENG101",The full prerequisite chain for ENG102 is ENG101.,0.0186,3.745,3.7637,2026-08-01T07:49:20.154481+00:00,100.0,1.0,SCORE: 1.0 | REASON: The ANSWER is fully supported by the CONTEXT as it matches the prerequisite chain for ENG102 exactly.,novel,entity_heavy,rrf,False,False,False,True,False,True,False,,,0.0,100.0167,0.5284770131111145
Q115,adaptive_novel,0.9,What are the prerequisites for ENG103?,The prerequisite for ENG103 is ENG102 (HP).,"Course: ENG103
Prerequisite: ENG102 (HP)
Full Prerequisite Chain: ENG102

Question: Curious about something: what prerequisites must be completed before the thesis defense?
Answer: Pre-Thesis I and Pre-Thesis II.

Question: Can you tell me what the prerequisites for the Cse program are?
Answer: Candidates applying for EEE, ECE, CSE, APE and Physics:HSC/ Equivalent(“B” grade in Physics & Mathematics),A-levels: “C” grade in Physics & Mathematics

Question: What are the prerequisites for the Cse program?
Answer: Candidates applying for EEE, ECE, CSE, APE and Physics:HSC/ Equivalent(“B” grade in Physics & Mathematics),A-levels: “C” grade in Physics & Mathematics

Question: What prerequisites must be completed before the thesis defense?
Answer: Pre-Thesis I and Pre-Thesis II.",The prerequisite for ENG103 is ENG102 (HP) with a full prerequisite chain of ENG102.,0.018,4.4817,4.5001,2026-08-01T07:49:24.654992+00:00,99.9951,0.5,SCORE: 0.5 | REASON: Only two out of four claims are supported by the context.,novel,entity_heavy,rrf,False,False,False,False,False,True,False,,,0.0,100.0167,0.2628082036972046
Q116,adaptive_novel,0.9,What are the prerequisites for CSE360?,The prerequisite for CSE360 is CSE341 (HP).,"Course: CSE360
Prerequisite: CSE341 (HP)
Full Prerequisite Chain: CSE341

Initial: IRZA
Name: Md. Irtiza Hossain
Day: Tuesday
Scheduled commitments (classes/labs/breaks, not availability): 8:00 AM - CSE360-07 (LAB) FIC,IRZA 12B-19L,CSE360-08 (LAB) FIC,IRZA 12B-19L; 9:30 AM - CSE360-07 (LAB) FIC,IRZA 12B-19L,CSE360-08 (LAB) FIC,IRZA 12B-19L; 11:00 AM - CSE360-01 (LAB) SMYA,IRZA 12B-19L,CSE360-06 (LAB) SMYA,IRZA 12B-19L; 12:30 PM - CSE360-01 (LAB) SMYA,IRZA 12B-19L,CSE360-06 (LAB) SMYA,IRZA 12B-19L; 2:00 PM - Consultation

Initial: RDW
Name: Redowanul Akbar
Day: Sunday
Scheduled commitments (classes/labs/breaks, not availability): 8:00 AM - CSE340-11 09A-03C; 9:30 AM - CSE340-12 09A-03C; 11:00 AM - CSE360-03 (LAB) RDW,SMYA 12B-19L,CSE360-04 (LAB) RDW,SMYA 12B-19L; 12:30 PM - CSE360-03 (LAB) RDW,SMYA 12B-19L,CSE360-04 (LAB) RDW,SMYA 12B-19L; 2:00 PM - Consultation by Appointment

Initial: UJT
Name: Umme Jannat Taposhi
Day: Wednesday
Scheduled commitments (classes/labs/breaks, not availability): 8:00 AM - CSE360-09 (LAB) UJT,PRC 12B-19L,CSE360-10 (LAB) UJT,PRC 12B-19L; 9:30 AM - CSE360-09 (LAB) UJT,PRC 12B-19L,CSE360-10 (LAB) UJT,PRC 12B-19L; 11:00 AM - CSE360-08 10B-15C; 12:30 PM - Consultation by Appointment

Question: I'm an EEE student minoring in Physics. Do I need to separately meet the Physics minor's prerequisites even though I'm not a Physics major?
Answer: Yes - BRACU's Minor in Physics has its own defined set of required courses and prerequisites, separate from your EEE major requirements, open to students from other departments as long as they meet those specific prerequisites. Being an EEE major doesn't automatically satisfy the Physics minor's course requirements; you'd need to check and fulfill them independently.",The full prerequisite chain for CSE360 is CSE341 (HP).,0.0172,4.8238,4.8414,2026-08-01T07:49:29.496490+00:00,99.9992,1.0,"SCORE: 1.0 | REASON: All claims made in the ANSWER are directly supported by the CONTEXT. 

The ANSWER makes two factual claims:

1. The full prerequisite chain for CSE360 is CSE341 (HP).
2. BRACU's Minor in Physics has its own defined set of required courses and prerequisites, separate from EEE major requirements.

Both claims are explicitly stated in the CONTEXT: 
- The Full Prerequisite Chain for CSE360 is indeed listed as CSE341.
- The context does not provide information about the minor in Physics, but it's a general statement that can be inferred to be true based on common knowledge. However, since we're only checking whether the CONTEXT supports the ANSWER and not its truth value in general, this claim is also considered supported.

Therefore, all claims made in the ANSWER are directly supported by the CONTEXT, resulting in a perfect score of 1.0.",novel,entity_heavy,rrf,False,False,False,False,False,True,False,,,0.0,100.0167,0.9627482295036316
Q117,adaptive_novel,0.9,What are the prerequisites for CSE489?,The prerequisite for CSE489 is CSE370 (HP).,"Course: CSE489
Prerequisite: CSE370 (HP)
Full Prerequisite Chain: CSE370-CSE221-CSE220-CSE111-CSE110

Question: What elective courses are recommended for students interested in Software Engineering?
Answer: CSE391, CSE484 and CSE489 are recommended for people who are interested in Software Engineering.

Question: I'm an EEE student minoring in Physics. Do I need to separately meet the Physics minor's prerequisites even though I'm not a Physics major?
Answer: Yes - BRACU's Minor in Physics has its own defined set of required courses and prerequisites, separate from your EEE major requirements, open to students from other departments as long as they meet those specific prerequisites. Being an EEE major doesn't automatically satisfy the Physics minor's course requirements; you'd need to check and fulfill them independently.

Question (Banglish): Software Engineering e interested student der jonno ki ki elective course recommend kora hoy?
Answer (English): CSE391, CSE484 and CSE489 are recommended for people who are interested in Software Engineering.

Question: What prerequisites must be completed before the thesis defense?
Answer: Pre-Thesis I and Pre-Thesis II.",The prerequisite for CSE489 is CSE370 (HP) with a full prerequisite chain of CSE370-CSE221-CSE220-CSE111-CSE110.,0.0169,5.9585,5.9763,2026-08-01T07:49:35.473532+00:00,99.9963,0.5,"SCORE: 0.5 | REASON: Only two out of four claims are supported by the context. 

The ANSWER is decomposed into its individual factual claims:

1. The prerequisite for CSE489 is CSE370 (HP).
2. The full prerequisite chain for CSE489 is CSE370-CSE221-CSE220-CSE111-CSE110.

Both of these claims are supported by the CONTEXT, which explicitly states ""Prerequisite: CSE370 (HP)"" and ""Full Prerequisite Chain: CSE370-CSE221-CSE220-CSE111-CSE110"".

However, two other claims in the ANSWER are not supported by the CONTEXT:

1. The ANSWER does not mention any elective courses recommended for students interested in Software Engineering.
2. The ANSWER does not mention anything about prerequisites for a thesis defense.

Therefore, only 50% of the claims in the ANSWER are supported by the CONTEXT.",novel,entity_heavy,rrf,False,False,False,False,False,True,False,,,0.0,100.0167,0.056916240602731705
Q120,adaptive_novel,0.9,What is the full prerequisite chain for CSE340?,The full prerequisite chain for CSE340 is CSE260-CSE251-CSE250-PHY112-PHY111.,"Verified prerequisite chain for CSE340 (nearest prerequisite first, from the Prerequisites knowledge base): CSE260-CSE251-CSE250-PHY112-PHY111.

Course: CSE420
Prerequisite: CSE321 (HP),CSE331 (HP),CSE340 (HP)
Full Prerequisite Chain: CSE321-CSE331-CSE340-CSE221-CSE220-CSE111-CSE110

Course: CSE360
Prerequisite: CSE341 (HP)
Full Prerequisite Chain: CSE341

Course: ENG102
Prerequisite: ENG101 (HP)
Full Prerequisite Chain: ENG101

Course: CSE251
Prerequisite: CSE250 (HP)
Full Prerequisite Chain: CSE250

Course: CSE340
Prerequisite: CSE260 (SP)
Full Prerequisite Chain: CSE260-CSE251-CSE250",The full prerequisite chain for CSE340 is CSE260-CSE251-CSE250.,0.0164,4.4783,4.4948,2026-08-01T07:49:39.968570+00:00,100.0017,1.0,SCORE: 1.0 | REASON: The ANSWER's full prerequisite chain is fully supported by the CONTEXT.,novel,entity_heavy,rrf,False,False,False,True,False,True,False,,,0.0,100.0167,0.5749678015708923
Q121,adaptive_novel,0.9,What is the full prerequisite chain for CSE471?,The full prerequisite chain for CSE471 is CSE370-CSE221-CSE220-CSE111-CSE230-CSE110.,"Verified prerequisite chain for CSE471 (nearest prerequisite first, from the Prerequisites knowledge base): CSE370-CSE221-CSE220-CSE111-CSE230-CSE110.

Course: CSE251
Prerequisite: CSE250 (HP)
Full Prerequisite Chain: CSE250

Course: ENG102
Prerequisite: ENG101 (HP)
Full Prerequisite Chain: ENG101

Course: ENG103
Prerequisite: ENG102 (HP)
Full Prerequisite Chain: ENG102

Course: CSE360
Prerequisite: CSE341 (HP)
Full Prerequisite Chain: CSE341

Course: CSE471
Prerequisite: CSE370 (HP)
Full Prerequisite Chain: CSE370-CSE221-CSE220-CSE111-CSE110",The full prerequisite chain for CSE471 is CSE370-CSE221-CSE220-CSE111-CSE230-CSE110.,0.02,5.1632,5.1833,2026-08-01T07:49:45.152012+00:00,100.0004,0.8,SCORE: 0.8 | REASON: The answer's claim about CSE230 being in the chain is not supported by the context.,novel,entity_heavy,rrf,False,False,False,True,False,True,False,,,0.0,100.0167,0.45787858963012695
Q124,adaptive_novel,0.9,What is the full prerequisite chain for CSE341?,The full prerequisite chain for CSE341 is CSE340-CSE321-CSE260-CSE221-CSE251-CSE220-CSE250-CSE111-CSE230-PHY112-CSE110-PHY111.,"Verified prerequisite chain for CSE341 (nearest prerequisite first, from the Prerequisites knowledge base): CSE340-CSE321-CSE260-CSE221-CSE251-CSE220-CSE250-CSE111-CSE230-PHY112-CSE110-PHY111.

Course: CSE251
Prerequisite: CSE250 (HP)
Full Prerequisite Chain: CSE250

Course: ENG102
Prerequisite: ENG101 (HP)
Full Prerequisite Chain: ENG101

Course: ENG103
Prerequisite: ENG102 (HP)
Full Prerequisite Chain: ENG102

Course: CSE360
Prerequisite: CSE341 (HP)
Full Prerequisite Chain: CSE341

Course: CSE341
Prerequisite: CSE340 (SP),CSE321 (SP)",The full prerequisite chain for CSE341 is CSE340-CSE321-CSE260-CSE221-CSE251-CSE220-CSE250-CSE111-CSE230-PHY112-CSE110-PHY111.,0.0173,6.8553,6.8727,2026-08-01T07:49:52.025042+00:00,100.0004,0.5,SCORE: 0.5 | REASON: The ANSWER's claim about CSE251 being in the chain is not supported by the CONTEXT.,novel,entity_heavy,rrf,False,False,False,True,False,True,False,,,0.0,100.0167,0.30513545870780945
Q125,adaptive_novel,0.9,What are the prerequisites for CSE422?,The prerequisite for CSE422 is CSE221 (HP).,"Course: CSE422
Prerequisite: CSE221 (HP)
Full Prerequisite Chain: CSE221-CSE220-CSE111-CSE110

Initial: ZHS
Name: Mr. Syed Zamil Hasan Shoumo
Day: Wednesday
Scheduled commitments (classes/labs/breaks, not availability): 8:00 AM - CSE422-01 09E-20T ,CSE422-02 09E-20T ,CSE422-03 09E-20T; 9:30 AM - Consultation; 11:00 AM - CSE422-13 (LAB) ZHS,NWT 09E-22L; 12:30 PM - CSE422-13 (LAB) ZHS,NWT 09E-22L

Question (Banglish): Major department na hole o student ra ki EEE te minor korte pare?
Answer (English): Yes, BRAC University offers a Minor in EEE with its own defined set of required courses and prerequisites (such as Electrical Circuits I & II and Electronic Circuits I & II), open to students from other departments who meet the prerequisites.

Initial: MHDE
Name: Mehedi Hasan Emo
Day: Thursday
Scheduled commitments (classes/labs/breaks, not availability): 8:00 AM - CSE422-18 10C-21C; 9:30 AM - Consultation; 11:00 AM - CSE422-19 (LAB) MHDE,RRH 09B-11L; 12:30 PM - CSE422-19 (LAB) MHDE,RRH 09B-11L; 2:00 PM - CSE422-03 (LAB) PLN,MHDE 09B-10L; 3:30 PM - CSE422-03 (LAB) PLN,MHDE 09B-10L

Question: I'm an EEE student minoring in Physics. Do I need to separately meet the Physics minor's prerequisites even though I'm not a Physics major?
Answer: Yes - BRACU's Minor in Physics has its own defined set of required courses and prerequisites, separate from your EEE major requirements, open to students from other departments as long as they meet those specific prerequisites. Being an EEE major doesn't automatically satisfy the Physics minor's course requirements; you'd need to check and fulfill them independently.",The prerequisite for CSE422 is CSE221 with a High Pass (HP).,0.0171,5.1436,5.161,2026-08-01T07:49:57.186559+00:00,99.9991,1.0,"SCORE: 1.0 | REASON: All claims are fully supported by the retrieved CONTEXT. 

Here's how I broke down the ANSWER into individual factual claims and checked whether the CONTEXT supports each claim:

1. The prerequisite for CSE422 is CSE221.
   Supported: Yes, the CONTEXT states ""Prerequisite: CSE221 (HP)"".

2. The prerequisite for CSE422 requires a High Pass (HP) in CSE221.
   Supported: Yes, the CONTEXT explicitly mentions ""(HP)"" after listing CSE221 as the prerequisite.

3. BRAC University offers a Minor in EEE with its own defined set of required courses and prerequisites.
   Supported: No, this claim is not supported by the provided CONTEXT; it only discusses course schedules and prerequisites for CSE422, but does not mention any minors or their requirements.

4. The Minor in EEE has prerequisites such as Electrical Circuits I & II and Electronic Circuits I & II.
   Not applicable: This claim is not relevant to the ANSWER being checked, which focuses on the prerequisite for CSE422.

5. Students from other departments can take the Minor in EEE if they meet its prerequisites.
   Supported: No, this claim is not supported by the provided CONTEXT; it only discusses course schedules and prerequisites for CSE422, but does not mention any minors or their requirements.

6. BRAC University offers a Minor in Physics with its own defined set of required courses and prerequisites.
   Not applicable: This claim is not relevant to the ANSWER being checked, which focuses on the prerequisite for CSE422.

7. Students from other departments need to meet the specific prerequisites for the Physics minor even if they're majoring in EEE.
   Supported: No, this claim is not supported by the provided CONTEXT; it only discusses course schedules and prerequisites for CSE422, but does not mention any minors or their requirements.

However, since all claims related directly to the ANSWER (claims 1 and 2) are indeed supported by the CONTEXT, I conclude that the overall score should be 1.0.",novel,entity_heavy,rrf,False,False,False,False,False,True,False,,,0.0,100.0167,0.5968108773231506
Q134,adaptive_novel,0.9,Who is the theory coordinator for CSE426?,The theory coordinator for CSE426 is TSM.,"Course: CSE426
First Theory Coordinator: TSM
Theory Coordinator Email: mirza.mugdho@bracu.ac.bd

Course: CSE221
First Theory Coordinator: FGZ
Second Theory Coordinator: IBA
Theory Coordinator Email: fakhruddin.gazzali@bracu.ac.bd,imran.azad@bracu.ac.bd
First Lab Coordinator: NARC
Second Lab Coordinator: AKHD
Lab Coordinator Email: atonuroy.chowdhury@bracu.ac.bd,ext.abdullah@bracu.ac.bd

Course: CSE330
First Theory Coordinator: AMK
Second Theory Coordinator: AQU
Theory Coordinator Email: abu.khan@bracu.ac.bd,aquib.azmain@bracu.ac.bd
First Lab Coordinator: NNTN
Second Lab Coordinator: ALB
Lab Coordinator Email: naima.tahsin@bracu.ac.bd,anindita.labonno@bracu.ac.bd

Course: CSE250
First Theory Coordinator: SDS
Second Theory Coordinator: PDS
Theory Coordinator Email: shadman.shahriar@bracu.ac.bd,purbayan.das@bracu.ac.bd
First Lab Coordinator: SDQ
Second Lab Coordinator: FFR
Lab Coordinator Email: saiful.bari@bracu.ac.bd,md.fatin@bracu.ac.bd

Course: CSE427
First Theory Coordinator: CMR
Second Theory Coordinator: DFD
Theory Coordinator Email: rahman.mofizur@bracu.ac.bd,fabian.dofadar@bracu.ac.bd
First Lab Coordinator: DFD
Second Lab Coordinator: QUZA
Lab Coordinator Email: fabian.dofadar@bracu.ac.bd,quazi.ashikur@bracu.ac.bd",The first Theory Coordinator for CSE426 is TSM.,0.0151,4.1069,4.1221,2026-08-01T07:50:01.308661+00:00,100.0016,1.0,SCORE: 1.0 | REASON: The CONTEXT supports that TSM is the first Theory Coordinator for CSE426.,novel,entity_heavy,rrf,False,False,False,False,False,True,False,,,0.0,100.0167,0.14289644360542297
Q141,adaptive_novel,0.9,Who is the theory coordinator for CSE490B?,The theory coordinator for CSE490B is TLQ.,"Course: CSE490B
First Theory Coordinator: TLQ
Theory Coordinator Email: taiabul.haque@bracu.ac.bd
First Lab Coordinator: ZMD
Lab Coordinator Email: zaber.mohammad@bracu.ac.bd

Course: CSE250
First Theory Coordinator: SDS
Second Theory Coordinator: PDS
Theory Coordinator Email: shadman.shahriar@bracu.ac.bd,purbayan.das@bracu.ac.bd
First Lab Coordinator: SDQ
Second Lab Coordinator: FFR
Lab Coordinator Email: saiful.bari@bracu.ac.bd,md.fatin@bracu.ac.bd

Course: CSE420
First Theory Coordinator: MNY
Second Theory Coordinator: SUE
Theory Coordinator Email: nur.yanhaona@bracu.ac.bd,sukarna.sarkar@bracu.ac.bd
First Lab Coordinator: SUE
Second Lab Coordinator: MNY
Lab Coordinator Email: sukarna.sarkar@bracu.ac.bd,nur.yanhaona@bracu.ac.bd

Course: CSE330
First Theory Coordinator: AMK
Second Theory Coordinator: AQU
Theory Coordinator Email: abu.khan@bracu.ac.bd,aquib.azmain@bracu.ac.bd
First Lab Coordinator: NNTN
Second Lab Coordinator: ALB
Lab Coordinator Email: naima.tahsin@bracu.ac.bd,anindita.labonno@bracu.ac.bd

Course: CSE221
First Theory Coordinator: FGZ
Second Theory Coordinator: IBA
Theory Coordinator Email: fakhruddin.gazzali@bracu.ac.bd,imran.azad@bracu.ac.bd
First Lab Coordinator: NARC
Second Lab Coordinator: AKHD
Lab Coordinator Email: atonuroy.chowdhury@bracu.ac.bd,ext.abdullah@bracu.ac.bd",The first Theory Coordinator for CSE490B is TLQ.,0.0162,4.139,4.1552,2026-08-01T07:50:05.464461+00:00,100.0019,1.0,SCORE: 1.0 | REASON: The CONTEXT supports that TLQ is the first Theory Coordinator for CSE490B.,novel,entity_heavy,rrf,False,False,False,False,False,True,False,,,0.0,100.0167,0.14913800358772278
Q143,adaptive_novel,0.9,What is the coordinator email for CSE220?,The coordinator email for CSE220 is abu.ibrahim@bracu.ac.bd.,"Course: CSE220
First Theory Coordinator: AIB
Theory Coordinator Email: abu.ibrahim@bracu.ac.bd
First Lab Coordinator: AIB
Second Lab Coordinator: KKS
Lab Coordinator Email: abu.ibrahim@bracu.ac.bd,md.khaliduzzaman@bracu.ac.bd

Course: CSE424
First Theory Coordinator: AAR
Theory Coordinator Email: annajiat@bracu.ac.bd
First Lab Coordinator: AAR
Lab Coordinator Email: annajiat@bracu.ac.bd

Course: CSE461
First Theory Coordinator: KHR
Theory Coordinator Email: khalilur@bracu.ac.bd
First Lab Coordinator: RDW
Second Lab Coordinator: RFF
Lab Coordinator Email: redowanul.akbar@bracu.ac.bd,rafid.ahnaf@bracu.ac.bd

Course: CSE474
First Theory Coordinator: AAR
Theory Coordinator Email: annajiat@bracu.ac.bd
First Lab Coordinator: AAR
Lab Coordinator Email: annajiat@bracu.ac.bd

Course: CSE260
First Theory Coordinator: DZK
Theory Coordinator Email: ziaul.karim@bracu.ac.bd
First Lab Coordinator: DZK
Second Lab Coordinator: PBK
Lab Coordinator Email: ziaul.karim@bracu.ac.bd,partha.bhoumik@bracu.ac.bd",The Theory and Lab Coordinator emails for CSE220 are abu.ibrahim@bracu.ac.bd.,0.0153,4.8744,4.8897,2026-08-01T07:50:10.354778+00:00,100.0017,1.0,SCORE: 1.0 | REASON: All claims are fully supported by the CONTEXT.,novel,entity_heavy,rrf,False,False,False,False,False,True,False,,,0.0,100.0167,0.05998478829860687
Q144,adaptive_novel,0.9,What is the coordinator email for CSE460?,The coordinator email for CSE460 is arpa.roy@bracu.ac.bd.,"Course: CSE460
First Theory Coordinator: ARPD
Theory Coordinator Email: arpa.roy@bracu.ac.bd
First Lab Coordinator: AKJ
Second Lab Coordinator: SDL
Lab Coordinator Email: anjum.akib@bracu.ac.bd,shadmin.sultana@bracu.ac.bd

Course: CSE260
First Theory Coordinator: DZK
Theory Coordinator Email: ziaul.karim@bracu.ac.bd
First Lab Coordinator: DZK
Second Lab Coordinator: PBK
Lab Coordinator Email: ziaul.karim@bracu.ac.bd,partha.bhoumik@bracu.ac.bd

Course: CSE474
First Theory Coordinator: AAR
Theory Coordinator Email: annajiat@bracu.ac.bd
First Lab Coordinator: AAR
Lab Coordinator Email: annajiat@bracu.ac.bd

Course: CSE424
First Theory Coordinator: AAR
Theory Coordinator Email: annajiat@bracu.ac.bd
First Lab Coordinator: AAR
Lab Coordinator Email: annajiat@bracu.ac.bd

Course: CSE461
First Theory Coordinator: KHR
Theory Coordinator Email: khalilur@bracu.ac.bd
First Lab Coordinator: RDW
Second Lab Coordinator: RFF
Lab Coordinator Email: redowanul.akbar@bracu.ac.bd,rafid.ahnaf@bracu.ac.bd",The Theory Coordinator Email for CSE460 is arpa.roy@bracu.ac.bd and the Lab Coordinator Emails are anjum.akib@bracu.ac.bd and shadmin.sultana@bracu.ac.bd.,0.0186,7.4767,7.4954,2026-08-01T07:50:17.850247+00:00,100.0007,1.0,SCORE: 1.0 | REASON: All claims are directly supported by the CONTEXT.,novel,entity_heavy,rrf,False,False,False,False,False,True,False,,,0.0,100.0167,0.14915813505649567
Q146,adaptive_novel,0.9,Who is the theory coordinator for CSE461?,The theory coordinator for CSE461 is KHR.,"Course: CSE461
First Theory Coordinator: KHR
Theory Coordinator Email: khalilur@bracu.ac.bd
First Lab Coordinator: RDW
Second Lab Coordinator: RFF
Lab Coordinator Email: redowanul.akbar@bracu.ac.bd,rafid.ahnaf@bracu.ac.bd

Course: CSE221
First Theory Coordinator: FGZ
Second Theory Coordinator: IBA
Theory Coordinator Email: fakhruddin.gazzali@bracu.ac.bd,imran.azad@bracu.ac.bd
First Lab Coordinator: NARC
Second Lab Coordinator: AKHD
Lab Coordinator Email: atonuroy.chowdhury@bracu.ac.bd,ext.abdullah@bracu.ac.bd

Course: CSE330
First Theory Coordinator: AMK
Second Theory Coordinator: AQU
Theory Coordinator Email: abu.khan@bracu.ac.bd,aquib.azmain@bracu.ac.bd
First Lab Coordinator: NNTN
Second Lab Coordinator: ALB
Lab Coordinator Email: naima.tahsin@bracu.ac.bd,anindita.labonno@bracu.ac.bd

Course: CSE250
First Theory Coordinator: SDS
Second Theory Coordinator: PDS
Theory Coordinator Email: shadman.shahriar@bracu.ac.bd,purbayan.das@bracu.ac.bd
First Lab Coordinator: SDQ
Second Lab Coordinator: FFR
Lab Coordinator Email: saiful.bari@bracu.ac.bd,md.fatin@bracu.ac.bd

Course: CSE421
First Theory Coordinator: MSMA
Second Theory Coordinator: NDT
Theory Coordinator Email: shamim.mia@bracu.ac.bd,nirjhor.datta@bracu.ac.bd
First Lab Coordinator: SRJ
Second Lab Coordinator: MSMA
Lab Coordinator Email: seraj.mehnaz@bracu.ac.bd,shamim.mia@bracu.ac.bd",The first Theory Coordinator for CSE461 is KHR.,0.0169,4.1574,4.1744,2026-08-01T07:50:22.024759+00:00,100.0013,1.0,SCORE: 1.0 | REASON: The CONTEXT supports that KHR is the first Theory Coordinator for CSE461.,novel,entity_heavy,rrf,False,False,False,False,False,True,False,,,0.0,100.0167,0.13591492176055908
Q149,adaptive_novel,0.9,What is the coordinator email for CSE443?,The coordinator email for CSE443 is swakkhar.shatabda@bracu.ac.bd.,"Course: CSE443
First Theory Coordinator: SWK
Theory Coordinator Email: swakkhar.shatabda@bracu.ac.bd

Course: CSE474
First Theory Coordinator: AAR
Theory Coordinator Email: annajiat@bracu.ac.bd
First Lab Coordinator: AAR
Lab Coordinator Email: annajiat@bracu.ac.bd

Course: CSE110
First Theory Coordinator: TAW
Theory Coordinator Email: tawhid.anwar@bracu.ac.bd
First Lab Coordinator: DFD
Second Lab Coordinator: RKBM
Lab Coordinator Email: fabian.dofadar@bracu.ac.bd,mohammad.rakibul@bracu.ac.bd

Course: CSE461
First Theory Coordinator: KHR
Theory Coordinator Email: khalilur@bracu.ac.bd
First Lab Coordinator: RDW
Second Lab Coordinator: RFF
Lab Coordinator Email: redowanul.akbar@bracu.ac.bd,rafid.ahnaf@bracu.ac.bd

Course: CSE424
First Theory Coordinator: AAR
Theory Coordinator Email: annajiat@bracu.ac.bd
First Lab Coordinator: AAR
Lab Coordinator Email: annajiat@bracu.ac.bd",The theory coordinator email for CSE443 is swakkhar.shatabda@bracu.ac.bd.,0.0158,4.8205,4.8364,2026-08-01T07:50:26.861723+00:00,100.0019,1.0,SCORE: 1.0 | REASON: The answer's claim is fully supported by the context as it directly matches one of the provided course details.,novel,entity_heavy,rrf,False,False,False,False,False,True,False,,,0.0,100.0167,0.1143241822719574
Q154,adaptive_novel,0.9,What day and time is the theory class for CSE370-16?,The theory class for CSE370-16 is on SAT+THU at 9:30 AM in room 10B-17C.,"Course: CSE370-16
Theory Initial: MZG
Theory Day: SAT+THU
Theory Time: 9:30 AM
Theory Room: 10B-17C
Lab Faculty: RBR,KZMN
Lab Day: TUE
Lab Time: 2:00 PM
Lab Room: 12F-31L

Course: CSE370-07
Theory Initial: FEK
Theory Day: SUN+TUE
Theory Time: 11:00 AM
Theory Room: 07D-20C
Lab Faculty: ATY,FZN
Lab Day: SAT
Lab Time: 11:00 AM
Lab Room: 12F-31L

Course: CSE370-09
Theory Initial: NZU
Theory Day: SUN+TUE
Theory Time: 9:30 AM
Theory Room: 10B-17C
Lab Faculty: ATY,SHRR
Lab Day: THU
Lab Time: 11:00 AM
Lab Room: 12F-31L

Course: CSE370-08
Theory Initial: FEK
Theory Day: MON+WED
Theory Time: 9:30 AM
Theory Room: 09D-17C
Lab Faculty: MAHS,MAU
Lab Day: TUE
Lab Time: 8:00 AM
Lab Room: 12F-30L

Initial: KZMN
Name: Kazi Kamruzzaman Rabbi
Day: Tuesday
Scheduled commitments (classes/labs/breaks, not availability): 11:00 AM - CSE471-04 09A-05C; 2:00 PM - CSE370-16 (LAB) RBR,KZMN 12F-31L; 3:30 PM - CSE370-16 (LAB) RBR,KZMN 12F-31L",The theory class for CSE370-16 is held on Saturday and Thursday at 9:30 AM.,0.0196,4.9559,4.9755,2026-08-01T07:50:31.837483+00:00,100.0019,0.5,"SCORE: 0.5 | REASON: The answer partially matches the context for CSE370-16, but incorrectly states that the theory class is held on Saturday instead of Saturday and Thursday.",novel,entity_heavy,rrf,False,False,False,False,False,True,False,,,0.0,100.0167,0.08102669566869736
Q157,adaptive_novel,0.9,What day and time is the theory class for CSE460-04?,The theory class for CSE460-04 is on SAT+THU at 2:00 PM in room 09A-07C.,"Course: CSE460-04
Theory Initial: SDU
Theory Day: SAT+THU
Theory Time: 2:00 PM
Theory Room: 09A-07C
Lab Faculty: AKJ,RAS
Lab Day: MON
Lab Time: 11:00 AM
Lab Room: 09F-24L

Course: CSE460-09
Theory Initial: UPM
Theory Day: MON+WED
Theory Time: 8:00 AM
Theory Room: 09A-07C
Lab Faculty: ARPD,RAS
Lab Day: TUE
Lab Time: 11:00 AM
Lab Room: 09E-21L

Course: CSE460-03
Theory Initial: SDL
Theory Day: SAT+THU
Theory Time: 12:30 PM
Theory Room: 07H-26C
Lab Faculty: SDL,SDU
Lab Day: TUE
Lab Time: 8:00 AM
Lab Room: 09E-22L

Course: CSE460-02
Theory Initial: ZIZE
Theory Day: SAT+THU
Theory Time: 11:00 AM
Theory Room: 07D-20C
Lab Faculty: RAS,ZBH
Lab Day: SAT
Lab Time: 2:00 PM
Lab Room: 10E-27L

Course: CSE460-01
Theory Initial: SDL
Theory Day: SAT+THU
Theory Time: 9:30 AM
Theory Room: 09D-18C
Lab Faculty: AKJ,UPM
Lab Day: WED
Lab Time: 11:00 AM
Lab Room: 09E-21L","The theory class for CSE460-04 meets on Saturday (SAT) and Thursday (THU), at 2:00 PM.",0.0251,5.5322,5.5573,2026-08-01T07:50:37.395334+00:00,100.0008,1.0,SCORE: 1.0 | REASON: All claims are supported by the CONTEXT.,novel,entity_heavy,rrf,False,False,False,False,False,True,False,,,0.0,100.0167,0.07431123405694962
Q160,adaptive_novel,0.9,What day and time is the theory class for CSE221-14?,The theory class for CSE221-14 is on MON+WED at 9:30 AM in room 07D-19C.,"Course: CSE221-14
Theory Initial: WBH
Theory Day: MON+WED
Theory Time: 9:30 AM
Theory Room: 07D-19C
Lab Faculty: HFN,MZW
Lab Day: SUN
Lab Time: 8:00 AM
Lab Room: 09F-24L

Initial: HFN
Name: Sheikh Araf Noshin
Day: Sunday
Scheduled commitments (classes/labs/breaks, not availability): 8:00 AM - CSE221-14 (LAB) HFN,MZW 09F-24L; 9:30 AM - CSE221-14 (LAB) HFN,MZW 09F-24L; 11:00 AM - CSE221-18 (LAB) HFN,ARD 09E-21L; 12:30 PM - CSE221-18 (LAB) HFN,ARD 09E-21L; 2:00 PM - CSE220-18 09B-12C; 3:30 PM - CSE370-13 09B-12C

Course: CSE110-14
Theory Initial: MVH
Theory Day: SAT+THU
Theory Time: 8:00 AM
Theory Room: 07H-26C
Lab Faculty: ART,CAKM
Lab Day: WED
Lab Time: 8:00 AM
Lab Room: 09B-10L

Course: CSE421-14
Theory Initial: MSMA
Theory Day: SUN+TUE
Theory Time: 11:00 AM
Theory Room: 07H-26C
Lab Faculty: RDS,WBH
Lab Day: WED
Lab Time: 2:00 PM
Lab Room: 12D-26L

Course: CSE220-14
Theory Initial: NHBN
Theory Day: SAT+THU
Theory Time: 8:00 AM
Theory Room: 09H-33C
Lab Faculty: CSSA,RFTS
Lab Day: SUN
Lab Time: 11:00 AM
Lab Room: 09B-09L",The theory class for CSE221-14 is held on Monday and Wednesday at 9:30 AM.,0.0211,5.0449,5.066,2026-08-01T07:50:42.461807+00:00,100.0007,1.0,"SCORE: 1.0 | REASON: All claims are supported by the CONTEXT. 

Here's a breakdown of how I arrived at this score:

1. Claim 1: The course is CSE221-14.
   - Supported in CONTEXT, under Course.

2. Claim 2: The theory class for CSE221-14 is held on Monday and Wednesday.
   - Supported in CONTEXT, under Theory Day.

3. Claim 3: The theory class for CSE221-14 is held at 9:30 AM.
   - Supported in CONTEXT, under Theory Time.

4. Claim 4: The theory class for CSE221-14 is held in room 07D-19C.
   - Not supported in CONTEXT; the actual room is not mentioned for this course.

However, since all claims except one are supported by the context, and there's no indication that any of these unsupported claims would affect the overall score (since they're just additional information), I've given a perfect score.",novel,entity_heavy,rrf,False,False,False,False,False,True,False,,,0.0,100.0167,0.042775653302669525
Q167,adaptive_novel,0.9,Who teaches the lab section of CSE111-07?,"The lab section of CSE111-07 is taught by AFA,ZMD.","Course: CSE111-07
Theory Initial: KNI
Theory Day: MON+WED
Theory Time: 11:00 AM
Theory Room: 09A-03C
Lab Faculty: AFA,ZMD
Lab Day: TUE
Lab Time: 11:00 AM
Lab Room: 09B-08L

Initial: ZMD
Name: Mr. Zaber Mohammad
Day: Tuesday
Scheduled commitments (classes/labs/breaks, not availability): 9:30 AM - CSE420-05 08H-22C; 11:00 AM - CSE111-07 (LAB) AFA,ZMD 09B-08L; 12:30 PM - CSE111-07 (LAB) AFA,ZMD 09B-08L; 2:00 PM - CSE111-04 09D-17C

Initial: ADU
Name: Mr. Ahmed Mahir Ruhan
Day: Wednesday
Scheduled commitments (classes/labs/breaks, not availability): 8:00 AM - CSE110-06 10A-04C; 9:30 AM - CSE110-07 10A-04C; 11:00 AM - CSE111-12 (LAB) TMD,ADU 09B-11L; 12:30 PM - CSE111-12 (LAB) TMD,ADU 09B-11L; 2:00 PM - Consultation; 3:30 PM - Consultation by Appointment

Initial: KNI
Name: Ms. Khondoker Nazia Iqbal
Day: Wednesday
Scheduled commitments (classes/labs/breaks, not availability): 9:30 AM - CSE111-08 09A-03C; 11:00 AM - CSE111-07 09A-03C; 12:30 PM - Consultation; 2:00 PM - CSE110-08 (LAB) DFD,KNI 09B-09L; 3:30 PM - CSE110-08 (LAB) DFD,KNI 09B-09L

Initial: AFA
Name: Afroza Akhter
Day: Tuesday
Scheduled commitments (classes/labs/breaks, not availability): 8:00 AM - CSE111-09 (LAB) AFA,ATY 09B-09L; 9:30 AM - CSE111-09 (LAB) AFA,ATY 09B-09L; 11:00 AM - CSE111-07 (LAB) AFA,ZMD 09B-08L; 12:30 PM - CSE111-07 (LAB) AFA,ZMD 09B-08L; 2:00 PM - CSE331-10 10B-16C; 3:30 PM - CSE331-09 10B-16C",The lab section of CSE111-07 is taught by AFA and ZMD.,0.0212,5.0763,5.0976,2026-08-01T07:50:47.559702+00:00,100.0016,1.0,"SCORE: 1.0 | REASON: The CONTEXT supports all individual factual claims made in the ANSWER. 

Here's how I broke down the process:

1. Decomposed the ANSWER into its individual factual claims:
   - Claim 1: AFA is a lab faculty for CSE111-07.
   - Claim 2: ZMD is a lab faculty for CSE111-07.
   - Claim 3: The lab section of CSE111-07 takes place on TUE (Tuesday).
   - Claim 4: The lab section of CSE111-07 starts at 11:00 AM.
   - Claim 5: The lab section of CSE111-07 is held in room 09B-08L.

2. Checked whether the CONTEXT supports each claim:
   - Claim 1: Supported by CONTEXT (Lab Faculty: AFA,ZMD).
   - Claim 2: Supported by CONTEXT (Lab Faculty: AFA,ZMD).
   - Claim 3: Supported by CONTEXT (Lab Day: TUE).
   - Claim 4: Supported by CONTEXT (Lab Time: 11:00 AM).
   - Claim 5: Supported by CONTEXT (Lab Room: 09B-08L).

Since all claims are supported, the final score is 1.0.",novel,entity_heavy,rrf,False,False,False,False,False,True,False,,,0.0,100.0166,0.2741529047489166
Q170,adaptive_novel,0.9,Who teaches the lab section of CSE260-15A?,"The lab section of CSE260-15A is taught by MDF,NQM.","Course: CSE260-15A
Theory Initial: LMI
Theory Day: SUN+TUE
Theory Time: 8:00 AM
Theory Room: 09C-13C
Lab Faculty: MDF,NQM
Lab Day: SAT
Lab Time: 8:00 AM
Lab Room: FT10-03L

Question: Random question, how to get an extra seat in a particular course durning main advising?
Answer: Request the section's faculty. If he agrees then he will do the other procedures for your desired section. But you need to have a maximum of 9 credits and also if there is vacany in the other sections and the section is not clashing with the courses of the routine. Your request will be rejected. Extra Seat Request Policy [CSE]:
• The section faculty has the right to deny any extra seat request in their section.
• If a student already is in another section of the same course, the request will be denied. The student may apply for lab change when the form is circulated if they have a clash that is not solveable..
If a student doesn't have the course at all and there are other sections with empty seats, then again the request will be denied. They might be added to an available section (depending on seat availability) without any notice from our side.
• If a student has 4 courses or more then again the request will be denied.
• No extra seat for hardware courses (CSE250,CSE251, CSE260, CSE350).
• A faculty may request max 2 extra seats for a lab based course and theory based course. If the seat status is already -2 in connect, the request will be denied.
Only when there is no suitable section for the student, the student maybe granted an extra seat.

Initial: MDF
Name: Mr. Mohammad Fahim
Day: Saturday
Scheduled commitments (classes/labs/breaks, not availability): 8:00 AM - CSE260-15A (LAB) MDF,NQM FT10-03L; 9:30 AM - CSE260-15A (LAB) MDF,NQM FT10-03L; 11:00 AM - CSE260-18A (LAB) MDF,NQM FT10-03L; 12:30 PM - CSE260-18A (LAB) MDF,NQM FT10-03L

Question (Banglish): Main advising er shomoy kono course e extra seat kivabe pabo?
Answer (English): Request the section's faculty. If he agrees then he will do the other procedures for your desired section. But you need to have a maximum of 9 credits and also if there is vacany in the other sections and the section is not clashing with the courses of the routine. Your request will be rejected. Extra Seat Request Policy [CSE]:
• The section faculty has the right to deny any extra seat request in their section.
• If a student already is in another section of the same course, the request will be denied. The student may apply for lab change when the form is circulated if they have a clash that is not solveable..
If a student doesn't have the course at all and there are other sections with empty seats, then again the request will be denied. They might be added to an available section (depending on seat availability) without any notice from our side.
• If a student has 4 courses or more then again the request will be denied.
• No extra seat for hardware courses (CSE250,CSE251, CSE260, CSE350).
• A faculty may request max 2 extra seats for a lab based course and theory based course. If the seat status is already -2 in connect, the request will be denied.
Only when there is no suitable section for the student, the student maybe granted an extra seat.

Question: How to get an extra seat in a particular course durning main advising?
Answer: Request the section's faculty. If he agrees then he will do the other procedures for your desired section. But you need to have a maximum of 9 credits and also if there is vacany in the other sections and the section is not clashing with the courses of the routine. Your request will be rejected. Extra Seat Request Policy [CSE]:
• The section faculty has the right to deny any extra seat request in their section.
• If a student already is in another section of the same course, the request will be denied. The student may apply for lab change when the form is circulated if they have a clash that is not solveable..
If a student doesn't have the course at all and there are other sections with empty seats, then again the request will be denied. They might be added to an available section (depending on seat availability) without any notice from our side.
• If a student has 4 courses or more then again the request will be denied.
• No extra seat for hardware courses (CSE250,CSE251, CSE260, CSE350).
• A faculty may request max 2 extra seats for a lab based course and theory based course. If the seat status is already -2 in connect, the request will be denied.
Only when there is no suitable section for the student, the student maybe granted an extra seat.",The lab faculty for the course CSE260-15A are Mr. Mohammad Fahim (MDF) and NQM.,0.0231,6.7394,6.7629,2026-08-01T07:50:54.322654+00:00,100.0014,0.5,"SCORE: 0.5 | REASON: The answer partially matches the context, as it correctly identifies Mr. Mohammad Fahim (MDF) and NQM as lab faculty for CSE260-15A, but does not mention that a student needs to have a maximum of 9 credits or that there are no suitable sections for the student in this specific case.",novel,entity_heavy,rrf,False,False,False,False,False,True,False,,,0.0,100.0167,0.3485051393508911
