query_id,config,query,reference_answer,retrieved_context,generated_answer,route,fusion,lambda,abstained,raw_abstain,sufficient_context_override,graph_augmented,exact_match_any,question_match_any,retrieval_s,rerank_s,generation_s,total_s,timestamp,query_confidence,query_top1_score
BQ001,adaptive_novel,TARC e student der ki ki amenities ar facility deya hoy?,"Tarc provides students of BRAC a residential campus where they experience to live with their fellow classmates.Tarc also provides students the importance of time dynamics ,punctuality and basic manners like to respect others work.Tarc also tries to make students do their own work by themselves.","Question (Banglish): TARC e student der ki ki amenities ar facility deya hoy?
Answer (English): Tarc provides students of BRAC a residential campus where they experience to live with their fellow classmates.Tarc also provides students the importance of time dynamics ,punctuality and basic manners like to respect others work.Tarc also tries to make students do their own work by themselves.

Question (Banglish): Savar campus e ki ki academic ar welfare facility ache?
Answer (English): The Residential Campus has classrooms, conference rooms, a library with reading areas, computer labs, dormitories, dining halls, an auditorium, and outdoor sports grounds. It also has a resident doctor and nurse (with an arrangement with a local hospital for emergencies), male and female full-time psychosocial counsellors, and facilities for football, cricket, table tennis, carom, handball, volleyball and badminton (students bring their own equipment).

Question (Banglish): TARC e ki ki type er accommodation ache?
Answer (English): They provide a room where each get a bed, study table and half almirah. Usually one room can accomodate 4 students. The room has a decent washroom. There are multiple common washroom in every floor

Question (Banglish): TARC e dining er ki ki facility ache?
Answer (English): Tripti a three storied building is for dining. it provides Breakfast, Lunch dinner and also morning and evening snacks

Question (Banglish): Student Life Store e student der jonno ki ki facility available?
Answer (English): The Student Life Store offers various student supplies, merchandise, and campus-related items.","Tarc provides students of BRAC a residential campus where they experience to live with their fellow classmates. Tarc also provides students the importance of time dynamics ,punctuality and basic manners like to respect others work. Tarc also tries to make students do their own work by themselves.",open_ended,linear,0.5,False,False,False,False,False,True,0.0612,0.2215,9.8477,10.1312,2026-07-27T11:14:52.625699+00:00,0.3638,0.9865
BQ002,adaptive_novel,Pre-Registration phase er por course selection kobe confirm korte hobe?,During the Self-Registration period assigned after result publication,"Question (Banglish): Pre-Registration phase er por course selection kobe confirm korte hobe?
Answer (English): During the Self-Registration period assigned after result publication

Question (Banglish): Shomoy moto Wishlist confirm korte na parle student er ki hoy?
Answer (English): Student will not be considered a participant and cannot register in Pre-Registration Phase 1

Question (Banglish): Pre-Registration Phase 2 er starting date ta kobe?
Answer (English): You will be emailed by the registrar.

Question (Banglish): Wishlist participation miss korle ekjon student ki register korte parbe?
Answer (English): Yes, but only during Pre-Registration Phase 2 or Self Registration, with limited course availability

Question (Banglish): Pre-Registration Phase er por course registration er final opportunity ta ki?
Answer (English): The Self-Registration period is the final opportunity for course registration after both Pre-Registration phases have ended.",During the Self-Registration period assigned after result publication.,open_ended,linear,0.5,False,False,False,False,False,True,0.0294,0.0734,3.9223,4.0263,2026-07-27T11:14:56.652798+00:00,0.4119,1.0417
BQ003,adaptive_novel,"BRAC University bochore koyta semester chalay, ar kobe shuru hoy?","BRAC University runs three semesters a year - Spring, Summer and Fall - starting in January, May and September respectively. Pharmacy admits in Spring or Summer, and LLB admits in Spring or Fall.","Question (Banglish): BRAC University bochore koyta semester chalay, ar kobe shuru hoy?
Answer (English): BRAC University runs three semesters a year - Spring, Summer and Fall - starting in January, May and September respectively. Pharmacy admits in Spring or Summer, and LLB admits in Spring or Fall.

Question (Banglish): BRAC University protibochor koyta semester chalay, ar segula ke ki bola hoy?
Answer (English): BRAC University follows a semester-based system with three equal semesters each year: Spring, Summer, and Fall.

Question (Banglish): BRACU te bochore koyta semester hoy, ar segula kobe shuru hoy?
Answer (English): BRACU offers 3 semesters a year: Spring, Summer & Fall, and these start in January, May & September respectively.
For Pharmacy & LLB: BRACU offers admission for Pharmacy & LLB department twice a year. You can apply in for Pharmacy: Spring or Summer semester and for LLB: Spring or Fall. The classes start from January and July for Pharmacy. January and September for LLB accordingly.
Tentative Schedule - Admission Tests:
Semester
1st Intake
2nd Intake
Spring
November
December
Summer
March
April
Fall
July
August

Question (Banglish): BRAC University er Department of Architecture kobe shuru hoyechilo, ar er typical intake koto?
Answer (English): The department started in Spring 2002 with 15 students and 3 faculty members. Admission is competitive and intake has historically been limited to around 25-30 students per year to maintain close studio supervision.

Question (Banglish): Ekhonkar BRAC University campus building ke design koreche, ar construction kobe shuru hoyechilo?
Answer (English): The campus was designed by WOHA Designs Pte Ltd, a Singapore-based architecture firm, with construction beginning in 2017. The completed building has 14 floors in total.","BRAC University runs three semesters a year - Spring, Summer and Fall - starting in January, May and September respectively.",open_ended,linear,0.5,False,False,False,False,False,True,0.0275,0.1637,5.2723,5.4645,2026-07-27T11:15:02.117578+00:00,0.1860,0.9460
BQ004,adaptive_novel,Amar vehicle ta kothay park korte hobe?,You can park your vehicle at basement-2.,"Question (Banglish): Amar vehicle ta kothay park korte hobe?
Answer (English): You can park your vehicle at basement-2.

Question (Banglish): Ami koto shomoy campus e amar vehicle park korte pari?
Answer (English): As long as you're paying the parking fee

Question (Banglish): Amar taka hariye gele ar fare pay korte na parle ki hoy?
Answer (English): The student must inform the transport authority and make the payment at a later time.

Question (Banglish): Badda campus e amar age theke ENG102 kora ache, tahole TARC e amake kon course deya hobe?
Answer (English): If you completed ENG102 already, you will be given BUS201 at TARC.

Question (Banglish): Official transport service inquiry er jonno kake contact korte hobe?
Answer (English): Official inquiries should be directed to Md Lutfor Rahman (01711-859787) or Mijan Hosen (01827-407161).",You can park your vehicle at basement-2.,open_ended,linear,0.5,False,False,False,False,False,True,0.0230,0.0863,3.7298,3.8398,2026-07-27T11:15:05.957667+00:00,0.3199,0.9849
BQ005,adaptive_novel,Exam hall e student der koto age ashte hobe?,Students should aim to arrive at the exam hall at least 15 to 30 minutes before the scheduled start time of their exam.,"Question (Banglish): Exam hall e student der koto age ashte hobe?
Answer (English): Students should aim to arrive at the exam hall at least 15 to 30 minutes before the scheduled start time of their exam.

Question (Banglish): Badda campus e amar age theke ENG102 kora ache, tahole TARC e amake kon course deya hobe?
Answer (English): If you completed ENG102 already, you will be given BUS201 at TARC.

Question (Banglish): Semester e student er grade kon kon assessment diye toiri hoy?
Answer (English): Student performance is evaluated continuously through class tests, quizzes, assignments, and midterm exams during the semester, plus end-of-semester assessment such as final exams, term papers, and project work; all these numerical scores are combined and converted into a letter grade.

Question (Banglish): Final exam e boste hole minimum koto class attendance lagbe?
Answer (English): Under the general course-teaching guidelines, a student must attend at least 70% of total classes (including tutorials and labs) to be allowed to sit for the final exam in that course.

Question (Banglish): RS er final exam e boste hole koto percent attendance lagbe?
Answer (English): Students must attend at least 90 percent of classes to be eligible to sit for the final examinations at the Residential Campus.",Students should aim to arrive at the exam hall at least 15 to 30 minutes before the scheduled start time of their exam.,open_ended,linear,0.5,False,False,False,False,False,True,0.0253,0.1098,5.3447,5.4809,2026-07-27T11:15:11.438826+00:00,0.4684,0.9936
BQ006,adaptive_novel,Print korar jonno jaiga gula thik kon kon jaygay ache?,"Level-12:

Level-12, Zone-B, Adjacent to Room No: 12B-15L

Level-12, Zone-D, Adjacent to Room No: 12D-25L

Level-12, Zone-F, Room No: 12F-31L

Level-12, Zone-F, Room No: 12F-32L

Level-11:

Level-11, Zone-A, Room No: 11A-03L

Level-11, Zone-B, Adjacent to Room No: 11B-15L

Level-11, Zone-B, Adjacent to Room No: 11B-16L

Level-11, Zone-D, Adjacent to Room No: 11D-27L

Level-11, Zone-F, Adjacent to Room No: 11F-34L

Level-10:

Level-10, Zone-B, Adjacent to Room No: 10B-11L

Level-10, Zone-D, Adjacent to Room No: 10D-22L

Level-10, Zone-F, Adjacent to Room No: 10F-28L

Level-09:

Level-09, Zone-B, Adjacent to Room No: 09B-09L

Level-09, Zone-D, Adjacent to Room No: 09D-17C

Level-09, Zone-F, Adjacent to Room No: 09F-25L

Level-08:

Level-08, Zone-B, Adjacent to Room No: 08B-08C

Level-08, Zone-D, Adjacent to Room No: 08D-12C

Level-08, Zone-F, Adjacent to Room No: 08F-19C

Level-07:

Level-07, Block-F, Adjacent to Room No: 07F-22C

Level-07, Zone-D, Adjacent to Room No: 07D-19C

Facilities Tower:

Facilities Tower, 10th Floor, Waiting Room","Question (Banglish): Print korar jonno jaiga gula thik kon kon jaygay ache?
Answer (English): Level-12:

Level-12, Zone-B, Adjacent to Room No: 12B-15L

Level-12, Zone-D, Adjacent to Room No: 12D-25L

Level-12, Zone-F, Room No: 12F-31L

Level-12, Zone-F, Room No: 12F-32L

Level-11:

Level-11, Zone-A, Room No: 11A-03L

Level-11, Zone-B, Adjacent to Room No: 11B-15L

Level-11, Zone-B, Adjacent to Room No: 11B-16L

Level-11, Zone-D, Adjacent to Room No: 11D-27L

Level-11, Zone-F, Adjacent to Room No: 11F-34L

Level-10:

Level-10, Zone-B, Adjacent to Room No: 10B-11L

Level-10, Zone-D, Adjacent to Room No: 10D-22L

Level-10, Zone-F, Adjacent to Room No: 10F-28L

Level-09:

Level-09, Zone-B, Adjacent to Room No: 09B-09L

Level-09, Zone-D, Adjacent to Room No: 09D-17C

Level-09, Zone-F, Adjacent to Room No: 09F-25L

Level-08:

Level-08, Zone-B, Adjacent to Room No: 08B-08C

Level-08, Zone-D, Adjacent to Room No: 08D-12C

Level-08, Zone-F, Adjacent to Room No: 08F-19C

Level-07:

Level-07, Block-F, Adjacent to Room No: 07F-22C

Level-07, Zone-D, Adjacent to Room No: 07D-19C

Facilities Tower:

Facilities Tower, 10th Floor, Waiting Room

Question (Banglish): International Student der jonno kon kon Scholarship ache?
Answer (English): Merit Scholarship Based on BracU Academic Results and BRAC Scholarship (A Needs Based Scholarship) are available for the International students.

Question (Banglish): Request korar jonno kon dorm room shobcheye bhalo?
Answer (English): Room-by-room comparisons aren't something I have data on. The Residential Semester handbook covers general allocation rules, but room-level preferences are better discussed with the dorm supervisor directly.

Question (Banglish): CGPA ta thik kon niyome calculate kora hoy?
Answer (English): To calculate your CGPA, simply sum all your GPAs for each semester and divide it by the sum of the Total Credit Units (TCU) for each semester

Question (Banglish): Section change korte hole thik kon niyom follow korte hobe?
Answer (English): If you are already enrolled in a section then your request will be rejected by DCO due to the policies set by department.","The locations where printing is available are Level-12, Zone-B, Adjacent to Room No: 12B-15L; Level-12, Zone-D, Adjacent to Room No: 12D-25L; Level-12, Zone-F, Room No: 12F-31L; Level-12, Zone-F, Room No: 12F-32L; and several other locations listed below.",open_ended,linear,0.5,False,True,True,False,False,True,0.0291,0.4835,12.8856,13.3990,2026-07-27T11:15:24.838622+00:00,0.0387,0.6077
BQ007,adaptive_novel,EEE Department kothay?,The EEE Department is located on the 4th floor and the labs are on 11th and 12th.,"Question (Banglish): EEE Department kothay?
Answer (English): The EEE Department is located on the 4th floor and the labs are on 11th and 12th.

Question (Banglish): EEE department er printing Lab kothay?
Answer (English): The EEE Department's printing lab is on 12B-17L

Question (Banglish): EEE/ECE student ra tader program er official course listing ar prerequisite sequence kothay pabe?
Answer (English): EEE and ECE students can access the official course listing, prerequisites and recommended course sequence documents through department-shared drive links (requiring their BRACU email for access), which are also referenced in the department's official FAQ document under 'Necessary Documents'.

Question (Banglish): ENH Department kothay?
Answer (English): The ENH Department is located on the 5th floor.

Question (Banglish): BBA Department kothay?
Answer (English): The BRAC Business School (BBA Department) is on the 5th floor.",The EEE Department is located on the 4th floor and the labs are on 11th and 12th.,open_ended,linear,0.5,False,False,False,False,False,True,0.0196,0.1159,5.1337,5.2697,2026-07-27T11:15:30.108728+00:00,0.1079,0.9825
BQ008,adaptive_novel,Summer 2025 er Wishlist event er purpose ki?,To help plan course offerings based on student demand,"Question (Banglish): Summer 2025 er Wishlist event er purpose ki?
Answer (English): To help plan course offerings based on student demand

Question: Purpose of the Wishlist event for Summer 2025?
Answer: To help plan course offerings based on student demand

Question (Banglish): Protita semester e advising phase shuru kora event er naam ki?
Answer (English): Wishlist event, the schedule will be mailed by the registrar.

Question (Banglish): Connect system e Course Wishlist feature er purpose ki?
Answer (English): Addition of preferred courses to a wishlist to secure seats as they become available while following university policies

Question (Banglish): Wishlist ta ki?
Answer (English): Wishlist event – an online pre-advising activity where undergraduate students (all programs except LLB, PHR, and Residential-Semester-eligible cohorts) log in during an assigned time slot, select the courses they intend to take, and press ""Confirm.""
The collected course demands are then used by BRAC University to decide how many sections to open for each course, and only students who complete this step become eligible for Pre-Registration Phase 1.",To help plan course offerings based on student demand.,open_ended,linear,0.5,False,False,False,False,False,True,0.0269,0.1282,3.7957,3.9516,2026-07-27T11:15:34.060595+00:00,0.1521,1.0013
BQ009,adaptive_novel,Transport service e change hole student der kivabe janano hoy?,Students are informed through official BRAC University notices and announcements.,"Question (Banglish): Transport service e change hole student der kivabe janano hoy?
Answer (English): Students are informed through official BRAC University notices and announcements.

Question (Banglish): Student ra transport service e problem hole kivabe report korbe?
Answer (English): Students can report issues by calling the designated route-specific numbers or reaching out to transport officers.

Question (Banglish): Student ra transport service ke kivabe contact korbe?
Answer (English): Students can contact the transport service via designated phone numbers.

Question (Banglish): Financial aid er decision student der kivabe janano hoy?
Answer (English): Financial aid decisions are typically communicated through email, an online student portal, or physical mail.

Question (Banglish): Ashche semester gula te transport schedule change hobe ki?
Answer (English): The transport schedule is subject to change based on academic schedules and operational needs. Updated schedules will be communicated by the university.",Students are informed through official BRAC University notices and announcements.,open_ended,linear,0.5,False,False,False,False,False,True,0.0278,0.0870,3.8968,4.0128,2026-07-27T11:15:38.073542+00:00,0.3318,1.0004
BQ010,adaptive_novel,Ke Wishlist event e participate korte hobe?,"All undergraduate students attending upcoming, excluding RS-eligible students and LLB, PHR students","Question (Banglish): Ke Wishlist event e participate korte hobe?
Answer (English): All undergraduate students attending upcoming, excluding RS-eligible students and LLB, PHR students

Question (Banglish): Wishlist event e course select korar por ki korte hobe?
Answer (English): Press the ""Confirm"" button within the assigned slot time

Question (Banglish): Wishlist event e participate na korle ki consequence hoy?
Answer (English): Student will not be allowed to register during Pre-Registration Phase 1

Question (Banglish): Wishlist participation miss korle ekjon student ki register korte parbe?
Answer (English): Yes, but only during Pre-Registration Phase 2 or Self Registration, with limited course availability

Question (Banglish): Kon group er student der Wishlist event e participate korar requirement nei?
Answer (English): Students who are eligible for residential semester in the upcoming semester.","All undergraduate students attending the upcoming event, excluding RS-eligible students and LLB, PHR students.",open_ended,linear,0.5,False,False,False,False,False,True,0.0222,0.0682,4.6806,4.7721,2026-07-27T11:15:42.846054+00:00,0.2364,0.9996
BQ011,adaptive_novel,Lab PC te log in korte na parle ki korbo?,"If you've changed your password and can't remember it, contact IT support at itsupport@bracu.ac.bd.","Question (Banglish): Lab PC te log in korte na parle ki korbo?
Answer (English): If you've changed your password and can't remember it, contact IT support at itsupport@bracu.ac.bd.

Question (Banglish): BRAC University lab PC te ami kivabe log in korbo?
Answer (English): To log in to the BRAC University lab PCs, use your university-provided credentials. Typically, your student ID is your username, and the default password is provided by the IT department during orientation.

Question (Banglish): Lab PC te ami ki password change korte parbo?
Answer (English): Yes, you can change your password when logged into a lab PC. Press Ctrl+Alt+Delete and select the ""Change Password"" option. Enter your current password and set a new one.

Question (Banglish): BRAC University lab PC theke ami kivabe log out korbo?
Answer (English): To log out of a lab PC, click the Start Menu, select your profile icon, and click Sign Out.

Question (Banglish): Lab PC te ami ki file save korte parbo?
Answer (English): Files saved directly on lab PCs will typically be erased after restarting, as these computers are regularly wiped for security purposes. It's recommended to save your work on a cloud storage service like Google Drive or an external USB drive.","If you've changed your password and can't remember it, contact IT support at itsupport@bracu.ac.bd.",open_ended,linear,0.5,False,False,False,False,False,True,0.0246,0.1082,5.1530,5.2870,2026-07-27T11:15:48.133725+00:00,0.3129,1.0019
BQ012,adaptive_novel,Route-03 (Jigatola) er designated bus stop gula kothay?,"The designated stops are: Jigatola Bus Stand, City College, Science Lab, Kataban, Shahbagh, High Court, Press Club, Motsho Bhaban, Bijoynagar, Kakrail Mosque, Shantinagar, Malibagh Railgate, Rampura TV Centre, Badda Link Road, BRAC University.","Question (Banglish): Route-03 (Jigatola) er designated bus stop gula kothay?
Answer (English): The designated stops are: Jigatola Bus Stand, City College, Science Lab, Kataban, Shahbagh, High Court, Press Club, Motsho Bhaban, Bijoynagar, Kakrail Mosque, Shantinagar, Malibagh Railgate, Rampura TV Centre, Badda Link Road, BRAC University.

Question (Banglish): Route-05 (Jatrabari) er designated bus stop gula kothay?
Answer (English): The designated stops are: Jatrabari Bus Stand, Sayedabad Bus Terminal, Motijheel Ideal School, Ittefaq Mor, Fakirapool Bus Stand, Bijoynagar, Kakrail Mosque, Shantinagar, Malibagh Railgate, Rampura TV Centre, Badda Link Road, BRAC University.

Question (Banglish): Route-04 (Azimpur) er designated bus stop gula kothay?
Answer (English): The designated stops are: Azimpur Bus Stand, Nilkhet, New Market, Science Lab, Kataban, Shahbagh, High Court, Press Club, Motsho Bhaban, Bijoynagar, Kakrail Mosque, Shantinagar, Malibagh Railgate, Rampura TV Centre, Badda Link Road, BRAC University.

Question (Banglish): Route-01 (Abdullahpur) er designated bus stop gula kothay?
Answer (English): The designated stops are: Polwel Carnation Shopping Centre, House Building (Labaid Diagnostic), Azampur (Uttara East Police Station), Jasimuddin (Popular Diagnostic), Airport (Police Box), Kawla (Foot Over-Bridge), Khilkhet (First Foot Over-Bridge), Biswa Road, Shewrah, BRAC University.

Question (Banglish): Route-02 (Mirpur-A) er designated bus stop gula kothay?
Answer (English): The designated stops are: Mirpur Bangla College, Sony Cinema Hall (near KFC), Mirpur College Gate (Mirpur 2), Swimming Federation Gate (Mirpur Stadium), Popular Diagnostic Centre (Mirpur 6), Pallabi Post Office (Purobi Cinema Hall), Mirpur Ceramics, Mirpur DOHS Gate (Trust Bus Stop), Pallabi Thana (Shagufta Mour), Kalshi Bus Stand, ECB Chattar, BRAC University.","The designated stops for Route-03 (Jigatola) are Jigatola Bus Stand, City College, Science Lab, Kataban, Shahbagh, High Court, Press Club, Motsho Bhaban, Bijoynagar, Kakrail Mosque, Shantinagar, Malibagh Railgate, Rampura TV Centre, and Badda Link Road.",open_ended,linear,0.5,False,False,False,False,False,True,0.0247,0.1673,11.6074,11.8000,2026-07-27T11:15:59.933676+00:00,0.1265,1.0454
BQ013,adaptive_novel,Biotechnology ar Microbiology ki ekhono Physics ar Mathematics er shathe eki department e ache?,"Biotechnology and Microbiology historically shared a department (MNS) with Physics and Mathematics; today they fall under the School of Life Sciences, while Physics/Mathematics/APE are now under the Department of Mathematics and Physical Sciences (MPS) - both trace back to the original MNS department founded in 2001.","Question (Banglish): Biotechnology ar Microbiology ki ekhono Physics ar Mathematics er shathe eki department e ache?
Answer (English): Biotechnology and Microbiology historically shared a department (MNS) with Physics and Mathematics; today they fall under the School of Life Sciences, while Physics/Mathematics/APE are now under the Department of Mathematics and Physical Sciences (MPS) - both trace back to the original MNS department founded in 2001.

Question: Are Biotechnology and Microbiology still under the same department as Physics and Mathematics?
Answer: Biotechnology and Microbiology historically shared a department (MNS) with Physics and Mathematics; today they fall under the School of Life Sciences, while Physics/Mathematics/APE are now under the Department of Mathematics and Physical Sciences (MPS) - both trace back to the original MNS department founded in 2001.

Question: Just wondering, are Biotechnology and Microbiology still under the same department as Physics and Mathematics?
Answer: Biotechnology and Microbiology historically shared a department (MNS) with Physics and Mathematics; today they fall under the School of Life Sciences, while Physics/Mathematics/APE are now under the Department of Mathematics and Physical Sciences (MPS) - both trace back to the original MNS department founded in 2001.

Question (Banglish): Undergraduate level e Biotechnology/Microbiology e apply korte ki ki requirement lagbe?
Answer (English): Candidates for BSc in Biotechnology and Microbiology should have minimum C grade in Biology and Chemistry at HSC/ A-Levels/Equivalent. Candidates not having Mathematics at HSC or A-Levels must take a remedial course on Mathematics in addition to the courses required for the program.

Question (Banglish): Ekjon Biotechnology student ki second major hisebe Microbiology add korte pare, ba ulta?
Answer (English): Yes. A student pursuing a BS in Biotechnology can double-major in Microbiology (or vice versa) by completing an additional 15 credits on top of the standard 136-credit degree, for a total of 151 credits.",Biotechnology and Microbiology no longer share a department with Physics and Mathematics; today they fall under the School of Life Sciences.,open_ended,linear,0.5,False,False,False,False,False,True,0.0338,0.1203,5.4437,5.5998,2026-07-27T11:16:05.534209+00:00,0.3598,0.9773
BQ014,adaptive_novel,"Amar advisor response korche na, ki korbo?","Please wait, your advisor is maybe busy with other students response. You can request other advisors for your advising but he will only add it but he will not approve it. So, it is wise to get request done by the advisor.","Question (Banglish): Amar advisor response korche na, ki korbo?
Answer (English): Please wait, your advisor is maybe busy with other students response. You can request other advisors for your advising but he will only add it but he will not approve it. So, it is wise to get request done by the advisor.

Question (Banglish): Amar discord verification kaj korche na, ki korbo? Advising kivabe korbo?
Answer (English): If your Discord verification for advising isn't working, contact your department's DCO (Departmental Coordination Officer) - for CSE, current DCO contact details are published via the department's official advising channel or notice board, since DCO assignments can change between semesters. If the DCOs don't respond, escalate to your department's advising coordinator.

Question (Banglish): Amar advisor campus e nei, ki korbo?
Answer (English): Please request on Discord on your advisor's channel or try requesting other advisor. But he can reject you easily because it is not his duty as you are not assigned to him in the advising session. So, please ask your advisor on the Discord channel or request other advisor if they are willing to help.

Question (Banglish): Amar pre advising schedule bhalo na, ki korbo?
Answer (English): Please try in the main advising or you can try by swapping your sections in the main advising.

Question (Banglish): Advising er shomoy amar advisor ke ami kivabe contact korbo?
Answer (English): You should contact your advisor in his desired channel for advising. You can use wait queue to connect in voice with him. Then he/she will bring you in the main channel or will join you win the wait queue. It is not the right thing to Direct message him or email him. Because it is not in the procedure of advising. During on campus advising, you can easily meet him in person whenever he/she is in his office.","Please wait, your advisor is maybe busy with other students' responses. You can request other advisors for your advising but they will only add it, not approve it. So, it is wise to get the request done by your assigned advisor.",open_ended,linear,0.5,False,False,False,False,False,True,0.0276,0.1383,7.5371,7.7041,2026-07-27T11:16:13.238794+00:00,0.3659,0.9842
BQ015,adaptive_novel,Cybersecurity te interested student der jonno ki ki elective course recommend kora hoy?,"CSE446, CSE447, CSE490 and CSE496 can be beneficial for students interested in Cyber Security.","Question (Banglish): Cybersecurity te interested student der jonno ki ki elective course recommend kora hoy?
Answer (English): CSE446, CSE447, CSE490 and CSE496 can be beneficial for students interested in Cyber Security.

Question (Banglish): Artificial Intelligence e interested student der jonno ki ki elective course recommend kora hoy?
Answer (English): Students interested in Artificial Intelligence can go for CSE427 which focuses on traditional machine learning algorithms and then go for CSE425 which gives elaborate idea about Neural Networks. If they are interested in computer vision and image processing they can go for CSE439 and CSE428. Lastly, if they are interested in NLP they CSE440 and CSE442 can be sweet treats for them.

Question (Banglish): Data Science e interested student der jonno ki ki elective course recommend kora hoy?
Answer (English): Elective courses like CSE437 and CSE438 can be beneficial for those who are interested in Data Science.

Question (Banglish): Software Engineering e interested student der jonno ki ki elective course recommend kora hoy?
Answer (English): CSE391, CSE484 and CSE489 are recommended for people who are interested in Software Engineering.

Question (Banglish): CSE student der jonno ki ki elective course available?
Answer (English): Different Elective courses are offered every semester.
CSE310 Object-Oriented Programming
CSE390 Technical Communication
CSE391 Programming for The Internet
CSE402 Optimization
CSE419 Programming Languages and Competitive Programming
CSE424 Pattern Recognition
CSE425 Neural Network
CSE426 Advanced Algorithms
CSE427 Machine Learning
CSE428 Image Processing
CSE435 Reinforcement Learning
CSE437 Data Science: Coding With Real-World Data
CSE440 Natural Language Processing (NLP) II
CSE443 Bioinformatics I
CSE444 Bioinformatics II
CSE446 Blockchain and Cryptocurrencies
CSE447 Cryptography and Cryptoanalysis
CSE449 Parallel, Distributed, and High-Performance Computing (HPC)
CSE450 Advanced Competitive Programming
CSE463 Computer Vision: Fundamentals and Applications
CSE472 Human Computer Interface
CSE481 Quantum Computing I
CSE482 Quantum Computing II
CSE484 Cloud Computing
CSE489 Android App Development
CSE490 Special topics: Introduction to Computer Security
CSE496 Ethical Hacking
If you are from CS curriculam you can also take: CSE250 Circuits and Electronics
CSE251 Electronic Devices and Circuits
CSE320 Data Communications
CSE341 Microprocessors
CSE350 Digital Electronics and Pulse Techniques
CSE360 Computer Interfacing
CSE460 VLSI Design
CSE461 Introduction to Robotics
CSE471 System Analysis and Design","Students interested in Cyber Security can benefit from taking CSE446, CSE447, CSE490, and CSE496.",open_ended,linear,0.5,False,False,False,False,False,True,0.0323,0.3976,5.9694,6.4004,2026-07-27T11:16:19.639262+00:00,0.2313,1.0651
BQ016,adaptive_novel,BRAC Scholarship ta ki?,"BRAC Scholarship is for economically disadvantaged students.

Eligibility criteria and other requirements:

1. Parents' monthly income - not more than Tk. 20,000. 

2. Students must have a GPA of 4.50 (without 4th subject) in SSC and HSC from Science, Arts & Commerce Group.","Question (Banglish): BRAC Scholarship ta ki?
Answer (English): BRAC Scholarship is for economically disadvantaged students.

Eligibility criteria and other requirements:

1. Parents' monthly income - not more than Tk. 20,000. 

2. Students must have a GPA of 4.50 (without 4th subject) in SSC and HSC from Science, Arts & Commerce Group.

Question (Banglish): BRAC University te ki ki scholarship policy ache?
Answer (English): BRACU publishes several distinct scholarship policies, including a general Undergraduate and Postgraduate Scholarship Policy, a Merit-Based Scholarship Policy tied to BRACU academic results, the Sir Fazle Hasan Abed Scholarship Policy, the Imdad Sitara Khan Scholarship Policy, the BSRM Scholarship for Engineering, financial aid for students injured during the Anti-Discrimination Student Movement, and Board Scholarships for HSC General/Talent Pool category recipients.

Question (Banglish): BRAC University er scholarship gula ki ki cover kore (tuition, fees, living expense, etc.)?
Answer (English): Scholarships at BRAC University typically cover tuition fees, with some also covering additional academic fees like lab and library fees. The BRAC Scholarship goes further by covering food and accommodation for economically disadvantaged students. However, most scholarships do not cover non-academic fees, such as admission or retake course fees, and the coverage varies depending on the specific scholarship program.

Question (Banglish): BRAC University er official motto ta ki?
Answer (English): BRAC University's official motto is 'Inspiring Excellence'.

Question (Banglish): BRAC University je Scholarship/Financial aid dey, segula ki ki type er?
Answer (English): 1. Scholarship Based on Previous Academic Results 

2. Merit Scholarship based on BracU Academic Results 

3. Scholarship Based on Brac University Admission Test Result

4. Sibling Scholarship

5. Spouse Scholarship

6. BRAC Scholarship

7. Physically Challenged Students

8. Children of Freedom Fighter

9. Debater's Blue Scholarship

10. Children of BracU Regular Confirmed Employee

For detailed information: https://www.bracu.ac.bd/admission/scholarships-financial-aid","The BRAC Scholarship is for economically disadvantaged students, and it covers tuition fees as well as food and accommodation.",open_ended,linear,0.5,False,False,False,False,False,True,0.0216,0.1522,5.2091,5.3833,2026-07-27T11:16:25.023148+00:00,0.1427,1.0095
BQ017,adaptive_novel,BRAC University er 'Freshman Enrollment and Class Sign' ta ki?,"This is the official process new/incoming ('freshman') students go through after being admitted, to confirm their enrollment and get registered into their first semester's classes; details and instructions are published on the Admissions section of the university website.","Question (Banglish): BRAC University er 'Freshman Enrollment and Class Sign' ta ki?
Answer (English): This is the official process new/incoming ('freshman') students go through after being admitted, to confirm their enrollment and get registered into their first semester's classes; details and instructions are published on the Admissions section of the university website.

Question: What is 'Freshman Enrollment and Class Sign' at BRAC University?
Answer: This is the official process new/incoming ('freshman') students go through after being admitted, to confirm their enrollment and get registered into their first semester's classes; details and instructions are published on the Admissions section of the university website.

Question: Can you tell me what 'Freshman Enrollment and Class Sign' at BRAC University is?
Answer: This is the official process new/incoming ('freshman') students go through after being admitted, to confirm their enrollment and get registered into their first semester's classes; details and instructions are published on the Admissions section of the university website.

Question (Banglish): BRAC University protita semester e notun student der jonno official orientation event kore ki?
Answer (English): Yes, BRAC University holds a Freshers' Orientation each semester at the Multipurpose Hall on the main campus, typically including registration, lunch, and a formal orientation program, often featuring an external guest speaker (such as a corporate CEO) addressing new students.

Question (Banglish): BRAC University er academic calendar ta ki, semester date ar exam schedule shoho?
Answer (English): Here is the official link of the academic dates: https://www.bracu.ac.bd/news-events/academic-dates","This is the official process new/incoming ('freshman') students go through after being admitted, to confirm their enrollment and get registered into their first semester's classes; details and instructions are published on the Admissions section of the university website.",open_ended,linear,0.5,False,False,False,False,False,True,0.0261,0.1071,7.4435,7.5779,2026-07-27T11:16:32.601743+00:00,0.1503,1.0509
BQ018,adaptive_novel,BRAC University er official colour gula ki?,"BRAC University's official colours are blue, black, and gray.","Question (Banglish): BRAC University er official colour gula ki?
Answer (English): BRAC University's official colours are blue, black, and gray.

Question: What are BRAC University's official colours?
Answer: BRAC University's official colours are blue, black, and gray.

Question: I wanted to ask, what are BRAC University's official colours?
Answer: BRAC University's official colours are blue, black, and gray.

Question: Can you tell me what BRAC University's official colours are?
Answer: BRAC University's official colours are blue, black, and gray.

Question (Banglish): BRAC University er general dress code expectation ta ki?
Answer (English): Students, faculty and staff are expected to wear clean, decent attire in keeping with the university's academic and cultural ethos, and to generally present a positive image of the university at all times.","BRAC University's official colours are blue, black, and gray.",open_ended,linear,0.5,False,False,False,False,False,True,0.0225,0.1503,4.1050,4.2785,2026-07-27T11:16:36.880233+00:00,0.6174,1.0280
BQ019,adaptive_novel,Non-student ra ki BRAC University transport service use korte pare?,"No, the service is exclusively for BRAC University students.","Question (Banglish): Non-student ra ki BRAC University transport service use korte pare?
Answer (English): No, the service is exclusively for BRAC University students.

Question (Banglish): ID card chara student ra ki transport service use korte pare?
Answer (English): No, students must present a valid BRAC University ID card.

Question (Banglish): BRAC University bus service ke use korte pare?
Answer (English): Only BRAC University students can use this service. Students must show their university ID before boarding. New students must show a photocopy of their payment receipt.

Question (Banglish): Student ra ki transport service niye feedback dite pare?
Answer (English): Yes, students can share feedback via BRAC University's official transport service email or hotline.

Question (Banglish): Student ra ki transport service er jonno notun route suggest korte pare?
Answer (English): Suggestions for new routes can be submitted to the transport office for review.","No, the service is exclusively for BRAC University students.",open_ended,linear,0.5,False,False,False,False,False,True,0.0316,0.0867,3.8584,3.9779,2026-07-27T11:16:40.858887+00:00,0.2083,1.0418
BQ020,adaptive_novel,Duita ground er Dressing Room ami kothay pabo?,"The Dressing Rooms for the two sports grounds are located on the Ground Floor of the main campus building, near the Maidan.","Question (Banglish): Duita ground er Dressing Room ami kothay pabo?
Answer (English): The Dressing Rooms for the two sports grounds are located on the Ground Floor of the main campus building, near the Maidan.

Question (Banglish): BRAC University main campus building er ground floor e ami ki pabo?
Answer (English): The ground floor houses the main reception, the Auditorium, a Multipurpose Hall, the Central Control Room, an ATM booth, a coffee/merchandise shop, the Maidan (football field), cricket practice tracks, the Biotope Lake, and a Green Room.

Question (Banglish): Female der Prayer Room ami kothay pabo?
Answer (English): In front of the indoor (Multipurpose Hall) and also on 6th floor(ZONE-H).

Question (Banglish): Arabika Coffee shop ami kothay pabo?
Answer (English): Arabika Coffee is located on the Ground Floor.

Question (Banglish): 1st Floor e male ar female washroom ami kothay pabo?
Answer (English): Beside the lift lobby(2nd escalator)","The Dressing Rooms for the two sports grounds are located on the Ground Floor of the main campus building, near the Maidan.",open_ended,linear,0.5,False,False,False,False,False,True,0.0243,0.0975,5.1510,5.2735,2026-07-27T11:16:46.132656+00:00,0.3791,1.0066
BQ021,adaptive_novel,Female der Prayer Room ami kivabe access korbo?,The Prayer Room is located in front of the indoor Multipurpose Hall and on 6th floor(ZONE-H),"Question (Banglish): Female der Prayer Room ami kivabe access korbo?
Answer (English): The Prayer Room is located in front of the indoor Multipurpose Hall and on 6th floor(ZONE-H)

Question (Banglish): Female der Prayer Room ami kothay pabo?
Answer (English): In front of the indoor (Multipurpose Hall) and also on 6th floor(ZONE-H).

Question (Banglish): Counseling Unit ke ami kivabe contact korbo?
Answer (English): Students can usually contact the Counseling Unit through the Student Life Office or directly at their location on the 3rd Floor.

Question (Banglish): Learning Labs/Classrooms ami kivabe access korbo?
Answer (English): Learning Labs/Classrooms are located on multiple floors (7th to 12th), and access is usually through designated staircases or elevators.

Question (Banglish): Seminar er jonno room kivabe book korbo?
Answer (English): Visit: Room Booking Form. You must discuss the seminar with the Office of Co-Curricular Activities (OCA) and obtain permission. Once approved, complete the form, have it signed by your advisor, and submit it to OCA. Processing takes approximately three days.",The female Prayer Room is located in front of the indoor Multipurpose Hall and on 6th floor (ZONE-H).,open_ended,linear,0.5,False,False,False,False,False,True,0.0228,0.1044,5.1260,5.2539,2026-07-27T11:16:51.387175+00:00,0.2949,1.0436
BQ022,adaptive_novel,Convocation e degree certificate collect korte ki amake fee dite hobe?,"No, based on published notices, there is no fee to collect your certificate at the time of Convocation itself; fees apply if you request documents outside of that window.","Question (Banglish): Convocation e degree certificate collect korte ki amake fee dite hobe?
Answer (English): No, based on published notices, there is no fee to collect your certificate at the time of Convocation itself; fees apply if you request documents outside of that window.

Question (Banglish): Degree Processing/Convocation er jonno Finance and Accounts department theke payment clearance kivabe collect korbo?
Answer (English): 1. Collect payment clearance from Finance and Accounts department for Degree Processing/Convocation

2. Collect the Degree Application Form from your respective Department's DCO and Fill up with the necessary information.

3. Take Library clearance

4. Clear all your previous dues (if any).

5. Make payment of Tk. 10,000 for each course as degree processing fee at BRAC Bank (any branch) or IFIC Bank (Mohakhali branch) through prescribed manual payslip.

6. Bring your payment slip and duly filled form in the Finance and Accounts department to take payment clearance.

Question (Banglish): Provisional Certificate, Convocation ba onno document er jonno Finance and Accounts theke payment clearance kivabe collect korbo?
Answer (English): Students can collect their document request forms from the designated department.

The student has to pay the mentioned amount for their desired document. Payment for documents can be made through prescribed manual payslip at BRAC Bank (any branch) and IFIC Bank (Mohakhali branch).

To collect payment clearance from the Finance and Accounts Department, the student has to bring his payment slip and all duly filled forms with them.

Question (Banglish): Gato bochor convocation e amar certificate nite parini. Er procedure ta ki?
Answer (English): If you missed collecting your certificate at last year's convocation, you can visit the Registrar's office on the fourth floor to collect it - bring your student ID card and any relevant payment slip.

Question (Banglish): Convocation er jonno ami kivabe registered hobo?
Answer (English): After the Degree Application Form is approved, the student will automatically be registered for the upcoming convocation.","No, based on published notices, there is no fee to collect your certificate at the time of Convocation itself; fees apply if you request documents outside of that window.",open_ended,linear,0.5,False,False,False,False,False,True,0.0265,0.1852,6.1524,6.3654,2026-07-27T11:16:57.752884+00:00,0.4338,1.0046
BQ023,adaptive_novel,ENH ki department er baire student der jonno minor offer kore?,"Yes, ENH offers a Minor in History, open to students from any department, letting them take history courses to help contextualize their main field of study.","Question (Banglish): ENH ki department er baire student der jonno minor offer kore?
Answer (English): Yes, ENH offers a Minor in History, open to students from any department, letting them take history courses to help contextualize their main field of study.

Question (Banglish): BBA student ra ki business school er baire minor choose korte pare?
Answer (English): Yes. Students may graduate without a minor by taking any three 300/400-level BRACU courses, or they may choose a minor from another school/department; credit requirements for an outside-department minor can differ and should be confirmed with that department in advance.

Question (Banglish): Student department er baire course e extra seat chaile ki korte hobe?
Answer (English): The student should contact to that particular department's DCO to know that particular department's extra seat policy

Question (Banglish): Internship er jonno apply korte student er ki lagbe?
Answer (English): The student must apply to the Chairperson of the CSE Department and may suggest a company with a detailed profile for approval.

Question (Banglish): Finance & Accounts Office ki ki service offer kore?
Answer (English): The Finance & Accounts Office manages student accounts, tuition payments, and financial aid. You can also email at queries-accounts@bracu.ac.bd","Yes, ENH offers a Minor in History, open to students from any department, letting them take history courses to help contextualize their main field of study.",open_ended,linear,0.5,False,False,False,False,False,True,0.0306,0.1033,5.9241,6.0593,2026-07-27T11:17:03.812772+00:00,0.3537,0.9708
BQ024,adaptive_novel,Thesis/project er jonno group member minimum ar maximum koyjon lagbe?,A thesis/project group must have a minimum of 1 member and a maximum of 5 members.,"Question (Banglish): Thesis/project er jonno group member minimum ar maximum koyjon lagbe?
Answer (English): A thesis/project group must have a minimum of 1 member and a maximum of 5 members.

Question: What is the minimum and maximum number of group members for a thesis/project?
Answer: A thesis/project group must have a minimum of 1 member and a maximum of 5 members.

Question (Banglish): Thesis/project/internship shuru korte minimum credit koto lagbe?
Answer (English): Students need a minimum of 75 completed credits to start a thesis, project, or internship.

Question: Can you tell me what the minimum and maximum number of group members for a thesis/project is?
Answer: A thesis/project group must have a minimum of 1 member and a maximum of 5 members.

Question (Banglish): Protita group er jonno maximum koyjon supervisor/co-supervisor allowed?
Answer (English): A maximum of 2 supervisors and 2 co-supervisors.",A thesis/project group must have a minimum of 1 member and a maximum of 5 members.,open_ended,linear,0.5,False,False,False,False,False,True,0.0317,0.1006,4.6793,4.8129,2026-07-27T11:17:08.625692+00:00,0.3181,1.0299
BQ025,adaptive_novel,BRAC University er shob undergraduate student der jonno ki ki type er general education course required?,"Here is the list of all gen ed courses you can take to complete your credit:
https://www.bracu.ac.bd/academics/institutes-and-schools/school-general-education/streams-and-courses. But all the courses won't be available at every semester so please check USIS to make sure your prefered courses are available or not.","Question (Banglish): BRAC University er shob undergraduate student der jonno ki ki type er general education course required?
Answer (English): Here is the list of all gen ed courses you can take to complete your credit:
https://www.bracu.ac.bd/academics/institutes-and-schools/school-general-education/streams-and-courses. But all the courses won't be available at every semester so please check USIS to make sure your prefered courses are available or not.

Question (Banglish): Shob student er jonno ki Residential Semester compulsory?
Answer (English): Yes. Completing the Residential Semester is a compulsory requirement for every BRAC University degree. Students who do not attend it cannot graduate.

Question (Banglish): BRAC University er School of General Education ta ki?
Answer (English): The School of General Education (SGED) provides the common foundational education (GenEd courses) that every student takes before focusing on their major/minor coursework, spanning subjects across Humanities, Social Sciences, Mathematics, and Sciences.

Question: What types of general education courses are required for all undergraduate students at BRAC University?
Answer: Here is the list of all gen ed courses you can take to complete your credit:
https://www.bracu.ac.bd/academics/institutes-and-schools/school-general-education/streams-and-courses. But all the courses won't be available at every semester so please check USIS to make sure your prefered courses are available or not.

Question (Banglish): Academic structure er jonno BRAC University ki educational model follow kore?
Answer (English): BRAC University follows a North American-style credit-hour model built around semesters, courses, continuous evaluation, and letter grading, rather than the fixed-year system used at many traditional public universities. Degree progress is measured in completed credits, not by year of study.","The types of general education courses that are required for all undergraduate students at BRAC University can be found on the School of General Education's website, which lists various streams and courses available to complete the credit requirement. However, not all courses will be available every semester, so it is recommended to check USIS to ensure your preferred courses are available.",open_ended,linear,0.5,False,False,False,False,False,True,0.0351,0.1369,9.8559,10.0301,2026-07-27T11:17:18.656204+00:00,0.3086,1.0129
BQ026,adaptive_novel,Campus e student discipline ar safety issue ke handle kore?,"The Office of the Proctor handles student discipline and campus safety matters. It can be reached at proctor@bracu.ac.bd or by phone, and is open 9:00 AM to 5:30 PM.","Question (Banglish): Campus e student discipline ar safety issue ke handle kore?
Answer (English): The Office of the Proctor handles student discipline and campus safety matters. It can be reached at proctor@bracu.ac.bd or by phone, and is open 9:00 AM to 5:30 PM.

Question: Who handles student discipline and safety issues on campus?
Answer: The Office of the Proctor handles student discipline and campus safety matters. It can be reached at proctor@bracu.ac.bd or by phone, and is open 9:00 AM to 5:30 PM.

Question (Banglish): Roommate ba dorm niye problem hole student ke kake contact korte hobe?
Answer (English): Students should first report the issue to their house tutors, faculty members, or counsellors. If unresolved, it can be escalated to the Assistant Campus Superintendent (ACS) and, in more serious cases, to the Campus Superintendent (CS).

Question (Banglish): Residential Campus e student der ki ki jinish niye jete hobe, ar ki ki prohibited?
Answer (English): Students should bring formal and casual wear, sportswear, two small/medium locks for their room, passport photos, a copy of their health card, toiletries, stationery, and any required medicine. Rooms come with beds, bedcovers, pillows and mosquito nets. Expensive electronics/jewellery are discouraged, and items such as desktop PCs, sound systems, heaters, irons, playing cards, and any illegal drugs are strictly prohibited. Any student caught with drugs faces the Disciplinary Committee and possible expulsion.

Question (Banglish): Student department er baire course e extra seat chaile ki korte hobe?
Answer (English): The student should contact to that particular department's DCO to know that particular department's extra seat policy","The Office of the Proctor handles student discipline and campus safety matters. It can be reached at proctor@bracu.ac.bd or by phone, and is open 9:00 AM to 5:30 PM.",open_ended,linear,0.5,False,False,False,False,False,True,0.0253,0.1534,7.4397,7.6194,2026-07-27T11:17:26.275935+00:00,0.3781,0.9952
BQ027,adaptive_novel,"BRAC University er ki digital student ID card ache, naki shudhu physical ta?","Yes, BRAC University introduced a digital ID card in 2017, generated through the BRACU Mobile App (accessible via the app's 'ID Card' menu option). Both the physical and digital ID have been usable, and students are advised to keep the app updated to generate their digital card.","Question (Banglish): BRAC University er ki digital student ID card ache, naki shudhu physical ta?
Answer (English): Yes, BRAC University introduced a digital ID card in 2017, generated through the BRACU Mobile App (accessible via the app's 'ID Card' menu option). Both the physical and digital ID have been usable, and students are advised to keep the app updated to generate their digital card.

Question: Does BRAC University have a digital student ID card, or only a physical one?
Answer: Yes, BRAC University introduced a digital ID card in 2017, generated through the BRACU Mobile App (accessible via the app's 'ID Card' menu option). Both the physical and digital ID have been usable, and students are advised to keep the app updated to generate their digital card.

Question (Banglish): ID card chara student ra ki transport service use korte pare?
Answer (English): No, students must present a valid BRAC University ID card.

Question (Banglish): BRAC University bus e uthte amake ki ID dekhate hobe?
Answer (English): Passengers must display their individual student ID card before boarding. New students who don't yet have their ID card can show a photocopy of their payment/registration receipt instead.

Question (Banglish): Applicant ra ki shudhu online e apply kore, naki in person, naki written application diye?
Answer (English): Applicants can apply only online for admission (admissions.bracu.ac.bd).","Yes, BRAC University introduced a digital ID card in 2017, generated through the BRACU Mobile App (accessible via the app's 'ID Card' menu option). Both the physical and digital ID have been usable, and students are advised to keep the app updated to generate their digital card.",open_ended,linear,0.5,False,False,False,False,False,True,0.0297,0.1215,8.9266,9.0790,2026-07-27T11:17:35.355335+00:00,0.2976,1.0007
BQ028,adaptive_novel,Protita route er jonno koyta stoppage ache?,Each route has between 5 and 12 designated stoppages.,"Question (Banglish): Protita route er jonno koyta stoppage ache?
Answer (English): Each route has between 5 and 12 designated stoppages.

Question (Banglish): Koyta bus route ache?
Answer (English): There are 9 bus routes for Brac University transportation.

Question (Banglish): Student ra ki transport service er jonno notun route suggest korte pare?
Answer (English): Suggestions for new routes can be submitted to the transport office for review.

Question (Banglish): Route-09 (Bashundhara Residential Area) er designated bus stop gula kothay?
Answer (English): The designated stops are: Bashundhara Gate, Bashundhara R/A, Bashundhara Shwapno, Apollo Hospital (Evercare), BRAC University.

Question (Banglish): Route-01 (Abdullahpur) er designated bus stop gula kothay?
Answer (English): The designated stops are: Polwel Carnation Shopping Centre, House Building (Labaid Diagnostic), Azampur (Uttara East Police Station), Jasimuddin (Popular Diagnostic), Airport (Police Box), Kawla (Foot Over-Bridge), Khilkhet (First Foot Over-Bridge), Biswa Road, Shewrah, BRAC University.",Each route has between 5 and 12 designated stoppages.,open_ended,linear,0.5,False,False,False,False,False,True,0.0229,0.1482,4.1381,4.3099,2026-07-27T11:17:39.665794+00:00,0.4577,0.9981
BQ029,adaptive_novel,"Amar bhai/bon BracU te poreche, Sibling Scholarship er jonno ami kivabe apply korbo?","Tuition fee waiver is awarded to one of the siblings who will enroll later at Brac
University.

Supporting documents for applying for Sibling Scholarship:

a) Photocopy of National ID Cards/Passports of both the applicant and parents
b) Passport-size photos of both the siblings,
c) Photocopy of BracU Grade sheet of both the siblings,
d) Photocopy of BracU advising sheet of both the siblings,
e) Photocopy of Transcript of HSC & SSC/ A level & O level of both the siblings","Question (Banglish): Amar bhai/bon BracU te poreche, Sibling Scholarship er jonno ami kivabe apply korbo?
Answer (English): Tuition fee waiver is awarded to one of the siblings who will enroll later at Brac
University.

Supporting documents for applying for Sibling Scholarship:

a) Photocopy of National ID Cards/Passports of both the applicant and parents
b) Passport-size photos of both the siblings,
c) Photocopy of BracU Grade sheet of both the siblings,
d) Photocopy of BracU advising sheet of both the siblings,
e) Photocopy of Transcript of HSC & SSC/ A level & O level of both the siblings

Question (Banglish): BRAC University er international scholarship er jonno ami kivabe apply korbo?
Answer (English): International applicants fill out the online scholarship application form and submit it, along with required supporting documents (e.g., income declarations, trade license if a business owner), to the International & Scholarship Office at international-office@bracu.ac.bd.

Question (Banglish): BRAC University te student ra scholarship er jonno kivabe apply korbe?
Answer (English): To apply for scholarships at BRAC University, students must first be admitted to a program. They can then fill out a scholarship application form, available through the admissions or financial aid office. Supporting documents, such as academic transcripts and financial proof (for need-based scholarships), are required. Applications must be submitted by the deadlines, and the Scholarship Committee reviews them before notifying selected students through email or the university portal.

Question (Banglish): Admission er jonno ami kivabe apply korbo?
Answer (English): BRACU website to have precise information about admission procedures.

Question (Banglish): Ekjon international student BRAC University te admission er jonno kivabe apply korbe?
Answer (English): Go to the brac University website and click the apply now button. Aftet that select the prefered session and follow through the instructions.","To apply for the Sibling Scholarship at Brac University because your sibling is already enrolled there, you will need to submit an application along with supporting documents such as photocopies of National ID Cards/Passports of both the applicant and parents, passport-size photos of both siblings, and photocopies of BracU Grade sheet and advising sheet of both siblings.",open_ended,linear,0.5,False,False,False,False,False,True,0.0307,0.1866,10.2043,10.4226,2026-07-27T11:17:50.088716+00:00,0.3248,1.0118
BQ030,adaptive_novel,Route-04 (Azimpur) er second outbound timing ta ki?,Route-04 (Azimpur): Second trip departs at 5:10 PM.,"Question (Banglish): Route-04 (Azimpur) er second outbound timing ta ki?
Answer (English): Route-04 (Azimpur): Second trip departs at 5:10 PM.

Question (Banglish): Route-04 (Azimpur) er first outbound timing ta ki?
Answer (English): Route-04 (Azimpur): First trip departs at 2:05 PM.

Question (Banglish): Route-01 (Abdullahpur) er second outbound timing ta ki?
Answer (English): Route-01 (Abdullahpur): Second trip departs at 5:10 PM.

Question (Banglish): Route-02 (Mirpur-A) er second outbound timing ta ki?
Answer (English): Route-02 (Mirpur-A): Second trip departs at 5:10 PM.

Question (Banglish): Route-02 (Mirpur-B) er second outbound timing ta ki?
Answer (English): Route-02 (Mirpur-B): Second trip departs at 5:10 PM.",The second outbound timing for Route-04 (Azimpur) is at 5:10 PM.,open_ended,linear,0.5,False,False,False,False,False,True,0.0243,0.0672,4.8033,4.8956,2026-07-27T11:17:54.984774+00:00,0.0863,1.0355
BQ031,adaptive_novel,Financial aid pete eligibility criteria ki ki?,"BRAC University offers financial aid to students based on demonstrated financial need. Financial aid eligibility is reassessed regularly, and students may need to maintain satisfactory academic performance. Special consideration may be given to students from disadvantaged backgrounds or those facing extraordinary circumstances. The Financial Aid Office can provide more detailed information on the application process.","Question (Banglish): Financial aid pete eligibility criteria ki ki?
Answer (English): BRAC University offers financial aid to students based on demonstrated financial need. Financial aid eligibility is reassessed regularly, and students may need to maintain satisfactory academic performance. Special consideration may be given to students from disadvantaged backgrounds or those facing extraordinary circumstances. The Financial Aid Office can provide more detailed information on the application process.

Question (Banglish): Financial aid eligibility maintain rakhte ki ki requirement ache?
Answer (English): At BRAC University, students must maintain a minimum CGPA of 3.25, be enrolled full-time, meet satisfactory academic progress, follow the code of conduct, and sometimes demonstrate ongoing financial need to maintain financial aid eligibility.

Question (Banglish): Financial aid er jonno apply korte ki ki documents lagbe?
Answer (English): To qualify, students must provide documents like family income statements and tax returns to assess their financial situation. Additionally, a minimum CGPA (usually 2.50 or higher) is required, and students must be enrolled full-time.

Question (Banglish): Student ra financial aid er jonno kivabe apply korbe?
Answer (English): To apply for financial aid at BRAC University, students should start by confirming their eligibility by reviewing the criteria provided on the university's website or contacting the financial aid office. Next, they need to gather all required documents, such as income certificates and academic records. After preparing the necessary paperwork, students should complete and submit the financial aid application form by the specified deadline.

Question: What are the eligibility criteria for receiving financial aid?
Answer: BRAC University offers financial aid to students based on demonstrated financial need. Financial aid eligibility is reassessed regularly, and students may need to maintain satisfactory academic performance. Special consideration may be given to students from disadvantaged backgrounds or those facing extraordinary circumstances. The Financial Aid Office can provide more detailed information on the application process.","BRAC University offers financial aid to students based on demonstrated financial need, and financial aid eligibility is reassessed regularly, with special consideration given to students from disadvantaged backgrounds or those facing extraordinary circumstances.",open_ended,linear,0.5,False,False,False,False,False,True,0.0225,0.1246,6.5756,6.7234,2026-07-27T11:18:01.708417+00:00,0.2315,0.9841
BQ032,adaptive_novel,Campus e bus kothay theke chare?,The bus leave campus from the Basement-1,"Question (Banglish): Campus e bus kothay theke chare?
Answer (English): The bus leave campus from the Basement-1

Question (Banglish): Badda campus e amar age theke ENG102 kora ache, tahole TARC e amake kon course deya hobe?
Answer (English): If you completed ENG102 already, you will be given BUS201 at TARC.

Question (Banglish): BRAC University bus e uthte amake ki ID dekhate hobe?
Answer (English): Passengers must display their individual student ID card before boarding. New students who don't yet have their ID card can show a photocopy of their payment/registration receipt instead.

Question (Banglish): BRAC University bus service ke use korte pare?
Answer (English): Only BRAC University students can use this service. Students must show their university ID before boarding. New students must show a photocopy of their payment receipt.

Question (Banglish): Savar campus e ki ki academic ar welfare facility ache?
Answer (English): The Residential Campus has classrooms, conference rooms, a library with reading areas, computer labs, dormitories, dining halls, an auditorium, and outdoor sports grounds. It also has a resident doctor and nurse (with an arrangement with a local hospital for emergencies), male and female full-time psychosocial counsellors, and facilities for football, cricket, table tennis, carom, handball, volleyball and badminton (students bring their own equipment).",The bus leave campus from the Basement-1.,open_ended,linear,0.5,False,False,False,False,False,True,0.0231,0.1422,3.9449,4.1108,2026-07-27T11:18:05.819802+00:00,0.4538,0.9878
BQ033,adaptive_novel,Student ra ki age theke seat reserve korte pare?,"No, seating is strictly first-come, first-served.","Question (Banglish): Student ra ki age theke seat reserve korte pare?
Answer (English): No, seating is strictly first-come, first-served.

Question (Banglish): Savar campus e thakar shomoy student ra ki visitor receive korte pare?
Answer (English): Only nominated visitors, usually parents, are allowed to visit on designated Parents' Days, which are announced each semester. Visiting hours are typically in the afternoon on specific Fridays.

Question (Banglish): Connect er madhome student ra ki ki course-related schedule access korte pare?
Answer (English): Class schedules, exam schedules, and classroom allocations.

Question (Banglish): Enroll korar age international student der ki medical requirement complete korte hoy?
Answer (English): International students must undergo a medical checkup in their home country, including a general fitness test and relevant clinical screenings/immunizations, and submit the physician's certificate/report to BRAC University.

Question (Banglish): Student ra club ar activity te kothay participate korte pare?
Answer (English): Club Activity Rooms are located on the 6th Floor.","No, seating is strictly first-come, first-served.",open_ended,linear,0.5,False,False,False,False,False,True,0.0243,0.0916,4.0075,4.1244,2026-07-27T11:18:09.944698+00:00,0.4200,0.9752
BQ034,adaptive_novel,Admission er important date ar deadline gula ki?,"The exact admission test date, application deadline, and academic-session start date change every semester, so BRAC University publishes them on its Admissions page (bracu.ac.bd/admissions) ahead of each intake rather than fixing them year-round - check that page for the current cycle's dates.","Question (Banglish): Admission er important date ar deadline gula ki?
Answer (English): The exact admission test date, application deadline, and academic-session start date change every semester, so BRAC University publishes them on its Admissions page (bracu.ac.bd/admissions) ahead of each intake rather than fixing them year-round - check that page for the current cycle's dates.

Question (Banglish): Tuition ar fee er payment deadline gula ki?
Answer (English): At BRAC University, tuition and fees must be paid by the specified deadlines each semester.It's important to check specific dates each semester, as they may vary

Question (Banglish): Pre-Thesis 1 er registration process ta ki, ar deadline gula ki?
Answer (English): You can register for Pre-Thesis 1 at https://cse.sds.bracu.ac.bd/thesis/registration. Registration deadlines are set and published each semester by the CSE Thesis Committee (via a deadline sheet shared with enrolled students) - check with your thesis coordinator or the committee's current semester announcement for the exact dates.

Question (Banglish): Notun system semester event ar deadline shomporke student der informed thakte kivabe help korbe?
Answer (English): Through access to the Academic Calendar, which includes semester events, holidays, and important deadlines.

Question (Banglish): BRAC University er academic calendar ta ki, semester date ar exam schedule shoho?
Answer (English): Here is the official link of the academic dates: https://www.bracu.ac.bd/news-events/academic-dates","The exact admission test date, application deadline, and academic-session start date change every semester, so BRAC University publishes them on its Admissions page (bracu.ac.bd/admissions) ahead of each intake rather than fixing them year-round - check that page for the current cycle's dates.",open_ended,linear,0.5,False,False,False,False,False,True,0.0239,0.1233,8.6506,8.7989,2026-07-27T11:18:18.744002+00:00,0.1932,0.9711
BQ035,adaptive_novel,5th Floor e ki ki facility available?,"School of General Education, ENH, ESS, School of Pharmacy, MNS, School of Architecture and Design, BRAC Business School, and BRAC Institute of Languages.","Question (Banglish): 5th Floor e ki ki facility available?
Answer (English): School of General Education, ENH, ESS, School of Pharmacy, MNS, School of Architecture and Design, BRAC Business School, and BRAC Institute of Languages.

Question (Banglish): 12th Floor e ki ki facility available?
Answer (English): The 12th Floor includes Learning Labs/Classrooms, EEE/ECE Labs, CSE/CS Labs, MNS Labs, and Social Interaction Spaces.

Question (Banglish): 1st Floor e ki ki facility available?
Answer (English): Medical Center, Male Washroom, Female Washroom, Brac Bank, and Student Fee Collection Booth.

Question (Banglish): 1st Floor e ki ki health service available?
Answer (English): The Medical Center provides health services, including consultations and emergency care.

Question (Banglish): 11th Floor e ki type er laboratory available?
Answer (English): The 11th Floor houses Pharmacy Labs, EEE/ECE Labs, CSE/CE Labs, MNS Labs, and Social Interaction Spaces.","The facilities available on the 5th floor include School of General Education, ENH, ESS, School of Pharmacy, MNS, School of Architecture and Design, BRAC Business School, and BRAC Institute of Languages.",open_ended,linear,0.5,False,False,False,False,False,True,0.0220,0.0688,7.4123,7.5037,2026-07-27T11:18:26.247624+00:00,0.1181,1.0192
BQ036,adaptive_novel,BRAC University Students' Transport Service ta ki?,"BRAC University provides an affordable, safe, and comfortable transport service with air-conditioned buses covering nine routes across Dhaka city.","Question (Banglish): BRAC University Students' Transport Service ta ki?
Answer (English): BRAC University provides an affordable, safe, and comfortable transport service with air-conditioned buses covering nine routes across Dhaka city.

Question (Banglish): Student ra ki transport service niye feedback dite pare?
Answer (English): Yes, students can share feedback via BRAC University's official transport service email or hotline.

Question (Banglish): Non-student ra ki BRAC University transport service use korte pare?
Answer (English): No, the service is exclusively for BRAC University students.

Question (Banglish): BRAC University transport service er cover kora route gula ki ki?
Answer (English): The transport service covers nine routes: Abdullahpur, Mirpur-A, Mirpur-B, Jigatola, Azimpur, Jatrabari, Baldha Garden, Mohammadpur, Narayanganj, and Bashundhara.

Question (Banglish): BRAC University ki bus gula own kore?
Answer (English): Yes, BRAC University owns and operates the transport service.","BRAC University provides an affordable, safe, and comfortable transport service with air-conditioned buses covering nine routes across Dhaka city.",open_ended,linear,0.5,False,False,False,False,False,True,0.0246,0.0919,5.1698,5.2871,2026-07-27T11:18:31.535165+00:00,0.1253,0.9612
BQ037,adaptive_novel,University te ki ki sports team ache?,"BRAC University Football Club, BRAC University Chess Club, BRAC University Cricket Club, and BRAC University Indoor Games Club.","Question (Banglish): University te ki ki sports team ache?
Answer (English): BRAC University Football Club, BRAC University Chess Club, BRAC University Cricket Club, and BRAC University Indoor Games Club.

Question (Banglish): University te ki ki type er extracurricular activity ache?
Answer (English): Our university offers a diverse range of extracurricular activities, including student-run clubs (e.g., debate, photography), sports teams, and fitness classes. You can also join cultural and artistic groups, volunteer in community service projects, and participate in leadership programs. Academic competitions, like hackathons and research challenges, are also available to help you grow and connect with peers.

Question (Banglish): TARC e sports er ki ki opportunity ache?
Answer (English): During my period i have seen students playing volleyball,basketball,football and cricket.Football, cricket and tennis tournaments are arranged and students also get jersey.These tournaments are celebrated among the students in a big manner

Question (Banglish): Intramural sports ki ache?
Answer (English): Yes, the Multipurpose Hall provides indoor sports facilities, including table tennis, badminton, basketball, and carom, with plans to expand offerings further.
.

Question (Banglish): BRAC University te mote koto club ar society ache?
Answer (English): BRAC University has more than 30 academic and non-academic clubs and societies, spanning sports, culture, debate, adventure, community service, finance, technology, and Model UN, among other interests.","The university's sports teams include the BRAC University Football Club, BRAC University Chess Club, BRAC University Cricket Club, and BRAC University Indoor Games Club.",open_ended,linear,0.5,False,False,False,False,False,True,0.0244,0.1515,5.9751,6.1516,2026-07-27T11:18:37.687491+00:00,0.3282,1.0231
BQ038,adaptive_novel,"Badda campus e amar age theke ENG102 kora ache, tahole TARC e amake kon course deya hobe?","If you completed ENG102 already, you will be given BUS201 at TARC.","Question (Banglish): Badda campus e amar age theke ENG102 kora ache, tahole TARC e amake kon course deya hobe?
Answer (English): If you completed ENG102 already, you will be given BUS201 at TARC.

Question (Banglish): TARC er course gula ki Badda/main campus e kora jay?
Answer (English): No.Hum101,Bng101 and EMB101 are not available in Badda campus but yes one can do english 102,Because there are many students who complete english101 in residential campus

Question: New student here, I already did ENG102 in Badda campus which course I will be given in TARC?
Answer: If you completed ENG102 already, you will be given BUS201 at TARC.

Question: I already did ENG102 in Badda campus which course I will be given in TARC?
Answer: If you completed ENG102 already, you will be given BUS201 at TARC.

Question (Banglish): TARC e student der kon kon course korte hoy? Details ta bolen.
Answer (English): Students have to complete BNG101,HUM101,EMB101 and ENG102/ENG101","If you completed ENG102 already in Badda campus, you will be given BUS201 at TARC.",entity_heavy,rrf,0.9,False,False,False,False,False,True,0.0362,0.1051,4.9991,5.1423,2026-07-27T11:18:42.830190+00:00,0.0055,0.0333
BQ039,adaptive_novel,Wishlist event e participate na korle ki consequence hoy?,Student will not be allowed to register during Pre-Registration Phase 1,"Question (Banglish): Wishlist event e participate na korle ki consequence hoy?
Answer (English): Student will not be allowed to register during Pre-Registration Phase 1

Question (Banglish): Ke Wishlist event e participate korte hobe?
Answer (English): All undergraduate students attending upcoming, excluding RS-eligible students and LLB, PHR students

Question (Banglish): Wishlist event e course select korar por ki korte hobe?
Answer (English): Press the ""Confirm"" button within the assigned slot time

Question (Banglish): Self-Registration period e advising confirm na korle ki consequence hoy?
Answer (English): All selected courses will be automatically cancelled

Question (Banglish): Wishlist participation miss korle ekjon student ki register korte parbe?
Answer (English): Yes, but only during Pre-Registration Phase 2 or Self Registration, with limited course availability",Student will not be allowed to register during Pre-Registration Phase 1.,open_ended,linear,0.5,False,False,False,False,False,True,0.0268,0.0718,4.1622,4.2619,2026-07-27T11:18:47.092276+00:00,0.3346,1.0007
BQ040,adaptive_novel,"Protita undergraduate program e thesis lage, naki student ra project/internship o choose korte pare?","It depends on the program and department; in CSE, for example, students can fulfill the CSE400 capstone requirement through a Thesis, a Project, or an Internship track, each with its own supervision and marking rubric, rather than thesis being the only option.","Question (Banglish): Protita undergraduate program e thesis lage, naki student ra project/internship o choose korte pare?
Answer (English): It depends on the program and department; in CSE, for example, students can fulfill the CSE400 capstone requirement through a Thesis, a Project, or an Internship track, each with its own supervision and marking rubric, rather than thesis being the only option.

Question (Banglish): BBA student der ki internship korte hoy, naki tara thesis o choose korte pare?
Answer (English): BBA students are generally required to complete a one-semester internship, but they may opt for a Thesis instead. Choosing the thesis route requires a minimum CGPA of 3.5 and involves working with a supervisor for at least one semester (trimester), followed by a thesis paper and a presentation.

Question (Banglish): Thesis ba internship er protita phase koto diner?
Answer (English): Each phase (Pre-Thesis I, Pre-Thesis II, Final Thesis) spans 1 semester.

Question (Banglish): Final thesis/project/intern student koyta course nite pare?
Answer (English): A maximum of 3 courses in addition to the thesis/project (CSE 400).

Question (Banglish): Nijer ta shuru korar age ami ki age kar student der similar topic er thesis browse korte pari?
Answer (English): Yes, the Institutional Repository lets you search past theses, internship reports and research output by subject or author, which is useful for reviewing prior work in your area before choosing your own thesis topic.","It depends on the program and department; in CSE, for example, students can fulfill the CSE400 capstone requirement through a Thesis, a Project, or an Internship track, each with its own supervision and marking rubric, rather than thesis being the only option.",open_ended,linear,0.5,False,False,False,False,False,True,0.0306,0.1302,8.3689,8.5313,2026-07-27T11:18:55.624179+00:00,0.3382,1.0085
BQ041,adaptive_novel,BSEEE ar BSECE program er focus e ki difference?,"BSEEE (Electrical and Electronic Engineering) has a broader focus spanning power, electronics and general EEE topics, while BSECE (Electronic and Communication Engineering) concentrates more specifically on communication-related topics such as signal processing, telecommunications, microwave engineering, and data/optical/satellite communications.","Question (Banglish): BSEEE ar BSECE program er focus e ki difference?
Answer (English): BSEEE (Electrical and Electronic Engineering) has a broader focus spanning power, electronics and general EEE topics, while BSECE (Electronic and Communication Engineering) concentrates more specifically on communication-related topics such as signal processing, telecommunications, microwave engineering, and data/optical/satellite communications.

Question: What is the difference in focus between the BSEEE and BSECE programs?
Answer: BSEEE (Electrical and Electronic Engineering) has a broader focus spanning power, electronics and general EEE topics, while BSECE (Electronic and Communication Engineering) concentrates more specifically on communication-related topics such as signal processing, telecommunications, microwave engineering, and data/optical/satellite communications.

Question: Can you tell me what the difference in focus between the BSEEE and BSECE programs is?
Answer: BSEEE (Electrical and Electronic Engineering) has a broader focus spanning power, electronics and general EEE topics, while BSECE (Electronic and Communication Engineering) concentrates more specifically on communication-related topics such as signal processing, telecommunications, microwave engineering, and data/optical/satellite communications.

Question (Banglish): Department of EEE ki ki undergraduate ar graduate program offer kore?
Answer (English): The Department of Electrical and Electronic Engineering offers two undergraduate programs - Bachelor of Science in Electrical and Electronic Engineering (BSEEE) and Bachelor of Science in Electronic and Communication Engineering (BSECE) - plus two graduate programs, the Master of Science in EEE (MScEEE) and the Master of Engineering in EEE (MEnggEEE).

Question (Banglish): BSEEE program e koto credit hour lage?
Answer (English): The Bachelor of Science in Electrical and Electronic Engineering (BSEEE) requires completion of 136 credit hours across each of its curriculum versions (V1, V2, V3).","The difference in focus between the BSEEE and BSECE programs is that BSEEE has a broader focus spanning power, electronics and general EEE topics, while BSECE concentrates more specifically on communication-related topics such as signal processing, telecommunications, microwave engineering, and data/optical/satellite communications.",open_ended,linear,0.5,False,False,False,False,False,True,0.0243,0.1162,9.2532,9.3947,2026-07-27T11:19:05.019254+00:00,0.1995,0.9384
BQ042,adaptive_novel,Route-02 (Mirpur-A) er first outbound timing ta ki?,Route-02 (Mirpur-A): First trip departs at 2:05 PM.,"Question (Banglish): Route-02 (Mirpur-A) er first outbound timing ta ki?
Answer (English): Route-02 (Mirpur-A): First trip departs at 2:05 PM.

Question (Banglish): Route-02 (Mirpur-B) er first outbound timing ta ki?
Answer (English): Route-02 (Mirpur-B): First trip departs at 2:05 PM.

Question (Banglish): Route-02 (Mirpur-A) er second outbound timing ta ki?
Answer (English): Route-02 (Mirpur-A): Second trip departs at 5:10 PM.

Question (Banglish): Route-02 (Mirpur-B) er second outbound timing ta ki?
Answer (English): Route-02 (Mirpur-B): Second trip departs at 5:10 PM.

Question (Banglish): Route-04 (Azimpur) er first outbound timing ta ki?
Answer (English): Route-04 (Azimpur): First trip departs at 2:05 PM.",The first outbound timing for Route-02 (Mirpur-A) is 2:05 PM.,open_ended,linear,0.5,False,False,False,False,False,True,0.0309,0.0715,4.6766,4.7796,2026-07-27T11:19:09.799088+00:00,0.0208,1.0394
BQ043,adaptive_novel,Thesis shuru korte hole CGPA koto lagbe?,CGPA equal to or above 3.0.,"Question (Banglish): Thesis shuru korte hole CGPA koto lagbe?
Answer (English): CGPA equal to or above 3.0.

Question (Banglish): Thesis/project/internship shuru korte minimum credit koto lagbe?
Answer (English): Students need a minimum of 75 completed credits to start a thesis, project, or internship.

Question (Banglish): Project/internship shuru korar eligibility er jonno CGPA koto lagbe?
Answer (English): CGPA equal to or above 2.0.

Question (Banglish): Ekjon student kobe thesis korte pare?
Answer (English): After completing 75 credits a student is eligible to do thesis and it is important to have your cgpa 3.00 or above.

Question (Banglish): CGPA 3 er niche thakle ki thesis kora jay? Minimum CGPA requirement ta ki?
Answer (English): It is possible to do thesis under CGPA 3, for that you have to take permission of your thesis supervisor and also the chairman. The minimum requirement for starting thesis is 3.",CGPA equal to or above 3.0.,open_ended,linear,0.5,False,False,False,False,False,True,0.0251,0.1158,3.8184,3.9600,2026-07-27T11:19:13.759637+00:00,0.2917,0.9699
BQ044,adaptive_novel,Scholarship pawa international student ke protita semester e koto credit hour nite hoy?,"Students on scholarship or financial aid are generally required to take a minimum of 9 credit hours in all semesters (applicable from Summer 2023 admits onward), except for approved reduced course loads such as in the first semester.","Question (Banglish): Scholarship pawa international student ke protita semester e koto credit hour nite hoy?
Answer (English): Students on scholarship or financial aid are generally required to take a minimum of 9 credit hours in all semesters (applicable from Summer 2023 admits onward), except for approved reduced course loads such as in the first semester.

Question (Banglish): Ekta subject e fail korle international student er scholarship er ki hoy?
Answer (English): If a student fails (gets an F in) any subject in a semester, they will not be considered for a tuition fee waiver for the following two semesters, though they may reapply from the third semester onward if eligibility is regained (rules vary slightly by scholarship type).

Question (Banglish): Tuition chara undergraduate student ra protita semester e shadharonoto ki ki recurring fee pay kore?
Answer (English): In addition to per-credit tuition, students typically pay a semester fee (covering things like IT facilities, library, and student activities) each semester, plus a one-time admission fee and library membership fee when they first enroll.

Question (Banglish): Scholarship pawa student der pay slip e 29 June 2025 er por late fee keno ashe?
Answer (English): The fee appears temporarily and will be waived automatically once the scholarship is adjusted.

Question (Banglish): Ei semester e ami ekhono tuition e koto baki?
Answer (English): That's on your personal account, which I can't see. Check your pay slip in Connect for your exact outstanding balance.","Students on scholarship or financial aid are generally required to take a minimum of 9 credit hours in all semesters (applicable from Summer 2023 admits onward), except for approved reduced course loads such as in the first semester.",open_ended,linear,0.5,False,False,False,False,False,True,0.0317,0.1098,7.2975,7.4408,2026-07-27T11:19:21.200739+00:00,0.4308,1.0140
BQ045,adaptive_novel,Connect er madhome student ra ki ki course-related schedule access korte pare?,"Class schedules, exam schedules, and classroom allocations.","Question (Banglish): Connect er madhome student ra ki ki course-related schedule access korte pare?
Answer (English): Class schedules, exam schedules, and classroom allocations.

Question (Banglish): Student ra ki Connect er madhome semester drop ba course drop er jonno apply korte pare? Parle kivabe?
Answer (English): Yes, through the new system's online application feature.

Question (Banglish): Savar campus e thakar shomoy student ra ki visitor receive korte pare?
Answer (English): Only nominated visitors, usually parents, are allowed to visit on designated Parents' Days, which are announced each semester. Visiting hours are typically in the afternoon on specific Fridays.

Question (Banglish): Exam er scheduling e conflict thakle student der ki korte hoy?
Answer (English): The first step is to inform the course instructor about the conflict as soon as possible. If the conflict involves multiple exams or cannot be resolved with the instructor, students should consult their department office. The department can provide additional support or coordinate with other instructors to find a solution.

Question (Banglish): Architecture student ra class schedule er jonno kake contact korbe, jehetu eta onno department er shathe publish kora hoy na?
Answer (English): Architecture students are specifically advised to contact their own department directly for class schedule information rather than relying on the general semester class-schedule notice used by other departments.","The full course-related schedule access that students can obtain through Connect includes class schedules, exam schedules, and classroom allocations.",open_ended,linear,0.5,False,False,False,False,False,True,0.0304,0.2488,5.0762,5.3564,2026-07-27T11:19:26.557231+00:00,0.3020,1.0537
BQ046,adaptive_novel,Volunteer organization e student leadership er ki ki opportunity ache?,"BRAC University Leadership Development Forum (BULDF) is a club working on training and grooming leadership traits. The club mainly focuses on young students in enhancing their leadership qualities and bringing out their hidden talents, which will help them in the future. The club has always been there for assisting the official events and programs of BRAC University as volunteers besides its own activities, which mainly include Accession, Love for Humanity, and Saving Tomorrow.

Contact: club.buldf@g.bracu.ac.bd","Question (Banglish): Volunteer organization e student leadership er ki ki opportunity ache?
Answer (English): BRAC University Leadership Development Forum (BULDF) is a club working on training and grooming leadership traits. The club mainly focuses on young students in enhancing their leadership qualities and bringing out their hidden talents, which will help them in the future. The club has always been there for assisting the official events and programs of BRAC University as volunteers besides its own activities, which mainly include Accession, Love for Humanity, and Saving Tomorrow.

Contact: club.buldf@g.bracu.ac.bd

Question (Banglish): University te ki ki type er extracurricular activity ache?
Answer (English): Our university offers a diverse range of extracurricular activities, including student-run clubs (e.g., debate, photography), sports teams, and fitness classes. You can also join cultural and artistic groups, volunteer in community service projects, and participate in leadership programs. Academic competitions, like hackathons and research challenges, are also available to help you grow and connect with peers.

Question (Banglish): TARC e sports er ki ki opportunity ache?
Answer (English): During my period i have seen students playing volleyball,basketball,football and cricket.Football, cricket and tennis tournaments are arranged and students also get jersey.These tournaments are celebrated among the students in a big manner

Question (Banglish): Savar campus e ki ki academic ar welfare facility ache?
Answer (English): The Residential Campus has classrooms, conference rooms, a library with reading areas, computer labs, dormitories, dining halls, an auditorium, and outdoor sports grounds. It also has a resident doctor and nurse (with an arrangement with a local hospital for emergencies), male and female full-time psychosocial counsellors, and facilities for football, cricket, table tennis, carom, handball, volleyball and badminton (students bring their own equipment).

Question: What opportunities are there for student leadership in volunteer organizations?
Answer: BRAC University Leadership Development Forum (BULDF) is a club working on training and grooming leadership traits. The club mainly focuses on young students in enhancing their leadership qualities and bringing out their hidden talents, which will help them in the future. The club has always been there for assisting the official events and programs of BRAC University as volunteers besides its own activities, which mainly include Accession, Love for Humanity, and Saving Tomorrow.

Contact: club.buldf@g.bracu.ac.bd","BRAC University Leadership Development Forum (BULDF) is a club working on training and grooming leadership traits. The club mainly focuses on young students in enhancing their leadership qualities and bringing out their hidden talents, which will help them in the future. The club has always been there for assisting the official events and programs of BRAC University as volunteers besides its own activities, which mainly include Accession, Love for Humanity, and Saving Tomorrow.

Contact: club.buldf@g.bracu.ac.bd",open_ended,linear,0.5,False,False,False,False,False,True,0.0256,0.1541,13.9621,14.1432,2026-07-27T11:19:40.701062+00:00,0.2282,0.9246
BQ047,adaptive_novel,Upcoming game ar event shomporke ami kivabe updated thakbo?,"Check BRACU Events Page. As the website is not fully functional yet, keep an eye on clubs' Facebook pages or BRACU Facebook groups for updates.
 and you can also go to this page for detailed updates : https://www.bracu.ac.bd/news-events/upcoming-events","Question (Banglish): Upcoming game ar event shomporke ami kivabe updated thakbo?
Answer (English): Check BRACU Events Page. As the website is not fully functional yet, keep an eye on clubs' Facebook pages or BRACU Facebook groups for updates.
 and you can also go to this page for detailed updates : https://www.bracu.ac.bd/news-events/upcoming-events

Question (Banglish): Notun system semester event ar deadline shomporke student der informed thakte kivabe help korbe?
Answer (English): Through access to the Academic Calendar, which includes semester events, holidays, and important deadlines.

Question (Banglish): Convocation er jonno ami kivabe registered hobo?
Answer (English): After the Degree Application Form is approved, the student will automatically be registered for the upcoming convocation.

Question (Banglish): BRAC Onnesha kobe ar kivabe space e launch kora hoyechilo?
Answer (English): BRAC Onnesha was launched on July 7, 2017, aboard a SpaceX Falcon 9 rocket as part of the CRS-11 resupply mission to the International Space Station, built in collaboration with Kyutech's Birds-1 program involving five countries.

Question (Banglish): Notun event organize korar jonno kivabe apply korbo?
Answer (English): Submit the Event proposal with the advisor's approval (Advisor will must have his signature in the proposal). The proposal must contain detailed information on the event plan and budget. Email the proposal to <student_org@bracu.ac.bd> and cc the club advisor.","Check BRACU Events Page. As the website is not fully functional yet, keep an eye on clubs' Facebook pages or BRACU Facebook groups for updates.",open_ended,linear,0.5,False,False,False,False,False,True,0.0295,0.1074,6.0448,6.1824,2026-07-27T11:19:46.883764+00:00,0.4398,1.0118
BQ048,adaptive_novel,Exam er scheduling e conflict thakle student der ki korte hoy?,"The first step is to inform the course instructor about the conflict as soon as possible. If the conflict involves multiple exams or cannot be resolved with the instructor, students should consult their department office. The department can provide additional support or coordinate with other instructors to find a solution.","Question (Banglish): Exam er scheduling e conflict thakle student der ki korte hoy?
Answer (English): The first step is to inform the course instructor about the conflict as soon as possible. If the conflict involves multiple exams or cannot be resolved with the instructor, students should consult their department office. The department can provide additional support or coordinate with other instructors to find a solution.

Question (Banglish): Valid reason e student final exam miss korle course teacher er ki korte hoy?
Answer (English): If a student misses the final exam for a documented valid reason (such as a medical emergency), the course teacher can arrange a make-up exam, and if course requirements genuinely can't be completed in time, an 'Incomplete' (I) grade with a defined completion deadline (up to 8 weeks after the final exam) may be assigned instead.

Question (Banglish): Ekjon student er CGPA 2.0 er niche thakle ki hoy?
Answer (English): The student is not eligible to start a thesis/project/internship.

Question (Banglish): TARC e student der kon kon course korte hoy? Details ta bolen.
Answer (English): Students have to complete BNG101,HUM101,EMB101 and ENG102/ENG101

Question (Banglish): Bangladesh e na thakle international student ra ki off-campus interview er offer pay?
Answer (English): For getting admission into BRACU, International applicants must appear for written test and interview on the date and time mentioned in their admit cards in the designated exam site in their respective home countries.","The first step is to inform the course instructor about the conflict as soon as possible. If the conflict involves multiple exams or cannot be resolved with the instructor, students should consult their department office. The department can provide additional support or coordinate with other instructors to find a solution.",open_ended,linear,0.5,False,True,True,False,False,True,0.0301,0.1242,8.1001,8.2558,2026-07-27T11:19:55.140087+00:00,0.3195,0.6500
BQ049,adaptive_novel,Library theke neya book ami ki renew korte parbo?,"Yes, an item can be renewed if no other user has placed a hold on it. Renewal can be done through the online catalogue (OPAC) or by contacting the circulation desk.","Question (Banglish): Library theke neya book ami ki renew korte parbo?
Answer (English): Yes, an item can be renewed if no other user has placed a hold on it. Renewal can be done through the online catalogue (OPAC) or by contacting the circulation desk.

Question (Banglish): Due date er age library ki amar neya book recall korte pare?
Answer (English): Yes, the library reserves the right to recall borrowed materials before the due date if the item is urgently needed, and it will notify the borrower accordingly.

Question (Banglish): Library te ami kivabe jabo?
Answer (English): The Library is located on the 8th Floor, accessible via elevators or stairs.

Question (Banglish): Ami ki kichu thesis er sample pete pari?
Answer (English): Yes, sure. The link: https://drive.google.com/drive/folders/17Vz4kBF_zH7NKX0fWd8n9aIcJtziBXtz

Question (Banglish): Self-Service for Document feature use kore student ra ki type er documents request korte pare?
Answer (English): Letter of Recommendation, migration certificate, no objection letter, studentship transfer letter, transfer certificate, testimonial letter, and more.","Yes, an item can be renewed if no other user has placed a hold on it. Renewal can be done through the online catalogue (OPAC) or by contacting the circulation desk.",open_ended,linear,0.5,False,False,False,False,False,True,0.0272,0.1138,6.4023,6.5442,2026-07-27T11:20:01.684790+00:00,0.5518,0.9211
BQ050,adaptive_novel,Application fee ki ache? Koto?,"Admission Application Fee Tk. 1,500/- Non-Refundable [Through Bkash, Rocket, Nagod, Visa cards, Dhaka Bank Ltd., One Bank Ltd., Southeast Bank Ltd., Brac Bank Ltd. And Prime Bank Ltd]","Question (Banglish): Application fee ki ache? Koto?
Answer (English): Admission Application Fee Tk. 1,500/- Non-Refundable [Through Bkash, Rocket, Nagod, Visa cards, Dhaka Bank Ltd., One Bank Ltd., Southeast Bank Ltd., Brac Bank Ltd. And Prime Bank Ltd]

Question (Banglish): Degree Processing Fee ta koto, ar er shathe aro ki ki fee ache?
Answer (English): Based on published fee notices, the Degree Processing Fee is around BDT 10,000, the Provisional Certificate fee is around BDT 1,000, and the Degree Completion Letter fee is around BDT 200; these can be combined depending on what a graduate applies for.

Question (Banglish): Admission er jonno application korte gele fee hisebe koto taka lagbe?
Answer (English): Local Applicants need to pay the non-refundable application fee Tk. 1500. For international applicants, the non-refundable application fee is US$ 20.

Question (Banglish): Ami je payment method e use kori na keno, admission application fee ki shoman thake?
Answer (English): The base non-refundable application fee is fixed (Tk. 1,500 for local applicants, US$20 for international applicants), though the online Payment Gateway may apply a separate convenience fee depending on the payment method used, as noted on the pay slip.

Question (Banglish): Scholarship/Financial Aid apply korte ki kono fee lage?
Answer (English): No applicants are required to pay any fees at the time of submission of the filled-out form.","The non-refundable application fee is Tk. 1,500 for local applicants and US$20 for international applicants.",open_ended,linear,0.5,False,False,False,False,False,True,0.0223,0.1032,5.3081,5.4340,2026-07-27T11:20:07.118578+00:00,0.1682,1.0139
BQ051,adaptive_novel,International student der jonno ki kono scholarship scheme ache?,"1. BRAC Scholarship (Needs-Based Scholarship)

Benefits: 100% tuition and fees waiver (including semester fees, lab fees, library fees) along with food and accommodations.
Eligibility: Awarded to economically disadvantaged but meritorious students.
Requirements:
Must maintain a minimum CGPA of 3.00 on a scale of 4.00 in all semesters.
If the CGPA falls below 3.00, the student may retain a tuition fee waiver for up to two consecutive semesters. The student must regain the required CGPA within these semesters, or the scholarship will be discontinued unless special circumstances are recognized by the Scholarship Committee.
2. Merit Scholarship Based on BRACU Academic Results

Eligibility:
Undergraduate students must complete at least 30 credits, and postgraduate students must complete at least 1/4th of their program credits.
Undergraduate students must take a minimum of 12 credits (15 for School of Law, 18 for Pharmacy) in both the current and previous semesters.
Postgraduate students must take at least 9 credits in both the current and previous semesters.
Conditions:
Students who retake or repeat courses, or have a 'W' grade or an 'F' in any subject in the previous or current semester, are not eligible.
Scholarship Percentage Based on CGPA:
CGPA 3.80 - 3.84: 10% waiver
CGPA 3.85 - 3.89: 25% waiver
CGPA 3.90 - 3.94: 50% waiver
CGPA 3.95 - 3.99: 75% waiver
CGPA 4.00: 100% waiver","Question (Banglish): International student der jonno ki kono scholarship scheme ache?
Answer (English): 1. BRAC Scholarship (Needs-Based Scholarship)

Benefits: 100% tuition and fees waiver (including semester fees, lab fees, library fees) along with food and accommodations.
Eligibility: Awarded to economically disadvantaged but meritorious students.
Requirements:
Must maintain a minimum CGPA of 3.00 on a scale of 4.00 in all semesters.
If the CGPA falls below 3.00, the student may retain a tuition fee waiver for up to two consecutive semesters. The student must regain the required CGPA within these semesters, or the scholarship will be discontinued unless special circumstances are recognized by the Scholarship Committee.
2. Merit Scholarship Based on BRACU Academic Results

Eligibility:
Undergraduate students must complete at least 30 credits, and postgraduate students must complete at least 1/4th of their program credits.
Undergraduate students must take a minimum of 12 credits (15 for School of Law, 18 for Pharmacy) in both the current and previous semesters.
Postgraduate students must take at least 9 credits in both the current and previous semesters.
Conditions:
Students who retake or repeat courses, or have a 'W' grade or an 'F' in any subject in the previous or current semester, are not eligible.
Scholarship Percentage Based on CGPA:
CGPA 3.80 - 3.84: 10% waiver
CGPA 3.85 - 3.89: 25% waiver
CGPA 3.90 - 3.94: 50% waiver
CGPA 3.95 - 3.99: 75% waiver
CGPA 4.00: 100% waiver

Question (Banglish): International student der jonno specifically ki kono scholarship ache?
Answer (English): BRAC University's revised International Scholarship/Financial Aid criteria, effective from Summer 2023, include two key scholarship options. The BRAC Scholarship offers a 100% waiver on tuition, fees, food, and accommodation for economically disadvantaged, meritorious students, provided they maintain a minimum CGPA of 3.00 and other

Question (Banglish): International Student der jonno kon kon Scholarship ache?
Answer (English): Merit Scholarship Based on BracU Academic Results and BRAC Scholarship (A Needs Based Scholarship) are available for the International students.

Question (Banglish): International student der jonno BRAC University er ki alada office ache?
Answer (English): Yes, the International and Scholarship Office (ISO) supports international students with admission, scholarship applications, accommodation guidance and visa assistance.

Question (Banglish): Shob international student er jonno accommodation guarantee kora ache?
Answer (English): BRAC University provides accommodation assistance for international students, but availability is subject to seats and is arranged through the International & Scholarship Office; it is not an unconditional guarantee for every applicant.","For international students, two scholarship schemes are available: Merit Scholarship Based on BRACU Academic Results and BRAC Scholarship (A Needs-Based Scholarship).",open_ended,linear,0.5,False,False,False,False,False,True,0.0267,0.4212,6.4696,6.9188,2026-07-27T11:20:14.037918+00:00,0.0278,0.9934
BQ052,adaptive_novel,Internship er jonno apply korte student er ki lagbe?,The student must apply to the Chairperson of the CSE Department and may suggest a company with a detailed profile for approval.,"Question (Banglish): Internship er jonno apply korte student er ki lagbe?
Answer (English): The student must apply to the Chairperson of the CSE Department and may suggest a company with a detailed profile for approval.

Question (Banglish): Financial aid er jonno apply korte ki ki documents lagbe?
Answer (English): To qualify, students must provide documents like family income statements and tax returns to assess their financial situation. Additionally, a minimum CGPA (usually 2.50 or higher) is required, and students must be enrolled full-time.

Question (Banglish): Project/internship shuru korar eligibility er jonno CGPA koto lagbe?
Answer (English): CGPA equal to or above 2.0.

Question (Banglish): Degree processing er jonno apply korar age amar ki complete korte hobe?
Answer (English): Complete all required courses, projects, thesis, or internships for your respective degree completion.

Question (Banglish): BRAC University er international scholarship er jonno ami kivabe apply korbo?
Answer (English): International applicants fill out the online scholarship application form and submit it, along with required supporting documents (e.g., income declarations, trade license if a business owner), to the International & Scholarship Office at international-office@bracu.ac.bd.",The student must apply to the Chairperson of the CSE Department and may suggest a company with a detailed profile for approval.,open_ended,linear,0.5,False,False,False,False,False,True,0.0297,0.1086,5.2329,5.3723,2026-07-27T11:20:19.410728+00:00,0.3399,1.0420
BQ053,adaptive_novel,Exam hall e ki ki jinish prohibited?,"Mobile phones, tablets, smartwatches, and other electronic gadgets are not allowed. Bringing textbooks, notes, or any other written materials is prohibited unless explicitly allowed by the instructor.Bags, backpacks, and personal belongings should be left outside the exam hall or in designated areas.","Question (Banglish): Exam hall e ki ki jinish prohibited?
Answer (English): Mobile phones, tablets, smartwatches, and other electronic gadgets are not allowed. Bringing textbooks, notes, or any other written materials is prohibited unless explicitly allowed by the instructor.Bags, backpacks, and personal belongings should be left outside the exam hall or in designated areas.

Question (Banglish): Residential Campus e student der ki ki jinish niye jete hobe, ar ki ki prohibited?
Answer (English): Students should bring formal and casual wear, sportswear, two small/medium locks for their room, passport photos, a copy of their health card, toiletries, stationery, and any required medicine. Rooms come with beds, bedcovers, pillows and mosquito nets. Expensive electronics/jewellery are discouraged, and items such as desktop PCs, sound systems, heaters, irons, playing cards, and any illegal drugs are strictly prohibited. Any student caught with drugs faces the Disciplinary Committee and possible expulsion.

Question: What items are prohibited in the exam hall?
Answer: Mobile phones, tablets, smartwatches, and other electronic gadgets are not allowed. Bringing textbooks, notes, or any other written materials is prohibited unless explicitly allowed by the instructor.Bags, backpacks, and personal belongings should be left outside the exam hall or in designated areas.

Question (Banglish): Admission test e boste local applicant der ki identification lagbe?
Answer (English): Applicants must bring their printed Admit Card (downloaded from their applicant account and printed on 80gsm A4 paper) to the exam hall; without it, they will not be allowed to sit for the exam.

Question: Curious about something: what items are prohibited in the exam hall?
Answer: Mobile phones, tablets, smartwatches, and other electronic gadgets are not allowed. Bringing textbooks, notes, or any other written materials is prohibited unless explicitly allowed by the instructor.Bags, backpacks, and personal belongings should be left outside the exam hall or in designated areas.","Mobile phones, tablets, smartwatches, and other electronic gadgets are not allowed. Bringing textbooks, notes, or any other written materials is prohibited unless explicitly allowed by the instructor.Bags, backpacks, and personal belongings should be left outside the exam hall or in designated areas.",open_ended,linear,0.5,False,False,False,False,False,True,0.0242,0.1597,8.4261,8.6108,2026-07-27T11:20:28.022287+00:00,0.3591,1.0199
BQ054,adaptive_novel,SOAS er shathe Joint PhD program shomoyer shathe kivabe structured?,"Students typically spend their first months building a literature review and research plan, aiming to upgrade from MPhil to PhD status within 9 months of starting. Year 2 is generally dedicated to field research, and Year 3 to analysis and writing up, with the final award being a Joint PhD from SOAS University of London and BRAC University.","Question (Banglish): SOAS er shathe Joint PhD program shomoyer shathe kivabe structured?
Answer (English): Students typically spend their first months building a literature review and research plan, aiming to upgrade from MPhil to PhD status within 9 months of starting. Year 2 is generally dedicated to field research, and Year 3 to analysis and writing up, with the final award being a Joint PhD from SOAS University of London and BRAC University.

Question (Banglish): Ei joint PhD program e student ra ki London na thakleo Bangladesh theke korte parbe?
Answer (English): Yes, some PhD students are based in Bangladesh; SOAS research training components are designed to be offered in a hybrid format so that Bangladesh-based students can still participate.

Question: How is the Joint PhD program with SOAS structured over time?
Answer: Students typically spend their first months building a literature review and research plan, aiming to upgrade from MPhil to PhD status within 9 months of starting. Year 2 is generally dedicated to field research, and Year 3 to analysis and writing up, with the final award being a Joint PhD from SOAS University of London and BRAC University.

Question (Banglish): BRAC University ki PhD program offer kore?
Answer (English): Yes, BRAC University offers a Joint PhD in the Political Economy of Development, run together with SOAS University of London, through BRAC University's research institute, the BRAC Institute of Governance and Development (BIGD).

Question: Can PhD students in this joint program be based in Bangladesh rather than London?
Answer: Yes, some PhD students are based in Bangladesh; SOAS research training components are designed to be offered in a hybrid format so that Bangladesh-based students can still participate.","Students typically spend their first months building a literature review and research plan, aiming to upgrade from MPhil to PhD status within 9 months of starting. Year 2 is generally dedicated to field research, and Year 3 to analysis and writing up, with the final award being a Joint PhD from SOAS University of London and BRAC University.",open_ended,linear,0.5,False,False,False,False,False,True,0.0274,0.1551,9.8521,10.0354,2026-07-27T11:20:38.057732+00:00,0.6153,0.9866
BQ055,adaptive_novel,BRAC University Medical Center ki ki service provide kore?,"The Medical Center offers emergency medical services and free consultations/medicine to students and employees, health checkups with an official Health Card, referrals to partner hospitals for emergencies, ambulance support, and workshops on reproductive health and family planning. It also runs blood donation programs in collaboration with student clubs, arranges vaccination drives for communicable diseases, and holds regular STD/reproductive health workshops each semester with BRAC James P Grant School of Public Health.","Question (Banglish): BRAC University Medical Center ki ki service provide kore?
Answer (English): The Medical Center offers emergency medical services and free consultations/medicine to students and employees, health checkups with an official Health Card, referrals to partner hospitals for emergencies, ambulance support, and workshops on reproductive health and family planning. It also runs blood donation programs in collaboration with student clubs, arranges vaccination drives for communicable diseases, and holds regular STD/reproductive health workshops each semester with BRAC James P Grant School of Public Health.

Question (Banglish): Campus e Brac Bank ki ki service provide kore?
Answer (English): Brac Bank offers banking services, including cash withdrawals, deposits, and student fee collection.

Question (Banglish): BRAC University ki bus gula own kore?
Answer (English): Yes, BRAC University owns and operates the transport service.

Question (Banglish): BRAC University te student der jonno ki medical center ache?
Answer (English): Yes, BRAC University's Student Life section lists a Medical Center that provides healthcare services to students on campus, in addition to the medical facilities available at the Savar Residential Campus.

Question (Banglish): Medical Center ki pregnant student ba family planning er jonno support offer kore?
Answer (English): Yes, the Medical Center provides regular antenatal checkups and counselling for pregnant students and employees, along with consultancy on family planning and personal hygiene.","The BRAC University Medical Center offers emergency medical services and free consultations/medicine to students and employees, health checkups with an official Health Card, referrals to partner hospitals for emergencies, ambulance support, and workshops on reproductive health and family planning. It also runs blood donation programs in collaboration with student clubs, arranges vaccination drives for communicable diseases, and holds regular STD/reproductive health workshops each semester with BRAC James P Grant School of Public Health.",open_ended,linear,0.5,False,False,False,False,False,True,0.0242,0.1308,12.1586,12.3144,2026-07-27T11:20:50.372631+00:00,0.1921,1.0452
BQ056,adaptive_novel,"BSS in Anthropology, BA in English, ar LLB admission er jonno kon kon subject test hoy?","Applicants to BSS in Anthropology, BA in English, and LLB (Hons) are tested only in English as part of the admission test.","Question (Banglish): BSS in Anthropology, BA in English, ar LLB admission er jonno kon kon subject test hoy?
Answer (English): Applicants to BSS in Anthropology, BA in English, and LLB (Hons) are tested only in English as part of the admission test.

Question (Banglish): BBA ar BSS in Economics admission test e kon kon subject test hoy?
Answer (English): Applicants to BBA and BSS in Economics are tested on English and Mathematics in the admission test.

Question (Banglish): CSE, EEE, Physics, ba Mathematics er moto BSc program er jonno kon kon subject test hoy?
Answer (English): Applicants to CSE, ECE, EEE, Physics, Applied Physics & Electronics, and Mathematics programs are tested on English, Mathematics, Higher Mathematics, and Physics as part of the admission test.

Question: What subjects are tested for BSS in Anthropology, BA in English, and LLB admission?
Answer: Applicants to BSS in Anthropology, BA in English, and LLB (Hons) are tested only in English as part of the admission test.

Question (Banglish): Admission written test e koyta section thakbe?
Answer (English): All candidates will have to sit for a written admission test and an interview in the manner as described: 
Program
Test section
BSS in Anthropology, BA in English and LLB (Hons)
English
BBA and BSS in Economics
English and Mathematics
Bachelor of Pharmacy, BSc in Microbiology and BSc in Biotechnology
English, Mathematics and Biology & Chemistry
BSc in Computer Science, BSc in Computer Science and Engineering, BSc in Electronic and Communication Engineering, BSc in Electrical and Electronic Engineering, BSc in Physics, BSc in Applied Physics & Electronics, BSc in Mathematics
English, Mathematics,
Higher Mathematics and Physics
Bachelor of Architecture
English, Mathematics and Drawing
In order to qualify, candidates must pass each section separately. Candidates who qualified in pre-university on the basis of written tests, will be called for an interview for final selection. In order to qualify, candidates must pass each section separately. Those who qualify in the written test will be called for interview for final selection.","Applicants to BSS in Anthropology, BA in English, and LLB (Hons) are tested only in English as part of the admission test.",open_ended,linear,0.5,False,False,False,False,False,True,0.0361,0.2650,6.0217,6.3239,2026-07-27T11:20:56.697327+00:00,0.2686,1.0266
BQ057,adaptive_novel,"BRAC University School of Law kobe established hoyechilo, ar eta ki degree offer kore?","The School of Law was founded in 2004 and offers a four-year undergraduate Bachelor of Laws (LL.B. Hons.) program, along with a postgraduate LL.M. program.","Question (Banglish): BRAC University School of Law kobe established hoyechilo, ar eta ki degree offer kore?
Answer (English): The School of Law was founded in 2004 and offers a four-year undergraduate Bachelor of Laws (LL.B. Hons.) program, along with a postgraduate LL.M. program.

Question (Banglish): BRAC Institute of Educational Development (BRAC IED) kobe founded hoyechilo, ar eta ki niye focus kore?
Answer (English): BRAC IED was founded in 2004 and focuses on advancing education from a holistic perspective - covering early childhood development, play-based learning, psychosocial wellbeing, adolescent mental health, and primary/secondary curriculum and textbook design - through professional development, research, and advocacy.

Question (Banglish): Department of Economics and Social Sciences (ESS) kobe founded hoyechilo, ar eta ki teach kore?
Answer (English): ESS was founded in 2003 and offers programs including the Bachelor of Social Science in Economics, Bachelor of Social Science in Anthropology, and the Master of Science in Applied Economics, along with minors in Economics, Anthropology, and Sociology. It aims to help students understand economic and social realities in Bangladesh and globally.

Question (Banglish): School of Humanities and Social Sciences ta ki, ar eta kobe founded hoyechilo?
Answer (English): Founded in 2019, this school supervises BRAC University's teaching and research activities in the liberal arts, spanning departments related to humanities and social sciences.

Question (Banglish): BRAC University kobe establish hoyechilo, ar ke prothisthata?
Answer (English): BRAC University was established in 2001, founded by Sir Fazle Hasan Abed, and is affiliated with the University Grants Commission (UGC) of Bangladesh.","The School of Law at BRAC University was founded in 2004 and offers a four-year undergraduate Bachelor of Laws (LL.B. Hons.) program, along with a postgraduate LL.M. program.",open_ended,linear,0.5,False,False,False,False,False,True,0.0301,0.1888,7.0520,7.2722,2026-07-27T11:21:03.969490+00:00,0.3487,1.0592
BQ058,adaptive_novel,Wishlist e unnecessary course select na korte keno bola hoy?,"Course demand influences planning, and unnecessary selections may misrepresent actual needs","Question (Banglish): Wishlist e unnecessary course select na korte keno bola hoy?
Answer (English): Course demand influences planning, and unnecessary selections may misrepresent actual needs

Question (Banglish): Wishlist event e course select korar por ki korte hobe?
Answer (English): Press the ""Confirm"" button within the assigned slot time

Question (Banglish): Wishlist event e participation kora keno eto important, seta ektu bujhiye bolben?
Answer (English): Course offerings will be based on student demand collected from Wishlist submissions

Question (Banglish): Shomoy moto Wishlist confirm korte na parle student er ki hoy?
Answer (English): Student will not be considered a participant and cannot register in Pre-Registration Phase 1

Question (Banglish): Ke Wishlist event e participate korte hobe?
Answer (English): All undergraduate students attending upcoming, excluding RS-eligible students and LLB, PHR students","Course demand influences planning, and unnecessary selections may misrepresent actual needs.",open_ended,linear,0.5,False,False,False,False,False,True,0.0290,0.0733,4.1098,4.2135,2026-07-27T11:21:08.183778+00:00,0.4257,1.0136
BQ059,adaptive_novel,BRAC University te notun club shuru korte basic requirement ar application process ta ki?,"To start a new club, you need at least 50 interested student members and one BRACU faculty advisor. The applicants then submit an application to the Director of Co-Curricular Activities, including the club's goals, objectives, a program calendar, and mode of operation, signed by the advisor. The new club's Executive Committee follows the same eligibility rules as any club's committee (see the Executive Committee CGPA/credit requirements). One faculty member can advise only one club at a time, but can additionally co-advise up to one more; a faculty member who isn't an advisor of any club can co-advise up to two.","Question (Banglish): BRAC University te notun club shuru korte basic requirement ar application process ta ki?
Answer (English): To start a new club, you need at least 50 interested student members and one BRACU faculty advisor. The applicants then submit an application to the Director of Co-Curricular Activities, including the club's goals, objectives, a program calendar, and mode of operation, signed by the advisor. The new club's Executive Committee follows the same eligibility rules as any club's committee (see the Executive Committee CGPA/credit requirements). One faculty member can advise only one club at a time, but can additionally co-advise up to one more; a faculty member who isn't an advisor of any club can co-advise up to two.

Question (Banglish): Ami ki nijer club shuru korte pari? Process ta ki?
Answer (English): Of course you can start your own club. Here is some information to get started: At least 75 student members and 1 advisor [from BRACU faculty] are needed to start a
club. An application to the director, co-curricular activities with goals, objectives, program calendar and mode of operation, signed by the advisor/ co-advisor[s] should be submitted by the applicants intending to open the club. For more details , go to: https://www.bracu.ac.bd/sites/default/files/Proctor_office/bu_disciplinary_policies/8.%20OCA%20Guidelines.pdf

Question (Banglish): BRAC University te club ba society te join kora ki mandatory?
Answer (English): Yes. It is mandatory for every BRAC University student to enroll in at least one student club or society of their choice, as part of the university's co-curricular requirement.

Question (Banglish): Notun Club e join korar process ta ki?
Answer (English): It is mandatory for a BRACU student to enroll in at least one student activity club/forum of her/his choice. A student can become a member of a maximum of two clubs at a time. OCA will arrange recruitment sessions (club fair, orientation) for new students or email individual club g suit accounts. Also, from all the facebooks or any other social media pages, students can get to know about the recruitment pshase.

Question (Banglish): Ekjon international student BRAC University te admission er jonno kivabe apply korbe?
Answer (English): Go to the brac University website and click the apply now button. Aftet that select the prefered session and follow through the instructions.","To start a new club at BRAC University, you need at least 50 interested student members and one BRACU faculty advisor. The applicants then submit an application to the Director of Co-Curricular Activities, including the club's goals, objectives, a program calendar, and mode of operation, signed by the advisor.",open_ended,linear,0.5,False,True,True,False,False,True,0.0309,0.1991,10.1611,10.3926,2026-07-27T11:21:18.576476+00:00,0.0322,0.6822
BQ060,adaptive_novel,BRAC University ki kokhono World Universities Debating Championship (WUDC) jitteche?,"Yes, twice. In 2013, BRAC Bangladesh A (Ratib Murtaza Ali and Aaqib Farhan Hossain) won the English-as-a-Second-Language (ESL) category at WUDC in Berlin - Bangladesh's first such win. In 2022, BRAC University students Sourodip Paul and Sajid Asbat Khandaker won the WUDC open category outright in Belgrade, becoming the first Asian team ever to win the tournament's top title.","Question (Banglish): BRAC University ki kokhono World Universities Debating Championship (WUDC) jitteche?
Answer (English): Yes, twice. In 2013, BRAC Bangladesh A (Ratib Murtaza Ali and Aaqib Farhan Hossain) won the English-as-a-Second-Language (ESL) category at WUDC in Berlin - Bangladesh's first such win. In 2022, BRAC University students Sourodip Paul and Sajid Asbat Khandaker won the WUDC open category outright in Belgrade, becoming the first Asian team ever to win the tournament's top title.

Question: Has BRAC University ever won the World Universities Debating Championship (WUDC)?
Answer: Yes, twice. In 2013, BRAC Bangladesh A (Ratib Murtaza Ali and Aaqib Farhan Hossain) won the English-as-a-Second-Language (ESL) category at WUDC in Berlin - Bangladesh's first such win. In 2022, BRAC University students Sourodip Paul and Sajid Asbat Khandaker won the WUDC open category outright in Belgrade, becoming the first Asian team ever to win the tournament's top title.

Question: Random question, has BRAC University ever won the World Universities Debating Championship (WUDC)?
Answer: Yes, twice. In 2013, BRAC Bangladesh A (Ratib Murtaza Ali and Aaqib Farhan Hossain) won the English-as-a-Second-Language (ESL) category at WUDC in Berlin - Bangladesh's first such win. In 2022, BRAC University students Sourodip Paul and Sajid Asbat Khandaker won the WUDC open category outright in Belgrade, becoming the first Asian team ever to win the tournament's top title.

Question: Before I forget to ask — has BRAC University ever won the World Universities Debating Championship (WUDC)?
Answer: Yes, twice. In 2013, BRAC Bangladesh A (Ratib Murtaza Ali and Aaqib Farhan Hossain) won the English-as-a-Second-Language (ESL) category at WUDC in Berlin - Bangladesh's first such win. In 2022, BRAC University students Sourodip Paul and Sajid Asbat Khandaker won the WUDC open category outright in Belgrade, becoming the first Asian team ever to win the tournament's top title.

Question (Banglish): BRAC University er debate team recently inter-university tournament e success peyeche ki?
Answer (English): Yes, for example Team BRAC-A won the BDC-BUETDC Pre-UADC 2025 tournament (hosted by the BUET Debating Club), beating out 36 teams from across Bangladesh in the United Asians Debating Championship (UADC) format.","Yes, twice. In 2013, BRAC Bangladesh A (Ratib Murtaza Ali and Aaqib Farhan Hossain) won the English-as-a-Second-Language (ESL) category at WUDC in Berlin - Bangladesh's first such win. In 2022, BRAC University students Sourodip Paul and Sajid Asbat Khandaker won the WUDC open category outright in Belgrade, becoming the first Asian team ever to win the tournament's top title.",open_ended,linear,0.5,False,False,False,False,False,True,0.0266,0.1678,14.9032,15.0988,2026-07-27T11:21:33.675730+00:00,0.2160,0.9787
BQ061,adaptive_novel,BRAC University er main campus address ta ki?,"BRAC University's main campus is located at Kha 224, Pragati Sarani, Merul Badda, Dhaka 1212, Bangladesh.","Question (Banglish): BRAC University er main campus address ta ki?
Answer (English): BRAC University's main campus is located at Kha 224, Pragati Sarani, Merul Badda, Dhaka 1212, Bangladesh.

Question (Banglish): BRAC University er general contact information ta ki?
Answer (English): The university can be reached at +88 09638464646 (extension 1001 for the operator), and general queries can be emailed to info@bracu.ac.bd.

Question (Banglish): BRAC University main campus building er ground floor e ami ki pabo?
Answer (English): The ground floor houses the main reception, the Auditorium, a Multipurpose Hall, the Central Control Room, an ATM booth, a coffee/merchandise shop, the Maidan (football field), cricket practice tracks, the Biotope Lake, and a Green Room.

Question: What is BRAC University's main campus address?
Answer: BRAC University's main campus is located at Kha 224, Pragati Sarani, Merul Badda, Dhaka 1212, Bangladesh.

Question (Banglish): BRAC University er main campus building koto boro, ar koto student dhorte pare?
Answer (English): The main campus is a 13-story building with three basements, designed by the Singapore-based architecture firm WOHA, and built to accommodate roughly 12,000-15,000 students.","BRAC University's main campus is located at Kha 224, Pragati Sarani, Merul Badda, Dhaka 1212, Bangladesh.",open_ended,linear,0.5,False,False,False,False,False,True,0.0258,0.0979,6.1066,6.2311,2026-07-27T11:21:39.907269+00:00,0.2110,1.0009
BQ062,adaptive_novel,GPA calculate korte BRAC University kon formula use kore?,"GPA is calculated as the sum of (grade points x credits) for all courses, divided by the sum of credits attempted - i.e., a credit-weighted average, so a 4-credit course affects the GPA more than a 1-credit course.","Question (Banglish): GPA calculate korte BRAC University kon formula use kore?
Answer (English): GPA is calculated as the sum of (grade points x credits) for all courses, divided by the sum of credits attempted - i.e., a credit-weighted average, so a 4-credit course affects the GPA more than a 1-credit course.

Question (Banglish): BRAC University kon grading scale use kore?
Answer (English): BRAC University uses a grading scale based on the Grade Point Average (GPA) system, where letter grades correspond to specific grade points. The typical grading scale is as follows:

A: 4.0 (Excellent)
A-: 3.7
B+: 3.3
B: 3.0 (Good)
B-: 2.7
C+: 2.3
C: 2.0 (Satisfactory)
C-: 1.7
D+: 1.3
D: 1.0 (Pass)
F: 0.0 (Fail)

Question (Banglish): Grade Point Average (GPA) kivabe calculate kora hoy?
Answer (English): The Grade Point Average (GPA) at BRAC University is calculated by multiplying the grade points earned in each course by the course's credit hours to obtain the quality points. The total quality points from all courses are then summed and divided by the total number of credit hours taken. This gives the GPA, which reflects the student's overall academic performance for the semester.

Question (Banglish): BRACU admission application er jonno amar 'O'/'A' level er GPA ami kivabe calculate korbo?
Answer (English): Our requirement for undergraduate programs is to have a minimum GPA of 2.5 in 'O' Level and 'A' Level separately. For 'O' level best 5 subjects and 'A' level best 2 subjects will be counted. The grade will be calculated according to BRAC University scale: A=5, B=4, C=3 and D=2. Subjects with E Grade will not be considered. It is to be noted that applicants must fulfill subject-wise requirements.
You can check the below box for your help:
O/A Levels
Example (Best 5 for 'O' Level)
Grade Letter
As per following Scale
Total
Cumulative Grade
 
A
5
17
17/5=3.4
 
B
4
 
C
3
 
D
2
 
C
3

Question: What is the formula BRAC University uses to calculate GPA?
Answer: GPA is calculated as the sum of (grade points x credits) for all courses, divided by the sum of credits attempted - i.e., a credit-weighted average, so a 4-credit course affects the GPA more than a 1-credit course.","GPA is calculated as the sum of (grade points x credits) for all courses, divided by the sum of credits attempted - i.e., a credit-weighted average, so a 4-credit course affects the GPA more than a 1-credit course.",open_ended,linear,0.5,False,False,False,False,False,True,0.0259,0.2268,8.7779,9.0313,2026-07-27T11:21:48.939038+00:00,0.3172,1.0325
BQ063,adaptive_novel,Mid/final miss korle ki korbo?,"You should inform your course instructor as soon as possible with a valid reason (such as medical emergencies). In some cases, you may need to provide documentation like medical certificates to appeal.","Question (Banglish): Mid/final miss korle ki korbo?
Answer (English): You should inform your course instructor as soon as possible with a valid reason (such as medical emergencies). In some cases, you may need to provide documentation like medical certificates to appeal.

Question (Banglish): Valid reason e student final exam miss korle course teacher er ki korte hoy?
Answer (English): If a student misses the final exam for a documented valid reason (such as a medical emergency), the course teacher can arrange a make-up exam, and if course requirements genuinely can't be completed in time, an 'Incomplete' (I) grade with a defined completion deadline (up to 8 weeks after the final exam) may be assigned instead.

Question (Banglish): Wishlist participation miss korle ekjon student ki register korte parbe?
Answer (English): Yes, but only during Pre-Registration Phase 2 or Self Registration, with limited course availability

Question (Banglish): Kono kichur deadline miss korle ekjon student er ki korte hobe?
Answer (English): Students should contact with their respective department co coordinators (DCOs).

Question (Banglish): Final Defense er shomoy group bhange/divide korle penalty ki?
Answer (English): 5 marks are deducted specifically for breaking or dividing a thesis/project group during the Final Defense stage (compare: 2 marks for Pre-Thesis I, 3 marks for Pre-Thesis II).","You should inform your course instructor as soon as possible with a valid reason such as medical emergencies. In some cases, you may need to provide documentation like medical certificates to appeal.",open_ended,linear,0.5,False,False,False,False,False,True,0.0203,0.1292,6.1372,6.2873,2026-07-27T11:21:55.226603+00:00,0.2855,0.9215
BQ064,adaptive_novel,Installment e fee pay korar procedure ta ki?,A form will be shared by gsuite if the facility is available for that particular semester and you can fill up the form and apply for installment payment.,"Question (Banglish): Installment e fee pay korar procedure ta ki?
Answer (English): A form will be shared by gsuite if the facility is available for that particular semester and you can fill up the form and apply for installment payment.

Question (Banglish): Taka ta installment e bhag kore deyar kono option ki ache?
Answer (English): Yes, BRAC University offers an installment payment option for students who may need financial flexibility. Students can apply to pay their tuition fees in three equal installments

Question (Banglish): Official gradesheet collect korar procedure ta ki?
Answer (English): To collect your official gradesheet, visit the Registrar's office on the fourth floor - you'll generally need to submit a Document Request Form and pay the applicable fee first (see the Registrar's 'Procedure for Issuing Documents' page).

Question (Banglish): BRAC University te installment e tuition pay kora kivabe kaj kore?
Answer (English): Once a student's installment plan is approved, the total amount on their Connect pay slip is divided by the approved number of installments, and revised pay slips are generated accordingly. Installments are paid using the same methods as regular payment (Connect pay slip, Payment Gateway, or BRAC Bank Internet Banking), and the next installment's pay slip is generated only after the current one is paid.

Question (Banglish): Notun system ki apply na kore installment payment allow korbe? Korle kivabe?
Answer (English): Yes, students will have the option to pay tuition fees in installments without making any further application.",A form will be shared by gsuite if the facility is available for that particular semester and you can fill up the form and apply for installment payment.,open_ended,linear,0.5,False,False,False,False,False,True,0.0232,0.1825,5.7345,5.9411,2026-07-27T11:22:01.167941+00:00,0.2912,1.0159
BQ065,adaptive_novel,Route-01 (Abdullahpur) er designated bus stop gula kothay?,"The designated stops are: Polwel Carnation Shopping Centre, House Building (Labaid Diagnostic), Azampur (Uttara East Police Station), Jasimuddin (Popular Diagnostic), Airport (Police Box), Kawla (Foot Over-Bridge), Khilkhet (First Foot Over-Bridge), Biswa Road, Shewrah, BRAC University.","Question (Banglish): Route-01 (Abdullahpur) er designated bus stop gula kothay?
Answer (English): The designated stops are: Polwel Carnation Shopping Centre, House Building (Labaid Diagnostic), Azampur (Uttara East Police Station), Jasimuddin (Popular Diagnostic), Airport (Police Box), Kawla (Foot Over-Bridge), Khilkhet (First Foot Over-Bridge), Biswa Road, Shewrah, BRAC University.

Question (Banglish): Route-07 (Mohammadpur) er designated bus stop gula kothay?
Answer (English): The designated stops are: Mohammadpur Bus Stand, College Gate, Shyamoli, Kallyanpur, Gabtoli, Technical Mor, Darus Salam, Mirpur-1, Mirpur-2, Mirpur-10, Mirpur-12, ECB Chattar, BRAC University.

Question (Banglish): Route-04 (Azimpur) er designated bus stop gula kothay?
Answer (English): The designated stops are: Azimpur Bus Stand, Nilkhet, New Market, Science Lab, Kataban, Shahbagh, High Court, Press Club, Motsho Bhaban, Bijoynagar, Kakrail Mosque, Shantinagar, Malibagh Railgate, Rampura TV Centre, Badda Link Road, BRAC University.

Question (Banglish): Route-02 (Mirpur-B) er designated bus stop gula kothay?
Answer (English): The designated stops are: Mirpur 14 Bus Stand (Opposite Marks Medical College), NAM Garden Officers Quarter, Adarsha High School (Mirpur 10), Al Helal Specialized Hospital, Kazipara (Bank Asia & Foot Overbridge), Shewrapara (Jamuna Plaza & Metro Rail Station), Taltola Bus Stand, Shadhinata Tower (Bir Srestha Jahangir Gate), BRAC University.

Question (Banglish): Route-02 (Mirpur-A) er designated bus stop gula kothay?
Answer (English): The designated stops are: Mirpur Bangla College, Sony Cinema Hall (near KFC), Mirpur College Gate (Mirpur 2), Swimming Federation Gate (Mirpur Stadium), Popular Diagnostic Centre (Mirpur 6), Pallabi Post Office (Purobi Cinema Hall), Mirpur Ceramics, Mirpur DOHS Gate (Trust Bus Stop), Pallabi Thana (Shagufta Mour), Kalshi Bus Stand, ECB Chattar, BRAC University.","The designated stops for Route-01 (Abdullahpur) are: Polwel Carnation Shopping Centre, House Building (Labaid Diagnostic), Azampur (Uttara East Police Station), Jasimuddin (Popular Diagnostic), Airport (Police Box), Kawla (Foot Over-Bridge), Khilkhet (First Foot Over-Bridge), Biswa Road, Shewrah, and BRAC University.",open_ended,linear,0.5,False,False,False,False,False,True,0.0279,0.1672,12.1994,12.3953,2026-07-27T11:22:13.563850+00:00,0.0912,1.0655
BQ066,adaptive_novel,SSC/HSC ba A-Level result er upor base kore ki undergraduate tuition waiver available?,"Undergraduate applicants can receive a tuition waiver (commonly around 25%, with higher tiers such as 30% or 100% for top scorers in the BRACU Admission Test) in their first semester, based on their prior academic performance at SSC/O-Level, HSC/A-Level, or IB Diploma.","Question (Banglish): SSC/HSC ba A-Level result er upor base kore ki undergraduate tuition waiver available?
Answer (English): Undergraduate applicants can receive a tuition waiver (commonly around 25%, with higher tiers such as 30% or 100% for top scorers in the BRACU Admission Test) in their first semester, based on their prior academic performance at SSC/O-Level, HSC/A-Level, or IB Diploma.

Question (Banglish): Undergraduate result er upor base kore postgraduate applicant der jonno ki tuition fee waiver ache?
Answer (English): Yes. For most BRAC University postgraduate programs (excluding MBA, EMBA, ECD, M.Ed, MPH and MHPSS), graduates of public universities and other UGC-approved universities can receive a 20-40% tuition fee waiver based on their undergraduate academic results, effective from Summer 2017 onward.

Question (Banglish): Previous Academic Results er upor base kora Scholarship er eligibility criteria ki ki?
Answer (English): 3.1. Students who obtained a GPA of 5.0 (without 4th subject) in SSC and HSC or equivalent. 

3.2 Students who obtained 6 ""A""-s in O Level/IGCSE (in two sittings) and 2 ""A"" s and 1 ""B"" in A Level or equivalent. 

3.3 Students who obtained 38 Points out of total of 45 Points in the International Baccalaureate (IB) Diploma.

3.4 A minimum CGPA of 3.80 is required to be maintained in all the subsequent semesters for the students admitted in Fall 2021 onwards. Students who have been admitted before Fall 2021 need to maintain a minimum CGPA of 3.70. If a student fails to maintain the required CGPA, s/he will not be awarded with the tuition fee waiver in the following semesters until regaining the required CGPA.

Supporting documents for applying in Scholarship Based on Previous Academic Results: 

a) Photocopy of the transcript of HSC & SSC / Mark sheet of A level & O level.

Question: What undergraduate tuition waiver is available based on SSC/HSC or A-Level results?
Answer: Undergraduate applicants can receive a tuition waiver (commonly around 25%, with higher tiers such as 30% or 100% for top scorers in the BRACU Admission Test) in their first semester, based on their prior academic performance at SSC/O-Level, HSC/A-Level, or IB Diploma.

Question: Sorry if this was already answered, but what undergraduate tuition waiver is available based on SSC/HSC or A-Level results?
Answer: Undergraduate applicants can receive a tuition waiver (commonly around 25%, with higher tiers such as 30% or 100% for top scorers in the BRACU Admission Test) in their first semester, based on their prior academic performance at SSC/O-Level, HSC/A-Level, or IB Diploma.","Undergraduate applicants can receive a tuition waiver (commonly around 25%, with higher tiers such as 30% or 100% for top scorers in the BRACU Admission Test) in their first semester, based on their prior academic performance at SSC/O-Level, HSC/A-Level, or IB Diploma.",open_ended,linear,0.5,False,False,False,False,False,True,0.0323,0.2840,10.1370,10.4543,2026-07-27T11:22:24.018822+00:00,0.2967,1.0545
BQ067,adaptive_novel,Event er jonno food ba refreshment arrange korar process ta ki?,"For refreshments from the Brac University cafeteria, orders must be confirmed by OCA, and payments will be made by the Accounts Office from the club/forum budget (not in cash). For refreshments from outside vendors, financial assistance will be transferred to the club advisor's bank account as per the approved budget.","Question (Banglish): Event er jonno food ba refreshment arrange korar process ta ki?
Answer (English): For refreshments from the Brac University cafeteria, orders must be confirmed by OCA, and payments will be made by the Accounts Office from the club/forum budget (not in cash). For refreshments from outside vendors, financial assistance will be transferred to the club advisor's bank account as per the approved budget.

Question (Banglish): Kono event er jonno Food/Refreshment kivabe arrange korbo?
Answer (English): Clubs must purchase food and water for events directly from stores.

Proper money receipts must be collected for all expenses.

After the event, all bills and receipts must be submitted to the Office of Co-curricular Activities (OCA).

Once verified, the necessary financial procedures will be carried out.

For post-budget events, the approved amount will be transferred to the club advisor's bank account after submission and verification of the bills.

Question (Banglish): Event er jonno logistic support pawar process ta ki?
Answer (English): The OCA will provide logistics such as sound, light, banners, decoration materials, projector-screens, and poster printing. Clubs must select logistics from the Brac University Procurement facility list, and OCA will handle the requisition. Clubs must confirm their logistic needs in detail to OCA at least 7 working days before the event.

Question (Banglish): Protita semester e advising phase shuru kora event er naam ki?
Answer (English): Wishlist event, the schedule will be mailed by the registrar.

Question (Banglish): BRAC University student services er jonno notun system introduce koreche, er naam ki?
Answer (English): Student Lifecycle Management System (Connect)","For refreshments from the Brac University cafeteria, orders must be confirmed by OCA, and payments will be made by the Accounts Office from the club/forum budget (not in cash). For refreshments from outside vendors, financial assistance will be transferred to the club advisor's bank account as per the approved budget.",open_ended,linear,0.5,False,False,False,False,False,True,0.0326,0.1420,9.1403,9.3161,2026-07-27T11:22:33.334839+00:00,0.2644,0.9774
BQ068,adaptive_novel,BRAC University er Syndicate bolte thik ki bujhay?,"The Syndicate, chaired by the Vice-Chancellor, supervises the university's academic and administrative functions.","Question (Banglish): BRAC University er Syndicate bolte thik ki bujhay?
Answer (English): The Syndicate, chaired by the Vice-Chancellor, supervises the university's academic and administrative functions.

Question (Banglish): BRAC University te student ra join korte pare emon club er kichu example ki ki?
Answer (English): Examples include the BRAC University Computer Club (BUCC), BRAC University Debate Club (BUDC), Business & Economics Forum, Communication & Language Club, Adventure Club, Football Club, Cricket BRACU, Marketing Association, Film Club, Law Society, Art & Photography Society, Natural Sciences Club, Pharma Society, Drama and Theatre Forum, Chess Club, Finance and Accounting Club, and the IEEE Student Branch Chapters (Computer Society, PES, RAS), among many others.

Question (Banglish): International student ra degree er majhe onno desh theke transfer hoye ashte parbe emon partnership BRAC University er ache ki?
Answer (English): BRAC University considers credit transfers from institutions with a similar academic system on a case-by-case basis after admission; applicants must apply with the required documents, and any accepted transfer is subject to BRACU's credit transfer rules and evaluation.

Question (Banglish): BRAC University er international scholarship er jonno ami kivabe apply korbo?
Answer (English): International applicants fill out the online scholarship application form and submit it, along with required supporting documents (e.g., income declarations, trade license if a business owner), to the International & Scholarship Office at international-office@bracu.ac.bd.

Question (Banglish): BRAC University er ki ki school ar department ache, ar segula kivabe structured?
Answer (English): BRAC University currently has nine academic departments across various disciplines. These are:

 1. Department of Architecture (ARC)
 2. Department of Computer Science and Engineering (CSE)
 3. Department of Electrical and Electronic Engineering (EEE)
 4. Department of Economics and Social Sciences (ESS)
 5. Department of English and Humanities (ENH)
 6. Department of Pharmacy (PHR)
 7. Department of Mathematics and Natural Sciences (MNS)
 8. BRAC Business School (BBS)
 9. School of Law (SOL)

These departments offer a wide range of undergraduate and graduate programs in their respective fields.","The Syndicate, chaired by the Vice-Chancellor, supervises the university's academic and administrative functions.",open_ended,linear,0.5,False,False,False,False,False,True,0.0268,0.1721,5.1209,5.3206,2026-07-27T11:22:38.656279+00:00,0.5934,0.9786
BQ069,adaptive_novel,TARC er rules bhanle ki consequence hoy?,"Violating rules and regulations can get one ousted from tarc.Eventually on severe violation the authority will call their parents and send them home.On minor violation,students are given warning.Also after 3 warnings if they cannot bring changes in themselves their tarc will also be cancelled","Question (Banglish): TARC er rules bhanle ki consequence hoy?
Answer (English): Violating rules and regulations can get one ousted from tarc.Eventually on severe violation the authority will call their parents and send them home.On minor violation,students are given warning.Also after 3 warnings if they cannot bring changes in themselves their tarc will also be cancelled

Question (Banglish): TARC e student der ki ki amenities ar facility deya hoy?
Answer (English): Tarc provides students of BRAC a residential campus where they experience to live with their fellow classmates.Tarc also provides students the importance of time dynamics ,punctuality and basic manners like to respect others work.Tarc also tries to make students do their own work by themselves.

Question (Banglish): 24 June 2025 er por course add korle ki consequence hoy?
Answer (English): A late registration fee will be applied.

Question (Banglish): TARC e student der kon kon course korte hoy? Details ta bolen.
Answer (English): Students have to complete BNG101,HUM101,EMB101 and ENG102/ENG101

Question: What are the consequences of violating TARC rules and regulations?
Answer: Violating rules and regulations can get one ousted from tarc.Eventually on severe violation the authority will call their parents and send them home.On minor violation,students are given warning.Also after 3 warnings if they cannot bring changes in themselves their tarc will also be cancelled","Violating rules and regulations can get one ousted from tarc.Eventually on severe violation the authority will call their parents and send them home.On minor violation,students are given warning.Also after 3 warnings if they cannot bring changes in themselves their tarc will also be cancelled.",open_ended,linear,0.5,False,False,False,False,False,True,0.0226,0.1041,8.3519,8.4796,2026-07-27T11:22:47.135816+00:00,0.3751,0.9880
BQ070,adaptive_novel,BRAC University er tuition fee structure ta ektu bolben please?,"For students enrolled in the Computer Science and Engineering (CSE) program at BRAC University, the tuition fee structure includes a one-time, non-refundable admission fee of BDT 30,800. Each course within the CSE program costs BDT 22,500. Additionally, students are required to pay a semester fee of BDT 11,500, which covers various facilities such as IT services and library access. There is also a one-time library membership fee of BDT 2,500. This fee structure is designed to support the comprehensive education provided in the CSE program, ensuring access to advanced resources and facilities","Question (Banglish): BRAC University er tuition fee structure ta ektu bolben please?
Answer (English): For students enrolled in the Computer Science and Engineering (CSE) program at BRAC University, the tuition fee structure includes a one-time, non-refundable admission fee of BDT 30,800. Each course within the CSE program costs BDT 22,500. Additionally, students are required to pay a semester fee of BDT 11,500, which covers various facilities such as IT services and library access. There is also a one-time library membership fee of BDT 2,500. This fee structure is designed to support the comprehensive education provided in the CSE program, ensuring access to advanced resources and facilities

Question: Could you please provide details about the tuition fee structure at BRAC University?
Answer: For students enrolled in the Computer Science and Engineering (CSE) program at BRAC University, the tuition fee structure includes a one-time, non-refundable admission fee of BDT 30,800. Each course within the CSE program costs BDT 22,500. Additionally, students are required to pay a semester fee of BDT 11,500, which covers various facilities such as IT services and library access. There is also a one-time library membership fee of BDT 2,500. This fee structure is designed to support the comprehensive education provided in the CSE program, ensuring access to advanced resources and facilities?

Question: New student here, could you please provide details about the tuition fee structure at BRAC University?
Answer: For students enrolled in the Computer Science and Engineering (CSE) program at BRAC University, the tuition fee structure includes a one-time, non-refundable admission fee of BDT 30,800. Each course within the CSE program costs BDT 22,500. Additionally, students are required to pay a semester fee of BDT 11,500, which covers various facilities such as IT services and library access. There is also a one-time library membership fee of BDT 2,500. This fee structure is designed to support the comprehensive education provided in the CSE program, ensuring access to advanced resources and facilities?

Question (Banglish): BRAC University ki bole je tar degree program e kono hidden fee nei?
Answer (English): The university's fee structure is designed to be transparent, with published admission fees, per-credit tuition, semester fees, lab fees, and one-time costs like the Residential Semester fee - students are encouraged to review the official Tuition and Fees and Other Fees pages for the current full breakdown, since figures are periodically revised.

Question (Banglish): Postgraduate program er jonno ki tuition fee waiver ache?
Answer (English): Yes, BRAC University offers a 20-40% tuition fee waiver for eligible postgraduate program applicants; details are published on the Waiver for Postgraduate Programs page.","For students enrolled in the Computer Science and Engineering (CSE) program at BRAC University, the tuition fee structure includes a one-time, non-refundable admission fee of BDT 30,800. Each course within the CSE program costs BDT 22,500. Additionally, students are required to pay a semester fee of BDT 11,500, which covers various facilities such as IT services and library access. There is also a one-time library membership fee of BDT 2,500. This fee structure is designed to support the comprehensive education provided in the CSE program, ensuring access to advanced resources and facilities?",open_ended,linear,0.5,False,False,False,False,False,True,0.0280,0.2059,17.6682,17.9028,2026-07-27T11:23:05.039372+00:00,0.2412,1.0125
BQ071,adaptive_novel,BRAC JPGSPH er MPH faculty member ra kothay theke ashe?,"MPH faculty are drawn from a mix of BRAC University, icddr,b, and BRAC itself, along with international partner institutions such as the University of Heidelberg, Harvard, Johns Hopkins, George Washington University, the Karolinska Institute, and the London School of Hygiene & Tropical Medicine.","Question (Banglish): BRAC JPGSPH er MPH faculty member ra kothay theke ashe?
Answer (English): MPH faculty are drawn from a mix of BRAC University, icddr,b, and BRAC itself, along with international partner institutions such as the University of Heidelberg, Harvard, Johns Hopkins, George Washington University, the Karolinska Institute, and the London School of Hygiene & Tropical Medicine.

Question (Banglish): BRAC University er MPH program er student ra shadharonoto kothay theke ashe?
Answer (English): The MPH program at BRAC JPGSPH has historically drawn a genuinely international cohort - reports note graduates from over 30 countries across its history, reflecting the school's focus on public health challenges beyond Bangladesh alone.

Question: Where do MPH faculty members at BRAC JPGSPH come from?
Answer: MPH faculty are drawn from a mix of BRAC University, icddr,b, and BRAC itself, along with international partner institutions such as the University of Heidelberg, Harvard, Johns Hopkins, George Washington University, the Karolinska Institute, and the London School of Hygiene & Tropical Medicine.

Question: I wanted to ask, where do MPH faculty members at BRAC JPGSPH come from?
Answer: MPH faculty are drawn from a mix of BRAC University, icddr,b, and BRAC itself, along with international partner institutions such as the University of Heidelberg, Harvard, Johns Hopkins, George Washington University, the Karolinska Institute, and the London School of Hygiene & Tropical Medicine.

Question (Banglish): Plagiarism check er jonno student ra kothay theke help pabe?
Answer (English): By emailing the librarian at librarian@bracu.ac.bd or consulting their supervisor.","MPH faculty are drawn from a mix of BRAC University, icddr,b, and BRAC itself, along with international partner institutions such as the University of Heidelberg, Harvard, Johns Hopkins, George Washington University, the Karolinska Institute, and the London School of Hygiene & Tropical Medicine.",open_ended,linear,0.5,False,False,False,False,False,True,0.0267,0.1133,9.1587,9.2991,2026-07-27T11:23:14.338933+00:00,0.3788,0.9587
BQ072,adaptive_novel,CSE program er prerequisite gula ki?,"Candidates applying for EEE, ECE, CSE, APE and Physics:HSC/ Equivalent(""B"" grade in Physics & Mathematics),A-levels: ""C"" grade in Physics & Mathematics","Question (Banglish): CSE program er prerequisite gula ki?
Answer (English): Candidates applying for EEE, ECE, CSE, APE and Physics:HSC/ Equivalent(""B"" grade in Physics & Mathematics),A-levels: ""C"" grade in Physics & Mathematics

Question (Banglish): CSE program er specific core course gula ki ki?
Answer (English): The specific program core courses for CSE are CSE110/CSE161+CSE162L (or EEE/ECE103+103L), CSE111, CSE220, CSE221, CSE230, CSE250, CSE251, CSE260 (or EEE/ECE283+283L or EEE301+302), CSE320, CSE321, CSE330, CSE331, CSE340, CSE341, CSE350, CSE360, CSE370, CSE420, CSE421, CSE422, CSE423, CSE460, CSE461, CSE470, CSE471. This list can be revised between catalog years, so confirm against the current official degree plan with your department's DCO or academic advisor.

Question (Banglish): Pre-Thesis 1 er registration process ta ki, ar deadline gula ki?
Answer (English): You can register for Pre-Thesis 1 at https://cse.sds.bracu.ac.bd/thesis/registration. Registration deadlines are set and published each semester by the CSE Thesis Committee (via a deadline sheet shared with enrolled students) - check with your thesis coordinator or the committee's current semester announcement for the exact dates.

Question (Banglish): CS/CSE background chara MSc CSE applicant der ki extra course nite hoy?
Answer (English): Yes, candidates for the MSc in Computer Science and Engineering who don't hold a BSc in CS/CSE are generally required to take prerequisite courses first, though these may be waived if the candidate has already completed equivalent coursework elsewhere.

Question (Banglish): BRAC University te Bachelor of Science in Computer Science and Engineering (CSE) er detailed course sequence ta ki?
Answer (English): The detailed course sequence for CSE and CS is maintained as an official department degree plan, updated as the curriculum evolves. For the current version, check with your department's DCO or academic advisor, who can share the latest degree plan document directly.","Candidates applying for the CSE program must have a HSC/ Equivalent (""B"" grade in Physics & Mathematics) or A-levels: ""C"" grade in Physics & Mathematics.",open_ended,linear,0.5,False,False,False,False,False,True,0.0215,0.2587,6.6675,6.9483,2026-07-27T11:23:21.287682+00:00,0.2658,0.9835
BQ073,adaptive_novel,BRACU Finance and Accounts Department ke kivabe contact korbo?,"BRAC University
Kha-224 Bir Uttam Rafiqul Islam Avenue, Merul Badda,
Dhaka 1212, Bangladesh
Phone: +88 09638464646 Ext: 1220, 1221

Email: queries-accounts@bracu.ac.bd","Question (Banglish): BRACU Finance and Accounts Department ke kivabe contact korbo?
Answer (English): BRAC University
Kha-224 Bir Uttam Rafiqul Islam Avenue, Merul Badda,
Dhaka 1212, Bangladesh
Phone: +88 09638464646 Ext: 1220, 1221

Email: queries-accounts@bracu.ac.bd

Question (Banglish): University account e problem hole ami technical support ke kivabe contact korbo?
Answer (English): Please email help@bracu.ac.bd about your issue.

Question (Banglish): Degree Processing/Convocation er jonno Finance and Accounts department theke payment clearance kivabe collect korbo?
Answer (English): 1. Collect payment clearance from Finance and Accounts department for Degree Processing/Convocation

2. Collect the Degree Application Form from your respective Department's DCO and Fill up with the necessary information.

3. Take Library clearance

4. Clear all your previous dues (if any).

5. Make payment of Tk. 10,000 for each course as degree processing fee at BRAC Bank (any branch) or IFIC Bank (Mohakhali branch) through prescribed manual payslip.

6. Bring your payment slip and duly filled form in the Finance and Accounts department to take payment clearance.

Question (Banglish): Makeup exam er jonno Finance and Accounts department theke payment clearance kivabe collect korbo?
Answer (English): Take approval from the Dean/Chair.

1. Make payment of Tk.3,000 for each course as a make-up exam fee at BRAC Bank (any branch) or IFIC Bank (Mohakhali branch) through prescribed manual payslip.

2. Bring your payment slip and duly filled form with departmental approval in the Finance and Accounts department to take payment clearance.

This form should be submitted to the Controller's Office with sufficient documents within 10 days from the missed exam.

Question (Banglish): Admissions office ke ami kivabe contact korbo?
Answer (English): You can mail to admissions@bracu.ac.bd","You can contact BRAC University's Finance and Accounts Department by calling +88 09638464646 Ext: 1220, 1221 or by emailing queries-accounts@bracu.ac.bd.",open_ended,linear,0.5,False,False,False,False,False,True,0.0231,0.1825,7.0722,7.2785,2026-07-27T11:23:28.566468+00:00,0.2563,1.0303
BQ074,adaptive_novel,Route-03 (Jigatola) er pickup time gula ki?,"Route-03 (Jigatola): 1st Trip: 6:30 AM, 2nd Trip: 8:45 AM.","Question (Banglish): Route-03 (Jigatola) er pickup time gula ki?
Answer (English): Route-03 (Jigatola): 1st Trip: 6:30 AM, 2nd Trip: 8:45 AM.

Question (Banglish): Route-05 (Jatrabari) er pickup time gula ki?
Answer (English): Route-05 (Jatrabari): 1st Trip: 6:30 AM, 2nd Trip: 8:45 AM.

Question (Banglish): Route-04 (Azimpur) er pickup time gula ki?
Answer (English): Route-04 (Azimpur): 1st Trip: 6:30 AM, 2nd Trip: 8:45 AM.

Question (Banglish): Route-02 (Mirpur-A) er pickup time gula ki?
Answer (English): 1st Trip: 6:30 AM, 2nd Trip: 8:40 AM.

Question (Banglish): Route-02 (Mirpur-B) er pickup time gula ki?
Answer (English): 1st Trip: 6:45 AM, 2nd Trip: 9:00 AM.",The pickup times for Route-03 (Jigatola) are as follows: the first trip is at 6:30 AM and the second trip is at 8:45 AM.,open_ended,linear,0.5,False,False,False,False,False,True,0.0252,0.0758,6.4248,6.5265,2026-07-27T11:23:35.093688+00:00,0.2069,1.0417
BQ075,adaptive_novel,Official student payment manual ami kothay pabo?,"BRAC University publishes a 'Payment Manual for Students' PDF, linked from the Tuition and Fees page, which explains the accepted payment methods and installment options in detail.","Question (Banglish): Official student payment manual ami kothay pabo?
Answer (English): BRAC University publishes a 'Payment Manual for Students' PDF, linked from the Tuition and Fees page, which explains the accepted payment methods and installment options in detail.

Question (Banglish): Campus e ATM ami kothay pabo?
Answer (English): Ground Floor, Between manual barrier and lift lobby entries

Question (Banglish): Amar student fee ami kothay collect korbo?
Answer (English): The Student Fee Collection Booth is located on the 1st Floor at Brac Bank.

Question (Banglish): EEE/ECE student ra tader program er official course listing ar prerequisite sequence kothay pabe?
Answer (English): EEE and ECE students can access the official course listing, prerequisites and recommended course sequence documents through department-shared drive links (requiring their BRACU email for access), which are also referenced in the department's official FAQ document under 'Necessary Documents'.

Question: Where can I find the official student payment manual?
Answer: BRAC University publishes a 'Payment Manual for Students' PDF, linked from the Tuition and Fees page, which explains the accepted payment methods and installment options in detail.","BRAC University publishes a 'Payment Manual for Students' PDF, linked from the Tuition and Fees page, which explains the accepted payment methods and installment options in detail.",open_ended,linear,0.5,False,False,False,False,False,True,0.0226,0.1463,5.9789,6.1489,2026-07-27T11:23:41.242582+00:00,0.2957,1.0279
BQ076,adaptive_novel,Library staff der contact information ta den please.,"You can contact Librarian at: librarian@bracu.ac.bd, hasina@bracu.ac.bd
Deputy Librarian: nasiruddin@bracu.ac.bd, murtoza@bracu.ac.bd","Question (Banglish): Library staff der contact information ta den please.
Answer (English): You can contact Librarian at: librarian@bracu.ac.bd, hasina@bracu.ac.bd
Deputy Librarian: nasiruddin@bracu.ac.bd, murtoza@bracu.ac.bd

Question (Banglish): Library er website link ta den please.
Answer (English): Https://library.bracu.ac.bd/

Question: Provide me the contact information of library staffs.
Answer: You can contact Librarian at: librarian@bracu.ac.bd, hasina@bracu.ac.bd
Deputy Librarian: nasiruddin@bracu.ac.bd, murtoza@bracu.ac.bd

Question: I wanted to ask, provide me the contact information of library staffs?
Answer: You can contact Librarian at: librarian@bracu.ac.bd, hasina@bracu.ac.bd
Deputy Librarian: nasiruddin@bracu.ac.bd, murtoza@bracu.ac.bd

Question: For a friend who's asking — provide me the contact information of library staffs?
Answer: You can contact Librarian at: librarian@bracu.ac.bd, hasina@bracu.ac.bd
Deputy Librarian: nasiruddin@bracu.ac.bd, murtoza@bracu.ac.bd","You can contact Librarian at: librarian@bracu.ac.bd, hasina@bracu.ac.bd
Deputy Librarian: nasiruddin@bracu.ac.bd, murtoza@bracu.ac.bd",open_ended,linear,0.5,False,False,False,False,False,True,0.0232,0.0884,7.6279,7.7405,2026-07-27T11:23:48.983387+00:00,0.2352,0.9640
BQ077,adaptive_novel,"Amar advising block kora ache kintu payment clear, tahole advising kivabe korbo?",You have login into these page using your g-suit to get help. LINK: https://bracu.atlassian.net/servicedesk/customer/portal/2/user/login?destination=portal%2F2 or try emailing at sic@bracu.ac.bd,"Question (Banglish): Amar advising block kora ache kintu payment clear, tahole advising kivabe korbo?
Answer (English): You have login into these page using your g-suit to get help. LINK: https://bracu.atlassian.net/servicedesk/customer/portal/2/user/login?destination=portal%2F2 or try emailing at sic@bracu.ac.bd

Question (Banglish): Amar discord verification kaj korche na, ki korbo? Advising kivabe korbo?
Answer (English): If your Discord verification for advising isn't working, contact your department's DCO (Departmental Coordination Officer) - for CSE, current DCO contact details are published via the department's official advising channel or notice board, since DCO assignments can change between semesters. If the DCOs don't respond, escalate to your department's advising coordinator.

Question (Banglish): Amar advisor response korche na, ki korbo?
Answer (English): Please wait, your advisor is maybe busy with other students response. You can request other advisors for your advising but he will only add it but he will not approve it. So, it is wise to get request done by the advisor.

Question: How to do advising as my advising is blocked but my payment is clear?
Answer: You have login into these page using your g-suit to get help. LINK: https://bracu.atlassian.net/servicedesk/customer/portal/2/user/login?destination=portal%2F2 or try emailing at sic@bracu.ac.bd

Question (Banglish): Degree Processing/Convocation er jonno Finance and Accounts department theke payment clearance kivabe collect korbo?
Answer (English): 1. Collect payment clearance from Finance and Accounts department for Degree Processing/Convocation

2. Collect the Degree Application Form from your respective Department's DCO and Fill up with the necessary information.

3. Take Library clearance

4. Clear all your previous dues (if any).

5. Make payment of Tk. 10,000 for each course as degree processing fee at BRAC Bank (any branch) or IFIC Bank (Mohakhali branch) through prescribed manual payslip.

6. Bring your payment slip and duly filled form in the Finance and Accounts department to take payment clearance.",You have login into these page using your g-suit to get help. LINK: https://bracu.atlassian.net/servicedesk/customer/portal/2/user/login?destination=portal%2F2 or try emailing at sic@bracu.ac.bd,open_ended,linear,0.5,False,False,False,False,False,True,0.0287,0.1820,8.3838,8.5956,2026-07-27T11:23:57.579604+00:00,0.4564,1.0279
BQ078,adaptive_novel,Savar campus e thakar shomoy student ra ki visitor receive korte pare?,"Only nominated visitors, usually parents, are allowed to visit on designated Parents' Days, which are announced each semester. Visiting hours are typically in the afternoon on specific Fridays.","Question (Banglish): Savar campus e thakar shomoy student ra ki visitor receive korte pare?
Answer (English): Only nominated visitors, usually parents, are allowed to visit on designated Parents' Days, which are announced each semester. Visiting hours are typically in the afternoon on specific Fridays.

Question (Banglish): Savar campus e dormitory koto shomoy khole ar bondho hoy?
Answer (English): The dormitory gates open at 6:30 AM and close at 10:00 PM. Students are responsible for returning to their dormitory before closing time.

Question (Banglish): Savar campus e ki ki academic ar welfare facility ache?
Answer (English): The Residential Campus has classrooms, conference rooms, a library with reading areas, computer labs, dormitories, dining halls, an auditorium, and outdoor sports grounds. It also has a resident doctor and nurse (with an arrangement with a local hospital for emergencies), male and female full-time psychosocial counsellors, and facilities for football, cricket, table tennis, carom, handball, volleyball and badminton (students bring their own equipment).

Question (Banglish): Savar (TARC/RS) campus ta thik kothay obosthito?
Answer (English): The Residential Campus is located in the village of Khagan on the Ashulia-Birulia road in Savar, away from the city, roughly an hour's drive from the Mohakhali campus. Students are required to use the university's own transport to travel there on the first day.

Question (Banglish): Connect er madhome student ra ki ki course-related schedule access korte pare?
Answer (English): Class schedules, exam schedules, and classroom allocations.","Only nominated visitors, usually parents, are allowed to visit on designated Parents' Days, which are announced each semester. Visiting hours are typically in the afternoon on specific Fridays.",open_ended,linear,0.5,False,False,False,False,False,True,0.0270,0.1451,6.2559,6.4291,2026-07-27T11:24:04.009104+00:00,0.4180,0.9970
BQ079,adaptive_novel,BRAC University er general contact information ta ki?,"The university can be reached at +88 09638464646 (extension 1001 for the operator), and general queries can be emailed to info@bracu.ac.bd.","Question (Banglish): BRAC University er general contact information ta ki?
Answer (English): The university can be reached at +88 09638464646 (extension 1001 for the operator), and general queries can be emailed to info@bracu.ac.bd.

Question (Banglish): BRAC University er School of General Education ta ki?
Answer (English): The School of General Education (SGED) provides the common foundational education (GenEd courses) that every student takes before focusing on their major/minor coursework, spanning subjects across Humanities, Social Sciences, Mathematics, and Sciences.

Question: What is BRAC University's general contact information?
Answer: The university can be reached at +88 09638464646 (extension 1001 for the operator), and general queries can be emailed to info@bracu.ac.bd.

Question (Banglish): BRAC University er main campus address ta ki?
Answer (English): BRAC University's main campus is located at Kha 224, Pragati Sarani, Merul Badda, Dhaka 1212, Bangladesh.

Question (Banglish): BRAC University er general dress code expectation ta ki?
Answer (English): Students, faculty and staff are expected to wear clean, decent attire in keeping with the university's academic and cultural ethos, and to generally present a positive image of the university at all times.","The university can be reached at +88 09638464646 (extension 1001 for the operator), and general queries can be emailed to info@bracu.ac.bd.",open_ended,linear,0.5,False,False,False,False,False,True,0.0233,0.1818,6.3215,6.5279,2026-07-27T11:24:10.537199+00:00,0.2460,1.0150
BQ080,adaptive_novel,"buX kon platform e toiri, ar eta kobe launch hoyechilo?","BuX is BRAC University's online learning platform, built on the same open-source platform originally developed by MIT and Harvard (Open edX). It was launched in 2020 in response to the shift to online learning during the COVID-19 pandemic.","Question (Banglish): buX kon platform e toiri, ar eta kobe launch hoyechilo?
Answer (English): BuX is BRAC University's online learning platform, built on the same open-source platform originally developed by MIT and Harvard (Open edX). It was launched in 2020 in response to the shift to online learning during the COVID-19 pandemic.

Question (Banglish): BRAC Onnesha kobe ar kivabe space e launch kora hoyechilo?
Answer (English): BRAC Onnesha was launched on July 7, 2017, aboard a SpaceX Falcon 9 rocket as part of the CRS-11 resupply mission to the International Space Station, built in collaboration with Kyutech's Birds-1 program involving five countries.

Question (Banglish): BRAC Institute of Educational Development (BRAC IED) kobe founded hoyechilo, ar eta ki niye focus kore?
Answer (English): BRAC IED was founded in 2004 and focuses on advancing education from a holistic perspective - covering early childhood development, play-based learning, psychosocial wellbeing, adolescent mental health, and primary/secondary curriculum and textbook design - through professional development, research, and advocacy.

Question (Banglish): buX ta ki, ar eta kader jonno?
Answer (English): BuX is BRAC University's official online course/learning platform, with separate FAQ and information sections for students and for faculty, covering how to use the platform for courses.

Question (Banglish): BRAC University School of Law kobe established hoyechilo, ar eta ki degree offer kore?
Answer (English): The School of Law was founded in 2004 and offers a four-year undergraduate Bachelor of Laws (LL.B. Hons.) program, along with a postgraduate LL.M. program.","BuX is BRAC University's online learning platform, built on the same open-source platform originally developed by MIT and Harvard (Open edX). It was launched in 2020 in response to the shift to online learning during the COVID-19 pandemic.",open_ended,linear,0.5,False,False,False,False,False,True,0.0277,0.1234,7.9681,8.1204,2026-07-27T11:24:18.657967+00:00,0.3659,0.9406
BQ081,adaptive_novel,BRAC University er Counseling and Wellness Centre ki offer kore?,"The Counseling and Wellness Centre is a dedicated student-life office providing psychological and wellbeing support to students, separate from the psychosocial counselling available specifically at the Residential Campus.","Question (Banglish): BRAC University er Counseling and Wellness Centre ki offer kore?
Answer (English): The Counseling and Wellness Centre is a dedicated student-life office providing psychological and wellbeing support to students, separate from the psychosocial counselling available specifically at the Residential Campus.

Question (Banglish): BRAC University Medical Center ki ki service provide kore?
Answer (English): The Medical Center offers emergency medical services and free consultations/medicine to students and employees, health checkups with an official Health Card, referrals to partner hospitals for emergencies, ambulance support, and workshops on reproductive health and family planning. It also runs blood donation programs in collaboration with student clubs, arranges vaccination drives for communicable diseases, and holds regular STD/reproductive health workshops each semester with BRAC James P Grant School of Public Health.

Question (Banglish): BRAC University er ki kono healthcare partnership ache je student der discount offer kore?
Answer (English): Yes, BRAC University signed a Memorandum of Understanding with BRAC Healthcare in April 2024, under which BRAC Healthcare provides exclusive discount facilities on its healthcare services and treatments to all BRAC University students, employees, and their family members across its branches.

Question (Banglish): Counseling and Wellness Centre ki tar service er jonno charge kore?
Answer (English): No, the Counseling and Wellness Centre (CWC) provides free and confidential mental health and wellbeing services to all students and staff, including individual counseling, both face-to-face and online.

Question (Banglish): Counseling Unit ki type er counseling service provide kore?
Answer (English): The Counseling Unit offers mental health support, guidance, and workshops for students. Visti: https://www.bracu.ac.bd/campus-life/student-affairs/counseling-unit/counseling-team","The Counseling and Wellness Centre is a dedicated student-life office providing psychological and wellbeing support to students, separate from the psychosocial counselling available specifically at the Residential Campus.",open_ended,linear,0.5,False,False,False,False,False,True,0.0245,0.1475,6.0021,6.1753,2026-07-27T11:24:24.833674+00:00,0.1853,1.0333
BQ082,adaptive_novel,Undergraduate program e porer barer intake ta thik kobe theke shuru hobe?,"BRAC University admits new undergraduates three times a year - Spring (classes start January), Summer (May), and Fall (September). The exact application deadline and admission test date for the next intake are published on the Admissions page (bracu.ac.bd/admissions) closer to that semester.","Question (Banglish): Undergraduate program e porer barer intake ta thik kobe theke shuru hobe?
Answer (English): BRAC University admits new undergraduates three times a year - Spring (classes start January), Summer (May), and Fall (September). The exact application deadline and admission test date for the next intake are published on the Admissions page (bracu.ac.bd/admissions) closer to that semester.

Question (Banglish): Pre-Registration phase er por course selection kobe confirm korte hobe?
Answer (English): During the Self-Registration period assigned after result publication

Question (Banglish): BRAC University er Pharmacy department kobe established hoyechilo, ar program ta kivabe structured?
Answer (English): The Department of Pharmacy was established in 2010. The Bachelor of Pharmacy (B.Pharm) program is divided into eight consecutive semesters and is approved by both the University Grants Commission (UGC) and the Pharmacy Council of Bangladesh (PCB).

Question (Banglish): Student ra Residential Semester er jonno kobe Savar campus e jaoyar eligible hoy?
Answer (English): Students become eligible for the Residential Semester (RS) in their third semester, after satisfactorily completing their first and second semesters at the Mohakhali campus. To be eligible, a student must have a minimum CGPA of 1.5 and must have passed the ENG091 course.

Question (Banglish): BRAC University School of Law kobe established hoyechilo, ar eta ki degree offer kore?
Answer (English): The School of Law was founded in 2004 and offers a four-year undergraduate Bachelor of Laws (LL.B. Hons.) program, along with a postgraduate LL.M. program.","BRAC University admits new undergraduates three times a year - Spring (classes start January), Summer (May), and Fall (September). The exact application deadline and admission test date for the next intake are published on the Admissions page (bracu.ac.bd/admissions) closer to that semester.",open_ended,linear,0.5,False,False,False,False,False,True,0.0313,0.2701,8.8445,9.1470,2026-07-27T11:24:33.981091+00:00,0.5626,0.9241
BQ083,adaptive_novel,Security Supervisor Office e ki check kora hoy?,"Student ID Check, All workers In out","Question (Banglish): Security Supervisor Office e ki check kora hoy?
Answer (English): Student ID Check, All workers In out

Question (Banglish): Security Supervisor Office er function ta ki?
Answer (English): To check student IDs and monitor the entry and exit of all workers.

Question (Banglish): Cybersecurity te interested student der jonno ki ki elective course recommend kora hoy?
Answer (English): CSE446, CSE447, CSE490 and CSE496 can be beneficial for students interested in Cyber Security.

Question (Banglish): Amake ekhono advisor assign kora hoyni, ki korbo?
Answer (English): If you haven't been assigned an advisor yet, contact your department's DCO (Departmental Coordination Officer) - for CSE, current DCO contact details are published via the department's official advising channel or notice board, since DCO assignments can change between semesters. If the DCOs don't respond, escalate to your department's advising coordinator.

Question: What is the function of the Security Supervisor Office?
Answer: To check student IDs and monitor the entry and exit of all workers.","Student ID Check, All workers In out.",open_ended,linear,0.5,False,False,False,False,False,True,0.0262,0.1262,3.7952,3.9483,2026-07-27T11:24:37.929371+00:00,0.2838,1.0173
BQ084,adaptive_novel,Multipurpose Hall ami kivabe access korbo?,"Ground Floor, Find the lift lobby(2nd escalator); go straight to the West Side, where you will find some seats next to the Multipurpose Hall.","Question (Banglish): Multipurpose Hall ami kivabe access korbo?
Answer (English): Ground Floor, Find the lift lobby(2nd escalator); go straight to the West Side, where you will find some seats next to the Multipurpose Hall.

Question (Banglish): Female der Prayer Room ami kivabe access korbo?
Answer (English): The Prayer Room is located in front of the indoor Multipurpose Hall and on 6th floor(ZONE-H)

Question (Banglish): Learning Labs/Classrooms ami kivabe access korbo?
Answer (English): Learning Labs/Classrooms are located on multiple floors (7th to 12th), and access is usually through designated staircases or elevators.

Question (Banglish): Amar BRAC University G Suite email ami kivabe access korbo?
Answer (English): The G suite will be provided into the email connected to usis with a one time password. You need to reset the password.

Question (Banglish): Female der Prayer Room ami kothay pabo?
Answer (English): In front of the indoor (Multipurpose Hall) and also on 6th floor(ZONE-H).","The Multipurpose Hall is located on the Ground Floor, and you can find it by going straight to the West Side from the lift lobby, which is accessible via the second escalator.",open_ended,linear,0.5,False,False,False,False,False,True,0.0208,0.1013,6.1891,6.3117,2026-07-27T11:24:44.241688+00:00,0.1252,0.9954
BQ085,adaptive_novel,Early Childhood Development (ECD) program complete korte koto shomoy lage?,"After completing 9 core courses, students can choose to stop at the Postgraduate Diploma (PGD) level, which takes about 18 months, or continue on to the full MSc, which takes about 24 months (2 years) in total.","Question (Banglish): Early Childhood Development (ECD) program complete korte koto shomoy lage?
Answer (English): After completing 9 core courses, students can choose to stop at the Postgraduate Diploma (PGD) level, which takes about 18 months, or continue on to the full MSc, which takes about 24 months (2 years) in total.

Question (Banglish): Bachelor of Architecture program complete korte shadharonoto koto shomoy lage?
Answer (English): The Bachelor of Architecture requires 207 credits total. With a typical load of around 15 credits per semester, the program is recommended to take about 5 years (15 semesters) to complete, though students may take up to 21 credits per semester depending on academic standing and advisor approval.

Question: How long does the Early Childhood Development (ECD) program take to complete?
Answer: After completing 9 core courses, students can choose to stop at the Postgraduate Diploma (PGD) level, which takes about 18 months, or continue on to the full MSc, which takes about 24 months (2 years) in total.

Question (Banglish): Early Childhood Development program kader jonno aimed?
Answer (English): It's designed for a wide range of people interested in child development - from fresh graduates to experienced school teachers, principals, NGO and government professionals, curriculum developers, researchers, and evaluation specialists.

Question: Who is the Early Childhood Development program aimed at?
Answer: It's designed for a wide range of people interested in child development - from fresh graduates to experienced school teachers, principals, NGO and government professionals, curriculum developers, researchers, and evaluation specialists.","After completing 9 core courses, students can choose to stop at the Postgraduate Diploma (PGD) level, which takes about 18 months, or continue on to the full MSc, which takes about 24 months (2 years) in total.",open_ended,linear,0.5,False,False,False,False,False,True,0.0283,0.1220,7.9823,8.1337,2026-07-27T11:24:52.375921+00:00,0.2644,0.9705
BQ086,adaptive_novel,International student der ki medical report submit korte hoy?,"Yes, Health checkup/medical certificates are needed to be submitted.","Question (Banglish): International student der ki medical report submit korte hoy?
Answer (English): Yes, Health checkup/medical certificates are needed to be submitted.

Question (Banglish): Enroll korar age international student der ki medical requirement complete korte hoy?
Answer (English): International students must undergo a medical checkup in their home country, including a general fitness test and relevant clinical screenings/immunizations, and submit the physician's certificate/report to BRAC University.

Question (Banglish): Postgraduate program er jonno bidesh theke pass kora candidate der ki ki documents submit korte hoy?
Answer (English): Candidate must submit copies of your previous academic records which have to be verified from their respective institutions or attested from your respective Embassy/High Commission/Foreign Ministry and equivalence certificate from University Grants Commission (UGC) or Ministry of Education, Government of The People's Republic of Bangladesh before the end of the first semester.

Question (Banglish): Local student der moto international student der ki Residential Semester attend korte hoy?
Answer (English): Yes, the Residential Semester is a compulsory graduation requirement for all BRAC University students, including international students, unless a student is specifically exempted under RS-eligibility rules described in university policy.

Question: Hey, do international students need to submit any medical reports?
Answer: Yes, Health checkup/medical certificates are needed to be submitted.","Yes, Health checkup/medical certificates are needed to be submitted.",open_ended,linear,0.5,False,False,False,False,False,True,0.0268,0.1191,4.2907,4.4378,2026-07-27T11:24:56.813965+00:00,0.1354,0.9709
BQ087,adaptive_novel,BRAC University ki degree program er baire kono short professional certificate course offer kore?,"Yes. For example, BRAC University partnered with Swisscontact Bangladesh to launch a Professional Certificate Course on Environmental, Social and Governance (ESG), aimed at industry professionals - its first batch began in February 2026, aimed particularly at export-oriented sectors like ready-made garments.","Question (Banglish): BRAC University ki degree program er baire kono short professional certificate course offer kore?
Answer (English): Yes. For example, BRAC University partnered with Swisscontact Bangladesh to launch a Professional Certificate Course on Environmental, Social and Governance (ESG), aimed at industry professionals - its first batch began in February 2026, aimed particularly at export-oriented sectors like ready-made garments.

Question (Banglish): BRAC University ki kono online course offer kore?
Answer (English): We do not offer online courses or degree programs.

Question (Banglish): BRAC University LLB program student der ki ki career path er jonno prepare kore?
Answer (English): Graduates commonly pursue careers as advocates/lawyers, judges, corporate legal officers, or work in public administration, international organizations, NGOs, or academia; the curriculum's flexible electives let students specialize in areas like child rights, criminal law, business law, or gender studies.

Question: Does BRAC University offer any short professional certificate courses outside its degree programs?
Answer: Yes. For example, BRAC University partnered with Swisscontact Bangladesh to launch a Professional Certificate Course on Environmental, Social and Governance (ESG), aimed at industry professionals - its first batch began in February 2026, aimed particularly at export-oriented sectors like ready-made garments.

Question (Banglish): Academic structure er jonno BRAC University ki educational model follow kore?
Answer (English): BRAC University follows a North American-style credit-hour model built around semesters, courses, continuous evaluation, and letter grading, rather than the fixed-year system used at many traditional public universities. Degree progress is measured in completed credits, not by year of study.","Yes. For example, BRAC University partnered with Swisscontact Bangladesh to launch a Professional Certificate Course on Environmental, Social and Governance (ESG), aimed at industry professionals - its first batch began in February 2026, aimed particularly at export-oriented sectors like ready-made garments.",open_ended,linear,0.5,False,False,False,False,False,True,0.0305,0.1420,8.2291,8.4039,2026-07-27T11:25:05.218452+00:00,0.1850,0.9899
BQ088,adaptive_novel,Center of Entrepreneurship Development (CED) ki support provide kore?,"The Center for Entrepreneurship Development (CED) at BRAC University supports students and alumni in developing entrepreneurial skills and launching their own ventures. It offers various services, including:
Training and mentorship programs for aspiring entrepreneurs.
Workshops and seminars on business development and innovation.
Networking opportunities with industry professionals.
Resources and guidance for business planning and startup funding.
CED aims to foster a culture of entrepreneurship and innovation within the university community, providing both theoretical knowledge and practical experience to help students succeed in their entrepreneurial endeavors.Visit more for details: https://ced.bracu.ac.bd/","Question (Banglish): Center of Entrepreneurship Development (CED) ki support provide kore?
Answer (English): The Center for Entrepreneurship Development (CED) at BRAC University supports students and alumni in developing entrepreneurial skills and launching their own ventures. It offers various services, including:
Training and mentorship programs for aspiring entrepreneurs.
Workshops and seminars on business development and innovation.
Networking opportunities with industry professionals.
Resources and guidance for business planning and startup funding.
CED aims to foster a culture of entrepreneurship and innovation within the university community, providing both theoretical knowledge and practical experience to help students succeed in their entrepreneurial endeavors.Visit more for details: https://ced.bracu.ac.bd/

Question (Banglish): Center of Entrepreneurship Development (CED) ki ki service offer kore?
Answer (English): Located on the 3rd Floor/Level 3 (B3-03 Stair 08), the CED provides support for entrepreneurial activities.

Question: What support does the Center of Entrepreneurship Development (CED) provide?
Answer: The Center for Entrepreneurship Development (CED) at BRAC University supports students and alumni in developing entrepreneurial skills and launching their own ventures. It offers various services, including:
Training and mentorship programs for aspiring entrepreneurs.
Workshops and seminars on business development and innovation.
Networking opportunities with industry professionals.
Resources and guidance for business planning and startup funding.
CED aims to foster a culture of entrepreneurship and innovation within the university community, providing both theoretical knowledge and practical experience to help students succeed in their entrepreneurial endeavors.Visit more for details: https://ced.bracu.ac.bd/

Question (Banglish): Entrepreneurship Center kothay?
Answer (English): The Center of Entrepreneurship Development (CED) is on the 3rd floor.

Question: What services does the Center of Entrepreneurship Development (CED) offer?
Answer: Located on the 3rd Floor/Level 3 (B3-03 Stair 08), the CED provides support for entrepreneurial activities.","The Center for Entrepreneurship Development (CED) at BRAC University supports students and alumni in developing entrepreneurial skills and launching their own ventures. It offers various services, including:
Training and mentorship programs for aspiring entrepreneurs.
Workshops and seminars on business development and innovation.
Networking opportunities with industry professionals.
Resources and guidance for business planning and startup funding.
CED aims to foster a culture of entrepreneurship and innovation within the university community, providing both theoretical knowledge and practical experience to help students succeed in their entrepreneurial endeavors.",open_ended,linear,0.5,False,False,False,False,False,True,0.0238,0.1747,13.2851,13.4843,2026-07-27T11:25:18.702599+00:00,0.0369,1.0417
BQ089,adaptive_novel,Club event er por report kivabe submit korbo?,"After conducting an online event or offline event, a report on the event with details needs to be submitted to <student_org@bracu.ac.bd> within 7 working days. Without the report, future proposals will not be accepted and approved.

• The report must contain a minimum of 500 words to a maximum of 1000 words with detailed activities, discussion, social impact, and outcome. If you get any media, coverage please provide the link.

• The social media data must be included in the report such as the number of attendees, likes, shares, views, and comments. For the best accuracy please collect this information immediately after the event is completed.

• After receiving and reviewing the appropriate report, we will complete the event or online program. Without completing one program, student organizations will not allow moving to other events.","Question (Banglish): Club event er por report kivabe submit korbo?
Answer (English): After conducting an online event or offline event, a report on the event with details needs to be submitted to <student_org@bracu.ac.bd> within 7 working days. Without the report, future proposals will not be accepted and approved.

• The report must contain a minimum of 500 words to a maximum of 1000 words with detailed activities, discussion, social impact, and outcome. If you get any media, coverage please provide the link.

• The social media data must be included in the report such as the number of attendees, likes, shares, views, and comments. For the best accuracy please collect this information immediately after the event is completed.

• After receiving and reviewing the appropriate report, we will complete the event or online program. Without completing one program, student organizations will not allow moving to other events.

Question (Banglish): Event Budget kivabe korbo ar bill submit korbo?
Answer (English): Within 48 hours of the event, the Executive Committee of a club/forum should submit the expense details with advisor's signature along with all receipts/vouchers to the OCA. They also need to submit a report and photographs of the event along with the bills.

Question (Banglish): Kono event er jonno Food/Refreshment kivabe arrange korbo?
Answer (English): Clubs must purchase food and water for events directly from stores.

Proper money receipts must be collected for all expenses.

After the event, all bills and receipts must be submitted to the Office of Co-curricular Activities (OCA).

Once verified, the necessary financial procedures will be carried out.

For post-budget events, the approved amount will be transferred to the club advisor's bank account after submission and verification of the bills.

Question (Banglish): Notun event organize korar jonno kivabe apply korbo?
Answer (English): Submit the Event proposal with the advisor's approval (Advisor will must have his signature in the proposal). The proposal must contain detailed information on the event plan and budget. Email the proposal to <student_org@bracu.ac.bd> and cc the club advisor.

Question (Banglish): Online club event organize korar jonno kivabe apply korbo?
Answer (English): Student Organizations (clubs/societies) may organize online events:

1. Clubs/Societies will plan student activities either on online platforms or physically like the traditional way.

2. The official time of the programs will be in between : 11 am to 5 pm

3. Must submit the proposal by email before 10 working days of the event to student_org@bracu.ac.bd and cc to <club advisor/co-advisor>

4. In the proposal, club must provide the following information:

• Specific Topic or Objective
• Online Platform (Facebook, Instagram other apps) if the progam to be hosted on Online. And if offline then the Club activity room number or Auditorium or the lecture theatre number. 
• Attendees (Public or Private)
• Recording Consent/Acknowledgement
• Have a Designated Moderator
• Time and Date / Length of Program
• Detail about activities
• Provide one contact number for emergency communication
• Mention if need any budget/sponsorship is applicable","After conducting an online event or offline event, a report on the event with details needs to be submitted to <student_org@bracu.ac.bd> within 7 working days. The report must contain a minimum of 500 words to a maximum of 1000 words with detailed activities, discussion, social impact, and outcome.",open_ended,linear,0.5,False,False,False,False,False,True,0.0229,0.2584,10.5460,10.8278,2026-07-27T11:25:29.530876+00:00,0.0892,0.9580
BQ090,adaptive_novel,Grade e bhul mone hole student ra ki appeal korte pare?,"A student may apply to the Chair of Department or the Dean for the re-checking of an examination script. Such a request may be made on the grounds of evidence of procedural errors, arbitrariness or prejudice. The student must make any request within Seven (07) calendar days of the publication of the mark. The Chair of Department or the Dean may, after checking with the original grader, arrange for the evaluation of an examination script to be conducted by two members of the faculty not previously involved in the examination and marking process, supported by a member of the Examination Controller's office. The rechecking process and submission of any revised grade to the Examinations Controller should be completed within 15 calendar days.","Question (Banglish): Grade e bhul mone hole student ra ki appeal korte pare?
Answer (English): A student may apply to the Chair of Department or the Dean for the re-checking of an examination script. Such a request may be made on the grounds of evidence of procedural errors, arbitrariness or prejudice. The student must make any request within Seven (07) calendar days of the publication of the mark. The Chair of Department or the Dean may, after checking with the original grader, arrange for the evaluation of an examination script to be conducted by two members of the faculty not previously involved in the examination and marking process, supported by a member of the Examination Controller's office. The rechecking process and submission of any revised grade to the Examinations Controller should be completed within 15 calendar days.

Question (Banglish): Major department na hole o student ra ki EEE te minor korte pare?
Answer (English): Yes, BRAC University offers a Minor in EEE with its own defined set of required courses and prerequisites (such as Electrical Circuits I & II and Electronic Circuits I & II), open to students from other departments who meet the prerequisites.

Question (Banglish): Student ra ki tuition ar fee online e pay korte pare?
Answer (English): Yes, students at BRAC University can pay their tuition and fees online. The university accepts online payments through platforms like bKash, Rocket, Nagad, and Visa/MasterCard.

Question (Banglish): Student ra ki age theke seat reserve korte pare?
Answer (English): No, seating is strictly first-come, first-served.

Question (Banglish): Savar campus e thakar shomoy student ra ki visitor receive korte pare?
Answer (English): Only nominated visitors, usually parents, are allowed to visit on designated Parents' Days, which are announced each semester. Visiting hours are typically in the afternoon on specific Fridays.","A student may apply to the Chair of Department or the Dean for the re-checking of an examination script. Such a request may be made on the grounds of evidence of procedural errors, arbitrariness or prejudice. The student must make any request within Seven (07) calendar days of the publication of the mark.",open_ended,linear,0.5,False,False,False,False,False,True,0.0273,0.1968,9.1828,9.4076,2026-07-27T11:25:38.939220+00:00,0.5325,0.9558
BQ091,adaptive_novel,TARC e meal plan kivabe manage kora hoy?,"Tarc provides 3 main meals breakfast,lunch and dinner and two snack time followed by them.Breakfast time continues from 7-9 am, lunch time continues from 12:30-3 pm,dinner continues from 8:30-10 pm followed by snacks time which are from 11-12 am and 4-5 pm colleectively","Question (Banglish): TARC e meal plan kivabe manage kora hoy?
Answer (English): Tarc provides 3 main meals breakfast,lunch and dinner and two snack time followed by them.Breakfast time continues from 7-9 am, lunch time continues from 12:30-3 pm,dinner continues from 8:30-10 pm followed by snacks time which are from 11-12 am and 4-5 pm colleectively

Question (Banglish): TARC e ki ki extracurricular activity organize kora hoy?
Answer (English): TARC hosts weekly seminars in different social or global issues, it hosts sports competition in all possible sports. also many short courses such as language learning, web dev and many more

Question (Banglish): TARC e thakar shomoy student der kon rules follow korte hoy?
Answer (English): Students must maintain the time schedule for the meals.Nobody is provided meal after that particular time.Also nobody can roam in the campus after 10:00pm.

Question (Banglish): TARC e student attendance kivabe monitor kora hoy?
Answer (English): Attendance in class are strictly followed. You can't be absent in class without proper reasons

Question (Banglish): TARC e medical emergency hole ki kora hoy?
Answer (English): Medical emergencies are handled very precisely in Tarc.There are some doctors always available in tarc .They provide the students basic medication and treatment and if things gets worse students are sent to their residence calling their guardian","TARC provides 3 main meals, breakfast, lunch, and dinner, and two snack times followed by them. Breakfast time continues from 7-9 am, lunch time continues from 12:30-3 pm, dinner continues from 8:30-10 pm, followed by snacks time which are from 11-12 am and 4-5 pm collectively.",open_ended,linear,0.5,False,False,False,False,False,True,0.0263,0.1350,10.4701,10.6321,2026-07-27T11:25:49.571647+00:00,0.3896,1.0243
BQ092,adaptive_novel,"BRAC University kobe establish hoyechilo, ar ke prothisthata?","BRAC University was established in 2001, founded by Sir Fazle Hasan Abed, and is affiliated with the University Grants Commission (UGC) of Bangladesh.","Question (Banglish): BRAC University kobe establish hoyechilo, ar ke prothisthata?
Answer (English): BRAC University was established in 2001, founded by Sir Fazle Hasan Abed, and is affiliated with the University Grants Commission (UGC) of Bangladesh.

Question (Banglish): BRAC University School of Law kobe established hoyechilo, ar eta ki degree offer kore?
Answer (English): The School of Law was founded in 2004 and offers a four-year undergraduate Bachelor of Laws (LL.B. Hons.) program, along with a postgraduate LL.M. program.

Question (Banglish): BRAC University er Pharmacy department kobe established hoyechilo, ar program ta kivabe structured?
Answer (English): The Department of Pharmacy was established in 2010. The Bachelor of Pharmacy (B.Pharm) program is divided into eight consecutive semesters and is approved by both the University Grants Commission (UGC) and the Pharmacy Council of Bangladesh (PCB).

Question (Banglish): BRAC Institute of Educational Development (BRAC IED) kobe founded hoyechilo, ar eta ki niye focus kore?
Answer (English): BRAC IED was founded in 2004 and focuses on advancing education from a holistic perspective - covering early childhood development, play-based learning, psychosocial wellbeing, adolescent mental health, and primary/secondary curriculum and textbook design - through professional development, research, and advocacy.

Question (Banglish): School of Humanities and Social Sciences ta ki, ar eta kobe founded hoyechilo?
Answer (English): Founded in 2019, this school supervises BRAC University's teaching and research activities in the liberal arts, spanning departments related to humanities and social sciences.","BRAC University was established in 2001, founded by Sir Fazle Hasan Abed, and is affiliated with the University Grants Commission (UGC) of Bangladesh.",open_ended,linear,0.5,False,False,False,False,False,True,0.0263,0.1174,6.0489,6.1939,2026-07-27T11:25:55.765906+00:00,0.3422,0.9758
BQ093,adaptive_novel,Library thik kon kon service diye thake?,"The library offers a variety of study facilities to suit different preferences. If you enjoy studying in a group, you can reserve a study room in advance, providing a dedicated space for collaboration. For those who prefer studying alone, there are single seats and study capsules available on a first-come, first-served basis. Additionally, the library features various other quiet and comfortable areas where you can focus on your studies.","Question (Banglish): Library thik kon kon service diye thake?
Answer (English): The library offers a variety of study facilities to suit different preferences. If you enjoy studying in a group, you can reserve a study room in advance, providing a dedicated space for collaboration. For those who prefer studying alone, there are single seats and study capsules available on a first-come, first-served basis. Additionally, the library features various other quiet and comfortable areas where you can focus on your studies.

Question (Banglish): Ayesha Abed Library koto shomoy khola thake?
Answer (English): The library is open Sunday to Thursday from 9:00 AM to 10:00 PM, Friday from 2:30 PM to 9:00 PM, and Saturday from 1:00 PM to 9:00 PM. It is closed on government holidays.

Question (Banglish): Final defense shadharonoto kon shomoy e hoye thake?
Answer (English): During the end of the advising week of the next semester.

Question (Banglish): BRAC University transport service kon kon din chalay?
Answer (English): The service generally runs on university working days (historically Sunday-Thursday; more recent schedules list Saturday-Thursday), excluding weekends, government holidays, semester breaks, and periods of fully online classes.

Question (Banglish): Semester e student er grade kon kon assessment diye toiri hoy?
Answer (English): Student performance is evaluated continuously through class tests, quizzes, assignments, and midterm exams during the semester, plus end-of-semester assessment such as final exams, term papers, and project work; all these numerical scores are combined and converted into a letter grade.","The library offers a variety of study facilities to suit different preferences. If you enjoy studying in a group, you can reserve a study room in advance, providing a dedicated space for collaboration. For those who prefer studying alone, there are single seats and study capsules available on a first-come, first-served basis. Additionally, the library features various other quiet and comfortable areas where you can focus on your studies.",open_ended,linear,0.5,False,False,False,False,False,True,0.0219,0.1287,11.1971,11.3486,2026-07-27T11:26:07.114675+00:00,0.5152,0.9482
BQ094,adaptive_novel,Section change korte hole thik kon niyom follow korte hobe?,If you are already enrolled in a section then your request will be rejected by DCO due to the policies set by department.,"Question (Banglish): Section change korte hole thik kon niyom follow korte hobe?
Answer (English): If you are already enrolled in a section then your request will be rejected by DCO due to the policies set by department.

Question (Banglish): TARC cancel korte hole thik kon proshes follow korte hobe?
Answer (English): Valid reasons with all necessary information have to be submitted in the register office and also the signature of VC is necessary

Question (Banglish): Ekjon fresher department kivabe change korte pare?
Answer (English): Freshers can change the department before the class starts. They need to contact the Admissions Office.

Question (Banglish): Pre-Registration phase er por course selection kobe confirm korte hobe?
Answer (English): During the Self-Registration period assigned after result publication

Question (Banglish): Advising confirm korar por course ba section change korar ability ache ki?
Answer (English): Changes cannot be made by the student; departmental adviser assistance is required.",If you are already enrolled in a section then your request will be rejected by DCO due to the policies set by department.,open_ended,linear,0.5,False,False,False,False,False,True,0.0285,0.0789,5.0756,5.1841,2026-07-27T11:26:12.299115+00:00,0.2799,0.9864
BQ095,adaptive_novel,"Journal, magazine ar reference book gula ki borrow kora jay?","No. Journals, magazines, newspapers, and items in the reference collection are for in-library use only and cannot be checked out.","Question (Banglish): Journal, magazine ar reference book gula ki borrow kora jay?
Answer (English): No. Journals, magazines, newspapers, and items in the reference collection are for in-library use only and cannot be checked out.

Question (Banglish): Ayesha Abed Library te ki ki resource access kora jay?
Answer (English): The library offers a large collection of printed books and tens of thousands of e-books, plus subscriptions to major academic databases and publishers such as McGraw-Hill, Cambridge University Press, Pearson, SAGE, Oxford University Press, Project MUSE and ScienceDirect, covering engineering, business, humanities, law, and the sciences.

Question (Banglish): Library te ki ki resource pawa jay?
Answer (English): The library's resources include books, journals, and articles, among other materials.

Question: Are journals, magazines and reference books available for borrowing?
Answer: No. Journals, magazines, newspapers, and items in the reference collection are for in-library use only and cannot be checked out.

Question: Quick question — are journals, magazines and reference books available for borrowing?
Answer: No. Journals, magazines, newspapers, and items in the reference collection are for in-library use only and cannot be checked out.","No. Journals, magazines, newspapers, and items in the reference collection are for in-library use only and cannot be checked out.",open_ended,linear,0.5,False,False,False,False,False,True,0.0251,0.1123,5.2525,5.3913,2026-07-27T11:26:17.690895+00:00,0.6233,1.0043
BQ096,adaptive_novel,BRAC University te Office of the Registrar er dayittwo ki?,"The Office of the Registrar handles core academic-record functions such as processing semester drop forms, maintaining student registration and grade records, and coordinating with departments on academic policy matters like leave of absence and inter-department transfers.","Question (Banglish): BRAC University te Office of the Registrar er dayittwo ki?
Answer (English): The Office of the Registrar handles core academic-record functions such as processing semester drop forms, maintaining student registration and grade records, and coordinating with departments on academic policy matters like leave of absence and inter-department transfers.

Question (Banglish): BRAC University te Office of the Proctor thik ki ki dekhe?
Answer (English): The Office of the Proctor is responsible for student discipline and campus safety, acting as an intermediary for complaints about harassment, bullying, or intimidation involving anyone affiliated with BRACU - students, faculty, staff, or security personnel.

Question (Banglish): BRAC University er general contact information ta ki?
Answer (English): The university can be reached at +88 09638464646 (extension 1001 for the operator), and general queries can be emailed to info@bracu.ac.bd.

Question: What is the Office of the Registrar responsible for at BRAC University?
Answer: The Office of the Registrar handles core academic-record functions such as processing semester drop forms, maintaining student registration and grade records, and coordinating with departments on academic policy matters like leave of absence and inter-department transfers.

Question (Banglish): BRAC University te ekhon Vice-Chancellor hisebe ke dayittwo palon korchen?
Answer (English): As of late 2024, Professor Syed Ferhat Anwar serves as Vice-Chancellor of BRAC University, having previously been Director of the Institute of Business Administration (IBA) at Dhaka University. He succeeded Vincent Chang, who served from 2019 to 2023.","The Office of the Registrar handles core academic-record functions such as processing semester drop forms, maintaining student registration and grade records, and coordinating with departments on academic policy matters like leave of absence and inter-department transfers.",open_ended,linear,0.5,False,False,False,False,False,True,0.0251,0.1182,6.7969,6.9412,2026-07-27T11:26:24.632613+00:00,0.2029,1.0252
BQ097,adaptive_novel,Lab-based ba design-based program e ki regular tuition er baire additional fee lage?,"Yes, programs with laboratory or studio components (such as CSE, Architecture, and Pharmacy) typically carry an additional lab/studio fee per semester on top of standard tuition and semester fees.","Question (Banglish): Lab-based ba design-based program e ki regular tuition er baire additional fee lage?
Answer (English): Yes, programs with laboratory or studio components (such as CSE, Architecture, and Pharmacy) typically carry an additional lab/studio fee per semester on top of standard tuition and semester fees.

Question: Do lab-based or design-based programs pay an additional fee beyond regular tuition?
Answer: Yes, programs with laboratory or studio components (such as CSE, Architecture, and Pharmacy) typically carry an additional lab/studio fee per semester on top of standard tuition and semester fees.

Question: I wanted to ask, do lab-based or design-based programs pay an additional fee beyond regular tuition?
Answer: Yes, programs with laboratory or studio components (such as CSE, Architecture, and Pharmacy) typically carry an additional lab/studio fee per semester on top of standard tuition and semester fees.

Question (Banglish): Tuition chara ar ki kono additional fee ache?
Answer (English): In addition to the tuition fees for the Computer Science and Engineering (CSE) program at BRAC University, students are required to pay several additional fees. These include a one-time, non-refundable admission fee of BDT 30,800 and a semester fee of BDT 11,500, which covers essential services such as IT facilities, library access, and student activities. There is also a one-time library membership fee of BDT 2,500. Depending on the specific courses, students might incur additional lab fees, although these are generally included within the course fees for most programs

Question (Banglish): BRAC University ki bole je tar degree program e kono hidden fee nei?
Answer (English): The university's fee structure is designed to be transparent, with published admission fees, per-credit tuition, semester fees, lab fees, and one-time costs like the Residential Semester fee - students are encouraged to review the official Tuition and Fees and Other Fees pages for the current full breakdown, since figures are periodically revised.","Yes, programs with laboratory or studio components (such as CSE, Architecture, and Pharmacy) typically carry an additional lab/studio fee per semester on top of standard tuition and semester fees.",open_ended,linear,0.5,False,False,False,False,False,True,0.0346,0.2196,6.7461,7.0014,2026-07-27T11:26:31.634561+00:00,0.3052,1.0315
BQ098,adaptive_novel,Valid reason e student final exam miss korle course teacher er ki korte hoy?,"If a student misses the final exam for a documented valid reason (such as a medical emergency), the course teacher can arrange a make-up exam, and if course requirements genuinely can't be completed in time, an 'Incomplete' (I) grade with a defined completion deadline (up to 8 weeks after the final exam) may be assigned instead.","Question (Banglish): Valid reason e student final exam miss korle course teacher er ki korte hoy?
Answer (English): If a student misses the final exam for a documented valid reason (such as a medical emergency), the course teacher can arrange a make-up exam, and if course requirements genuinely can't be completed in time, an 'Incomplete' (I) grade with a defined completion deadline (up to 8 weeks after the final exam) may be assigned instead.

Question (Banglish): Mid/final miss korle ki korbo?
Answer (English): You should inform your course instructor as soon as possible with a valid reason (such as medical emergencies). In some cases, you may need to provide documentation like medical certificates to appeal.

Question: This might be a silly question, but what should a course teacher do if a student misses the final exam for a valid reason?
Answer: If a student misses the final exam for a documented valid reason (such as a medical emergency), the course teacher can arrange a make-up exam, and if course requirements genuinely can't be completed in time, an 'Incomplete' (I) grade with a defined completion deadline (up to 8 weeks after the final exam) may be assigned instead.

Question: What should a course teacher do if a student misses the final exam for a valid reason?
Answer: If a student misses the final exam for a documented valid reason (such as a medical emergency), the course teacher can arrange a make-up exam, and if course requirements genuinely can't be completed in time, an 'Incomplete' (I) grade with a defined completion deadline (up to 8 weeks after the final exam) may be assigned instead.

Question: Random question, what should a course teacher do if a student misses the final exam for a valid reason?
Answer: If a student misses the final exam for a documented valid reason (such as a medical emergency), the course teacher can arrange a make-up exam, and if course requirements genuinely can't be completed in time, an 'Incomplete' (I) grade with a defined completion deadline (up to 8 weeks after the final exam) may be assigned instead.","If a student misses the final exam for a documented valid reason (such as a medical emergency), the course teacher can arrange a make-up exam, and if course requirements genuinely can't be completed in time, an 'Incomplete' (I) grade with a defined completion deadline (up to 8 weeks after the final exam) may be assigned instead.",open_ended,linear,0.5,False,False,False,False,False,True,0.0301,0.1253,9.9387,10.0953,2026-07-27T11:26:41.730115+00:00,0.3602,0.9895
BQ099,adaptive_novel,Route-01 (Abdullahpur) er pickup time gula ki?,"1st Trip: 6:40 AM, 2nd Trip: 8:50 AM.","Question (Banglish): Route-01 (Abdullahpur) er pickup time gula ki?
Answer (English): 1st Trip: 6:40 AM, 2nd Trip: 8:50 AM.

Question (Banglish): Route-04 (Azimpur) er pickup time gula ki?
Answer (English): Route-04 (Azimpur): 1st Trip: 6:30 AM, 2nd Trip: 8:45 AM.

Question (Banglish): Route-07 (Mohammadpur) er pickup time gula ki?
Answer (English): 1st Trip: 6:25 AM, 2nd Trip: 8:55 AM.

Question (Banglish): Route-02 (Mirpur-A) er pickup time gula ki?
Answer (English): 1st Trip: 6:30 AM, 2nd Trip: 8:40 AM.

Question (Banglish): Route-02 (Mirpur-B) er pickup time gula ki?
Answer (English): 1st Trip: 6:45 AM, 2nd Trip: 9:00 AM.",The pickup times for Route-01 (Abdullahpur) are as follows: the first trip is at 6:40 AM and the second trip is at 8:50 AM.,open_ended,linear,0.5,False,False,False,False,False,True,0.0278,0.0702,6.5585,6.6572,2026-07-27T11:26:48.387771+00:00,0.2030,1.0625
BQ100,adaptive_novel,Direction niye member der modhye disagreement hole thesis er majhpothe group ki split hote pare?,"Yes, but it comes with a mark penalty that increases the later it happens in the process - members can request to break/divide a group, with deductions rising from Pre-Thesis I through the Final Defense stage.","Question (Banglish): Direction niye member der modhye disagreement hole thesis er majhpothe group ki split hote pare?
Answer (English): Yes, but it comes with a mark penalty that increases the later it happens in the process - members can request to break/divide a group, with deductions rising from Pre-Thesis I through the Final Defense stage.

Question (Banglish): Pre-Thesis II er shomoy group bhange/divide korle penalty ki?
Answer (English): 3 marks are deducted for breaking or dividing a thesis/project group during Pre-Thesis II.

Question (Banglish): Pre-Thesis I er shomoy group bhange/divide korle penalty ki?
Answer (English): 2 marks are deducted for breaking or dividing a thesis/project group during Pre-Thesis I.

Question (Banglish): Group thesis process er kono phase e fail korle ki hoy?
Answer (English): The phase will be considered incomplete, and the group cannot progress further.

Question (Banglish): Ami ki kichu thesis er sample pete pari?
Answer (English): Yes, sure. The link: https://drive.google.com/drive/folders/17Vz4kBF_zH7NKX0fWd8n9aIcJtziBXtz","Yes, but it comes with a mark penalty that increases the later it happens in the process - members can request to break/divide a group, with deductions rising from Pre-Thesis I through the Final Defense stage.",open_ended,linear,0.5,False,False,False,False,False,True,0.0311,0.1190,6.9348,7.0869,2026-07-27T11:26:55.474949+00:00,0.5188,0.9640
