query_id,config,query,reference_answer,retrieved_context,generated_answer,route,fusion,lambda,abstained,raw_abstain,sufficient_context_override,graph_augmented,exact_match_any,question_match_any,translated_query,retrieval_s,rerank_s,generation_s,total_s,timestamp,query_confidence,query_top1_score
BQ001,adaptive_novel,TARC e student der ki ki amenities ar facility deya hoy?,"Tarc provides students of BRAC a residential campus where they experience to live with their fellow classmates.Tarc also provides students the importance of time dynamics ,punctuality and basic manners like to respect others work.Tarc also tries to make students do their own work by themselves.","Question (Banglish): TARC e student der ki ki amenities ar facility deya hoy?
Answer (English): Tarc provides students of BRAC a residential campus where they experience to live with their fellow classmates.Tarc also provides students the importance of time dynamics ,punctuality and basic manners like to respect others work.Tarc also tries to make students do their own work by themselves.

Question: What amenities and facilities are provided for students at TARC?
Answer: Tarc provides students of BRAC a residential campus where they experience to live with their fellow classmates.Tarc also provides students the importance of time dynamics ,punctuality and basic manners like to respect others work.Tarc also tries to make students do their own work by themselves.

Question: Quick question — what amenities and facilities are provided for students at TARC?
Answer: Tarc provides students of BRAC a residential campus where they experience to live with their fellow classmates.Tarc also provides students the importance of time dynamics ,punctuality and basic manners like to respect others work.Tarc also tries to make students do their own work by themselves.

Question: Curious about something: what amenities and facilities are provided for students at TARC?
Answer: Tarc provides students of BRAC a residential campus where they experience to live with their fellow classmates.Tarc also provides students the importance of time dynamics ,punctuality and basic manners like to respect others work.Tarc also tries to make students do their own work by themselves.

Question: For a friend who's asking — what amenities and facilities are provided for students at TARC?
Answer: Tarc provides students of BRAC a residential campus where they experience to live with their fellow classmates.Tarc also provides students the importance of time dynamics ,punctuality and basic manners like to respect others work.Tarc also tries to make students do their own work by themselves.","Tarc provides students of BRAC a residential campus where they experience to live with their fellow classmates. Tarc also provides students the importance of time dynamics, punctuality and basic manners like respecting others' work. Tarc also tries to make students do their own work by themselves.",open_ended,linear,0.5,False,True,True,False,False,True,,0.1603,0.0000,9.2600,9.4205,2026-07-28T09:34:32.586310+00:00,0.5276,0.9742
BQ002,adaptive_novel,Pre-Registration phase er por course selection kobe confirm korte hobe?,During the Self-Registration period assigned after result publication,"Question (Banglish): Pre-Registration phase er por course selection kobe confirm korte hobe?
Answer (English): During the Self-Registration period assigned after result publication

Question (Banglish): Pre-Registration Phase 2 er starting date ta kobe?
Answer (English): You will be emailed by the registrar.

Question: When must course selections be confirmed after Pre-Registration phases?
Answer: During the Self-Registration period assigned after result publication

Question: Does BRAC University have a confirmation button during Pre-Registration Phase 1 or Phase 2?
Answer: No confirmation button is available in either phase

Question: Is there a confirmation button during Pre-Registration Phase 1 or Phase 2?
Answer: No confirmation button is available in either phase",During the Self-Registration period assigned after result publication.,open_ended,linear,0.5,False,True,True,False,False,True,,0.0273,0.0000,3.9601,3.9877,2026-07-28T09:34:36.574355+00:00,0.4051,1.0111
BQ003,adaptive_novel,"BRAC University bochore koyta semester chalay, ar kobe shuru hoy?","BRAC University runs three semesters a year - Spring, Summer and Fall - starting in January, May and September respectively. Pharmacy admits in Spring or Summer, and LLB admits in Spring or Fall.","Question (Banglish): BRAC University bochore koyta semester chalay, ar kobe shuru hoy?
Answer (English): BRAC University runs three semesters a year - Spring, Summer and Fall - starting in January, May and September respectively. Pharmacy admits in Spring or Summer, and LLB admits in Spring or Fall.

Question (Banglish): BRAC University protibochor koyta semester chalay, ar segula ke ki bola hoy?
Answer (English): BRAC University follows a semester-based system with three equal semesters each year: Spring, Summer, and Fall.

Question (Banglish): BRACU te bochore koyta semester hoy, ar segula kobe shuru hoy?
Answer (English): BRACU offers 3 semesters a year: Spring, Summer & Fall, and these start in January, May & September respectively.
For Pharmacy & LLB: BRACU offers admission for Pharmacy & LLB department twice a year. You can apply in for Pharmacy: Spring or Summer semester and for LLB: Spring or Fall. The classes start from January and July for Pharmacy. January and September for LLB accordingly.
Tentative Schedule - Admission Tests:
Semester
1st Intake
2nd Intake
Spring
November
December
Summer
March
April
Fall
July
August

Question (Banglish): Eta kobe shuru hoy?
Answer (English): Could you clarify what you're asking about - a specific semester, an event, the Residential Semester? Happy to help once I know which one.

Question (Banglish): Spring, Summer, ar Fall semester shadharonoto kon kon month e shuru hoy?
Answer (English): Spring semester usually starts in January, Summer in May, and Fall in September, though the exact start date each year is announced in that year's Academic Calendar.","BRAC University runs three semesters a year - Spring, Summer, and Fall - starting in January, May, and September respectively.",open_ended,linear,0.5,False,True,True,False,False,True,,0.0243,0.0000,5.7100,5.7344,2026-07-28T09:34:42.309365+00:00,0.1904,0.9350
BQ004,adaptive_novel,Amar vehicle ta kothay park korte hobe?,You can park your vehicle at basement-2.,"Question (Banglish): Amar vehicle ta kothay park korte hobe?
Answer (English): You can park your vehicle at basement-2.

Question: Where do i have to park the vehicle?
Answer: You can park your vehicle at basement-2.

Question (Banglish): Ami koto shomoy campus e amar vehicle park korte pari?
Answer (English): As long as you're paying the parking fee

Question: How long can i park my vehicle on campus?
Answer: As long as you're paying the parking fee

Question (Banglish): Driver driven car parking er payment koto?
Answer (English): For driver-driven vehicles: registered vehicles pay Tk 5,000 per semester; non-registered vehicles pay Tk 60 for the first 4 hours and Tk 20 for each additional hour.",You can park your vehicle at basement-2.,open_ended,linear,0.5,False,True,True,False,False,True,,0.0253,0.0000,4.1518,4.1772,2026-07-28T09:34:46.486823+00:00,0.2436,0.9972
BQ005,adaptive_novel,Exam hall e student der koto age ashte hobe?,Students should aim to arrive at the exam hall at least 15 to 30 minutes before the scheduled start time of their exam.,"Question (Banglish): Exam hall e student der koto age ashte hobe?
Answer (English): Students should aim to arrive at the exam hall at least 15 to 30 minutes before the scheduled start time of their exam.

Question: How early should students arrive at the exam hall?
Answer: Students should aim to arrive at the exam hall at least 15 to 30 minutes before the scheduled start time of their exam.

Question: Curious about something: how early should students arrive at the exam hall?
Answer: Students should aim to arrive at the exam hall at least 15 to 30 minutes before the scheduled start time of their exam.

Question: Not sure if this is covered elsewhere, but how early should students arrive at the exam hall?
Answer: Students should aim to arrive at the exam hall at least 15 to 30 minutes before the scheduled start time of their exam.

Question (Banglish): Exam hall e ki ki jinish prohibited?
Answer (English): Mobile phones, tablets, smartwatches, and other electronic gadgets are not allowed. Bringing textbooks, notes, or any other written materials is prohibited unless explicitly allowed by the instructor.Bags, backpacks, and personal belongings should be left outside the exam hall or in designated areas.",Students should aim to arrive at the exam hall at least 15 to 30 minutes before the scheduled start time of their exam.,open_ended,linear,0.5,False,True,True,False,False,True,,0.0211,0.0000,5.4162,5.4374,2026-07-28T09:34:51.924535+00:00,0.4728,0.9886
BQ006,adaptive_novel,Print korar jonno jaiga gula thik kon kon jaygay ache?,"Level-12:

Level-12, Zone-B, Adjacent to Room No: 12B-15L

Level-12, Zone-D, Adjacent to Room No: 12D-25L

Level-12, Zone-F, Room No: 12F-31L

Level-12, Zone-F, Room No: 12F-32L

Level-11:

Level-11, Zone-A, Room No: 11A-03L

Level-11, Zone-B, Adjacent to Room No: 11B-15L

Level-11, Zone-B, Adjacent to Room No: 11B-16L

Level-11, Zone-D, Adjacent to Room No: 11D-27L

Level-11, Zone-F, Adjacent to Room No: 11F-34L

Level-10:

Level-10, Zone-B, Adjacent to Room No: 10B-11L

Level-10, Zone-D, Adjacent to Room No: 10D-22L

Level-10, Zone-F, Adjacent to Room No: 10F-28L

Level-09:

Level-09, Zone-B, Adjacent to Room No: 09B-09L

Level-09, Zone-D, Adjacent to Room No: 09D-17C

Level-09, Zone-F, Adjacent to Room No: 09F-25L

Level-08:

Level-08, Zone-B, Adjacent to Room No: 08B-08C

Level-08, Zone-D, Adjacent to Room No: 08D-12C

Level-08, Zone-F, Adjacent to Room No: 08F-19C

Level-07:

Level-07, Block-F, Adjacent to Room No: 07F-22C

Level-07, Zone-D, Adjacent to Room No: 07D-19C

Facilities Tower:

Facilities Tower, 10th Floor, Waiting Room","Question (Banglish): Print korar jonno jaiga gula thik kon kon jaygay ache?
Answer (English): Level-12:

Level-12, Zone-B, Adjacent to Room No: 12B-15L

Level-12, Zone-D, Adjacent to Room No: 12D-25L

Level-12, Zone-F, Room No: 12F-31L

Level-12, Zone-F, Room No: 12F-32L

Level-11:

Level-11, Zone-A, Room No: 11A-03L

Level-11, Zone-B, Adjacent to Room No: 11B-15L

Level-11, Zone-B, Adjacent to Room No: 11B-16L

Level-11, Zone-D, Adjacent to Room No: 11D-27L

Level-11, Zone-F, Adjacent to Room No: 11F-34L

Level-10:

Level-10, Zone-B, Adjacent to Room No: 10B-11L

Level-10, Zone-D, Adjacent to Room No: 10D-22L

Level-10, Zone-F, Adjacent to Room No: 10F-28L

Level-09:

Level-09, Zone-B, Adjacent to Room No: 09B-09L

Level-09, Zone-D, Adjacent to Room No: 09D-17C

Level-09, Zone-F, Adjacent to Room No: 09F-25L

Level-08:

Level-08, Zone-B, Adjacent to Room No: 08B-08C

Level-08, Zone-D, Adjacent to Room No: 08D-12C

Level-08, Zone-F, Adjacent to Room No: 08F-19C

Level-07:

Level-07, Block-F, Adjacent to Room No: 07F-22C

Level-07, Zone-D, Adjacent to Room No: 07D-19C

Facilities Tower:

Facilities Tower, 10th Floor, Waiting Room

Question (Banglish): TARC cancel korte hole thik kon proshes follow korte hobe?
Answer (English): Valid reasons with all necessary information have to be submitted in the register office and also the signature of VC is necessary

Question (Banglish): Section change korte hole thik kon niyom follow korte hobe?
Answer (English): If you are already enrolled in a section then your request will be rejected by DCO due to the policies set by department.

Question (Banglish): CGPA ta thik kon niyome calculate kora hoy?
Answer (English): To calculate your CGPA, simply sum all your GPAs for each semester and divide it by the sum of the Total Credit Units (TCU) for each semester

Question (Banglish): TARC e student der kon kon course korte hoy? Details ta bolen.
Answer (English): Students have to complete BNG101,HUM101,EMB101 and ENG102/ENG101","The locations where printing can be done are:

Level-12, Zone-B, Adjacent to Room No: 12B-15L
Level-12, Zone-D, Adjacent to Room No: 12D-25L
Level-12, Zone-F, Room No: 12F-31L
Level-12, Zone-F, Room No: 12F-32L
Level-11, Zone-A, Room No: 11A-03L
Level-11, Zone-B, Adjacent to Room No: 11B-15L
Level-11, Zone-B, Adjacent to Room No: 11B-16L
Level-11, Zone-D, Adjacent to Room No: 11D-27L
Level-11, Zone-F, Adjacent to Room No: 11F-34L
Level-10, Zone-B, Adjacent to Room No: 10B-11L
Level-10, Zone-D, Adjacent to Room No: 10D-22L
Level-10, Zone-F, Adjacent to Room No: 10F-28L
Level-09, Zone-B, Adjacent to Room No: 09B-09L
Level-09, Zone-D, Adjacent to Room No: 09D-17C
Level-09, Zone-F, Adjacent to Room No: 09F-25L
Level-08, Zone-B, Adjacent to Room No: 08B-08C
Level-08, Zone-D, Adjacent to Room No: 08D-12C
Level-08, Zone-F, Adjacent to Room No: 08F-19C
Level-07, Block-F, Adjacent to Room No: 07F-22C
Level-07, Zone-D, Adjacent to Room No: 07D-19C
Facilities Tower, 10th Floor, Waiting Room",open_ended,linear,0.5,False,True,True,False,False,True,,0.0198,0.0000,52.4880,52.5080,2026-07-28T09:35:44.432719+00:00,0.0727,0.5848
BQ007,adaptive_novel,EEE Department kothay?,The EEE Department is located on the 4th floor and the labs are on 11th and 12th.,"Question (Banglish): EEE Department kothay?
Answer (English): The EEE Department is located on the 4th floor and the labs are on 11th and 12th.

Question (Banglish): EEE department er printing Lab kothay?
Answer (English): The EEE Department's printing lab is on 12B-17L

Question: Where is the EEE Department?
Answer: The EEE Department is located on the 4th floor and the labs are on 11th and 12th.

Question (Banglish): ENH Department kothay?
Answer (English): The ENH Department is located on the 5th floor.

Question: Where is EEE department's printing Lab?
Answer: The EEE Department's printing lab is on 12B-17L",The EEE Department is located on the 4th floor and the labs are on 11th and 12th.,open_ended,linear,0.5,False,True,True,False,False,True,,0.0170,0.0000,5.2044,5.2215,2026-07-28T09:35:49.654743+00:00,0.1615,1.0057
BQ008,adaptive_novel,Summer 2025 er Wishlist event er purpose ki?,To help plan course offerings based on student demand,"Question: Purpose of the Wishlist event for Summer 2025?
Answer: To help plan course offerings based on student demand

Question (Banglish): Summer 2025 er Wishlist event er purpose ki?
Answer (English): To help plan course offerings based on student demand

Question: Why is participation in the Wishlist event important?
Answer: Course offerings will be based on student demand collected from Wishlist submissions

Question (Banglish): Kon undergraduate program gula Wishlist event theke excluded?
Answer (English): LLB and PHR (Pharmacy) students are excluded from the Wishlist event, along with students eligible for the Residential Semester in the upcoming term.

Question: Purpose of the Course Wishlist feature in the Connect system?
Answer: Addition of preferred courses to a wishlist to secure seats as they become available while following university policies",The purpose of the Wishlist event for Summer 2025 is to help plan course offerings based on student demand.,open_ended,linear,0.5,False,True,True,False,False,True,,0.0164,0.0000,4.7456,4.7622,2026-07-28T09:35:54.417316+00:00,0.0116,0.6442
BQ009,adaptive_novel,Transport service e change hole student der kivabe janano hoy?,Students are informed through official BRAC University notices and announcements.,"Question (Banglish): Transport service e change hole student der kivabe janano hoy?
Answer (English): Students are informed through official BRAC University notices and announcements.

Question (Banglish): Student ra transport service ke kivabe contact korbe?
Answer (English): Students can contact the transport service via designated phone numbers.

Question: How are students informed about changes to the transport service?
Answer: Students are informed through official BRAC University notices and announcements.

Question (Banglish): Ashche semester gula te transport schedule change hobe ki?
Answer (English): The transport schedule is subject to change based on academic schedules and operational needs. Updated schedules will be communicated by the university.

Question (Banglish): Transport service kon kon din operate kore?
Answer (English): The service operates from Sunday to Thursday.",Students are informed through official BRAC University notices and announcements.,open_ended,linear,0.5,False,True,True,False,False,True,,0.0234,0.0000,3.8499,3.8735,2026-07-28T09:35:58.291234+00:00,0.4604,0.9964
BQ010,adaptive_novel,Ke Wishlist event e participate korte hobe?,"All undergraduate students attending upcoming, excluding RS-eligible students and LLB, PHR students","Question (Banglish): Ke Wishlist event e participate korte hobe?
Answer (English): All undergraduate students attending upcoming, excluding RS-eligible students and LLB, PHR students

Question (Banglish): Wishlist event e participate na korle ki consequence hoy?
Answer (English): Student will not be allowed to register during Pre-Registration Phase 1

Question (Banglish): Kon group er student der Wishlist event e participate korar requirement nei?
Answer (English): Students who are eligible for residential semester in the upcoming semester.

Question (Banglish): Wishlist event e participation kora keno eto important, seta ektu bujhiye bolben?
Answer (English): Course offerings will be based on student demand collected from Wishlist submissions

Question (Banglish): Wishlist event e course select korar por ki korte hobe?
Answer (English): Press the ""Confirm"" button within the assigned slot time","All undergraduate students attending the upcoming semester, excluding RS-eligible students and LLB, PHR students will be able to participate in the Wishlist event.",open_ended,linear,0.5,False,True,True,False,False,True,,0.0205,0.0000,5.5267,5.5474,2026-07-28T09:36:03.839363+00:00,0.2106,1.0217
BQ011,adaptive_novel,Lab PC te log in korte na parle ki korbo?,"If you've changed your password and can't remember it, contact IT support at itsupport@bracu.ac.bd.","Question (Banglish): Lab PC te log in korte na parle ki korbo?
Answer (English): If you've changed your password and can't remember it, contact IT support at itsupport@bracu.ac.bd.

Question (Banglish): BRAC University lab PC te ami kivabe log in korbo?
Answer (English): To log in to the BRAC University lab PCs, use your university-provided credentials. Typically, your student ID is your username, and the default password is provided by the IT department during orientation.

Question (Banglish): BRAC University lab PC theke ami kivabe log out korbo?
Answer (English): To log out of a lab PC, click the Start Menu, select your profile icon, and click Sign Out.

Question: How do I log in to the BRAC University lab PCs?
Answer: To log in to the BRAC University lab PCs, use your university-provided credentials. Typically, your student ID is your username, and the default password is provided by the IT department during orientation.

Question: What's the process to log in to the BRAC University lab PCs?
Answer: To log in to the BRAC University lab PCs, use your university-provided credentials. Typically, your student ID is your username, and the default password is provided by the IT department during orientation.","If you've changed your password and can't remember it, contact IT support at itsupport@bracu.ac.bd.",open_ended,linear,0.5,False,True,True,False,False,True,,0.0169,0.0000,5.2471,5.2641,2026-07-28T09:36:09.103432+00:00,0.1902,1.0053
BQ012,adaptive_novel,Route-03 (Jigatola) er designated bus stop gula kothay?,"The designated stops are: Jigatola Bus Stand, City College, Science Lab, Kataban, Shahbagh, High Court, Press Club, Motsho Bhaban, Bijoynagar, Kakrail Mosque, Shantinagar, Malibagh Railgate, Rampura TV Centre, Badda Link Road, BRAC University.","Question (Banglish): Route-03 (Jigatola) er designated bus stop gula kothay?
Answer (English): The designated stops are: Jigatola Bus Stand, City College, Science Lab, Kataban, Shahbagh, High Court, Press Club, Motsho Bhaban, Bijoynagar, Kakrail Mosque, Shantinagar, Malibagh Railgate, Rampura TV Centre, Badda Link Road, BRAC University.

Question (Banglish): Route-09 (Bashundhara Residential Area) er designated bus stop gula kothay?
Answer (English): The designated stops are: Bashundhara Gate, Bashundhara R/A, Bashundhara Shwapno, Apollo Hospital (Evercare), BRAC University.

Question (Banglish): Route-08 (Narayanganj) er designated bus stop gula kothay?
Answer (English): The designated stops are: Chashara Bus Stand, Narayanganj Club, Chanmari, Hajiganj, Signboard, Jatrabari, Motijheel, Press Club, High Court, Shahbagh, BRAC University.

Question (Banglish): Route-05 (Jatrabari) er designated bus stop gula kothay?
Answer (English): The designated stops are: Jatrabari Bus Stand, Sayedabad Bus Terminal, Motijheel Ideal School, Ittefaq Mor, Fakirapool Bus Stand, Bijoynagar, Kakrail Mosque, Shantinagar, Malibagh Railgate, Rampura TV Centre, Badda Link Road, BRAC University.

Question (Banglish): Route-07 (Mohammadpur) er designated bus stop gula kothay?
Answer (English): The designated stops are: Mohammadpur Bus Stand, College Gate, Shyamoli, Kallyanpur, Gabtoli, Technical Mor, Darus Salam, Mirpur-1, Mirpur-2, Mirpur-10, Mirpur-12, ECB Chattar, BRAC University.","The designated stops for Route-03 (Jigatola) are Jigatola Bus Stand, City College, Science Lab, Kataban, Shahbagh, High Court, Press Club, Motsho Bhaban, Bijoynagar, Kakrail Mosque, Shantinagar, Malibagh Railgate, Rampura TV Centre, Badda Link Road, and BRAC University.",open_ended,linear,0.5,False,False,False,False,False,True,,0.0222,0.0000,11.4309,11.4533,2026-07-28T09:36:20.557429+00:00,0.1825,1.0572
BQ013,adaptive_novel,Biotechnology ar Microbiology ki ekhono Physics ar Mathematics er shathe eki department e ache?,"Biotechnology and Microbiology historically shared a department (MNS) with Physics and Mathematics; today they fall under the School of Life Sciences, while Physics/Mathematics/APE are now under the Department of Mathematics and Physical Sciences (MPS) - both trace back to the original MNS department founded in 2001.","Question (Banglish): Biotechnology ar Microbiology ki ekhono Physics ar Mathematics er shathe eki department e ache?
Answer (English): Biotechnology and Microbiology historically shared a department (MNS) with Physics and Mathematics; today they fall under the School of Life Sciences, while Physics/Mathematics/APE are now under the Department of Mathematics and Physical Sciences (MPS) - both trace back to the original MNS department founded in 2001.

Question: Are Biotechnology and Microbiology still under the same department as Physics and Mathematics?
Answer: Biotechnology and Microbiology historically shared a department (MNS) with Physics and Mathematics; today they fall under the School of Life Sciences, while Physics/Mathematics/APE are now under the Department of Mathematics and Physical Sciences (MPS) - both trace back to the original MNS department founded in 2001.

Question: Just wondering, are Biotechnology and Microbiology still under the same department as Physics and Mathematics?
Answer: Biotechnology and Microbiology historically shared a department (MNS) with Physics and Mathematics; today they fall under the School of Life Sciences, while Physics/Mathematics/APE are now under the Department of Mathematics and Physical Sciences (MPS) - both trace back to the original MNS department founded in 2001.

Question (Banglish): Major na hoile o student ra ki Physics, Mathematics, Biotechnology, ba Microbiology te minor korte pare?
Answer (English): Yes, BRAC University offers formal Minor programs in Physics, Mathematics, Biotechnology, and Microbiology, each with a specific set of required courses, open to students from other majors who meet the prerequisites.

Question: Can students minor in Physics, Mathematics, Biotechnology, or Microbiology even if it's not their major?
Answer: Yes, BRAC University offers formal Minor programs in Physics, Mathematics, Biotechnology, and Microbiology, each with a specific set of required courses, open to students from other majors who meet the prerequisites.","Biotechnology and Microbiology historically shared a department (MNS) with Physics and Mathematics; today they fall under the School of Life Sciences, while Physics/Mathematics/APE are now under the Department of Mathematics and Physical Sciences (MPS) - both trace back to the original MNS department founded in 2001.",open_ended,linear,0.5,False,True,True,False,False,True,,0.0207,0.0000,9.2446,9.2655,2026-07-28T09:36:29.823229+00:00,0.2210,0.6500
BQ014,adaptive_novel,"Amar advisor response korche na, ki korbo?","Please wait, your advisor is maybe busy with other students response. You can request other advisors for your advising but he will only add it but he will not approve it. So, it is wise to get request done by the advisor.","Question (Banglish): Amar advisor response korche na, ki korbo?
Answer (English): Please wait, your advisor is maybe busy with other students response. You can request other advisors for your advising but he will only add it but he will not approve it. So, it is wise to get request done by the advisor.

Question: My advisor is not responding, what to do?
Answer: Please wait, your advisor is maybe busy with other students response. You can request other advisors for your advising but he will only add it but he will not approve it. So, it is wise to get request done by the advisor.

Question (Banglish): Amar advisor campus e nei, ki korbo?
Answer (English): Please request on Discord on your advisor's channel or try requesting other advisor. But he can reject you easily because it is not his duty as you are not assigned to him in the advising session. So, please ask your advisor on the Discord channel or request other advisor if they are willing to help.

Question (Banglish): Amar advisor ke ta kivabe jante parbo?
Answer (English): For CSE department, you can know you advisor by going to the CSE Advising Server. Then look for link-resources in the general section and find the link. It maybe titled as: 2024 [Current Semester] CSE Registration / Advising List [v1] [Student] List or wait until you see your advisor channel visible. Or visit: https://cse.sds.bracu.ac.bd/advising

Question (Banglish): Onno advisor ra ki amar advising korte pare?
Answer (English): Yes, they can. But they do not have any responsibility to do that. Please go to your advisor. Faculties can be busy with his advised students and also his other works.","Please wait, your advisor is maybe busy with other students' responses. You can request other advisors for your advising but they will only add it, not approve it. So, it is wise to get the request done by your assigned advisor.",open_ended,linear,0.5,False,True,True,False,False,True,,0.0171,0.0000,7.6828,7.7000,2026-07-28T09:36:37.523901+00:00,0.3655,0.9905
BQ015,adaptive_novel,Cybersecurity te interested student der jonno ki ki elective course recommend kora hoy?,"CSE446, CSE447, CSE490 and CSE496 can be beneficial for students interested in Cyber Security.","Question (Banglish): Cybersecurity te interested student der jonno ki ki elective course recommend kora hoy?
Answer (English): CSE446, CSE447, CSE490 and CSE496 can be beneficial for students interested in Cyber Security.

Question: What elective courses are recommended for students interested in Cybersecurity?
Answer: CSE446, CSE447, CSE490 and CSE496 can be beneficial for students interested in Cyber Security.

Question (Banglish): Data Science e interested student der jonno ki ki elective course recommend kora hoy?
Answer (English): Elective courses like CSE437 and CSE438 can be beneficial for those who are interested in Data Science.

Question: I wanted to ask, what elective courses are recommended for students interested in Cybersecurity?
Answer: CSE446, CSE447, CSE490 and CSE496 can be beneficial for students interested in Cyber Security.

Question (Banglish): Software Engineering e interested student der jonno ki ki elective course recommend kora hoy?
Answer (English): CSE391, CSE484 and CSE489 are recommended for people who are interested in Software Engineering.","CSE446, CSE447, CSE490 and CSE496 can be beneficial for students interested in Cyber Security.",open_ended,linear,0.5,False,False,False,False,False,True,,0.0211,0.0000,5.3434,5.3647,2026-07-28T09:36:42.889048+00:00,0.3175,1.0778
BQ016,adaptive_novel,BRAC Scholarship ta ki?,"BRAC Scholarship is for economically disadvantaged students.

Eligibility criteria and other requirements:

1. Parents' monthly income - not more than Tk. 20,000. 

2. Students must have a GPA of 4.50 (without 4th subject) in SSC and HSC from Science, Arts & Commerce Group.","Question (Banglish): Scholarship er jonno ami kivabe apply korbo?
Answer (English): 1. Students who are eligible for Scholarship Based on Previous Academic Results / Sibling Scholarship / BRAC Scholarship / Physically Challenged Students / Children of Freedom Fighter / Debater's Blue Scholarship / Children of Brac University Regular Confirmed Employee will have to apply for the first time through BracU prescribed form which is available at the Brac University website (https://www.bracu.ac.bd/admission/scholarships-financial-aid) and submit it to the International & Scholarship Office, Brac University or email the scan copy to: scholarship@bracu.ac.bd 

2. Those students who are eligible under Merit Scholarship Based on Brac University Academic Results and Scholarship Based on Brac University Admission Test Result are not required to apply as a scholarship will be awarded automatically. 

3. Those students who are already availing of scholarships/financial aid are not required to apply further. If they fulfill all the conditions of the scholarship, they will be awarded automatically. 

4. If the scholarship /financial aid of a student is discontinued for one or more than one semester, s/he needs to re-apply through BracU prescribed form after fulfilling the eligibility criteria.

Question (Banglish): BRAC University je Scholarship/Financial aid dey, segula ki ki type er?
Answer (English): 1. Scholarship Based on Previous Academic Results 

2. Merit Scholarship based on BracU Academic Results 

3. Scholarship Based on Brac University Admission Test Result

4. Sibling Scholarship

5. Spouse Scholarship

6. BRAC Scholarship

7. Physically Challenged Students

8. Children of Freedom Fighter

9. Debater's Blue Scholarship

10. Children of BracU Regular Confirmed Employee

For detailed information: https://www.bracu.ac.bd/admission/scholarships-financial-aid

Question: How can I apply for the scholarship?
Answer: 1. Students who are eligible for Scholarship Based on Previous Academic Results / Sibling Scholarship / BRAC Scholarship / Physically Challenged Students / Children of Freedom Fighter / Debater’s Blue Scholarship / Children of Brac University Regular Confirmed Employee will have to apply for the first time through BracU prescribed form which is available at the Brac University website (https://www.bracu.ac.bd/admission/scholarships-financial-aid) and submit it to the International & Scholarship Office, Brac University or email the scan copy to: scholarship@bracu.ac.bd 

2. Those students who are eligible under Merit Scholarship Based on Brac University Academic Results and Scholarship Based on Brac University Admission Test Result are not required to apply as a scholarship will be awarded automatically. 

3. Those students who are already availing of scholarships/financial aid are not required to apply further. If they fulfill all the conditions of the scholarship, they will be awarded automatically. 

4. If the scholarship /financial aid of a student is discontinued for one or more than one semester, s/he needs to re-apply through BracU prescribed form after fulfilling the eligibility criteria.

Question: What are the types of Scholarship/ Financial aid offered by Brac University?
Answer: 1. Scholarship Based on Previous Academic Results 

2. Merit Scholarship based on BracU Academic Results 

3. Scholarship Based on Brac University Admission Test Result

4. Sibling Scholarship

5. Spouse Scholarship

6. BRAC Scholarship

7. Physically Challenged Students

8. Children of Freedom Fighter

9. Debater’s Blue Scholarship

10. Children of BracU Regular Confirmed Employee

For detailed information: https://www.bracu.ac.bd/admission/scholarships-financial-aid

Question: Can you tell me what the types of Scholarship/ Financial aid offered by Brac University are?
Answer: 1. Scholarship Based on Previous Academic Results 

2. Merit Scholarship based on BracU Academic Results 

3. Scholarship Based on Brac University Admission Test Result

4. Sibling Scholarship

5. Spouse Scholarship

6. BRAC Scholarship

7. Physically Challenged Students

8. Children of Freedom Fighter

9. Debater’s Blue Scholarship

10. Children of BracU Regular Confirmed Employee

For detailed information: https://www.bracu.ac.bd/admission/scholarships-financial-aid",I don't have reliable information retrieved for this question. Please check with your academic advisor or BRAC University's official resources rather than relying on a guess here.,open_ended,linear,0.5,True,True,False,False,False,False,,0.0157,0.0000,0.0000,0.0160,2026-07-28T09:36:42.902579+00:00,0.0030,0.8459
BQ017,adaptive_novel,BRAC University er 'Freshman Enrollment and Class Sign' ta ki?,"This is the official process new/incoming ('freshman') students go through after being admitted, to confirm their enrollment and get registered into their first semester's classes; details and instructions are published on the Admissions section of the university website.","Question: What is 'Freshman Enrollment and Class Sign' at BRAC University?
Answer: This is the official process new/incoming ('freshman') students go through after being admitted, to confirm their enrollment and get registered into their first semester's classes; details and instructions are published on the Admissions section of the university website.

Question: Can you tell me what 'Freshman Enrollment and Class Sign' at BRAC University is?
Answer: This is the official process new/incoming ('freshman') students go through after being admitted, to confirm their enrollment and get registered into their first semester's classes; details and instructions are published on the Admissions section of the university website.

Question (Banglish): BRAC University er 'Freshman Enrollment and Class Sign' ta ki?
Answer (English): This is the official process new/incoming ('freshman') students go through after being admitted, to confirm their enrollment and get registered into their first semester's classes; details and instructions are published on the Admissions section of the university website.

Question (Banglish): BRAC University protita semester e notun student der jonno official orientation event kore ki?
Answer (English): Yes, BRAC University holds a Freshers' Orientation each semester at the Multipurpose Hall on the main campus, typically including registration, lunch, and a formal orientation program, often featuring an external guest speaker (such as a corporate CEO) addressing new students.

Question: Is the Residential Semester compulsory for all students?
Answer: Yes. Completing the Residential Semester is a compulsory requirement for every BRAC University degree. Students who do not attend it cannot graduate.","This is the official process new/incoming ('freshman') students go through after being admitted, to confirm their enrollment and get registered into their first semester's classes; details and instructions are published on the Admissions section of the university website.",open_ended,linear,0.5,False,True,True,False,False,True,,0.0167,0.0000,7.4918,7.5089,2026-07-28T09:36:50.414714+00:00,0.0054,1.0038
BQ018,adaptive_novel,BRAC University er official colour gula ki?,"BRAC University's official colours are blue, black, and gray.","Question (Banglish): BRAC University er official colour gula ki?
Answer (English): BRAC University's official colours are blue, black, and gray.

Question: What are BRAC University's official colours?
Answer: BRAC University's official colours are blue, black, and gray.

Question: Can you tell me what BRAC University's official colours are?
Answer: BRAC University's official colours are blue, black, and gray.

Question: I wanted to ask, what are BRAC University's official colours?
Answer: BRAC University's official colours are blue, black, and gray.

Question: I looked around the site but couldn't find it — what are BRAC University's official colours?
Answer: BRAC University's official colours are blue, black, and gray.","BRAC University's official colours are blue, black, and gray.",open_ended,linear,0.5,False,False,False,False,False,True,,0.0176,0.0000,4.2942,4.3120,2026-07-28T09:36:54.727351+00:00,0.3503,1.0450
BQ019,adaptive_novel,Non-student ra ki BRAC University transport service use korte pare?,"No, the service is exclusively for BRAC University students.","Question (Banglish): Non-student ra ki BRAC University transport service use korte pare?
Answer (English): No, the service is exclusively for BRAC University students.

Question: Can non-students use the BRAC University transport service?
Answer: No, the service is exclusively for BRAC University students.

Question (Banglish): BRAC University bus service ke use korte pare?
Answer (English): Only BRAC University students can use this service. Students must show their university ID before boarding. New students must show a photocopy of their payment receipt.

Question (Banglish): ID card chara student ra ki transport service use korte pare?
Answer (English): No, students must present a valid BRAC University ID card.

Question (Banglish): Student ra ki transport service er jonno notun route suggest korte pare?
Answer (English): Suggestions for new routes can be submitted to the transport office for review.","No, the service is exclusively for BRAC University students.",open_ended,linear,0.5,False,False,False,False,False,True,,0.0255,0.0000,3.8839,3.9096,2026-07-28T09:36:58.637147+00:00,0.1968,1.0302
BQ020,adaptive_novel,Duita ground er Dressing Room ami kothay pabo?,"The Dressing Rooms for the two sports grounds are located on the Ground Floor of the main campus building, near the Maidan.","Question (Banglish): Duita ground er Dressing Room ami kothay pabo?
Answer (English): The Dressing Rooms for the two sports grounds are located on the Ground Floor of the main campus building, near the Maidan.

Question: Where can I find the Dressing Room for the two grounds?
Answer: The Dressing Rooms for the two sports grounds are located on the Ground Floor of the main campus building, near the Maidan.

Question: Hey, where can I find the Dressing Room for the two grounds?
Answer: The Dressing Rooms for the two sports grounds are located on the Ground Floor of the main campus building, near the Maidan.

Question (Banglish): Female der Prayer Room ami kothay pabo?
Answer (English): In front of the indoor (Multipurpose Hall) and also on 6th floor(ZONE-H).

Question (Banglish): 1st Floor e male ar female washroom ami kothay pabo?
Answer (English): Beside the lift lobby(2nd escalator)","The Dressing Rooms for the two sports grounds are located on the Ground Floor of the main campus building, near the Maidan.",open_ended,linear,0.5,False,True,True,False,False,True,,0.0177,0.0000,5.3046,5.3224,2026-07-28T09:37:03.959742+00:00,0.3492,0.9778
BQ021,adaptive_novel,Female der Prayer Room ami kivabe access korbo?,The Prayer Room is located in front of the indoor Multipurpose Hall and on 6th floor(ZONE-H),"Question (Banglish): Female der Prayer Room ami kivabe access korbo?
Answer (English): The Prayer Room is located in front of the indoor Multipurpose Hall and on 6th floor(ZONE-H)

Question (Banglish): Female der Prayer Room ami kothay pabo?
Answer (English): In front of the indoor (Multipurpose Hall) and also on 6th floor(ZONE-H).

Question: How can I access the Prayer Room for females?
Answer: The Prayer Room is located in front of the indoor Multipurpose Hall and on 6th floor(ZONE-H)

Question: Where's the female prayer room?
Answer: The female prayer room is located on the ground floor near reception and also another one on 6th floor.(ZONE-H).

Question (Banglish): Female prayer room ta kothay?
Answer (English): The female prayer room is located on the ground floor near reception and also another one on 6th floor.(ZONE-H).",The Prayer Room for females can be accessed in front of the indoor Multipurpose Hall and on 6th floor(ZONE-H).,open_ended,linear,0.5,False,False,False,False,False,True,,0.0179,0.0000,5.3603,5.3783,2026-07-28T09:37:09.338546+00:00,0.2724,1.0374
BQ022,adaptive_novel,Convocation e degree certificate collect korte ki amake fee dite hobe?,"No, based on published notices, there is no fee to collect your certificate at the time of Convocation itself; fees apply if you request documents outside of that window.","Question (Banglish): Convocation e degree certificate collect korte ki amake fee dite hobe?
Answer (English): No, based on published notices, there is no fee to collect your certificate at the time of Convocation itself; fees apply if you request documents outside of that window.

Question: Do I need to pay any fee to collect my degree certificate at Convocation?
Answer: No, based on published notices, there is no fee to collect your certificate at the time of Convocation itself; fees apply if you request documents outside of that window.

Question: For a friend who's asking — do I need to pay any fee to collect my degree certificate at Convocation?
Answer: No, based on published notices, there is no fee to collect your certificate at the time of Convocation itself; fees apply if you request documents outside of that window.

Question: Am I required to need to pay any fee to collect my degree certificate at Convocation?
Answer: No, based on published notices, there is no fee to collect your certificate at the time of Convocation itself; fees apply if you request documents outside of that window.

Question (Banglish): Gato bochor convocation e amar certificate nite parini. Er procedure ta ki?
Answer (English): If you missed collecting your certificate at last year's convocation, you can visit the Registrar's office on the fourth floor to collect it - bring your student ID card and any relevant payment slip.","No, based on published notices, there is no fee to collect your certificate at the time of Convocation itself; fees apply if you request documents outside of that window.",open_ended,linear,0.5,False,True,True,False,False,True,,0.0223,0.0000,6.5120,6.5345,2026-07-28T09:37:15.873646+00:00,0.2688,1.0256
BQ023,adaptive_novel,ENH ki department er baire student der jonno minor offer kore?,"Yes, ENH offers a Minor in History, open to students from any department, letting them take history courses to help contextualize their main field of study.","Question (Banglish): ENH ki department er baire student der jonno minor offer kore?
Answer (English): Yes, ENH offers a Minor in History, open to students from any department, letting them take history courses to help contextualize their main field of study.

Question: Does ENH offer a minor for students outside the department?
Answer: Yes, ENH offers a Minor in History, open to students from any department, letting them take history courses to help contextualize their main field of study.

Question (Banglish): BBA student ra ki business school er baire minor choose korte pare?
Answer (English): Yes. Students may graduate without a minor by taking any three 300/400-level BRACU courses, or they may choose a minor from another school/department; credit requirements for an outside-department minor can differ and should be confirmed with that department in advance.

Question: Can BBA students choose a minor outside the business school?
Answer: Yes. Students may graduate without a minor by taking any three 300/400-level BRACU courses, or they may choose a minor from another school/department; credit requirements for an outside-department minor can differ and should be confirmed with that department in advance.

Question (Banglish): Major department na hole o student ra ki EEE te minor korte pare?
Answer (English): Yes, BRAC University offers a Minor in EEE with its own defined set of required courses and prerequisites (such as Electrical Circuits I & II and Electronic Circuits I & II), open to students from other departments who meet the prerequisites.","ENH offers a Minor in History, open to students from any department, letting them take history courses to help contextualize their main field of study.",open_ended,linear,0.5,False,True,True,False,False,True,,0.0251,0.0000,6.2921,6.3175,2026-07-28T09:37:22.191678+00:00,0.2589,0.9861
BQ024,adaptive_novel,Thesis/project er jonno group member minimum ar maximum koyjon lagbe?,A thesis/project group must have a minimum of 1 member and a maximum of 5 members.,"Question (Banglish): Thesis/project er jonno group member minimum ar maximum koyjon lagbe?
Answer (English): A thesis/project group must have a minimum of 1 member and a maximum of 5 members.

Question: Can you tell me what the minimum and maximum number of group members for a thesis/project is?
Answer: A thesis/project group must have a minimum of 1 member and a maximum of 5 members.

Question: What is the minimum and maximum number of group members for a thesis/project?
Answer: A thesis/project group must have a minimum of 1 member and a maximum of 5 members.

Question (Banglish): Internship group e shorbochcho koyjon member rakha jay?
Answer (English): A maximum of 1 member per group.

Question (Banglish): Protita group er jonno maximum koyjon supervisor/co-supervisor allowed?
Answer (English): A maximum of 2 supervisors and 2 co-supervisors.",A thesis/project group must have a minimum of 1 member and a maximum of 5 members.,open_ended,linear,0.5,False,False,False,False,False,True,,0.0190,0.0000,4.8823,4.9015,2026-07-28T09:37:27.093591+00:00,0.1958,1.0744
BQ025,adaptive_novel,BRAC University er shob undergraduate student der jonno ki ki type er general education course required?,"Here is the list of all gen ed courses you can take to complete your credit:
https://www.bracu.ac.bd/academics/institutes-and-schools/school-general-education/streams-and-courses. But all the courses won't be available at every semester so please check USIS to make sure your prefered courses are available or not.","Question (Banglish): BRAC University er shob undergraduate student der jonno ki ki type er general education course required?
Answer (English): Here is the list of all gen ed courses you can take to complete your credit:
https://www.bracu.ac.bd/academics/institutes-and-schools/school-general-education/streams-and-courses. But all the courses won't be available at every semester so please check USIS to make sure your prefered courses are available or not.

Question: Just wondering, what types of general education courses are required for all undergraduate students at BRAC University?
Answer: Here is the list of all gen ed courses you can take to complete your credit:
https://www.bracu.ac.bd/academics/institutes-and-schools/school-general-education/streams-and-courses. But all the courses won't be available at every semester so please check USIS to make sure your prefered courses are available or not.

Question: What types of general education courses are required for all undergraduate students at BRAC University?
Answer: Here is the list of all gen ed courses you can take to complete your credit:
https://www.bracu.ac.bd/academics/institutes-and-schools/school-general-education/streams-and-courses. But all the courses won't be available at every semester so please check USIS to make sure your prefered courses are available or not.

Question (Banglish): Protita student ke General Education (GenEd) course er koto credit-hour complete korte hoy?
Answer (English): Every undergraduate student, regardless of major, must complete 42 credit-hours (14 courses) of General Education courses, generally within the first two years of study, spanning Humanities, Social Sciences, Law, Mathematics, Sciences, Technology and Architecture.

Question: What is the School of General Education at BRAC University?
Answer: The School of General Education (SGED) provides the common foundational education (GenEd courses) that every student takes before focusing on their major/minor coursework, spanning subjects across Humanities, Social Sciences, Mathematics, and Sciences.",Every undergraduate student at BRAC University must complete 42 credit-hours (14 courses) of General Education courses.,open_ended,linear,0.5,False,True,True,False,False,True,,0.0243,0.0000,5.0921,5.1167,2026-07-28T09:37:32.210570+00:00,0.2744,0.9951
BQ026,adaptive_novel,Campus e student discipline ar safety issue ke handle kore?,"The Office of the Proctor handles student discipline and campus safety matters. It can be reached at proctor@bracu.ac.bd or by phone, and is open 9:00 AM to 5:30 PM.","Question (Banglish): Campus e student discipline ar safety issue ke handle kore?
Answer (English): The Office of the Proctor handles student discipline and campus safety matters. It can be reached at proctor@bracu.ac.bd or by phone, and is open 9:00 AM to 5:30 PM.

Question: Who handles student discipline and safety issues on campus?
Answer: The Office of the Proctor handles student discipline and campus safety matters. It can be reached at proctor@bracu.ac.bd or by phone, and is open 9:00 AM to 5:30 PM.

Question (Banglish): Residential Campus e student der ki ki jinish niye jete hobe, ar ki ki prohibited?
Answer (English): Students should bring formal and casual wear, sportswear, two small/medium locks for their room, passport photos, a copy of their health card, toiletries, stationery, and any required medicine. Rooms come with beds, bedcovers, pillows and mosquito nets. Expensive electronics/jewellery are discouraged, and items such as desktop PCs, sound systems, heaters, irons, playing cards, and any illegal drugs are strictly prohibited. Any student caught with drugs faces the Disciplinary Committee and possible expulsion.

Question: Are passengers allowed to carry dangerous objects?
Answer: No, carrying dangerous objects is strictly prohibited.

Question: What items should students bring to the Residential Campus, and what is prohibited?
Answer: Students should bring formal and casual wear, sportswear, two small/medium locks for their room, passport photos, a copy of their health card, toiletries, stationery, and any required medicine. Rooms come with beds, bedcovers, pillows and mosquito nets. Expensive electronics/jewellery are discouraged, and items such as desktop PCs, sound systems, heaters, irons, playing cards, and any illegal drugs are strictly prohibited. Any student caught with drugs faces the Disciplinary Committee and possible expulsion.","The Office of the Proctor handles student discipline and campus safety matters. It can be reached at proctor@bracu.ac.bd or by phone, and is open 9:00 AM to 5:30 PM.",open_ended,linear,0.5,False,True,True,False,False,True,,0.0233,0.0000,7.5859,7.6093,2026-07-28T09:37:39.820421+00:00,0.3031,1.0049
BQ027,adaptive_novel,"BRAC University er ki digital student ID card ache, naki shudhu physical ta?","Yes, BRAC University introduced a digital ID card in 2017, generated through the BRACU Mobile App (accessible via the app's 'ID Card' menu option). Both the physical and digital ID have been usable, and students are advised to keep the app updated to generate their digital card.","Question (Banglish): BRAC University er ki digital student ID card ache, naki shudhu physical ta?
Answer (English): Yes, BRAC University introduced a digital ID card in 2017, generated through the BRACU Mobile App (accessible via the app's 'ID Card' menu option). Both the physical and digital ID have been usable, and students are advised to keep the app updated to generate their digital card.

Question: Does BRAC University have a digital student ID card, or only a physical one?
Answer: Yes, BRAC University introduced a digital ID card in 2017, generated through the BRACU Mobile App (accessible via the app's 'ID Card' menu option). Both the physical and digital ID have been usable, and students are advised to keep the app updated to generate their digital card.

Question (Banglish): ID card chara student ra ki transport service use korte pare?
Answer (English): No, students must present a valid BRAC University ID card.

Question: Can students without an ID card use the transport service?
Answer: No, students must present a valid BRAC University ID card.

Question (Banglish): BRAC University bus e uthte amake ki ID dekhate hobe?
Answer (English): Passengers must display their individual student ID card before boarding. New students who don't yet have their ID card can show a photocopy of their payment/registration receipt instead.","Yes, BRAC University introduced a digital ID card in 2017, generated through the BRACU Mobile App (accessible via the app's 'ID Card' menu option). Both the physical and digital ID have been usable, and students are advised to keep the app updated to generate their digital card.",open_ended,linear,0.5,False,True,True,False,False,True,,0.0235,0.0000,9.1776,9.2012,2026-07-28T09:37:49.022149+00:00,0.1226,1.0130
BQ028,adaptive_novel,Protita route er jonno koyta stoppage ache?,Each route has between 5 and 12 designated stoppages.,"Question (Banglish): Protita route er jonno koyta stoppage ache?
Answer (English): Each route has between 5 and 12 designated stoppages.

Question (Banglish): Passenger ra ki additional stoppage request korte pare?
Answer (English): No, only designated stoppages will be used.

Question: How many stoppages are there for each route?
Answer: Each route has between 5 and 12 designated stoppages.

Question: Can passengers request additional stoppages?
Answer: No, only designated stoppages will be used.

Question (Banglish): Koyta bus route ache?
Answer (English): There are 9 bus routes for Brac University transportation.",Each route has between 5 and 12 designated stoppages.,open_ended,linear,0.5,False,False,False,False,False,True,,0.0170,0.0000,4.0820,4.0991,2026-07-28T09:37:53.121249+00:00,0.5278,1.0475
BQ029,adaptive_novel,"Amar bhai/bon BracU te poreche, Sibling Scholarship er jonno ami kivabe apply korbo?","Tuition fee waiver is awarded to one of the siblings who will enroll later at Brac
University.

Supporting documents for applying for Sibling Scholarship:

a) Photocopy of National ID Cards/Passports of both the applicant and parents
b) Passport-size photos of both the siblings,
c) Photocopy of BracU Grade sheet of both the siblings,
d) Photocopy of BracU advising sheet of both the siblings,
e) Photocopy of Transcript of HSC & SSC/ A level & O level of both the siblings","Question (Banglish): Amar bhai/bon BracU te poreche, Sibling Scholarship er jonno ami kivabe apply korbo?
Answer (English): Tuition fee waiver is awarded to one of the siblings who will enroll later at Brac
University.

Supporting documents for applying for Sibling Scholarship:

a) Photocopy of National ID Cards/Passports of both the applicant and parents
b) Passport-size photos of both the siblings,
c) Photocopy of BracU Grade sheet of both the siblings,
d) Photocopy of BracU advising sheet of both the siblings,
e) Photocopy of Transcript of HSC & SSC/ A level & O level of both the siblings

Question (Banglish): Scholarship er jonno ami kivabe apply korbo?
Answer (English): 1. Students who are eligible for Scholarship Based on Previous Academic Results / Sibling Scholarship / BRAC Scholarship / Physically Challenged Students / Children of Freedom Fighter / Debater's Blue Scholarship / Children of Brac University Regular Confirmed Employee will have to apply for the first time through BracU prescribed form which is available at the Brac University website (https://www.bracu.ac.bd/admission/scholarships-financial-aid) and submit it to the International & Scholarship Office, Brac University or email the scan copy to: scholarship@bracu.ac.bd 

2. Those students who are eligible under Merit Scholarship Based on Brac University Academic Results and Scholarship Based on Brac University Admission Test Result are not required to apply as a scholarship will be awarded automatically. 

3. Those students who are already availing of scholarships/financial aid are not required to apply further. If they fulfill all the conditions of the scholarship, they will be awarded automatically. 

4. If the scholarship /financial aid of a student is discontinued for one or more than one semester, s/he needs to re-apply through BracU prescribed form after fulfilling the eligibility criteria.

Question (Banglish): Ami jodi multiple category te scholarship er eligible hoi, tahole ki shob category te apply korte pari?
Answer (English): According to the policy, if a student is eligible for more than one category of Scholarship/Financial Aid, only the higher one will be adjusted.

Question (Banglish): BRAC University te student ra scholarship er jonno kivabe apply korbe?
Answer (English): To apply for scholarships at BRAC University, students must first be admitted to a program. They can then fill out a scholarship application form, available through the admissions or financial aid office. Supporting documents, such as academic transcripts and financial proof (for need-based scholarships), are required. Applications must be submitted by the deadlines, and the Scholarship Committee reviews them before notifying selected students through email or the university portal.

Question: My brother/sister is studying at BracU, how would I apply for Sibling Scholarship?
Answer: Tuition fee waiver is awarded to one of the siblings who will enroll later at Brac
University.

Supporting documents for applying for Sibling Scholarship:

a) Photocopy of National ID Cards/Passports of both the applicant and parents
b) Passport-size photos of both the siblings,
c) Photocopy of BracU Grade sheet of both the siblings,
d) Photocopy of BracU advising sheet of both the siblings,
e) Photocopy of Transcript of HSC & SSC/ A level & O level of both the siblings","To apply for Sibling Scholarship, you will need to submit a scholarship application form through the admissions or financial aid office at Brac University, along with supporting documents such as photocopies of National ID Cards/Passports of both the applicant and parents, passport-size photos of both the siblings, photocopy of BracU Grade sheet of both the siblings, photocopy of BracU advising sheet of both the siblings, and photocopy of Transcript of HSC & SSC/ A level & O level of both the siblings.",open_ended,linear,0.5,False,True,True,False,False,True,,0.0201,0.0000,15.0081,15.0283,2026-07-28T09:38:08.150030+00:00,0.4163,0.9931
BQ030,adaptive_novel,Route-04 (Azimpur) er second outbound timing ta ki?,Route-04 (Azimpur): Second trip departs at 5:10 PM.,"Question: What is the second outbound timing for Route-04 (Azimpur)?
Answer: Route-04 (Azimpur): Second trip departs at 5:10 PM.

Question (Banglish): Route-04 (Azimpur) er second outbound timing ta ki?
Answer (English): Route-04 (Azimpur): Second trip departs at 5:10 PM.

Question: What is the first outbound timing for Route-04 (Azimpur)?
Answer: Route-04 (Azimpur): First trip departs at 2:05 PM.

Question: What is the second outbound timing for Route-02 (Mirpur-A)?
Answer: Route-02 (Mirpur-A): Second trip departs at 5:10 PM.

Question: What is the second outbound timing for Route-01 (Abdullahpur)?
Answer: Route-01 (Abdullahpur): Second trip departs at 5:10 PM.",The second outbound timing for Route-04 (Azimpur) is 5:10 PM.,open_ended,linear,0.5,False,False,False,False,False,True,,0.0188,0.0000,4.6453,4.6644,2026-07-28T09:38:12.815019+00:00,0.0147,1.0447
BQ031,adaptive_novel,Financial aid pete eligibility criteria ki ki?,"BRAC University offers financial aid to students based on demonstrated financial need. Financial aid eligibility is reassessed regularly, and students may need to maintain satisfactory academic performance. Special consideration may be given to students from disadvantaged backgrounds or those facing extraordinary circumstances. The Financial Aid Office can provide more detailed information on the application process.","Question (Banglish): Financial aid pete eligibility criteria ki ki?
Answer (English): BRAC University offers financial aid to students based on demonstrated financial need. Financial aid eligibility is reassessed regularly, and students may need to maintain satisfactory academic performance. Special consideration may be given to students from disadvantaged backgrounds or those facing extraordinary circumstances. The Financial Aid Office can provide more detailed information on the application process.

Question: What are the eligibility criteria for receiving financial aid?
Answer: BRAC University offers financial aid to students based on demonstrated financial need. Financial aid eligibility is reassessed regularly, and students may need to maintain satisfactory academic performance. Special consideration may be given to students from disadvantaged backgrounds or those facing extraordinary circumstances. The Financial Aid Office can provide more detailed information on the application process.

Question: Can you tell me what the eligibility criteria for receiving financial aid are?
Answer: BRAC University offers financial aid to students based on demonstrated financial need. Financial aid eligibility is reassessed regularly, and students may need to maintain satisfactory academic performance. Special consideration may be given to students from disadvantaged backgrounds or those facing extraordinary circumstances. The Financial Aid Office can provide more detailed information on the application process.

Question: What are the requirements for maintaining financial aid eligibility?
Answer: At BRAC University, students must maintain a minimum CGPA of 3.25, be enrolled full-time, meet satisfactory academic progress, follow the code of conduct, and sometimes demonstrate ongoing financial need to maintain financial aid eligibility.

Question: Can you tell me what the requirements for maintaining financial aid eligibility are?
Answer: At BRAC University, students must maintain a minimum CGPA of 3.25, be enrolled full-time, meet satisfactory academic progress, follow the code of conduct, and sometimes demonstrate ongoing financial need to maintain financial aid eligibility.","BRAC University offers financial aid to students based on demonstrated financial need. Financial aid eligibility is reassessed regularly, and students may need to maintain satisfactory academic performance. Special consideration may be given to students from disadvantaged backgrounds or those facing extraordinary circumstances. The Financial Aid Office can provide more detailed information on the application process.",open_ended,linear,0.5,False,True,True,False,False,True,,0.0149,0.0000,9.2696,9.2846,2026-07-28T09:38:22.099680+00:00,0.1673,0.9732
BQ032,adaptive_novel,Campus e bus kothay theke chare?,The bus leave campus from the Basement-1,"Question (Banglish): Campus e bus kothay theke chare?
Answer (English): The bus leave campus from the Basement-1

Question: From where does the bus leave on campus?
Answer: The bus leave campus from the Basement-1

Question (Banglish): Bus miss hoye gele student der thik ki kora uchit?
Answer (English): Students should find an alternative transport option, as buses follow strict schedules and cannot wait.

Question (Banglish): Bus break down korle ki hoy?
Answer (English): The transport department will arrange for an alternative bus as soon as possible.

Question (Banglish): Bus dhorar shesh shomoy ta ki?
Answer (English): Last Outbound Timing (drop off) from Basement 01:
BRAC University to Abdullahpur: Route No-01(5:10 PM)
BRAC University to Mirpur-A: Route No-02(5:15 PM)
BRAC University to Mirpur-B: Route No-02(5:10 PM)
BRAC University to Jigatola: Route No-03(5:10 PM)
BRAC University to Azimpur: Route No-04(2:10 PM)
BRAC University to Jatrabari: Route No-05(5:15 PM)
BRAC University to Baldha Garden: Route No-06(5:15 PM)
BRAC University to Mohammadpur: Route No-07(5:10 PM)
BRAC University to Narayanganj: Route No-08(5:15 PM ) 
BRAC University to Bashundhara: Route No-09(5:10 PM)",The bus leaves campus from the Basement-1.,open_ended,linear,0.5,False,True,True,False,False,True,,0.0186,0.0000,4.0952,4.1140,2026-07-28T09:38:26.214189+00:00,0.3789,0.9672
BQ033,adaptive_novel,Student ra ki age theke seat reserve korte pare?,"No, seating is strictly first-come, first-served.","Question (Banglish): Student ra ki age theke seat reserve korte pare?
Answer (English): No, seating is strictly first-come, first-served.

Question: Can students reserve seats in advance?
Answer: No, seating is strictly first-come, first-served.

Question (Banglish): Porer semester e amar chawa course e ki seat guarantee?
Answer (English): No, that's not something I can guarantee - course seats are limited and allocated through the advising process, so availability depends on timing and demand.

Question: Am I guaranteed a seat in the course I want next semester?
Answer: No, that's not something I can guarantee - course seats are limited and allocated through the advising process, so availability depends on timing and demand.

Question: Hey, am I guaranteed a seat in the course I want next semester?
Answer: No, that's not something I can guarantee - course seats are limited and allocated through the advising process, so availability depends on timing and demand.","No, seating is strictly first-come, first-served.",open_ended,linear,0.5,False,True,True,False,False,True,,0.0194,0.0000,4.1492,4.1687,2026-07-28T09:38:30.383254+00:00,0.6112,0.9574
BQ034,adaptive_novel,Admission er important date ar deadline gula ki?,"The exact admission test date, application deadline, and academic-session start date change every semester, so BRAC University publishes them on its Admissions page (bracu.ac.bd/admissions) ahead of each intake rather than fixing them year-round - check that page for the current cycle's dates.","Question (Banglish): Admission er important date ar deadline gula ki?
Answer (English): The exact admission test date, application deadline, and academic-session start date change every semester, so BRAC University publishes them on its Admissions page (bracu.ac.bd/admissions) ahead of each intake rather than fixing them year-round - check that page for the current cycle's dates.

Question: What are the important dates and deadlines for admission?
Answer: The exact admission test date, application deadline, and academic-session start date change every semester, so BRAC University publishes them on its Admissions page (bracu.ac.bd/admissions) ahead of each intake rather than fixing them year-round - check that page for the current cycle's dates.

Question: Can you tell me what the important dates and deadlines for admission are?
Answer: The exact admission test date, application deadline, and academic-session start date change every semester, so BRAC University publishes them on its Admissions page (bracu.ac.bd/admissions) ahead of each intake rather than fixing them year-round - check that page for the current cycle's dates.

Question (Banglish): Tuition ar fee er payment deadline gula ki?
Answer (English): At BRAC University, tuition and fees must be paid by the specified deadlines each semester.It's important to check specific dates each semester, as they may vary

Question: What's the deadline?
Answer: I'd need a bit more detail - deadline for what specifically (course drop, scholarship application, admission, thesis submission)? Let me know and I can point you to the right one.","The exact admission test date, application deadline, and academic-session start date change every semester, so BRAC University publishes them on its Admissions page (bracu.ac.bd/admissions) ahead of each intake rather than fixing them year-round - check that page for the current cycle's dates.",open_ended,linear,0.5,False,True,True,False,False,True,,0.0175,0.0000,8.6599,8.6775,2026-07-28T09:38:39.061299+00:00,0.1631,0.9654
BQ035,adaptive_novel,5th Floor e ki ki facility available?,"School of General Education, ENH, ESS, School of Pharmacy, MNS, School of Architecture and Design, BRAC Business School, and BRAC Institute of Languages.","Question (Banglish): 5th Floor e ki ki facility available?
Answer (English): School of General Education, ENH, ESS, School of Pharmacy, MNS, School of Architecture and Design, BRAC Business School, and BRAC Institute of Languages.

Question (Banglish): 1st Floor e ki ki facility available?
Answer (English): Medical Center, Male Washroom, Female Washroom, Brac Bank, and Student Fee Collection Booth.

Question: What facilities are available on the 5th Floor?
Answer: School of General Education, ENH, ESS, School of Pharmacy, MNS, School of Architecture and Design, BRAC Business School, and BRAC Institute of Languages.

Question: Curious about something: what facilities are available on the 5th Floor?
Answer: School of General Education, ENH, ESS, School of Pharmacy, MNS, School of Architecture and Design, BRAC Business School, and BRAC Institute of Languages.

Question (Banglish): 12th Floor e ki ki facility available?
Answer (English): The 12th Floor includes Learning Labs/Classrooms, EEE/ECE Labs, CSE/CS Labs, MNS Labs, and Social Interaction Spaces.","The facilities available on the 5th Floor are School of General Education, ENH, ESS, School of Pharmacy, MNS, School of Architecture and Design, BRAC Business School, and BRAC Institute of Languages.",open_ended,linear,0.5,False,True,True,False,False,True,,0.0184,0.0000,7.3239,7.3424,2026-07-28T09:38:46.403864+00:00,0.2077,1.0044
BQ036,adaptive_novel,BRAC University Students' Transport Service ta ki?,"BRAC University provides an affordable, safe, and comfortable transport service with air-conditioned buses covering nine routes across Dhaka city.","Question (Banglish): BRAC University Students' Transport Service ta ki?
Answer (English): BRAC University provides an affordable, safe, and comfortable transport service with air-conditioned buses covering nine routes across Dhaka city.

Question: What is the BRAC University Students' Transport Service?
Answer: BRAC University provides an affordable, safe, and comfortable transport service with air-conditioned buses covering nine routes across Dhaka city.

Question: Can non-students use the BRAC University transport service?
Answer: No, the service is exclusively for BRAC University students.

Question (Banglish): Non-student ra ki BRAC University transport service use korte pare?
Answer (English): No, the service is exclusively for BRAC University students.

Question (Banglish): Student ra ki transport service niye feedback dite pare?
Answer (English): Yes, students can share feedback via BRAC University's official transport service email or hotline.","BRAC University provides an affordable, safe, and comfortable transport service with air-conditioned buses covering nine routes across Dhaka city.",open_ended,linear,0.5,False,True,True,False,False,True,,0.0164,0.0000,5.2120,5.2286,2026-07-28T09:38:51.632831+00:00,0.0015,0.9376
BQ037,adaptive_novel,University te ki ki sports team ache?,"BRAC University Football Club, BRAC University Chess Club, BRAC University Cricket Club, and BRAC University Indoor Games Club.","Question (Banglish): University te ki ki sports team ache?
Answer (English): BRAC University Football Club, BRAC University Chess Club, BRAC University Cricket Club, and BRAC University Indoor Games Club.

Question (Banglish): Club ba sports team e join korte ki kono cost lage?
Answer (English): No there no costs associated with joining clubs or sports teams.

Question: New student here, what sports teams does the university have?
Answer: BRAC University Football Club, BRAC University Chess Club, BRAC University Cricket Club, and BRAC University Indoor Games Club.

Question: What sports teams does the university have?
Answer: BRAC University Football Club, BRAC University Chess Club, BRAC University Cricket Club, and BRAC University Indoor Games Club.

Question: I looked around the site but couldn't find it — what sports teams does the university have?
Answer: BRAC University Football Club, BRAC University Chess Club, BRAC University Cricket Club, and BRAC University Indoor Games Club.","The university has four sports teams: BRAC University Football Club, BRAC University Chess Club, BRAC University Cricket Club, and BRAC University Indoor Games Club.",open_ended,linear,0.5,False,True,True,False,False,True,,0.0153,0.0000,6.0072,6.0226,2026-07-28T09:38:57.655547+00:00,0.3768,1.0186
BQ038,adaptive_novel,"Badda campus e amar age theke ENG102 kora ache, tahole TARC e amake kon course deya hobe?","If you completed ENG102 already, you will be given BUS201 at TARC.","Course: ENG102
Prerequisite: ENG101 (HP)
Full Prerequisite Chain: ENG101

Question (Banglish): Badda campus e amar age theke ENG102 kora ache, tahole TARC e amake kon course deya hobe?
Answer (English): If you completed ENG102 already, you will be given BUS201 at TARC.

Question (Banglish): TARC er course gula ki Badda/main campus e kora jay?
Answer (English): No.Hum101,Bng101 and EMB101 are not available in Badda campus but yes one can do english 102,Because there are many students who complete english101 in residential campus

Question: For a friend who's asking — I already did ENG102 in Badda campus which course I will be given in TARC?
Answer: If you completed ENG102 already, you will be given BUS201 at TARC.

Question: I already did ENG102 in Badda campus which course I will be given in TARC?
Answer: If you completed ENG102 already, you will be given BUS201 at TARC.","If you completed ENG102 already, you will be given BUS201 at TARC.",entity_heavy,rrf,0.9,False,True,True,False,True,True,,0.0267,0.0000,4.4268,4.4538,2026-07-28T09:39:02.109817+00:00,99.9817,100.0150
BQ039,adaptive_novel,Wishlist event e participate na korle ki consequence hoy?,Student will not be allowed to register during Pre-Registration Phase 1,"Question (Banglish): Wishlist event e participate na korle ki consequence hoy?
Answer (English): Student will not be allowed to register during Pre-Registration Phase 1

Question (Banglish): Ke Wishlist event e participate korte hobe?
Answer (English): All undergraduate students attending upcoming, excluding RS-eligible students and LLB, PHR students

Question (Banglish): Kon group er student der Wishlist event e participate korar requirement nei?
Answer (English): Students who are eligible for residential semester in the upcoming semester.

Question: Can you tell me what the consequence of not participating in the Wishlist event is?
Answer: Student will not be allowed to register during Pre-Registration Phase 1

Question: What is the consequence of not participating in the Wishlist event?
Answer: Student will not be allowed to register during Pre-Registration Phase 1",Student will not be allowed to register during Pre-Registration Phase 1.,open_ended,linear,0.5,False,True,True,False,False,True,,0.0177,0.0000,4.4959,4.5137,2026-07-28T09:39:06.624176+00:00,0.2128,0.9948
BQ040,adaptive_novel,"Protita undergraduate program e thesis lage, naki student ra project/internship o choose korte pare?","It depends on the program and department; in CSE, for example, students can fulfill the CSE400 capstone requirement through a Thesis, a Project, or an Internship track, each with its own supervision and marking rubric, rather than thesis being the only option.","Question (Banglish): Protita undergraduate program e thesis lage, naki student ra project/internship o choose korte pare?
Answer (English): It depends on the program and department; in CSE, for example, students can fulfill the CSE400 capstone requirement through a Thesis, a Project, or an Internship track, each with its own supervision and marking rubric, rather than thesis being the only option.

Question: Hi, does every undergraduate program require a thesis, or can students choose a project/internship instead?
Answer: It depends on the program and department; in CSE, for example, students can fulfill the CSE400 capstone requirement through a Thesis, a Project, or an Internship track, each with its own supervision and marking rubric, rather than thesis being the only option.

Question: Does every undergraduate program require a thesis, or can students choose a project/internship instead?
Answer: It depends on the program and department; in CSE, for example, students can fulfill the CSE400 capstone requirement through a Thesis, a Project, or an Internship track, each with its own supervision and marking rubric, rather than thesis being the only option.

Question (Banglish): BBA student der ki internship korte hoy, naki tara thesis o choose korte pare?
Answer (English): BBA students are generally required to complete a one-semester internship, but they may opt for a Thesis instead. Choosing the thesis route requires a minimum CGPA of 3.5 and involves working with a supervisor for at least one semester (trimester), followed by a thesis paper and a presentation.

Question: Do BBA students have to do an internship, or can they choose a thesis instead?
Answer: BBA students are generally required to complete a one-semester internship, but they may opt for a Thesis instead. Choosing the thesis route requires a minimum CGPA of 3.5 and involves working with a supervisor for at least one semester (trimester), followed by a thesis paper and a presentation.","It depends on the program and department; in CSE, for example, students can fulfill the CSE400 capstone requirement through a Thesis, a Project, or an Internship track, each with its own supervision and marking rubric, rather than thesis being the only option.",open_ended,linear,0.5,False,True,True,False,False,True,,0.0357,0.0000,8.4488,8.4848,2026-07-28T09:39:15.109298+00:00,0.2878,1.0160
BQ041,adaptive_novel,BSEEE ar BSECE program er focus e ki difference?,"BSEEE (Electrical and Electronic Engineering) has a broader focus spanning power, electronics and general EEE topics, while BSECE (Electronic and Communication Engineering) concentrates more specifically on communication-related topics such as signal processing, telecommunications, microwave engineering, and data/optical/satellite communications.","Question (Banglish): BSEEE ar BSECE program er focus e ki difference?
Answer (English): BSEEE (Electrical and Electronic Engineering) has a broader focus spanning power, electronics and general EEE topics, while BSECE (Electronic and Communication Engineering) concentrates more specifically on communication-related topics such as signal processing, telecommunications, microwave engineering, and data/optical/satellite communications.

Question: Can you tell me what the difference in focus between the BSEEE and BSECE programs is?
Answer: BSEEE (Electrical and Electronic Engineering) has a broader focus spanning power, electronics and general EEE topics, while BSECE (Electronic and Communication Engineering) concentrates more specifically on communication-related topics such as signal processing, telecommunications, microwave engineering, and data/optical/satellite communications.

Question: What is the difference in focus between the BSEEE and BSECE programs?
Answer: BSEEE (Electrical and Electronic Engineering) has a broader focus spanning power, electronics and general EEE topics, while BSECE (Electronic and Communication Engineering) concentrates more specifically on communication-related topics such as signal processing, telecommunications, microwave engineering, and data/optical/satellite communications.

Question: Hey, is BRAC University's CSE program better than BUET's?
Answer: I can't give an objective ranking there - 'better' depends on what you're optimizing for, and I don't have comparative data on BUET to draw from anyway.

Question: Is BRAC University's CSE program better than BUET's?
Answer: I can't give an objective ranking there - 'better' depends on what you're optimizing for, and I don't have comparative data on BUET to draw from anyway.","The focus of the BSEEE (Electrical and Electronic Engineering) program is broader, spanning power, electronics, and general EEE topics, while the focus of the BSECE (Electronic and Communication Engineering) program is more specific to communication-related topics such as signal processing, telecommunications, microwave engineering, and data/optical/satellite communications.",open_ended,linear,0.5,False,True,True,False,False,True,,0.0194,0.0000,10.3328,10.3523,2026-07-28T09:39:25.462190+00:00,0.0854,0.9464
BQ042,adaptive_novel,Route-02 (Mirpur-A) er first outbound timing ta ki?,Route-02 (Mirpur-A): First trip departs at 2:05 PM.,"Question: What is the first outbound timing for Route-02 (Mirpur-A)?
Answer: Route-02 (Mirpur-A): First trip departs at 2:05 PM.

Question (Banglish): Route-02 (Mirpur-A) er first outbound timing ta ki?
Answer (English): Route-02 (Mirpur-A): First trip departs at 2:05 PM.

Question: What is the first outbound timing for Route-02 (Mirpur-B)?
Answer: Route-02 (Mirpur-B): First trip departs at 2:05 PM.

Question (Banglish): Route-02 (Mirpur-B) er first outbound timing ta ki?
Answer (English): Route-02 (Mirpur-B): First trip departs at 2:05 PM.

Question: What is the first outbound timing for Route-01 (Abdullahpur)?
Answer: Route-01 (Abdullahpur): First trip departs at 2:05 PM.",The first outbound timing for Route-02 (Mirpur-A) is 2:05 PM.,open_ended,linear,0.5,False,False,False,False,False,True,,0.0173,0.0000,4.6765,4.6940,2026-07-28T09:39:30.156349+00:00,0.0224,1.0525
BQ043,adaptive_novel,Thesis shuru korte hole CGPA koto lagbe?,CGPA equal to or above 3.0.,"Question (Banglish): Thesis shuru korte hole CGPA koto lagbe?
Answer (English): CGPA equal to or above 3.0.

Question (Banglish): CGPA 3 er niche thakle ki thesis kora jay? Minimum CGPA requirement ta ki?
Answer (English): It is possible to do thesis under CGPA 3, for that you have to take permission of your thesis supervisor and also the chairman. The minimum requirement for starting thesis is 3.

Question (Banglish): Project/internship shuru korar eligibility er jonno CGPA koto lagbe?
Answer (English): CGPA equal to or above 2.0.

Question (Banglish): Thesis/project/internship shuru korte minimum credit koto lagbe?
Answer (English): Students need a minimum of 75 completed credits to start a thesis, project, or internship.

Question (Banglish): Amar thesis ta amar hoye likhe diben?
Answer (English): I can't do that - a thesis has to be your own work, and having someone else write it would violate BRAC University's academic integrity policy. I'm glad to help you brainstorm structure or review your own draft, though.",The minimum CGPA requirement for starting a thesis is 3.0.,open_ended,linear,0.5,False,True,True,False,False,True,,0.0207,0.0000,4.3311,4.3520,2026-07-28T09:39:34.508749+00:00,0.4006,0.9555
BQ044,adaptive_novel,Scholarship pawa international student ke protita semester e koto credit hour nite hoy?,"Students on scholarship or financial aid are generally required to take a minimum of 9 credit hours in all semesters (applicable from Summer 2023 admits onward), except for approved reduced course loads such as in the first semester.","Question (Banglish): Scholarship pawa international student ke protita semester e koto credit hour nite hoy?
Answer (English): Students on scholarship or financial aid are generally required to take a minimum of 9 credit hours in all semesters (applicable from Summer 2023 admits onward), except for approved reduced course loads such as in the first semester.

Question: How many credit hours must a scholarship-holding international student take each semester?
Answer: Students on scholarship or financial aid are generally required to take a minimum of 9 credit hours in all semesters (applicable from Summer 2023 admits onward), except for approved reduced course loads such as in the first semester.

Question: Do you know how many credit hours must a scholarship-holding international student take each semester?
Answer: Students on scholarship or financial aid are generally required to take a minimum of 9 credit hours in all semesters (applicable from Summer 2023 admits onward), except for approved reduced course loads such as in the first semester.

Question: Before I forget to ask — how many credit hours must a scholarship-holding international student take each semester?
Answer: Students on scholarship or financial aid are generally required to take a minimum of 9 credit hours in all semesters (applicable from Summer 2023 admits onward), except for approved reduced course loads such as in the first semester.

Question (Banglish): Scholarship pawa student der pay slip e 29 June 2025 er por late fee keno ashe?
Answer (English): The fee appears temporarily and will be waived automatically once the scholarship is adjusted.","Students on scholarship or financial aid are generally required to take a minimum of 9 credit hours in all semesters (applicable from Summer 2023 admits onward), except for approved reduced course loads such as in the first semester.",open_ended,linear,0.5,False,True,True,False,False,True,,0.0263,0.0000,7.5214,7.5479,2026-07-28T09:39:42.056898+00:00,0.4314,1.0115
BQ045,adaptive_novel,Connect er madhome student ra ki ki course-related schedule access korte pare?,"Class schedules, exam schedules, and classroom allocations.","Question (Banglish): Connect er madhome student ra ki ki course-related schedule access korte pare?
Answer (English): Class schedules, exam schedules, and classroom allocations.

Question: What kinds of course-related schedules can students access through connect?
Answer: Class schedules, exam schedules, and classroom allocations.

Question (Banglish): Student ra ki Connect er madhome semester drop ba course drop er jonno apply korte pare? Parle kivabe?
Answer (English): Yes, through the new system's online application feature.

Question: What is Connect?
Answer: Connect, BRAC University's student life cycle management system (previously known as USIS), is the gateway for students, faculty, and staff to access course registration, grade tracking, billing information, and more. You can log in at https://connect.bracu.ac.bd/ using your official BRACU email credentials.

Question (Banglish): Connect e kivabe log in korte hoy bolben?
Answer (English): Login Guidelines: Login Link: https://bracu.atlassian.net/wiki/spaces/SHD/pages/420937748/CONNECT+-+Login+Guidelines#Login-to-Connect Step 1: >> Please open https://connect.bracu.ac.bd/ You are recommended to access tge Connect portal through a Desktop/Laptop/Mobile Browser (Desktop Mode). After clicking on the link, you will see the following page (BRAC University Central Login System) to access the portal. Step 2: >>Sign in with Google Select the Sign in with Google option to login the portal. If you face any issues regarding the G-Suite email access kindly send an email to sic@bracu.ac.bd mentioning your student details (Full Name, Student ID, Personal E-mail & Phone Number). Step 3: >> Login with G-Suite email Kindly ensure you are logged in with your Student G-Suite account. Step 4: >> Upon successful login, students can access their Dashboard and other Modules.","Students can access class schedules, exam schedules, and classroom allocations through Connect.",open_ended,linear,0.5,False,True,True,False,False,True,,0.0220,0.0000,4.6069,4.6290,2026-07-28T09:39:46.686624+00:00,0.3538,1.0224
BQ046,adaptive_novel,Volunteer organization e student leadership er ki ki opportunity ache?,"BRAC University Leadership Development Forum (BULDF) is a club working on training and grooming leadership traits. The club mainly focuses on young students in enhancing their leadership qualities and bringing out their hidden talents, which will help them in the future. The club has always been there for assisting the official events and programs of BRAC University as volunteers besides its own activities, which mainly include Accession, Love for Humanity, and Saving Tomorrow.

Contact: club.buldf@g.bracu.ac.bd","Question (Banglish): Volunteer organization e student leadership er ki ki opportunity ache?
Answer (English): BRAC University Leadership Development Forum (BULDF) is a club working on training and grooming leadership traits. The club mainly focuses on young students in enhancing their leadership qualities and bringing out their hidden talents, which will help them in the future. The club has always been there for assisting the official events and programs of BRAC University as volunteers besides its own activities, which mainly include Accession, Love for Humanity, and Saving Tomorrow.

Contact: club.buldf@g.bracu.ac.bd

Question: I looked around the site but couldn't find it — what opportunities are there for student leadership in volunteer organizations?
Answer: BRAC University Leadership Development Forum (BULDF) is a club working on training and grooming leadership traits. The club mainly focuses on young students in enhancing their leadership qualities and bringing out their hidden talents, which will help them in the future. The club has always been there for assisting the official events and programs of BRAC University as volunteers besides its own activities, which mainly include Accession, Love for Humanity, and Saving Tomorrow.

Contact: club.buldf@g.bracu.ac.bd

Question: This might be a silly question, but what opportunities are there for student leadership in volunteer organizations?
Answer: BRAC University Leadership Development Forum (BULDF) is a club working on training and grooming leadership traits. The club mainly focuses on young students in enhancing their leadership qualities and bringing out their hidden talents, which will help them in the future. The club has always been there for assisting the official events and programs of BRAC University as volunteers besides its own activities, which mainly include Accession, Love for Humanity, and Saving Tomorrow.

Contact: club.buldf@g.bracu.ac.bd

Question: What opportunities are there for student leadership in volunteer organizations?
Answer: BRAC University Leadership Development Forum (BULDF) is a club working on training and grooming leadership traits. The club mainly focuses on young students in enhancing their leadership qualities and bringing out their hidden talents, which will help them in the future. The club has always been there for assisting the official events and programs of BRAC University as volunteers besides its own activities, which mainly include Accession, Love for Humanity, and Saving Tomorrow.

Contact: club.buldf@g.bracu.ac.bd

Question (Banglish): University te ki ki type er extracurricular activity ache?
Answer (English): Our university offers a diverse range of extracurricular activities, including student-run clubs (e.g., debate, photography), sports teams, and fitness classes. You can also join cultural and artistic groups, volunteer in community service projects, and participate in leadership programs. Academic competitions, like hackathons and research challenges, are also available to help you grow and connect with peers.","The opportunities for student leadership in volunteer organizations include BRAC University Leadership Development Forum (BULDF), which is a club working on training and grooming leadership traits. The club mainly focuses on young students in enhancing their leadership qualities and bringing out their hidden talents, which will help them in the future. The club has always been there for assisting the official events and programs of BRAC University as volunteers besides its own activities, which mainly include Accession, Love for Humanity, and Saving Tomorrow.",open_ended,linear,0.5,False,True,True,False,False,True,,0.0205,0.0000,13.5948,13.6154,2026-07-28T09:40:00.302403+00:00,0.2417,0.9214
BQ047,adaptive_novel,Upcoming game ar event shomporke ami kivabe updated thakbo?,"Check BRACU Events Page. As the website is not fully functional yet, keep an eye on clubs' Facebook pages or BRACU Facebook groups for updates.
 and you can also go to this page for detailed updates : https://www.bracu.ac.bd/news-events/upcoming-events","Question (Banglish): Upcoming game ar event shomporke ami kivabe updated thakbo?
Answer (English): Check BRACU Events Page. As the website is not fully functional yet, keep an eye on clubs' Facebook pages or BRACU Facebook groups for updates.
 and you can also go to this page for detailed updates : https://www.bracu.ac.bd/news-events/upcoming-events

Question: How can I stay updated on upcoming games and events?
Answer: Check BRACU Events Page. As the website is not fully functional yet, keep an eye on clubs’ Facebook pages or BRACU Facebook groups for updates.
 and you can also go to this page for detailed updates : https://www.bracu.ac.bd/news-events/upcoming-events

Question (Banglish): Notun system semester event ar deadline shomporke student der informed thakte kivabe help korbe?
Answer (English): Through access to the Academic Calendar, which includes semester events, holidays, and important deadlines.

Question: Kind of urgent, but how can I stay updated on upcoming games and events?
Answer: Check BRACU Events Page. As the website is not fully functional yet, keep an eye on clubs’ Facebook pages or BRACU Facebook groups for updates.
 and you can also go to this page for detailed updates : https://www.bracu.ac.bd/news-events/upcoming-events

Question: What steps do I need to follow to stay updated on upcoming games and events?
Answer: Check BRACU Events Page. As the website is not fully functional yet, keep an eye on clubs’ Facebook pages or BRACU Facebook groups for updates.
 and you can also go to this page for detailed updates : https://www.bracu.ac.bd/news-events/upcoming-events","Check BRACU Events Page. As the website is not fully functional yet, keep an eye on clubs' Facebook pages or BRACU Facebook groups for updates, and you can also go to this page for detailed updates : https://www.bracu.ac.bd/news-events/upcoming-events.",open_ended,linear,0.5,False,False,False,False,False,True,,0.0204,0.0000,9.0668,9.0873,2026-07-28T09:40:09.390131+00:00,0.4681,1.0421
BQ048,adaptive_novel,Exam er scheduling e conflict thakle student der ki korte hoy?,"The first step is to inform the course instructor about the conflict as soon as possible. If the conflict involves multiple exams or cannot be resolved with the instructor, students should consult their department office. The department can provide additional support or coordinate with other instructors to find a solution.","Question (Banglish): Exam er scheduling e conflict thakle student der ki korte hoy?
Answer (English): The first step is to inform the course instructor about the conflict as soon as possible. If the conflict involves multiple exams or cannot be resolved with the instructor, students should consult their department office. The department can provide additional support or coordinate with other instructors to find a solution.

Question: What should students do if they have a scheduling conflict with their exams?
Answer: The first step is to inform the course instructor about the conflict as soon as possible. If the conflict involves multiple exams or cannot be resolved with the instructor, students should consult their department office. The department can provide additional support or coordinate with other instructors to find a solution.

Question: Random question, what should students do if they have a scheduling conflict with their exams?
Answer: The first step is to inform the course instructor about the conflict as soon as possible. If the conflict involves multiple exams or cannot be resolved with the instructor, students should consult their department office. The department can provide additional support or coordinate with other instructors to find a solution.

Question: Before I forget to ask — what should students do if they have a scheduling conflict with their exams?
Answer: The first step is to inform the course instructor about the conflict as soon as possible. If the conflict involves multiple exams or cannot be resolved with the instructor, students should consult their department office. The department can provide additional support or coordinate with other instructors to find a solution.

Question (Banglish): Student ra exam schedule ta thik kothay theke pete pare?
Answer (English): The official BRAC University website often publishes the exam schedules under the academic or announcements section. Additionally, the university may send exam schedules directly to students' email addresses.Furthermore, course instructors sometimes share the exam schedule directly with students during classes or through the course management system.","The first step is to inform the course instructor about the conflict as soon as possible. If the conflict involves multiple exams or cannot be resolved with the instructor, students should consult their department office. The department can provide additional support or coordinate with other instructors to find a solution.",open_ended,linear,0.5,False,False,False,False,False,True,,0.0234,0.0000,8.3572,8.3808,2026-07-28T09:40:17.771081+00:00,0.3468,1.0425
BQ049,adaptive_novel,Library theke neya book ami ki renew korte parbo?,"Yes, an item can be renewed if no other user has placed a hold on it. Renewal can be done through the online catalogue (OPAC) or by contacting the circulation desk.","Question (Banglish): Library theke neya book ami ki renew korte parbo?
Answer (English): Yes, an item can be renewed if no other user has placed a hold on it. Renewal can be done through the online catalogue (OPAC) or by contacting the circulation desk.

Question: Can I renew a book I have borrowed from the library?
Answer: Yes, an item can be renewed if no other user has placed a hold on it. Renewal can be done through the online catalogue (OPAC) or by contacting the circulation desk.

Question: No idea if this is written down anywhere — can I renew a book I have borrowed from the library?
Answer: Yes, an item can be renewed if no other user has placed a hold on it. Renewal can be done through the online catalogue (OPAC) or by contacting the circulation desk.

Question: Sorry if this was already answered, but can I renew a book I have borrowed from the library?
Answer: Yes, an item can be renewed if no other user has placed a hold on it. Renewal can be done through the online catalogue (OPAC) or by contacting the circulation desk.

Question: One thing I couldn't find anywhere: can I renew a book I have borrowed from the library?
Answer: Yes, an item can be renewed if no other user has placed a hold on it. Renewal can be done through the online catalogue (OPAC) or by contacting the circulation desk.","Yes, you can renew a book that you have borrowed from the library if no other user has placed a hold on it. Renewal can be done through the online catalogue (OPAC) or by contacting the circulation desk.",open_ended,linear,0.5,False,True,True,False,False,True,,0.0241,0.0000,7.4467,7.4709,2026-07-28T09:40:25.242694+00:00,0.3209,0.9469
BQ050,adaptive_novel,Application fee ki ache? Koto?,"Admission Application Fee Tk. 1,500/- Non-Refundable [Through Bkash, Rocket, Nagod, Visa cards, Dhaka Bank Ltd., One Bank Ltd., Southeast Bank Ltd., Brac Bank Ltd. And Prime Bank Ltd]","Question (Banglish): Application fee ki ache? Koto?
Answer (English): Admission Application Fee Tk. 1,500/- Non-Refundable [Through Bkash, Rocket, Nagod, Visa cards, Dhaka Bank Ltd., One Bank Ltd., Southeast Bank Ltd., Brac Bank Ltd. And Prime Bank Ltd]

Question (Banglish): Admission er jonno application korte gele fee hisebe koto taka lagbe?
Answer (English): Local Applicants need to pay the non-refundable application fee Tk. 1500. For international applicants, the non-refundable application fee is US$ 20.

Question: How much is the admission application fee?
Answer: Local Applicants need to pay the non-refundable application fee Tk. 1500. For international applicants, the non-refundable application fee is US$ 20.

Question: One thing I couldn't find anywhere: how much is the admission application fee?
Answer: Local Applicants need to pay the non-refundable application fee Tk. 1500. For international applicants, the non-refundable application fee is US$ 20.

Question: Before I start the application, how much money do I need to set aside just for the fee itself?
Answer: Local Applicants need to pay the non-refundable application fee Tk. 1500. For international applicants, the non-refundable application fee is US$ 20.","The admission application fee is Tk. 1,500/- Non-Refundable.",open_ended,linear,0.5,False,True,True,False,False,True,,0.0145,0.0000,4.7814,4.7960,2026-07-28T09:40:30.039148+00:00,0.1221,1.0123
BQ051,adaptive_novel,International student der jonno ki kono scholarship scheme ache?,"1. BRAC Scholarship (Needs-Based Scholarship)

Benefits: 100% tuition and fees waiver (including semester fees, lab fees, library fees) along with food and accommodations.
Eligibility: Awarded to economically disadvantaged but meritorious students.
Requirements:
Must maintain a minimum CGPA of 3.00 on a scale of 4.00 in all semesters.
If the CGPA falls below 3.00, the student may retain a tuition fee waiver for up to two consecutive semesters. The student must regain the required CGPA within these semesters, or the scholarship will be discontinued unless special circumstances are recognized by the Scholarship Committee.
2. Merit Scholarship Based on BRACU Academic Results

Eligibility:
Undergraduate students must complete at least 30 credits, and postgraduate students must complete at least 1/4th of their program credits.
Undergraduate students must take a minimum of 12 credits (15 for School of Law, 18 for Pharmacy) in both the current and previous semesters.
Postgraduate students must take at least 9 credits in both the current and previous semesters.
Conditions:
Students who retake or repeat courses, or have a 'W' grade or an 'F' in any subject in the previous or current semester, are not eligible.
Scholarship Percentage Based on CGPA:
CGPA 3.80 - 3.84: 10% waiver
CGPA 3.85 - 3.89: 25% waiver
CGPA 3.90 - 3.94: 50% waiver
CGPA 3.95 - 3.99: 75% waiver
CGPA 4.00: 100% waiver","Question (Banglish): International student der jonno specifically ki kono scholarship ache?
Answer (English): BRAC University's revised International Scholarship/Financial Aid criteria, effective from Summer 2023, include two key scholarship options. The BRAC Scholarship offers a 100% waiver on tuition, fees, food, and accommodation for economically disadvantaged, meritorious students, provided they maintain a minimum CGPA of 3.00 and other

Question (Banglish): International Student der jonno kon kon Scholarship ache?
Answer (English): Merit Scholarship Based on BracU Academic Results and BRAC Scholarship (A Needs Based Scholarship) are available for the International students.

Question (Banglish): International student der jonno ki kono scholarship scheme ache?
Answer (English): 1. BRAC Scholarship (Needs-Based Scholarship)

Benefits: 100% tuition and fees waiver (including semester fees, lab fees, library fees) along with food and accommodations.
Eligibility: Awarded to economically disadvantaged but meritorious students.
Requirements:
Must maintain a minimum CGPA of 3.00 on a scale of 4.00 in all semesters.
If the CGPA falls below 3.00, the student may retain a tuition fee waiver for up to two consecutive semesters. The student must regain the required CGPA within these semesters, or the scholarship will be discontinued unless special circumstances are recognized by the Scholarship Committee.
2. Merit Scholarship Based on BRACU Academic Results

Eligibility:
Undergraduate students must complete at least 30 credits, and postgraduate students must complete at least 1/4th of their program credits.
Undergraduate students must take a minimum of 12 credits (15 for School of Law, 18 for Pharmacy) in both the current and previous semesters.
Postgraduate students must take at least 9 credits in both the current and previous semesters.
Conditions:
Students who retake or repeat courses, or have a 'W' grade or an 'F' in any subject in the previous or current semester, are not eligible.
Scholarship Percentage Based on CGPA:
CGPA 3.80 - 3.84: 10% waiver
CGPA 3.85 - 3.89: 25% waiver
CGPA 3.90 - 3.94: 50% waiver
CGPA 3.95 - 3.99: 75% waiver
CGPA 4.00: 100% waiver

Question (Banglish): International student der jonno BRAC University er ki alada office ache?
Answer (English): Yes, the International and Scholarship Office (ISO) supports international students with admission, scholarship applications, accommodation guidance and visa assistance.

Question: Hi, is there any scholarship scheme for international students?
Answer: 1. BRAC Scholarship (Needs-Based Scholarship)

Benefits: 100% tuition and fees waiver (including semester fees, lab fees, library fees) along with food and accommodations.
Eligibility: Awarded to economically disadvantaged but meritorious students.
Requirements:
Must maintain a minimum CGPA of 3.00 on a scale of 4.00 in all semesters.
If the CGPA falls below 3.00, the student may retain a tuition fee waiver for up to two consecutive semesters. The student must regain the required CGPA within these semesters, or the scholarship will be discontinued unless special circumstances are recognized by the Scholarship Committee.
2. Merit Scholarship Based on BRACU Academic Results

Eligibility:
Undergraduate students must complete at least 30 credits, and postgraduate students must complete at least 1/4th of their program credits.
Undergraduate students must take a minimum of 12 credits (15 for School of Law, 18 for Pharmacy) in both the current and previous semesters.
Postgraduate students must take at least 9 credits in both the current and previous semesters.
Conditions:
Students who retake or repeat courses, or have a 'W' grade or an 'F' in any subject in the previous or current semester, are not eligible.
Scholarship Percentage Based on CGPA:
CGPA 3.80 - 3.84: 10% waiver
CGPA 3.85 - 3.89: 25% waiver
CGPA 3.90 - 3.94: 50% waiver
CGPA 3.95 - 3.99: 75% waiver
CGPA 4.00: 100% waiver","There are two scholarship schemes available for international students: the BRAC Scholarship (Needs-Based Scholarship) and the Merit Scholarship Based on BRACU Academic Results. The BRAC Scholarship offers a 100% tuition and fees waiver, along with food and accommodations, to economically disadvantaged but meritorious students who maintain a minimum CGPA of 3.00. The Merit Scholarship is based on academic results and provides a percentage-based waiver (10-100%) depending on the student's CGPA.",open_ended,linear,0.5,False,True,True,False,False,True,,0.0174,0.0000,15.1679,15.1856,2026-07-28T09:40:45.225158+00:00,0.0109,0.9767
BQ052,adaptive_novel,Internship er jonno apply korte student er ki lagbe?,The student must apply to the Chairperson of the CSE Department and may suggest a company with a detailed profile for approval.,"Question (Banglish): Internship er jonno apply korte student er ki lagbe?
Answer (English): The student must apply to the Chairperson of the CSE Department and may suggest a company with a detailed profile for approval.

Question: What is required for a student to apply for an internship?
Answer: The student must apply to the Chairperson of the CSE Department and may suggest a company with a detailed profile for approval.

Question: Can you tell me what required for a student to apply for an internship is?
Answer: The student must apply to the Chairperson of the CSE Department and may suggest a company with a detailed profile for approval.

Question (Banglish): Project/internship shuru korar eligibility er jonno CGPA koto lagbe?
Answer (English): CGPA equal to or above 2.0.

Question (Banglish): EMBA program e apply korte applicant der koto bochorer work experience lagbe?
Answer (English): Those who have a minimum of 3-years of professional work experience (After Graduation) can apply for the EMBA Program.",The student must apply to the Chairperson of the CSE Department and may suggest a company with a detailed profile for approval.,open_ended,linear,0.5,False,False,False,False,False,True,,0.0189,0.0000,5.3868,5.4058,2026-07-28T09:40:50.631494+00:00,0.3312,1.0348
BQ053,adaptive_novel,Exam hall e ki ki jinish prohibited?,"Mobile phones, tablets, smartwatches, and other electronic gadgets are not allowed. Bringing textbooks, notes, or any other written materials is prohibited unless explicitly allowed by the instructor.Bags, backpacks, and personal belongings should be left outside the exam hall or in designated areas.","Question (Banglish): Exam hall e ki ki jinish prohibited?
Answer (English): Mobile phones, tablets, smartwatches, and other electronic gadgets are not allowed. Bringing textbooks, notes, or any other written materials is prohibited unless explicitly allowed by the instructor.Bags, backpacks, and personal belongings should be left outside the exam hall or in designated areas.

Question: What items are prohibited in the exam hall?
Answer: Mobile phones, tablets, smartwatches, and other electronic gadgets are not allowed. Bringing textbooks, notes, or any other written materials is prohibited unless explicitly allowed by the instructor.Bags, backpacks, and personal belongings should be left outside the exam hall or in designated areas.

Question: Curious about something: what items are prohibited in the exam hall?
Answer: Mobile phones, tablets, smartwatches, and other electronic gadgets are not allowed. Bringing textbooks, notes, or any other written materials is prohibited unless explicitly allowed by the instructor.Bags, backpacks, and personal belongings should be left outside the exam hall or in designated areas.

Question: Before I forget to ask — what items are prohibited in the exam hall?
Answer: Mobile phones, tablets, smartwatches, and other electronic gadgets are not allowed. Bringing textbooks, notes, or any other written materials is prohibited unless explicitly allowed by the instructor.Bags, backpacks, and personal belongings should be left outside the exam hall or in designated areas.

Question (Banglish): Exam hall e student der koto age ashte hobe?
Answer (English): Students should aim to arrive at the exam hall at least 15 to 30 minutes before the scheduled start time of their exam.","Mobile phones, tablets, smartwatches, and other electronic gadgets are not allowed. Bringing textbooks, notes, or any other written materials is prohibited unless explicitly allowed by the instructor. Bags, backpacks, and personal belongings should be left outside the exam hall or in designated areas.",open_ended,linear,0.5,False,True,True,False,False,True,,0.0178,0.0000,8.9805,8.9984,2026-07-28T09:40:59.630112+00:00,0.2380,1.0054
BQ054,adaptive_novel,SOAS er shathe Joint PhD program shomoyer shathe kivabe structured?,"Students typically spend their first months building a literature review and research plan, aiming to upgrade from MPhil to PhD status within 9 months of starting. Year 2 is generally dedicated to field research, and Year 3 to analysis and writing up, with the final award being a Joint PhD from SOAS University of London and BRAC University.","Question (Banglish): SOAS er shathe Joint PhD program shomoyer shathe kivabe structured?
Answer (English): Students typically spend their first months building a literature review and research plan, aiming to upgrade from MPhil to PhD status within 9 months of starting. Year 2 is generally dedicated to field research, and Year 3 to analysis and writing up, with the final award being a Joint PhD from SOAS University of London and BRAC University.

Question: How is the Joint PhD program with SOAS structured over time?
Answer: Students typically spend their first months building a literature review and research plan, aiming to upgrade from MPhil to PhD status within 9 months of starting. Year 2 is generally dedicated to field research, and Year 3 to analysis and writing up, with the final award being a Joint PhD from SOAS University of London and BRAC University.

Question (Banglish): Ei joint PhD program e student ra ki London na thakleo Bangladesh theke korte parbe?
Answer (English): Yes, some PhD students are based in Bangladesh; SOAS research training components are designed to be offered in a hybrid format so that Bangladesh-based students can still participate.

Question: Does BRAC University offer a PhD program?
Answer: Yes, BRAC University offers a Joint PhD in the Political Economy of Development, run together with SOAS University of London, through BRAC University's research institute, the BRAC Institute of Governance and Development (BIGD).

Question (Banglish): BRAC University ki PhD program offer kore?
Answer (English): Yes, BRAC University offers a Joint PhD in the Political Economy of Development, run together with SOAS University of London, through BRAC University's research institute, the BRAC Institute of Governance and Development (BIGD).","The Joint PhD program with SOAS is structured over time as follows: Students typically spend their first months building a literature review and research plan, aiming to upgrade from MPhil to PhD status within 9 months of starting. Year 2 is generally dedicated to field research, and Year 3 to analysis and writing up, with the final award being a Joint PhD from SOAS University of London and BRAC University.",open_ended,linear,0.5,False,True,True,False,False,True,,0.0211,0.0000,11.3761,11.3973,2026-07-28T09:41:11.028172+00:00,0.2763,0.9992
BQ055,adaptive_novel,BRAC University Medical Center ki ki service provide kore?,"The Medical Center offers emergency medical services and free consultations/medicine to students and employees, health checkups with an official Health Card, referrals to partner hospitals for emergencies, ambulance support, and workshops on reproductive health and family planning. It also runs blood donation programs in collaboration with student clubs, arranges vaccination drives for communicable diseases, and holds regular STD/reproductive health workshops each semester with BRAC James P Grant School of Public Health.","Question (Banglish): BRAC University Medical Center ki ki service provide kore?
Answer (English): The Medical Center offers emergency medical services and free consultations/medicine to students and employees, health checkups with an official Health Card, referrals to partner hospitals for emergencies, ambulance support, and workshops on reproductive health and family planning. It also runs blood donation programs in collaboration with student clubs, arranges vaccination drives for communicable diseases, and holds regular STD/reproductive health workshops each semester with BRAC James P Grant School of Public Health.

Question: Hi, what services does the BRAC University Medical Center provide?
Answer: The Medical Center offers emergency medical services and free consultations/medicine to students and employees, health checkups with an official Health Card, referrals to partner hospitals for emergencies, ambulance support, and workshops on reproductive health and family planning, among other services.

Question: What services does the BRAC University Medical Center provide?
Answer: The Medical Center offers emergency medical services and free consultations/medicine to students and employees, health checkups with an official Health Card, referrals to partner hospitals for emergencies, ambulance support, and workshops on reproductive health and family planning. It also runs blood donation programs in collaboration with student clubs, arranges vaccination drives for communicable diseases, and holds regular STD/reproductive health workshops each semester with BRAC James P Grant School of Public Health.

Question (Banglish): BRAC University te student der jonno ki medical center ache?
Answer (English): Yes, BRAC University's Student Life section lists a Medical Center that provides healthcare services to students on campus, in addition to the medical facilities available at the Savar Residential Campus.

Question: Does BRAC University have a medical center for students?
Answer: Yes, BRAC University's Student Life section lists a Medical Center that provides healthcare services to students on campus, in addition to the medical facilities available at the Savar Residential Campus.","The BRAC University Medical Center offers emergency medical services and free consultations/medicine to students and employees, health checkups with an official Health Card, referrals to partner hospitals for emergencies, ambulance support, and workshops on reproductive health and family planning. It also runs blood donation programs in collaboration with student clubs, arranges vaccination drives for communicable diseases, and holds regular STD/reproductive health workshops each semester with BRAC James P Grant School of Public Health.",open_ended,linear,0.5,False,True,True,False,False,True,,0.0201,0.0000,12.2516,12.2718,2026-07-28T09:41:23.300466+00:00,0.0948,1.0206
BQ056,adaptive_novel,"BSS in Anthropology, BA in English, ar LLB admission er jonno kon kon subject test hoy?","Applicants to BSS in Anthropology, BA in English, and LLB (Hons) are tested only in English as part of the admission test.","Question (Banglish): BSS in Anthropology, BA in English, ar LLB admission er jonno kon kon subject test hoy?
Answer (English): Applicants to BSS in Anthropology, BA in English, and LLB (Hons) are tested only in English as part of the admission test.

Question: What subjects are tested for BSS in Anthropology, BA in English, and LLB admission?
Answer: Applicants to BSS in Anthropology, BA in English, and LLB (Hons) are tested only in English as part of the admission test.

Question: Hey, what subjects are tested for BSS in Anthropology, BA in English, and LLB admission?
Answer: Applicants to BSS in Anthropology, BA in English, and LLB (Hons) are tested only in English as part of the admission test.

Question (Banglish): BBA ar BSS in Economics admission test e kon kon subject test hoy?
Answer (English): Applicants to BBA and BSS in Economics are tested on English and Mathematics in the admission test.

Question (Banglish): CSE, EEE, Physics, ba Mathematics er moto BSc program er jonno kon kon subject test hoy?
Answer (English): Applicants to CSE, ECE, EEE, Physics, Applied Physics & Electronics, and Mathematics programs are tested on English, Mathematics, Higher Mathematics, and Physics as part of the admission test.","Applicants to BSS in Anthropology, BA in English, and LLB (Hons) are tested only in English as part of the admission test.",open_ended,linear,0.5,False,False,False,False,False,True,,0.0214,0.0000,5.9939,6.0155,2026-07-28T09:41:29.316661+00:00,0.2289,1.0688
BQ057,adaptive_novel,"BRAC University School of Law kobe established hoyechilo, ar eta ki degree offer kore?","The School of Law was founded in 2004 and offers a four-year undergraduate Bachelor of Laws (LL.B. Hons.) program, along with a postgraduate LL.M. program.","Question (Banglish): BRAC University School of Law kobe established hoyechilo, ar eta ki degree offer kore?
Answer (English): The School of Law was founded in 2004 and offers a four-year undergraduate Bachelor of Laws (LL.B. Hons.) program, along with a postgraduate LL.M. program.

Question: When was the BRAC University School of Law established, and what degree does it offer?
Answer: The School of Law was founded in 2004 and offers a four-year undergraduate Bachelor of Laws (LL.B. Hons.) program, along with a postgraduate LL.M. program.

Question (Banglish): BRAC University kobe establish hoyechilo, ar ke prothisthata?
Answer (English): BRAC University was established in 2001, founded by Sir Fazle Hasan Abed, and is affiliated with the University Grants Commission (UGC) of Bangladesh.

Question (Banglish): BRAC University er School of Law ki Master of Laws (LL.M.) program offer kore?
Answer (English): Yes, alongside the undergraduate LL.B. (Hons), the School of Law offers an LL.M. program aimed at both emerging and experienced legal professionals, covering areas from human rights and international law to corporate governance and digital/cyber law.

Question (Banglish): School of Humanities and Social Sciences ta ki, ar eta kobe founded hoyechilo?
Answer (English): Founded in 2019, this school supervises BRAC University's teaching and research activities in the liberal arts, spanning departments related to humanities and social sciences.","The School of Law was founded in 2004 and offers a four-year undergraduate Bachelor of Laws (LL.B. Hons.) program, along with a postgraduate LL.M. program.",open_ended,linear,0.5,False,False,False,False,False,True,,0.0194,0.0000,6.6856,6.7052,2026-07-28T09:41:36.022110+00:00,0.2658,1.0325
BQ058,adaptive_novel,Wishlist e unnecessary course select na korte keno bola hoy?,"Course demand influences planning, and unnecessary selections may misrepresent actual needs","Question (Banglish): Wishlist e unnecessary course select na korte keno bola hoy?
Answer (English): Course demand influences planning, and unnecessary selections may misrepresent actual needs

Question: Why is it advised not to select unnecessary courses in the Wishlist?
Answer: Course demand influences planning, and unnecessary selections may misrepresent actual needs

Question (Banglish): Wishlist event e course select korar por ki korte hobe?
Answer (English): Press the ""Confirm"" button within the assigned slot time

Question (Banglish): Connect system e Course Wishlist feature er purpose ki?
Answer (English): Addition of preferred courses to a wishlist to secure seats as they become available while following university policies

Question: Purpose of the Course Wishlist feature in the Connect system?
Answer: Addition of preferred courses to a wishlist to secure seats as they become available while following university policies","Course demand influences planning, and unnecessary selections may misrepresent actual needs.",open_ended,linear,0.5,False,True,True,False,False,True,,0.0206,0.0000,4.0887,4.1095,2026-07-28T09:41:40.132007+00:00,0.2903,1.0197
BQ059,adaptive_novel,BRAC University te notun club shuru korte basic requirement ar application process ta ki?,"To start a new club, you need at least 50 interested student members and one BRACU faculty advisor. The applicants then submit an application to the Director of Co-Curricular Activities, including the club's goals, objectives, a program calendar, and mode of operation, signed by the advisor. The new club's Executive Committee follows the same eligibility rules as any club's committee (see the Executive Committee CGPA/credit requirements). One faculty member can advise only one club at a time, but can additionally co-advise up to one more; a faculty member who isn't an advisor of any club can co-advise up to two.","Question (Banglish): BRAC University te notun club shuru korte basic requirement ar application process ta ki?
Answer (English): To start a new club, you need at least 50 interested student members and one BRACU faculty advisor. The applicants then submit an application to the Director of Co-Curricular Activities, including the club's goals, objectives, a program calendar, and mode of operation, signed by the advisor. The new club's Executive Committee follows the same eligibility rules as any club's committee (see the Executive Committee CGPA/credit requirements). One faculty member can advise only one club at a time, but can additionally co-advise up to one more; a faculty member who isn't an advisor of any club can co-advise up to two.

Question: Can you tell me what the basic requirements and application process to start a new club at BRAC University are?
Answer: To start a new club, you need at least 50 interested student members and one BRACU faculty advisor. The applicants then submit an application to the Director of Co-Curricular Activities, including the club's goals, objectives, a program calendar, and mode of operation, signed by the advisor. The new club's Executive Committee follows the same eligibility rules as any club's committee (see the Executive Committee CGPA/credit requirements). One faculty member can advise only one club at a time, but can additionally co-advise up to one more; a faculty member who isn't an advisor of any club can co-advise up to two.

Question: What are the basic requirements and application process to start a new club at BRAC University?
Answer: To start a new club, you need at least 50 interested student members and one BRACU faculty advisor. The applicants then submit an application to the Director of Co-Curricular Activities, including the club's goals, objectives, a program calendar, and mode of operation, signed by the advisor. The new club's Executive Committee follows the same eligibility rules as any club's committee (see the Executive Committee CGPA/credit requirements). One faculty member can advise only one club at a time, but can additionally co-advise up to one more; a faculty member who isn't an advisor of any club can co-advise up to two.

Question: Curious about something: what are the basic requirements and application process to start a new club at BRAC University?
Answer: To start a new club, you need at least 50 interested student members and one BRACU faculty advisor. The applicants then submit an application to the Director of Co-Curricular Activities, including the club's goals, objectives, a program calendar, and mode of operation, signed by the advisor. The new club's Executive Committee follows the same eligibility rules as any club's committee (see the Executive Committee CGPA/credit requirements). One faculty member can advise only one club at a time, but can additionally co-advise up to one more; a faculty member who isn't an advisor of any club can co-advise up to two.

Question (Banglish): Ami ki nijer club shuru korte pari? Process ta ki?
Answer (English): Of course you can start your own club. Here is some information to get started: At least 75 student members and 1 advisor [from BRACU faculty] are needed to start a
club. An application to the director, co-curricular activities with goals, objectives, program calendar and mode of operation, signed by the advisor/ co-advisor[s] should be submitted by the applicants intending to open the club. For more details , go to: https://www.bracu.ac.bd/sites/default/files/Proctor_office/bu_disciplinary_policies/8.%20OCA%20Guidelines.pdf","To start a new club, you need at least 50 interested student members and one BRACU faculty advisor. The applicants then submit an application to the Director of Co-Curricular Activities, including the club's goals, objectives, a program calendar, and mode of operation, signed by the advisor.",open_ended,linear,0.5,False,True,True,False,False,True,,0.0221,0.0000,9.7661,9.7884,2026-07-28T09:41:49.920797+00:00,0.2849,0.9369
BQ060,adaptive_novel,BRAC University ki kokhono World Universities Debating Championship (WUDC) jitteche?,"Yes, twice. In 2013, BRAC Bangladesh A (Ratib Murtaza Ali and Aaqib Farhan Hossain) won the English-as-a-Second-Language (ESL) category at WUDC in Berlin - Bangladesh's first such win. In 2022, BRAC University students Sourodip Paul and Sajid Asbat Khandaker won the WUDC open category outright in Belgrade, becoming the first Asian team ever to win the tournament's top title.","Question (Banglish): BRAC University ki kokhono World Universities Debating Championship (WUDC) jitteche?
Answer (English): Yes, twice. In 2013, BRAC Bangladesh A (Ratib Murtaza Ali and Aaqib Farhan Hossain) won the English-as-a-Second-Language (ESL) category at WUDC in Berlin - Bangladesh's first such win. In 2022, BRAC University students Sourodip Paul and Sajid Asbat Khandaker won the WUDC open category outright in Belgrade, becoming the first Asian team ever to win the tournament's top title.

Question: Has BRAC University ever won the World Universities Debating Championship (WUDC)?
Answer: Yes, twice. In 2013, BRAC Bangladesh A (Ratib Murtaza Ali and Aaqib Farhan Hossain) won the English-as-a-Second-Language (ESL) category at WUDC in Berlin - Bangladesh's first such win. In 2022, BRAC University students Sourodip Paul and Sajid Asbat Khandaker won the WUDC open category outright in Belgrade, becoming the first Asian team ever to win the tournament's top title.

Question: Random question, has BRAC University ever won the World Universities Debating Championship (WUDC)?
Answer: Yes, twice. In 2013, BRAC Bangladesh A (Ratib Murtaza Ali and Aaqib Farhan Hossain) won the English-as-a-Second-Language (ESL) category at WUDC in Berlin - Bangladesh's first such win. In 2022, BRAC University students Sourodip Paul and Sajid Asbat Khandaker won the WUDC open category outright in Belgrade, becoming the first Asian team ever to win the tournament's top title.

Question: Before I forget to ask — has BRAC University ever won the World Universities Debating Championship (WUDC)?
Answer: Yes, twice. In 2013, BRAC Bangladesh A (Ratib Murtaza Ali and Aaqib Farhan Hossain) won the English-as-a-Second-Language (ESL) category at WUDC in Berlin - Bangladesh's first such win. In 2022, BRAC University students Sourodip Paul and Sajid Asbat Khandaker won the WUDC open category outright in Belgrade, becoming the first Asian team ever to win the tournament's top title.

Question (Banglish): BRAC University er debate team recently inter-university tournament e success peyeche ki?
Answer (English): Yes, for example Team BRAC-A won the BDC-BUETDC Pre-UADC 2025 tournament (hosted by the BUET Debating Club), beating out 36 teams from across Bangladesh in the United Asians Debating Championship (UADC) format.","Yes, twice. In 2013, BRAC Bangladesh A (Ratib Murtaza Ali and Aaqib Farhan Hossain) won the English-as-a-Second-Language (ESL) category at WUDC in Berlin - Bangladesh's first such win. In 2022, BRAC University students Sourodip Paul and Sajid Asbat Khandaker won the WUDC open category outright in Belgrade, becoming the first Asian team ever to win the tournament's top title.",open_ended,linear,0.5,False,True,True,False,False,True,,0.0234,0.0000,15.2627,15.2863,2026-07-28T09:42:05.207392+00:00,0.1423,0.9769
BQ061,adaptive_novel,BRAC University er main campus address ta ki?,"BRAC University's main campus is located at Kha 224, Pragati Sarani, Merul Badda, Dhaka 1212, Bangladesh.","Question (Banglish): BRAC University er main campus address ta ki?
Answer (English): BRAC University's main campus is located at Kha 224, Pragati Sarani, Merul Badda, Dhaka 1212, Bangladesh.

Question: What is BRAC University's main campus address?
Answer: BRAC University's main campus is located at Kha 224, Pragati Sarani, Merul Badda, Dhaka 1212, Bangladesh.

Question (Banglish): BRAC University er main campus roughly koto boro?
Answer (English): BRAC University's main Mohakhali/Merul Badda campus is an urban campus covering approximately 5 acres (about 2.0 hectares).

Question: Roughly how large is BRAC University's main campus?
Answer: BRAC University's main Mohakhali/Merul Badda campus is an urban campus covering approximately 5 acres (about 2.0 hectares).

Question (Banglish): BRAC University er main campus building koto boro, ar koto student dhorte pare?
Answer (English): The main campus is a 13-story building with three basements, designed by the Singapore-based architecture firm WOHA, and built to accommodate roughly 12,000-15,000 students.","BRAC University's main campus is located at Kha 224, Pragati Sarani, Merul Badda, Dhaka 1212, Bangladesh.",open_ended,linear,0.5,False,True,True,False,False,True,,0.0160,0.0000,6.2356,6.2517,2026-07-28T09:42:11.459921+00:00,0.0041,1.0011
BQ062,adaptive_novel,GPA calculate korte BRAC University kon formula use kore?,"GPA is calculated as the sum of (grade points x credits) for all courses, divided by the sum of credits attempted - i.e., a credit-weighted average, so a 4-credit course affects the GPA more than a 1-credit course.","Question (Banglish): GPA calculate korte BRAC University kon formula use kore?
Answer (English): GPA is calculated as the sum of (grade points x credits) for all courses, divided by the sum of credits attempted - i.e., a credit-weighted average, so a 4-credit course affects the GPA more than a 1-credit course.

Question: What is the formula BRAC University uses to calculate GPA?
Answer: GPA is calculated as the sum of (grade points x credits) for all courses, divided by the sum of credits attempted - i.e., a credit-weighted average, so a 4-credit course affects the GPA more than a 1-credit course.

Question: Can you tell me what the formula BRAC University uses to calculate GPA is?
Answer: GPA is calculated as the sum of (grade points x credits) for all courses, divided by the sum of credits attempted - i.e., a credit-weighted average, so a 4-credit course affects the GPA more than a 1-credit course.

Question: Kind of urgent, but what is the formula BRAC University uses to calculate GPA?
Answer: GPA is calculated as the sum of (grade points x credits) for all courses, divided by the sum of credits attempted - i.e., a credit-weighted average, so a 4-credit course affects the GPA more than a 1-credit course.

Question (Banglish): CGPA ta thik kon niyome calculate kora hoy?
Answer (English): To calculate your CGPA, simply sum all your GPAs for each semester and divide it by the sum of the Total Credit Units (TCU) for each semester","The formula BRAC University uses to calculate GPA is the sum of (grade points x credits) for all courses, divided by the sum of credits attempted - i.e., a credit-weighted average.",open_ended,linear,0.5,False,True,True,False,False,True,,0.0236,0.0000,6.9477,6.9713,2026-07-28T09:42:18.431409+00:00,0.2021,0.9681
BQ063,adaptive_novel,Mid/final miss korle ki korbo?,"You should inform your course instructor as soon as possible with a valid reason (such as medical emergencies). In some cases, you may need to provide documentation like medical certificates to appeal.","Question (Banglish): Mid/final miss korle ki korbo?
Answer (English): You should inform your course instructor as soon as possible with a valid reason (such as medical emergencies). In some cases, you may need to provide documentation like medical certificates to appeal.

Question: What should I do if I miss my mid/final?
Answer: You should inform your course instructor as soon as possible with a valid reason (such as medical emergencies). In some cases, you may need to provide documentation like medical certificates to appeal.

Question: Random question, what should I do if I miss my mid/final?
Answer: You should inform your course instructor as soon as possible with a valid reason (such as medical emergencies). In some cases, you may need to provide documentation like medical certificates to appeal.

Question (Banglish): Valid reason e student final exam miss korle course teacher er ki korte hoy?
Answer (English): If a student misses the final exam for a documented valid reason (such as a medical emergency), the course teacher can arrange a make-up exam, and if course requirements genuinely can't be completed in time, an 'Incomplete' (I) grade with a defined completion deadline (up to 8 weeks after the final exam) may be assigned instead.

Question (Banglish): Kono kichur deadline miss korle ekjon student er ki korte hobe?
Answer (English): Students should contact with their respective department co coordinators (DCOs).","You should inform your course instructor as soon as possible with a valid reason (such as medical emergencies). In some cases, you may need to provide documentation like medical certificates to appeal.",open_ended,linear,0.5,False,True,True,False,False,True,,0.0158,0.0000,6.4059,6.4218,2026-07-28T09:42:24.854116+00:00,0.1935,0.8890
BQ064,adaptive_novel,Installment e fee pay korar procedure ta ki?,A form will be shared by gsuite if the facility is available for that particular semester and you can fill up the form and apply for installment payment.,"Question (Banglish): Installment e fee pay korar procedure ta ki?
Answer (English): A form will be shared by gsuite if the facility is available for that particular semester and you can fill up the form and apply for installment payment.

Question: Whats the procedure to pay my fees in installment?
Answer: A form will be shared by gsuite if the facility is available for that particular semester and you can fill up the form and apply for installment payment.

Question: I looked around the site but couldn't find it — whats the procedure to pay my fees in installment?
Answer: A form will be shared by gsuite if the facility is available for that particular semester and you can fill up the form and apply for installment payment.

Question (Banglish): BRAC University te installment e tuition pay kora kivabe kaj kore?
Answer (English): Once a student's installment plan is approved, the total amount on their Connect pay slip is divided by the approved number of installments, and revised pay slips are generated accordingly. Installments are paid using the same methods as regular payment (Connect pay slip, Payment Gateway, or BRAC Bank Internet Banking), and the next installment's pay slip is generated only after the current one is paid.

Question (Banglish): Notun system ki apply na kore installment payment allow korbe? Korle kivabe?
Answer (English): Yes, students will have the option to pay tuition fees in installments without making any further application.",A form will be shared by gsuite if the facility is available for that particular semester and you can fill up the form and apply for installment payment.,open_ended,linear,0.5,False,True,True,False,False,True,,0.0172,0.0000,6.0105,6.0278,2026-07-28T09:42:30.882402+00:00,0.2051,1.0187
BQ065,adaptive_novel,Route-01 (Abdullahpur) er designated bus stop gula kothay?,"The designated stops are: Polwel Carnation Shopping Centre, House Building (Labaid Diagnostic), Azampur (Uttara East Police Station), Jasimuddin (Popular Diagnostic), Airport (Police Box), Kawla (Foot Over-Bridge), Khilkhet (First Foot Over-Bridge), Biswa Road, Shewrah, BRAC University.","Question (Banglish): Route-01 (Abdullahpur) er designated bus stop gula kothay?
Answer (English): The designated stops are: Polwel Carnation Shopping Centre, House Building (Labaid Diagnostic), Azampur (Uttara East Police Station), Jasimuddin (Popular Diagnostic), Airport (Police Box), Kawla (Foot Over-Bridge), Khilkhet (First Foot Over-Bridge), Biswa Road, Shewrah, BRAC University.

Question (Banglish): Route-09 (Bashundhara Residential Area) er designated bus stop gula kothay?
Answer (English): The designated stops are: Bashundhara Gate, Bashundhara R/A, Bashundhara Shwapno, Apollo Hospital (Evercare), BRAC University.

Question (Banglish): Route-08 (Narayanganj) er designated bus stop gula kothay?
Answer (English): The designated stops are: Chashara Bus Stand, Narayanganj Club, Chanmari, Hajiganj, Signboard, Jatrabari, Motijheel, Press Club, High Court, Shahbagh, BRAC University.

Question (Banglish): Route-07 (Mohammadpur) er designated bus stop gula kothay?
Answer (English): The designated stops are: Mohammadpur Bus Stand, College Gate, Shyamoli, Kallyanpur, Gabtoli, Technical Mor, Darus Salam, Mirpur-1, Mirpur-2, Mirpur-10, Mirpur-12, ECB Chattar, BRAC University.

Question (Banglish): Route-04 (Azimpur) er designated bus stop gula kothay?
Answer (English): The designated stops are: Azimpur Bus Stand, Nilkhet, New Market, Science Lab, Kataban, Shahbagh, High Court, Press Club, Motsho Bhaban, Bijoynagar, Kakrail Mosque, Shantinagar, Malibagh Railgate, Rampura TV Centre, Badda Link Road, BRAC University.","The designated stops for Route-01 (Abdullahpur) are Polwel Carnation Shopping Centre, House Building (Labaid Diagnostic), Azampur (Uttara East Police Station), Jasimuddin (Popular Diagnostic), Airport (Police Box), Kawla (Foot Over-Bridge), Khilkhet (First Foot Over-Bridge), Biswa Road, Shewrah, and BRAC University.",open_ended,linear,0.5,False,False,False,False,False,True,,0.0186,0.0000,11.6829,11.7016,2026-07-28T09:42:42.584308+00:00,0.1084,1.0479
BQ066,adaptive_novel,SSC/HSC ba A-Level result er upor base kore ki undergraduate tuition waiver available?,"Undergraduate applicants can receive a tuition waiver (commonly around 25%, with higher tiers such as 30% or 100% for top scorers in the BRACU Admission Test) in their first semester, based on their prior academic performance at SSC/O-Level, HSC/A-Level, or IB Diploma.","Question (Banglish): SSC/HSC ba A-Level result er upor base kore ki undergraduate tuition waiver available?
Answer (English): Undergraduate applicants can receive a tuition waiver (commonly around 25%, with higher tiers such as 30% or 100% for top scorers in the BRACU Admission Test) in their first semester, based on their prior academic performance at SSC/O-Level, HSC/A-Level, or IB Diploma.

Question: What undergraduate tuition waiver is available based on SSC/HSC or A-Level results?
Answer: Undergraduate applicants can receive a tuition waiver (commonly around 25%, with higher tiers such as 30% or 100% for top scorers in the BRACU Admission Test) in their first semester, based on their prior academic performance at SSC/O-Level, HSC/A-Level, or IB Diploma.

Question: Sorry if this was already answered, but what undergraduate tuition waiver is available based on SSC/HSC or A-Level results?
Answer: Undergraduate applicants can receive a tuition waiver (commonly around 25%, with higher tiers such as 30% or 100% for top scorers in the BRACU Admission Test) in their first semester, based on their prior academic performance at SSC/O-Level, HSC/A-Level, or IB Diploma.

Question (Banglish): Undergraduate result er upor base kore postgraduate applicant der jonno ki tuition fee waiver ache?
Answer (English): Yes. For most BRAC University postgraduate programs (excluding MBA, EMBA, ECD, M.Ed, MPH and MHPSS), graduates of public universities and other UGC-approved universities can receive a 20-40% tuition fee waiver based on their undergraduate academic results, effective from Summer 2017 onward.

Question: Is there a tuition fee waiver available for postgraduate applicants based on their undergraduate results?
Answer: Yes. For most BRAC University postgraduate programs (excluding MBA, EMBA, ECD, M.Ed, MPH and MHPSS), graduates of public universities and other UGC-approved universities can receive a 20-40% tuition fee waiver based on their undergraduate academic results, effective from Summer 2017 onward.","Undergraduate applicants can receive a tuition waiver (commonly around 25%, with higher tiers such as 30% or 100% for top scorers in the BRACU Admission Test) in their first semester, based on their prior academic performance at SSC/O-Level, HSC/A-Level, or IB Diploma.",open_ended,linear,0.5,False,True,True,False,False,True,,0.0210,0.0000,9.5256,9.5469,2026-07-28T09:42:52.131494+00:00,0.2332,1.0255
BQ067,adaptive_novel,Event er jonno food ba refreshment arrange korar process ta ki?,"For refreshments from the Brac University cafeteria, orders must be confirmed by OCA, and payments will be made by the Accounts Office from the club/forum budget (not in cash). For refreshments from outside vendors, financial assistance will be transferred to the club advisor's bank account as per the approved budget.","Question (Banglish): Event er jonno food ba refreshment arrange korar process ta ki?
Answer (English): For refreshments from the Brac University cafeteria, orders must be confirmed by OCA, and payments will be made by the Accounts Office from the club/forum budget (not in cash). For refreshments from outside vendors, financial assistance will be transferred to the club advisor's bank account as per the approved budget.

Question (Banglish): Kono event er jonno Food/Refreshment kivabe arrange korbo?
Answer (English): Clubs must purchase food and water for events directly from stores.

Proper money receipts must be collected for all expenses.

After the event, all bills and receipts must be submitted to the Office of Co-curricular Activities (OCA).

Once verified, the necessary financial procedures will be carried out.

For post-budget events, the approved amount will be transferred to the club advisor's bank account after submission and verification of the bills.

Question: How to arrange Food/Refreshment for any event?
Answer: Clubs must purchase food and water for events directly from stores.

Proper money receipts must be collected for all expenses.

After the event, all bills and receipts must be submitted to the Office of Co-curricular Activities (OCA).

Once verified, the necessary financial procedures will be carried out.

For post-budget events, the approved amount will be transferred to the club advisor’s bank account after submission and verification of the bills.

Question: Not sure if this is covered elsewhere, but how to arrange Food/Refreshment for any event?
Answer: Clubs must purchase food and water for events directly from stores.

Proper money receipts must be collected for all expenses.

After the event, all bills and receipts must be submitted to the Office of Co-curricular Activities (OCA).

Once verified, the necessary financial procedures will be carried out.

For post-budget events, the approved amount will be transferred to the club advisor’s bank account after submission and verification of the bills.

Question (Banglish): Notun event organize korar jonno kivabe apply korbo?
Answer (English): Submit the Event proposal with the advisor's approval (Advisor will must have his signature in the proposal). The proposal must contain detailed information on the event plan and budget. Email the proposal to <student_org@bracu.ac.bd> and cc the club advisor.","For events, orders for refreshments from the Brac University cafeteria must be confirmed by OCA, and payments will be made by the Accounts Office from the club/forum budget. For refreshments from outside vendors, financial assistance will be transferred to the club advisor's bank account as per the approved budget.",open_ended,linear,0.5,False,True,True,False,False,True,,0.0195,0.0000,9.0488,9.0684,2026-07-28T09:43:01.200307+00:00,0.0810,0.6500
BQ068,adaptive_novel,BRAC University er Syndicate bolte thik ki bujhay?,"The Syndicate, chaired by the Vice-Chancellor, supervises the university's academic and administrative functions.","Question (Banglish): BRAC University er Syndicate bolte thik ki bujhay?
Answer (English): The Syndicate, chaired by the Vice-Chancellor, supervises the university's academic and administrative functions.

Question: Can you tell me what the Syndicate at BRAC University is?
Answer: The Syndicate, chaired by the Vice-Chancellor, supervises the university's academic and administrative functions.

Question: I wanted to ask, what is the Syndicate at BRAC University?
Answer: The Syndicate, chaired by the Vice-Chancellor, supervises the university's academic and administrative functions.

Question: What is the Syndicate at BRAC University?
Answer: The Syndicate, chaired by the Vice-Chancellor, supervises the university's academic and administrative functions.

Question (Banglish): BRAC University er ekhonkar administrative/governance structure kobe establish hoyeche?
Answer (English): BRAC University's current governance structure (Board of Trustees, Syndicate, and Academic Council as currently organized) was established in 2011, a decade after the university's 2001 founding.","The Syndicate, chaired by the Vice-Chancellor, supervises the university's academic and administrative functions.",open_ended,linear,0.5,False,True,True,False,False,True,,0.0208,0.0000,4.7789,4.7999,2026-07-28T09:43:06.000388+00:00,0.3456,0.9500
BQ069,adaptive_novel,TARC er rules bhanle ki consequence hoy?,"Violating rules and regulations can get one ousted from tarc.Eventually on severe violation the authority will call their parents and send them home.On minor violation,students are given warning.Also after 3 warnings if they cannot bring changes in themselves their tarc will also be cancelled","Question (Banglish): TARC er rules bhanle ki consequence hoy?
Answer (English): Violating rules and regulations can get one ousted from tarc.Eventually on severe violation the authority will call their parents and send them home.On minor violation,students are given warning.Also after 3 warnings if they cannot bring changes in themselves their tarc will also be cancelled

Question: What are the consequences of violating TARC rules and regulations?
Answer: Violating rules and regulations can get one ousted from tarc.Eventually on severe violation the authority will call their parents and send them home.On minor violation,students are given warning.Also after 3 warnings if they cannot bring changes in themselves their tarc will also be cancelled

Question: Can you tell me what the consequences of violating TARC rules and regulations are?
Answer: Violating rules and regulations can get one ousted from tarc.Eventually on severe violation the authority will call their parents and send them home.On minor violation,students are given warning.Also after 3 warnings if they cannot bring changes in themselves their tarc will also be cancelled

Question: Before I forget to ask — what are the consequences of violating TARC rules and regulations?
Answer: Violating rules and regulations can get one ousted from tarc.Eventually on severe violation the authority will call their parents and send them home.On minor violation,students are given warning.Also after 3 warnings if they cannot bring changes in themselves their tarc will also be cancelled

Question: Just wondering, what are the consequences of violating TARC rules and regulations?
Answer: Violating rules and regulations can get one ousted from tarc.Eventually on severe violation the authority will call their parents and send them home.On minor violation,students are given warning.Also after 3 warnings if they cannot bring changes in themselves their tarc will also be cancelled","Violating rules and regulations can get one ousted from tarc.Eventually on severe violation the authority will call their parents and send them home.On minor violation,students are given warning.Also after 3 warnings if they cannot bring changes in themselves their tarc will also be cancelled.",open_ended,linear,0.5,False,True,True,False,False,True,,0.0158,0.0000,8.6595,8.6754,2026-07-28T09:43:14.676357+00:00,0.3705,1.0193
BQ070,adaptive_novel,BRAC University er tuition fee structure ta ektu bolben please?,"For students enrolled in the Computer Science and Engineering (CSE) program at BRAC University, the tuition fee structure includes a one-time, non-refundable admission fee of BDT 30,800. Each course within the CSE program costs BDT 22,500. Additionally, students are required to pay a semester fee of BDT 11,500, which covers various facilities such as IT services and library access. There is also a one-time library membership fee of BDT 2,500. This fee structure is designed to support the comprehensive education provided in the CSE program, ensuring access to advanced resources and facilities","Question (Banglish): BRAC University er tuition fee structure ta ektu bolben please?
Answer (English): For students enrolled in the Computer Science and Engineering (CSE) program at BRAC University, the tuition fee structure includes a one-time, non-refundable admission fee of BDT 30,800. Each course within the CSE program costs BDT 22,500. Additionally, students are required to pay a semester fee of BDT 11,500, which covers various facilities such as IT services and library access. There is also a one-time library membership fee of BDT 2,500. This fee structure is designed to support the comprehensive education provided in the CSE program, ensuring access to advanced resources and facilities

Question: Could you please provide details about the tuition fee structure at BRAC University?
Answer: For students enrolled in the Computer Science and Engineering (CSE) program at BRAC University, the tuition fee structure includes a one-time, non-refundable admission fee of BDT 30,800. Each course within the CSE program costs BDT 22,500. Additionally, students are required to pay a semester fee of BDT 11,500, which covers various facilities such as IT services and library access. There is also a one-time library membership fee of BDT 2,500. This fee structure is designed to support the comprehensive education provided in the CSE program, ensuring access to advanced resources and facilities?

Question: New student here, could you please provide details about the tuition fee structure at BRAC University?
Answer: For students enrolled in the Computer Science and Engineering (CSE) program at BRAC University, the tuition fee structure includes a one-time, non-refundable admission fee of BDT 30,800. Each course within the CSE program costs BDT 22,500. Additionally, students are required to pay a semester fee of BDT 11,500, which covers various facilities such as IT services and library access. There is also a one-time library membership fee of BDT 2,500. This fee structure is designed to support the comprehensive education provided in the CSE program, ensuring access to advanced resources and facilities?

Question: What's the tuition fee at North South University?
Answer: That's outside what I can help with - I only have information about BRAC University. North South University's own website would have their current fee structure.

Question (Banglish): North South University er tuition fee koto?
Answer (English): That's outside what I can help with - I only have information about BRAC University. North South University's own website would have their current fee structure.","For students enrolled in the Computer Science and Engineering (CSE) program at BRAC University, the tuition fee structure includes a one-time, non-refundable admission fee of BDT 30,800. Each course within the CSE program costs BDT 22,500. Additionally, students are required to pay a semester fee of BDT 11,500, which covers various facilities such as IT services and library access. There is also a one-time library membership fee of BDT 2,500. This fee structure is designed to support the comprehensive education provided in the CSE program, ensuring access to advanced resources and facilities?",open_ended,linear,0.5,False,True,True,False,False,True,,0.0212,0.0000,17.8462,17.8675,2026-07-28T09:43:32.544243+00:00,0.1848,0.9970
BQ071,adaptive_novel,BRAC JPGSPH er MPH faculty member ra kothay theke ashe?,"MPH faculty are drawn from a mix of BRAC University, icddr,b, and BRAC itself, along with international partner institutions such as the University of Heidelberg, Harvard, Johns Hopkins, George Washington University, the Karolinska Institute, and the London School of Hygiene & Tropical Medicine.","Question (Banglish): BRAC JPGSPH er MPH faculty member ra kothay theke ashe?
Answer (English): MPH faculty are drawn from a mix of BRAC University, icddr,b, and BRAC itself, along with international partner institutions such as the University of Heidelberg, Harvard, Johns Hopkins, George Washington University, the Karolinska Institute, and the London School of Hygiene & Tropical Medicine.

Question (Banglish): BRAC University er MPH program er student ra shadharonoto kothay theke ashe?
Answer (English): The MPH program at BRAC JPGSPH has historically drawn a genuinely international cohort - reports note graduates from over 30 countries across its history, reflecting the school's focus on public health challenges beyond Bangladesh alone.

Question: Where do MPH faculty members at BRAC JPGSPH come from?
Answer: MPH faculty are drawn from a mix of BRAC University, icddr,b, and BRAC itself, along with international partner institutions such as the University of Heidelberg, Harvard, Johns Hopkins, George Washington University, the Karolinska Institute, and the London School of Hygiene & Tropical Medicine.

Question: I wanted to ask, where do MPH faculty members at BRAC JPGSPH come from?
Answer: MPH faculty are drawn from a mix of BRAC University, icddr,b, and BRAC itself, along with international partner institutions such as the University of Heidelberg, Harvard, Johns Hopkins, George Washington University, the Karolinska Institute, and the London School of Hygiene & Tropical Medicine.

Question: Where do students from the MPH program at BRAC University typically come from?
Answer: The MPH program at BRAC JPGSPH has historically drawn a genuinely international cohort - reports note graduates from over 30 countries across its history, reflecting the school's focus on public health challenges beyond Bangladesh alone.","MPH faculty are drawn from a mix of BRAC University, icddr,b, and BRAC itself, along with international partner institutions such as the University of Heidelberg, Harvard, Johns Hopkins, George Washington University, the Karolinska Institute, and the London School of Hygiene & Tropical Medicine.",open_ended,linear,0.5,False,True,True,False,False,True,,0.0280,0.0000,9.4639,9.4921,2026-07-28T09:43:42.036807+00:00,0.2585,0.9964
BQ072,adaptive_novel,CSE program er prerequisite gula ki?,"Candidates applying for EEE, ECE, CSE, APE and Physics:HSC/ Equivalent(""B"" grade in Physics & Mathematics),A-levels: ""C"" grade in Physics & Mathematics","Question (Banglish): CSE program er prerequisite gula ki?
Answer (English): Candidates applying for EEE, ECE, CSE, APE and Physics:HSC/ Equivalent(""B"" grade in Physics & Mathematics),A-levels: ""C"" grade in Physics & Mathematics

Question (Banglish): CSE program er specific core course gula ki ki?
Answer (English): The specific program core courses for CSE are CSE110/CSE161+CSE162L (or EEE/ECE103+103L), CSE111, CSE220, CSE221, CSE230, CSE250, CSE251, CSE260 (or EEE/ECE283+283L or EEE301+302), CSE320, CSE321, CSE330, CSE331, CSE340, CSE341, CSE350, CSE360, CSE370, CSE420, CSE421, CSE422, CSE423, CSE460, CSE461, CSE470, CSE471. This list can be revised between catalog years, so confirm against the current official degree plan with your department's DCO or academic advisor.

Question (Banglish): CS/CSE background chara MSc CSE applicant der ki extra course nite hoy?
Answer (English): Yes, candidates for the MSc in Computer Science and Engineering who don't hold a BSc in CS/CSE are generally required to take prerequisite courses first, though these may be waived if the candidate has already completed equivalent coursework elsewhere.

Question: Can you tell me what the prerequisites for the Cse program are?
Answer: Candidates applying for EEE, ECE, CSE, APE and Physics:HSC/ Equivalent(“B” grade in Physics & Mathematics),A-levels: “C” grade in Physics & Mathematics

Question: What are the prerequisites for the Cse program?
Answer: Candidates applying for EEE, ECE, CSE, APE and Physics:HSC/ Equivalent(“B” grade in Physics & Mathematics),A-levels: “C” grade in Physics & Mathematics","Candidates applying for EEE, ECE, CSE, APE and Physics:HSC/ Equivalent(""B"" grade in Physics & Mathematics),A-levels: ""C"" grade in Physics & Mathematics.",open_ended,linear,0.5,False,True,True,False,False,True,,0.0194,0.0000,6.9318,6.9514,2026-07-28T09:43:48.988647+00:00,0.3310,0.9327
BQ073,adaptive_novel,BRACU Finance and Accounts Department ke kivabe contact korbo?,"BRAC University
Kha-224 Bir Uttam Rafiqul Islam Avenue, Merul Badda,
Dhaka 1212, Bangladesh
Phone: +88 09638464646 Ext: 1220, 1221

Email: queries-accounts@bracu.ac.bd","Question (Banglish): BRACU Finance and Accounts Department ke kivabe contact korbo?
Answer (English): BRAC University
Kha-224 Bir Uttam Rafiqul Islam Avenue, Merul Badda,
Dhaka 1212, Bangladesh
Phone: +88 09638464646 Ext: 1220, 1221

Email: queries-accounts@bracu.ac.bd

Question: How to contact with BRACU Finance and Accounts Department?
Answer: BRAC University
Kha-224 Bir Uttam Rafiqul Islam Avenue, Merul Badda,
Dhaka 1212, Bangladesh
Phone: +88 09638464646 Ext: 1220, 1221

Email: queries-accounts@bracu.ac.bd

Question: Can someone help — how to contact with BRACU Finance and Accounts Department?
Answer: BRAC University
Kha-224 Bir Uttam Rafiqul Islam Avenue, Merul Badda,
Dhaka 1212, Bangladesh
Phone: +88 09638464646 Ext: 1220, 1221

Email: queries-accounts@bracu.ac.bd

Question (Banglish): Degree Processing/Convocation er jonno Finance and Accounts department theke payment clearance kivabe collect korbo?
Answer (English): 1. Collect payment clearance from Finance and Accounts department for Degree Processing/Convocation

2. Collect the Degree Application Form from your respective Department's DCO and Fill up with the necessary information.

3. Take Library clearance

4. Clear all your previous dues (if any).

5. Make payment of Tk. 10,000 for each course as degree processing fee at BRAC Bank (any branch) or IFIC Bank (Mohakhali branch) through prescribed manual payslip.

6. Bring your payment slip and duly filled form in the Finance and Accounts department to take payment clearance.

Question: What services are offered by the Finance & Accounts Office?
Answer: The Finance & Accounts Office manages student accounts, tuition payments, and financial aid. You can also email at queries-accounts@bracu.ac.bd","To contact the BRAC University Finance and Accounts Department, you can visit their office located at Kha-224 Bir Uttam Rafiqul Islam Avenue, Merul Badda, Dhaka 1212, Bangladesh. Alternatively, you can call them at +88 09638464646 Ext: 1220 or 1221, or email them at queries-accounts@bracu.ac.bd.",open_ended,linear,0.5,False,False,False,False,False,True,,0.0219,0.0000,11.5454,11.5674,2026-07-28T09:44:00.556813+00:00,0.2153,1.0558
BQ074,adaptive_novel,Route-03 (Jigatola) er pickup time gula ki?,"Route-03 (Jigatola): 1st Trip: 6:30 AM, 2nd Trip: 8:45 AM.","Question (Banglish): Route-03 (Jigatola) er pickup time gula ki?
Answer (English): Route-03 (Jigatola): 1st Trip: 6:30 AM, 2nd Trip: 8:45 AM.

Question: What are the pickup times for Route-03 (Jigatola)?
Answer: Route-03 (Jigatola): 1st Trip: 6:30 AM, 2nd Trip: 8:45 AM.

Question (Banglish): Route-05 (Jatrabari) er pickup time gula ki?
Answer (English): Route-05 (Jatrabari): 1st Trip: 6:30 AM, 2nd Trip: 8:45 AM.

Question (Banglish): Route-04 (Azimpur) er pickup time gula ki?
Answer (English): Route-04 (Azimpur): 1st Trip: 6:30 AM, 2nd Trip: 8:45 AM.

Question (Banglish): Route-02 (Mirpur-A) er pickup time gula ki?
Answer (English): 1st Trip: 6:30 AM, 2nd Trip: 8:40 AM.","Route-03 (Jigatola): 1st Trip: 6:30 AM, 2nd Trip: 8:45 AM.",open_ended,linear,0.5,False,False,False,False,False,True,,0.0182,0.0000,5.7339,5.7522,2026-07-28T09:44:06.309300+00:00,0.1161,1.0574
BQ075,adaptive_novel,Official student payment manual ami kothay pabo?,"BRAC University publishes a 'Payment Manual for Students' PDF, linked from the Tuition and Fees page, which explains the accepted payment methods and installment options in detail.","Question (Banglish): Official student payment manual ami kothay pabo?
Answer (English): BRAC University publishes a 'Payment Manual for Students' PDF, linked from the Tuition and Fees page, which explains the accepted payment methods and installment options in detail.

Question: Where can I find the official student payment manual?
Answer: BRAC University publishes a 'Payment Manual for Students' PDF, linked from the Tuition and Fees page, which explains the accepted payment methods and installment options in detail.

Question: One thing I couldn't find anywhere: where can I find the official student payment manual?
Answer: BRAC University publishes a 'Payment Manual for Students' PDF, linked from the Tuition and Fees page, which explains the accepted payment methods and installment options in detail.

Question (Banglish): Campus e ATM ami kothay pabo?
Answer (English): Ground Floor, Between manual barrier and lift lobby entries

Question: What are the ways of paying the tution fees?
Answer: BRAC University Payment Manual for Students

Link: https://www.bracu.ac.bd/brac-university-payment-manual-students

USIS Payslip: 

Students can log in to the USIS Link: https://usis.bracu.ac.bd/academia/ to download and print their USIS pay slip, and make payment in any branch of BRAC Bank/ Southeast Bank/ ONE Bank/ Dhaka Bank/ Prime Bank (except agent banking) with their printed USIS pay slip. Confirmation will be done automatically. Students do not have to submit the pay slip physically at Brac University.

 

BRAC Bank Internet Banking:

If a student or his/her guardian has an account with BRAC Bank, they can make payment through BRAC Bank online transactions. BRAC Bank online portal has the option to pay to BRAC University. Once the payment has been made, the confirmation will be done automatically. BRAC Bank online link: https://astha.bracbank.com/ib-retail-web/tenant/index 

 

Payment Gateway (for debit or credit card / bank transfer / mobile banking):

Students can log in to the USIS Link: https://usis.bracu.ac.bd/academia/ and look for the pay slip and select “Proceed to payment” and then “Pay Now” button at the bottom of the pay slip to make online payment through authorized payment gateway with debit or credit card / bank transfer / mobile banking (bKash, Rocket, Nagad, etc.). Students will get payment confirmation ONLY if authorized payment gateway is used with debit or credit card/ bank transfer/ mobile banking. Please refer to USIS pay slip for applicable convenience fee on payment gateway.

Please note that BFTN / EFT/ manual pay slip payment is NOT acceptable.","BRAC University publishes a 'Payment Manual for Students' PDF, linked from the Tuition and Fees page, which explains the accepted payment methods and installment options in detail.",open_ended,linear,0.5,False,True,True,False,False,True,,0.0195,0.0000,6.6840,6.7036,2026-07-28T09:44:13.013025+00:00,0.2189,1.0185
BQ076,adaptive_novel,Library staff der contact information ta den please.,"You can contact Librarian at: librarian@bracu.ac.bd, hasina@bracu.ac.bd
Deputy Librarian: nasiruddin@bracu.ac.bd, murtoza@bracu.ac.bd","Question (Banglish): Library staff der contact information ta den please.
Answer (English): You can contact Librarian at: librarian@bracu.ac.bd, hasina@bracu.ac.bd
Deputy Librarian: nasiruddin@bracu.ac.bd, murtoza@bracu.ac.bd

Question: Provide me the contact information of library staffs.
Answer: You can contact Librarian at: librarian@bracu.ac.bd, hasina@bracu.ac.bd
Deputy Librarian: nasiruddin@bracu.ac.bd, murtoza@bracu.ac.bd

Question: This might be a silly question, but provide me the contact information of library staffs?
Answer: You can contact Librarian at: librarian@bracu.ac.bd, hasina@bracu.ac.bd
Deputy Librarian: nasiruddin@bracu.ac.bd, murtoza@bracu.ac.bd

Question: I wanted to ask, provide me the contact information of library staffs?
Answer: You can contact Librarian at: librarian@bracu.ac.bd, hasina@bracu.ac.bd
Deputy Librarian: nasiruddin@bracu.ac.bd, murtoza@bracu.ac.bd

Question: For a friend who's asking — provide me the contact information of library staffs?
Answer: You can contact Librarian at: librarian@bracu.ac.bd, hasina@bracu.ac.bd
Deputy Librarian: nasiruddin@bracu.ac.bd, murtoza@bracu.ac.bd","You can contact Librarian at: librarian@bracu.ac.bd, hasina@bracu.ac.bd
Deputy Librarian: nasiruddin@bracu.ac.bd, murtoza@bracu.ac.bd",open_ended,linear,0.5,False,True,True,False,False,True,,0.0176,0.0000,8.0180,8.0357,2026-07-28T09:44:21.049705+00:00,0.3652,0.9947
BQ077,adaptive_novel,"Amar advising block kora ache kintu payment clear, tahole advising kivabe korbo?",You have login into these page using your g-suit to get help. LINK: https://bracu.atlassian.net/servicedesk/customer/portal/2/user/login?destination=portal%2F2 or try emailing at sic@bracu.ac.bd,"Question (Banglish): Amar advising block kora ache kintu payment clear, tahole advising kivabe korbo?
Answer (English): You have login into these page using your g-suit to get help. LINK: https://bracu.atlassian.net/servicedesk/customer/portal/2/user/login?destination=portal%2F2 or try emailing at sic@bracu.ac.bd

Question: How to do advising as my advising is blocked but my payment is clear?
Answer: You have login into these page using your g-suit to get help. LINK: https://bracu.atlassian.net/servicedesk/customer/portal/2/user/login?destination=portal%2F2 or try emailing at sic@bracu.ac.bd

Question (Banglish): Advising er shomoy amar Connect keno blocked?
Answer (English): You have login into these page using your g-suit to get help. LINK: https://bracu.atlassian.net/servicedesk/customer/portal/2/user/login?destination=portal%2F2 or try emailing about your problem at sic@bracu.ac.bd

Question (Banglish): Kon route e bKash payment allowed?
Answer (English): Only Route-02 (Mirpur-A) allows bKash payments.

Question: Why my Connect is blocked durning advising?
Answer: You have login into these page using your g-suit to get help. LINK: https://bracu.atlassian.net/servicedesk/customer/portal/2/user/login?destination=portal%2F2 or try emailing about your problem at sic@bracu.ac.bd",You have login into these page using your g-suit to get help. LINK: https://bracu.atlassian.net/servicedesk/customer/portal/2/user/login?destination=portal%2F2 or try emailing at sic@bracu.ac.bd,open_ended,linear,0.5,False,False,False,False,False,True,,0.0227,0.0000,8.1456,8.1684,2026-07-28T09:44:29.218569+00:00,0.3715,1.0479
BQ078,adaptive_novel,Savar campus e thakar shomoy student ra ki visitor receive korte pare?,"Only nominated visitors, usually parents, are allowed to visit on designated Parents' Days, which are announced each semester. Visiting hours are typically in the afternoon on specific Fridays.","Question (Banglish): Savar campus e thakar shomoy student ra ki visitor receive korte pare?
Answer (English): Only nominated visitors, usually parents, are allowed to visit on designated Parents' Days, which are announced each semester. Visiting hours are typically in the afternoon on specific Fridays.

Question: Sorry if this was already answered, but can students receive visitors while at the Savar campus?
Answer: Only nominated visitors, usually parents, are allowed to visit on designated Parents' Days, which are announced each semester. Visiting hours are typically in the afternoon on specific Fridays.

Question: Can students receive visitors while at the Savar campus?
Answer: Only nominated visitors, usually parents, are allowed to visit on designated Parents' Days, which are announced each semester. Visiting hours are typically in the afternoon on specific Fridays.

Question: Are students allowed to receive visitors while at the Savar campus?
Answer: Only nominated visitors, usually parents, are allowed to visit on designated Parents' Days, which are announced each semester. Visiting hours are typically in the afternoon on specific Fridays.

Question (Banglish): Ami ki visiting student hisebe enroll korte pari?
Answer (English): Is there a specific application process for visiting/guest students?
One can enroll as a visiting or guest student in BRACU. Visiting or guest students are required to submit their applications along with the relevant transcripts and no objection letters (NOC) from her/his University. Please contact admissions@bracu.ac.bd for more details.","Only nominated visitors, usually parents, are allowed to visit on designated Parents' Days, which are announced each semester. Visiting hours are typically in the afternoon on specific Fridays.",open_ended,linear,0.5,False,True,True,False,False,True,,0.0281,0.0000,6.8136,6.8419,2026-07-28T09:44:36.060525+00:00,0.5267,0.9624
BQ079,adaptive_novel,BRAC University er general contact information ta ki?,"The university can be reached at +88 09638464646 (extension 1001 for the operator), and general queries can be emailed to info@bracu.ac.bd.","Question (Banglish): BRAC University er general contact information ta ki?
Answer (English): The university can be reached at +88 09638464646 (extension 1001 for the operator), and general queries can be emailed to info@bracu.ac.bd.

Question: What is BRAC University's general contact information?
Answer: The university can be reached at +88 09638464646 (extension 1001 for the operator), and general queries can be emailed to info@bracu.ac.bd.

Question: For a friend who's asking — who do I contact for general student service issues like ID, registration or exam queries?
Answer: The Student Information Centre (SIC) handles student information, registry, exam controller and admissions queries. It can be reached at sic@bracu.ac.bd, by phone via +8809638464646 (press 2), and is open 9:00 AM to 4:30 PM.

Question: Who do I contact for general student service issues like ID, registration or exam queries?
Answer: The Student Information Centre (SIC) handles student information, registry, exam controller and admissions queries. It can be reached at sic@bracu.ac.bd, by phone via +8809638464646 (press 2), and is open 9:00 AM to 4:30 PM.

Question: Quick question — who do I contact for general student service issues like ID, registration or exam queries?
Answer: The Student Information Centre (SIC) handles student information, registry, exam controller and admissions queries. It can be reached at sic@bracu.ac.bd, by phone via +8809638464646 (press 2), and is open 9:00 AM to 4:30 PM.","The university's general contact information can be reached at +88 09638464646 (extension 1001 for the operator), and general queries can also be emailed to info@bracu.ac.bd.",open_ended,linear,0.5,False,True,True,False,False,True,,0.0171,0.0000,7.0272,7.0444,2026-07-28T09:44:43.105430+00:00,0.0054,1.0110
BQ080,adaptive_novel,"buX kon platform e toiri, ar eta kobe launch hoyechilo?","BuX is BRAC University's online learning platform, built on the same open-source platform originally developed by MIT and Harvard (Open edX). It was launched in 2020 in response to the shift to online learning during the COVID-19 pandemic.","Question (Banglish): buX kon platform e toiri, ar eta kobe launch hoyechilo?
Answer (English): BuX is BRAC University's online learning platform, built on the same open-source platform originally developed by MIT and Harvard (Open edX). It was launched in 2020 in response to the shift to online learning during the COVID-19 pandemic.

Question (Banglish): BRAC Onnesha kobe ar kivabe space e launch kora hoyechilo?
Answer (English): BRAC Onnesha was launched on July 7, 2017, aboard a SpaceX Falcon 9 rocket as part of the CRS-11 resupply mission to the International Space Station, built in collaboration with Kyutech's Birds-1 program involving five countries.

Question: What platform is buX built on, and when was it launched?
Answer: BuX is BRAC University's online learning platform, built on the same open-source platform originally developed by MIT and Harvard (Open edX). It was launched in 2020 in response to the shift to online learning during the COVID-19 pandemic.

Question: Kind of urgent, but what is buX and who is it for?
Answer: BuX is BRAC University's official online course/learning platform, with separate FAQ and information sections for students and for faculty, covering how to use the platform for courses.

Question: Not sure if this is covered elsewhere, but what is buX and who is it for?
Answer: BuX is BRAC University's official online course/learning platform, with separate FAQ and information sections for students and for faculty, covering how to use the platform for courses.","BuX is BRAC University's online learning platform, built on the same open-source platform originally developed by MIT and Harvard (Open edX). It was launched in 2020 in response to the shift to online learning during the COVID-19 pandemic.",open_ended,linear,0.5,False,True,True,False,False,True,,0.0235,0.0000,8.0131,8.0367,2026-07-28T09:44:51.142657+00:00,0.4373,0.9600
BQ081,adaptive_novel,BRAC University er Counseling and Wellness Centre ki offer kore?,"The Counseling and Wellness Centre is a dedicated student-life office providing psychological and wellbeing support to students, separate from the psychosocial counselling available specifically at the Residential Campus.","Question (Banglish): BRAC University er Counseling and Wellness Centre ki offer kore?
Answer (English): The Counseling and Wellness Centre is a dedicated student-life office providing psychological and wellbeing support to students, separate from the psychosocial counselling available specifically at the Residential Campus.

Question: What does the Counseling and Wellness Centre at BRAC University offer?
Answer: The Counseling and Wellness Centre is a dedicated student-life office providing psychological and wellbeing support to students, separate from the psychosocial counselling available specifically at the Residential Campus.

Question (Banglish): Counseling and Wellness Centre ki tar service er jonno charge kore?
Answer (English): No, the Counseling and Wellness Centre (CWC) provides free and confidential mental health and wellbeing services to all students and staff, including individual counseling, both face-to-face and online.

Question: Does the Counseling and Wellness Centre charge for its services?
Answer: No, the Counseling and Wellness Centre (CWC) provides free and confidential mental health and wellbeing services to all students and staff, including individual counseling, both face-to-face and online.

Question (Banglish): Ami ki nijei Counseling and Wellness Centre e refer korte pari, naki kaw ke refer korte hobe?
Answer (English): Students can self-refer to the Counseling and Wellness Centre; most clients are self-referred, though faculty, staff or other authorities can also refer a student who may need support.","The Counseling and Wellness Centre is a dedicated student-life office providing psychological and wellbeing support to students, separate from the psychosocial counselling available specifically at the Residential Campus.",open_ended,linear,0.5,False,True,True,False,False,True,,0.0187,0.0000,5.9722,5.9912,2026-07-28T09:44:57.134068+00:00,0.1026,0.9990
BQ082,adaptive_novel,Undergraduate program e porer barer intake ta thik kobe theke shuru hobe?,"BRAC University admits new undergraduates three times a year - Spring (classes start January), Summer (May), and Fall (September). The exact application deadline and admission test date for the next intake are published on the Admissions page (bracu.ac.bd/admissions) closer to that semester.","Question (Banglish): Undergraduate program e porer barer intake ta thik kobe theke shuru hobe?
Answer (English): BRAC University admits new undergraduates three times a year - Spring (classes start January), Summer (May), and Fall (September). The exact application deadline and admission test date for the next intake are published on the Admissions page (bracu.ac.bd/admissions) closer to that semester.

Question (Banglish): BRAC University er Department of Architecture kobe shuru hoyechilo, ar er typical intake koto?
Answer (English): The department started in Spring 2002 with 15 students and 3 faculty members. Admission is competitive and intake has historically been limited to around 25-30 students per year to maintain close studio supervision.

Question: When is the next intake for the undergraduate program?
Answer: BRAC University admits new undergraduates three times a year - Spring (classes start January), Summer (May), and Fall (September). The exact application deadline and admission test date for the next intake are published on the Admissions page (bracu.ac.bd/admissions) closer to that semester.

Question: Do you know when is the next intake for the undergraduate program?
Answer: BRAC University admits new undergraduates three times a year - Spring (classes start January), Summer (May), and Fall (September). The exact application deadline and admission test date for the next intake are published on the Admissions page (bracu.ac.bd/admissions) closer to that semester.

Question (Banglish): BRAC University er kon undergraduate program gula te total credit requirement shobcheye kom?
Answer (English): Programs like BSS in Anthropology, BSS in Economics, and BA in English have some of the lowest total credit requirements among BRACU's undergraduate offerings, generally around 120 credits.","BRAC University admits new undergraduates three times a year - Spring (classes start January), Summer (May), and Fall (September). The exact application deadline and admission test date for the next intake are published on the Admissions page (bracu.ac.bd/admissions) closer to that semester.",open_ended,linear,0.5,False,True,True,False,False,True,,0.0257,0.0000,8.9108,8.9367,2026-07-28T09:45:06.071487+00:00,0.4504,0.9364
BQ083,adaptive_novel,Security Supervisor Office e ki check kora hoy?,"Student ID Check, All workers In out","Question (Banglish): Security Supervisor Office e ki check kora hoy?
Answer (English): Student ID Check, All workers In out

Question: What is checked at the Security Supervisor Office?
Answer: Student ID Check, All workers In out

Question (Banglish): Security Supervisor Office er function ta ki?
Answer (English): To check student IDs and monitor the entry and exit of all workers.

Question: What is the function of the Security Supervisor Office?
Answer: To check student IDs and monitor the entry and exit of all workers.

Question (Banglish): Office of Academic Advising kothay obosthito?
Answer (English): 3rd Floor, Level 3 Zone D (B3-03 Stair 08) – access through B3-03 Stair 09.","Student ID Check, All workers In out.",open_ended,linear,0.5,False,True,True,False,False,True,,0.0190,0.0000,3.7608,3.7799,2026-07-28T09:45:09.851588+00:00,0.2149,1.0097
BQ084,adaptive_novel,Multipurpose Hall ami kivabe access korbo?,"Ground Floor, Find the lift lobby(2nd escalator); go straight to the West Side, where you will find some seats next to the Multipurpose Hall.","Question (Banglish): Multipurpose Hall ami kivabe access korbo?
Answer (English): Ground Floor, Find the lift lobby(2nd escalator); go straight to the West Side, where you will find some seats next to the Multipurpose Hall.

Question: How do I access the Multipurpose Hall?
Answer: Ground Floor, Find the lift lobby(2nd escalator); go straight to the West Side, where you will find some seats next to the Multipurpose Hall.

Question (Banglish): Female der Prayer Room ami kivabe access korbo?
Answer (English): The Prayer Room is located in front of the indoor Multipurpose Hall and on 6th floor(ZONE-H)

Question: What types of events can be held in the Multipurpose Hall?
Answer: The Multipurpose Hall can be used for meetings, seminars, workshops, and social gatherings.

Question: Sorry if this was already answered, but what types of events can be held in the Multipurpose Hall?
Answer: The Multipurpose Hall can be used for meetings, seminars, workshops, and social gatherings.","To access the Multipurpose Hall, go to the Ground Floor, find the lift lobby (2nd escalator), go straight to the West Side, where you will find some seats next to the Multipurpose Hall.",open_ended,linear,0.5,False,True,True,False,False,True,,0.0218,0.0000,6.6674,6.6893,2026-07-28T09:45:16.541577+00:00,0.1980,0.9931
BQ085,adaptive_novel,Early Childhood Development (ECD) program complete korte koto shomoy lage?,"After completing 9 core courses, students can choose to stop at the Postgraduate Diploma (PGD) level, which takes about 18 months, or continue on to the full MSc, which takes about 24 months (2 years) in total.","Question (Banglish): Early Childhood Development (ECD) program complete korte koto shomoy lage?
Answer (English): After completing 9 core courses, students can choose to stop at the Postgraduate Diploma (PGD) level, which takes about 18 months, or continue on to the full MSc, which takes about 24 months (2 years) in total.

Question: How long does the Early Childhood Development (ECD) program take to complete?
Answer: After completing 9 core courses, students can choose to stop at the Postgraduate Diploma (PGD) level, which takes about 18 months, or continue on to the full MSc, which takes about 24 months (2 years) in total.

Question: Who is the Early Childhood Development program aimed at?
Answer: It's designed for a wide range of people interested in child development - from fresh graduates to experienced school teachers, principals, NGO and government professionals, curriculum developers, researchers, and evaluation specialists.

Question: Can you tell me who is the Early Childhood Development program aimed at?
Answer: It's designed for a wide range of people interested in child development - from fresh graduates to experienced school teachers, principals, NGO and government professionals, curriculum developers, researchers, and evaluation specialists.

Question (Banglish): Early Childhood Development program kader jonno aimed?
Answer (English): It's designed for a wide range of people interested in child development - from fresh graduates to experienced school teachers, principals, NGO and government professionals, curriculum developers, researchers, and evaluation specialists.","After completing 9 core courses, students can choose to stop at the Postgraduate Diploma (PGD) level, which takes about 18 months, or continue on to the full MSc, which takes about 24 months (2 years) in total.",open_ended,linear,0.5,False,True,True,False,False,True,,0.0197,0.0000,8.6622,8.6821,2026-07-28T09:45:25.223751+00:00,0.1977,0.9715
BQ086,adaptive_novel,International student der ki medical report submit korte hoy?,"Yes, Health checkup/medical certificates are needed to be submitted.","Question (Banglish): International student der ki medical report submit korte hoy?
Answer (English): Yes, Health checkup/medical certificates are needed to be submitted.

Question (Banglish): Enroll korar age international student der ki medical requirement complete korte hoy?
Answer (English): International students must undergo a medical checkup in their home country, including a general fitness test and relevant clinical screenings/immunizations, and submit the physician's certificate/report to BRAC University.

Question: New student here, do international students need to submit any medical reports?
Answer: Yes, Health checkup/medical certificates are needed to be submitted.

Question: Curious about something: do international students need to submit any medical reports?
Answer: Yes, Health checkup/medical certificates are needed to be submitted.

Question: Hey, do international students need to submit any medical reports?
Answer: Yes, Health checkup/medical certificates are needed to be submitted.","Yes, Health checkup/medical certificates are needed to be submitted.",open_ended,linear,0.5,False,True,True,False,False,True,,0.0208,0.0000,4.0888,4.1098,2026-07-28T09:45:29.334142+00:00,0.2077,0.9502
BQ087,adaptive_novel,BRAC University ki degree program er baire kono short professional certificate course offer kore?,"Yes. For example, BRAC University partnered with Swisscontact Bangladesh to launch a Professional Certificate Course on Environmental, Social and Governance (ESG), aimed at industry professionals - its first batch began in February 2026, aimed particularly at export-oriented sectors like ready-made garments.","Question (Banglish): BRAC University ki degree program er baire kono short professional certificate course offer kore?
Answer (English): Yes. For example, BRAC University partnered with Swisscontact Bangladesh to launch a Professional Certificate Course on Environmental, Social and Governance (ESG), aimed at industry professionals - its first batch began in February 2026, aimed particularly at export-oriented sectors like ready-made garments.

Question: Does BRAC University offer any short professional certificate courses outside its degree programs?
Answer: Yes. For example, BRAC University partnered with Swisscontact Bangladesh to launch a Professional Certificate Course on Environmental, Social and Governance (ESG), aimed at industry professionals - its first batch began in February 2026, aimed particularly at export-oriented sectors like ready-made garments.

Question (Banglish): BRAC University ki kono online course offer kore?
Answer (English): We do not offer online courses or degree programs.

Question: Does BRAC University offer any online courses?
Answer: We do not offer online courses or degree programs.

Question: What kinds of Postgraduate Certificate and Diploma courses does BRAC University offer?
Answer: Examples include the Postgraduate Certificate in Construction Management (CCM), described as the first program of its kind in Bangladesh, aimed at graduates in Architecture, Engineering, Management or related fields, with candidates required to pass an interview as part of admission.","Yes. For example, BRAC University partnered with Swisscontact Bangladesh to launch a Professional Certificate Course on Environmental, Social and Governance (ESG), aimed at industry professionals - its first batch began in February 2026, aimed particularly at export-oriented sectors like ready-made garments.",open_ended,linear,0.5,False,True,True,False,False,True,,0.0287,0.0000,8.0699,8.0988,2026-07-28T09:45:37.433593+00:00,0.1932,1.0108
BQ088,adaptive_novel,Center of Entrepreneurship Development (CED) ki support provide kore?,"The Center for Entrepreneurship Development (CED) at BRAC University supports students and alumni in developing entrepreneurial skills and launching their own ventures. It offers various services, including:
Training and mentorship programs for aspiring entrepreneurs.
Workshops and seminars on business development and innovation.
Networking opportunities with industry professionals.
Resources and guidance for business planning and startup funding.
CED aims to foster a culture of entrepreneurship and innovation within the university community, providing both theoretical knowledge and practical experience to help students succeed in their entrepreneurial endeavors.Visit more for details: https://ced.bracu.ac.bd/","Question (Banglish): Center of Entrepreneurship Development (CED) ki support provide kore?
Answer (English): The Center for Entrepreneurship Development (CED) at BRAC University supports students and alumni in developing entrepreneurial skills and launching their own ventures. It offers various services, including:
Training and mentorship programs for aspiring entrepreneurs.
Workshops and seminars on business development and innovation.
Networking opportunities with industry professionals.
Resources and guidance for business planning and startup funding.
CED aims to foster a culture of entrepreneurship and innovation within the university community, providing both theoretical knowledge and practical experience to help students succeed in their entrepreneurial endeavors.Visit more for details: https://ced.bracu.ac.bd/

Question: What support does the Center of Entrepreneurship Development (CED) provide?
Answer: The Center for Entrepreneurship Development (CED) at BRAC University supports students and alumni in developing entrepreneurial skills and launching their own ventures. It offers various services, including:
Training and mentorship programs for aspiring entrepreneurs.
Workshops and seminars on business development and innovation.
Networking opportunities with industry professionals.
Resources and guidance for business planning and startup funding.
CED aims to foster a culture of entrepreneurship and innovation within the university community, providing both theoretical knowledge and practical experience to help students succeed in their entrepreneurial endeavors.Visit more for details: https://ced.bracu.ac.bd/

Question (Banglish): Center of Entrepreneurship Development (CED) ki ki service offer kore?
Answer (English): Located on the 3rd Floor/Level 3 (B3-03 Stair 08), the CED provides support for entrepreneurial activities.

Question: What services does the Center of Entrepreneurship Development (CED) offer?
Answer: Located on the 3rd Floor/Level 3 (B3-03 Stair 08), the CED provides support for entrepreneurial activities.

Question: Quick question — what services does the Center of Entrepreneurship Development (CED) offer?
Answer: Located on the 3rd Floor/Level 3 (B3-03 Stair 08), the CED provides support for entrepreneurial activities.","The Center of Entrepreneurship Development (CED) at BRAC University supports students and alumni in developing entrepreneurial skills and launching their own ventures. It offers various services, including:
Training and mentorship programs for aspiring entrepreneurs.
Workshops and seminars on business development and innovation.
Networking opportunities with industry professionals.
Resources and guidance for business planning and startup funding.
CED aims to foster a culture of entrepreneurship and innovation within the university community, providing both theoretical knowledge and practical experience to help students succeed in their entrepreneurial endeavors.",open_ended,linear,0.5,False,False,False,False,False,True,,0.0197,0.0000,13.7920,13.8117,2026-07-28T09:45:51.245558+00:00,0.0478,1.0310
BQ089,adaptive_novel,Club event er por report kivabe submit korbo?,"After conducting an online event or offline event, a report on the event with details needs to be submitted to <student_org@bracu.ac.bd> within 7 working days. Without the report, future proposals will not be accepted and approved.

• The report must contain a minimum of 500 words to a maximum of 1000 words with detailed activities, discussion, social impact, and outcome. If you get any media, coverage please provide the link.

• The social media data must be included in the report such as the number of attendees, likes, shares, views, and comments. For the best accuracy please collect this information immediately after the event is completed.

• After receiving and reviewing the appropriate report, we will complete the event or online program. Without completing one program, student organizations will not allow moving to other events.","Question (Banglish): Club event er por report kivabe submit korbo?
Answer (English): After conducting an online event or offline event, a report on the event with details needs to be submitted to <student_org@bracu.ac.bd> within 7 working days. Without the report, future proposals will not be accepted and approved.

• The report must contain a minimum of 500 words to a maximum of 1000 words with detailed activities, discussion, social impact, and outcome. If you get any media, coverage please provide the link.

• The social media data must be included in the report such as the number of attendees, likes, shares, views, and comments. For the best accuracy please collect this information immediately after the event is completed.

• After receiving and reviewing the appropriate report, we will complete the event or online program. Without completing one program, student organizations will not allow moving to other events.

Question (Banglish): Event Budget kivabe korbo ar bill submit korbo?
Answer (English): Within 48 hours of the event, the Executive Committee of a club/forum should submit the expense details with advisor's signature along with all receipts/vouchers to the OCA. They also need to submit a report and photographs of the event along with the bills.

Question: How to submit report after a club event?
Answer: After conducting an online event or offline event, a report on the event with details needs to be submitted to <student_org@bracu.ac.bd> within 7 working days. Without the report, future proposals will not be accepted and approved.

• The report must contain a minimum of 500 words to a maximum of 1000 words with detailed activities, discussion, social impact, and outcome. If you get any media, coverage please provide the link.

• The social media data must be included in the report such as the number of attendees, likes, shares, views, and comments. For the best accuracy please collect this information immediately after the event is completed.

• After receiving and reviewing the appropriate report, we will complete the event or online program. Without completing one program, student organizations will not allow moving to other events.

Question: Hey, how to submit report after a club event?
Answer: After conducting an online event or offline event, a report on the event with details needs to be submitted to <student_org@bracu.ac.bd> within 7 working days. Without the report, future proposals will not be accepted and approved.

• The report must contain a minimum of 500 words to a maximum of 1000 words with detailed activities, discussion, social impact, and outcome. If you get any media, coverage please provide the link.

• The social media data must be included in the report such as the number of attendees, likes, shares, views, and comments. For the best accuracy please collect this information immediately after the event is completed.

• After receiving and reviewing the appropriate report, we will complete the event or online program. Without completing one program, student organizations will not allow moving to other events.

Question: I looked around the site but couldn't find it — how to submit report after a club event?
Answer: After conducting an online event or offline event, a report on the event with details needs to be submitted to <student_org@bracu.ac.bd> within 7 working days. Without the report, future proposals will not be accepted and approved.

• The report must contain a minimum of 500 words to a maximum of 1000 words with detailed activities, discussion, social impact, and outcome. If you get any media, coverage please provide the link.

• The social media data must be included in the report such as the number of attendees, likes, shares, views, and comments. For the best accuracy please collect this information immediately after the event is completed.

• After receiving and reviewing the appropriate report, we will complete the event or online program. Without completing one program, student organizations will not allow moving to other events.","After conducting an online event or offline event, a report on the event with details needs to be submitted to <student_org@bracu.ac.bd> within 7 working days. The report must contain a minimum of 500 words to a maximum of 1000 words with detailed activities, discussion, social impact, and outcome, including social media data such as the number of attendees, likes, shares, views, and comments collected immediately after the event is completed.",open_ended,linear,0.5,False,True,True,False,False,True,,0.0210,0.0000,14.0452,14.0663,2026-07-28T09:46:05.312540+00:00,0.0251,0.5950
BQ090,adaptive_novel,Grade e bhul mone hole student ra ki appeal korte pare?,"A student may apply to the Chair of Department or the Dean for the re-checking of an examination script. Such a request may be made on the grounds of evidence of procedural errors, arbitrariness or prejudice. The student must make any request within Seven (07) calendar days of the publication of the mark. The Chair of Department or the Dean may, after checking with the original grader, arrange for the evaluation of an examination script to be conducted by two members of the faculty not previously involved in the examination and marking process, supported by a member of the Examination Controller's office. The rechecking process and submission of any revised grade to the Examinations Controller should be completed within 15 calendar days.","Question (Banglish): Grade e bhul mone hole student ra ki appeal korte pare?
Answer (English): A student may apply to the Chair of Department or the Dean for the re-checking of an examination script. Such a request may be made on the grounds of evidence of procedural errors, arbitrariness or prejudice. The student must make any request within Seven (07) calendar days of the publication of the mark. The Chair of Department or the Dean may, after checking with the original grader, arrange for the evaluation of an examination script to be conducted by two members of the faculty not previously involved in the examination and marking process, supported by a member of the Examination Controller's office. The rechecking process and submission of any revised grade to the Examinations Controller should be completed within 15 calendar days.

Question (Banglish): Major department na hole o student ra ki EEE te minor korte pare?
Answer (English): Yes, BRAC University offers a Minor in EEE with its own defined set of required courses and prerequisites (such as Electrical Circuits I & II and Electronic Circuits I & II), open to students from other departments who meet the prerequisites.

Question: One thing I couldn't find anywhere: can students appeal their grades if they believe there has been a mistake?
Answer: A student may apply to the Chair of Department or the Dean for the re-checking of an examination script. Such a request may be made on the grounds of evidence of procedural errors, arbitrariness or prejudice. The student must make any request within Seven (07) calendar days of the publication of the mark. The Chair of Department or the Dean may, after checking with the original grader, arrange for the evaluation of an examination script to be conducted by two members of the faculty not previously involved in the examination and marking process, supported by a member of the Examination Controller’s office. The rechecking process and submission of any revised grade to the Examinations Controller should be completed within 15 calendar days.

Question: Can students appeal their grades if they believe there has been a mistake?
Answer: A student may apply to the Chair of Department or the Dean for the re-checking of an examination script. Such a request may be made on the grounds of evidence of procedural errors, arbitrariness or prejudice. The student must make any request within Seven (07) calendar days of the publication of the mark. The Chair of Department or the Dean may, after checking with the original grader, arrange for the evaluation of an examination script to be conducted by two members of the faculty not previously involved in the examination and marking process, supported by a member of the Examination Controller’s office. The rechecking process and submission of any revised grade to the Examinations Controller should be completed within 15 calendar days.

Question: Are students allowed to appeal their grades if they believe there has been a mistake?
Answer: A student may apply to the Chair of Department or the Dean for the re-checking of an examination script. Such a request may be made on the grounds of evidence of procedural errors, arbitrariness or prejudice. The student must make any request within Seven (07) calendar days of the publication of the mark. The Chair of Department or the Dean may, after checking with the original grader, arrange for the evaluation of an examination script to be conducted by two members of the faculty not previously involved in the examination and marking process, supported by a member of the Examination Controller’s office. The rechecking process and submission of any revised grade to the Examinations Controller should be completed within 15 calendar days.","A student may apply to the Chair of Department or the Dean for the re-checking of an examination script. Such a request may be made on the grounds of evidence of procedural errors, arbitrariness or prejudice. The student must make any request within Seven (07) calendar days of the publication of the mark. The Chair of Department or the Dean may, after checking with the original grader, arrange for the evaluation of an examination script to be conducted by two members of the faculty not previously involved in the examination and marking process, supported by a member of the Examination Controller’s office. The rechecking process and submission of any revised grade to the Examinations Controller should be completed within 15 calendar days.",open_ended,linear,0.5,False,True,True,False,False,True,,0.0253,0.0000,20.2317,20.2571,2026-07-28T09:46:25.570342+00:00,0.5820,0.9138
BQ091,adaptive_novel,TARC e meal plan kivabe manage kora hoy?,"Tarc provides 3 main meals breakfast,lunch and dinner and two snack time followed by them.Breakfast time continues from 7-9 am, lunch time continues from 12:30-3 pm,dinner continues from 8:30-10 pm followed by snacks time which are from 11-12 am and 4-5 pm colleectively","Question (Banglish): TARC e meal plan kivabe manage kora hoy?
Answer (English): Tarc provides 3 main meals breakfast,lunch and dinner and two snack time followed by them.Breakfast time continues from 7-9 am, lunch time continues from 12:30-3 pm,dinner continues from 8:30-10 pm followed by snacks time which are from 11-12 am and 4-5 pm colleectively

Question (Banglish): TARC e thakar shomoy student der kon rules follow korte hoy?
Answer (English): Students must maintain the time schedule for the meals.Nobody is provided meal after that particular time.Also nobody can roam in the campus after 10:00pm.

Question (Banglish): TARC e student attendance kivabe monitor kora hoy?
Answer (English): Attendance in class are strictly followed. You can't be absent in class without proper reasons

Question (Banglish): Porer semester e TARC e jawar jonno kivabe apply korbo?
Answer (English): After the completion of 2nd semester if anybody have cgpa above 2.5,then they will be applicable for tarc.

Question (Banglish): TARC e student der kon kon course korte hoy? Details ta bolen.
Answer (English): Students have to complete BNG101,HUM101,EMB101 and ENG102/ENG101","Tarc provides 3 main meals breakfast, lunch and dinner and two snack time followed by them. Breakfast time continues from 7-9 am, lunch time continues from 12:30-3 pm, dinner continues from 8:30-10 pm followed by snacks time which are from 11-12 am and 4-5 pm collectively.",open_ended,linear,0.5,False,True,True,False,False,True,,0.0248,0.0000,10.3494,10.3743,2026-07-28T09:46:35.945678+00:00,0.2772,0.6500
BQ092,adaptive_novel,"BRAC University kobe establish hoyechilo, ar ke prothisthata?","BRAC University was established in 2001, founded by Sir Fazle Hasan Abed, and is affiliated with the University Grants Commission (UGC) of Bangladesh.","Question (Banglish): BRAC University kobe establish hoyechilo, ar ke prothisthata?
Answer (English): BRAC University was established in 2001, founded by Sir Fazle Hasan Abed, and is affiliated with the University Grants Commission (UGC) of Bangladesh.

Question (Banglish): BRAC University er ekhonkar administrative/governance structure kobe establish hoyeche?
Answer (English): BRAC University's current governance structure (Board of Trustees, Syndicate, and Academic Council as currently organized) was established in 2011, a decade after the university's 2001 founding.

Question (Banglish): School of Humanities and Social Sciences ta ki, ar eta kobe founded hoyechilo?
Answer (English): Founded in 2019, this school supervises BRAC University's teaching and research activities in the liberal arts, spanning departments related to humanities and social sciences.

Question (Banglish): BRAC University School of Law kobe established hoyechilo, ar eta ki degree offer kore?
Answer (English): The School of Law was founded in 2004 and offers a four-year undergraduate Bachelor of Laws (LL.B. Hons.) program, along with a postgraduate LL.M. program.

Question (Banglish): BRAC University er Pharmacy department kobe established hoyechilo, ar program ta kivabe structured?
Answer (English): The Department of Pharmacy was established in 2010. The Bachelor of Pharmacy (B.Pharm) program is divided into eight consecutive semesters and is approved by both the University Grants Commission (UGC) and the Pharmacy Council of Bangladesh (PCB).","BRAC University was established in 2001, founded by Sir Fazle Hasan Abed, and is affiliated with the University Grants Commission (UGC) of Bangladesh.",open_ended,linear,0.5,False,True,True,False,False,True,,0.0203,0.0000,6.1504,6.1708,2026-07-28T09:46:42.116783+00:00,0.4295,0.9721
BQ093,adaptive_novel,Library thik kon kon service diye thake?,"The library offers a variety of study facilities to suit different preferences. If you enjoy studying in a group, you can reserve a study room in advance, providing a dedicated space for collaboration. For those who prefer studying alone, there are single seats and study capsules available on a first-come, first-served basis. Additionally, the library features various other quiet and comfortable areas where you can focus on your studies.","Question (Banglish): Library thik kon kon service diye thake?
Answer (English): The library offers a variety of study facilities to suit different preferences. If you enjoy studying in a group, you can reserve a study room in advance, providing a dedicated space for collaboration. For those who prefer studying alone, there are single seats and study capsules available on a first-come, first-served basis. Additionally, the library features various other quiet and comfortable areas where you can focus on your studies.

Question (Banglish): Transport service kon kon din operate kore?
Answer (English): The service operates from Sunday to Thursday.

Question (Banglish): BRAC University transport service kon kon din chalay?
Answer (English): The service generally runs on university working days (historically Sunday-Thursday; more recent schedules list Saturday-Thursday), excluding weekends, government holidays, semester breaks, and periods of fully online classes.

Question: This might be a silly question, but what services do library provide?
Answer: The library offers a variety of study facilities to suit different preferences. If you enjoy studying in a group, you can reserve a study room in advance, providing a dedicated space for collaboration. For those who prefer studying alone, there are single seats and study capsules available on a first-come, first-served basis. Additionally, the library features various other quiet and comfortable areas where you can focus on your studies.

Question: Hey, what services do library provide?
Answer: The library offers a variety of study facilities to suit different preferences. If you enjoy studying in a group, you can reserve a study room in advance, providing a dedicated space for collaboration. For those who prefer studying alone, there are single seats and study capsules available on a first-come, first-served basis. Additionally, the library features various other quiet and comfortable areas where you can focus on your studies.","The library offers a variety of study facilities to suit different preferences. If you enjoy studying in a group, you can reserve a study room in advance, providing a dedicated space for collaboration. For those who prefer studying alone, there are single seats and study capsules available on a first-come, first-served basis. Additionally, the library features various other quiet and comfortable areas where you can focus on your studies.",open_ended,linear,0.5,False,True,True,False,False,True,,0.0199,0.0000,11.2090,11.2291,2026-07-28T09:46:53.346571+00:00,0.1739,0.8965
BQ094,adaptive_novel,Section change korte hole thik kon niyom follow korte hobe?,If you are already enrolled in a section then your request will be rejected by DCO due to the policies set by department.,"Question (Banglish): Section change korte hole thik kon niyom follow korte hobe?
Answer (English): If you are already enrolled in a section then your request will be rejected by DCO due to the policies set by department.

Question (Banglish): Advising confirm korar por course ba section change korar ability ache ki?
Answer (English): Changes cannot be made by the student; departmental adviser assistance is required.

Question: Before I forget to ask — whats the procedure for changing my section?
Answer: If you are already enrolled in a section then your request will be rejected by DCO due to the policies set by department.

Question: For a friend who's asking — whats the procedure for changing my section?
Answer: If you are already enrolled in a section then your request will be rejected by DCO due to the policies set by department.

Question: Whats the procedure for changing my section?
Answer: If you are already enrolled in a section then your request will be rejected by DCO due to the policies set by department.","If you want to change sections, you must follow the proper procedure and rules that are set by the department.",open_ended,linear,0.5,False,True,True,False,False,True,,0.0201,0.0000,5.0125,5.0327,2026-07-28T09:46:58.380055+00:00,0.4905,1.0113
BQ095,adaptive_novel,"Journal, magazine ar reference book gula ki borrow kora jay?","No. Journals, magazines, newspapers, and items in the reference collection are for in-library use only and cannot be checked out.","Question (Banglish): Journal, magazine ar reference book gula ki borrow kora jay?
Answer (English): No. Journals, magazines, newspapers, and items in the reference collection are for in-library use only and cannot be checked out.

Question: Can someone help — are journals, magazines and reference books available for borrowing?
Answer: No. Journals, magazines, newspapers, and items in the reference collection are for in-library use only and cannot be checked out.

Question: This might be a silly question, but are journals, magazines and reference books available for borrowing?
Answer: No. Journals, magazines, newspapers, and items in the reference collection are for in-library use only and cannot be checked out.

Question: For a friend who's asking — are journals, magazines and reference books available for borrowing?
Answer: No. Journals, magazines, newspapers, and items in the reference collection are for in-library use only and cannot be checked out.

Question: Just wondering, are journals, magazines and reference books available for borrowing?
Answer: No. Journals, magazines, newspapers, and items in the reference collection are for in-library use only and cannot be checked out.","Journals, magazines, newspapers, and items in the reference collection are for in-library use only and cannot be checked out.",open_ended,linear,0.5,False,True,True,False,False,True,,0.0236,0.0000,5.3179,5.3417,2026-07-28T09:47:03.723141+00:00,0.5614,1.0199
BQ096,adaptive_novel,BRAC University te Office of the Registrar er dayittwo ki?,"The Office of the Registrar handles core academic-record functions such as processing semester drop forms, maintaining student registration and grade records, and coordinating with departments on academic policy matters like leave of absence and inter-department transfers.","Question (Banglish): BRAC University te Office of the Registrar er dayittwo ki?
Answer (English): The Office of the Registrar handles core academic-record functions such as processing semester drop forms, maintaining student registration and grade records, and coordinating with departments on academic policy matters like leave of absence and inter-department transfers.

Question: Can you tell me what the Office of the Registrar responsible for at BRAC University is?
Answer: The Office of the Registrar handles core academic-record functions such as processing semester drop forms, maintaining student registration and grade records, and coordinating with departments on academic policy matters like leave of absence and inter-department transfers.

Question: What is the Office of the Registrar responsible for at BRAC University?
Answer: The Office of the Registrar handles core academic-record functions such as processing semester drop forms, maintaining student registration and grade records, and coordinating with departments on academic policy matters like leave of absence and inter-department transfers.

Question (Banglish): RS-eligible student der course registration er dayittwo ki?
Answer (English): Courses will be registered and students will be notified by the Office of the Registrar.

Question (Banglish): Office of Academic Advising (OAA) er dayittwo ki?
Answer (English): The Office of Academic Advising (OAA) supports students with course selection, degree planning, and advising-related guidance, and helps run orientation activities such as FYAT for new students.","The Office of the Registrar handles core academic-record functions such as processing semester drop forms, maintaining student registration and grade records, and coordinating with departments on academic policy matters like leave of absence and inter-department transfers.",open_ended,linear,0.5,False,True,True,False,False,True,,0.0220,0.0000,6.8562,6.8784,2026-07-28T09:47:10.602054+00:00,0.2908,0.9634
BQ097,adaptive_novel,Lab-based ba design-based program e ki regular tuition er baire additional fee lage?,"Yes, programs with laboratory or studio components (such as CSE, Architecture, and Pharmacy) typically carry an additional lab/studio fee per semester on top of standard tuition and semester fees.","Question (Banglish): Lab-based ba design-based program e ki regular tuition er baire additional fee lage?
Answer (English): Yes, programs with laboratory or studio components (such as CSE, Architecture, and Pharmacy) typically carry an additional lab/studio fee per semester on top of standard tuition and semester fees.

Question: I wanted to ask, do lab-based or design-based programs pay an additional fee beyond regular tuition?
Answer: Yes, programs with laboratory or studio components (such as CSE, Architecture, and Pharmacy) typically carry an additional lab/studio fee per semester on top of standard tuition and semester fees.

Question: Do lab-based or design-based programs pay an additional fee beyond regular tuition?
Answer: Yes, programs with laboratory or studio components (such as CSE, Architecture, and Pharmacy) typically carry an additional lab/studio fee per semester on top of standard tuition and semester fees.

Question (Banglish): Tuition chara ar ki kono additional fee ache?
Answer (English): In addition to the tuition fees for the Computer Science and Engineering (CSE) program at BRAC University, students are required to pay several additional fees. These include a one-time, non-refundable admission fee of BDT 30,800 and a semester fee of BDT 11,500, which covers essential services such as IT facilities, library access, and student activities. There is also a one-time library membership fee of BDT 2,500. Depending on the specific courses, students might incur additional lab fees, although these are generally included within the course fees for most programs

Question: Are there any additional fees apart from tuition?
Answer: In addition to the tuition fees for the Computer Science and Engineering (CSE) program at BRAC University, students are required to pay several additional fees. These include a one-time, non-refundable admission fee of BDT 30,800 and a semester fee of BDT 11,500, which covers essential services such as IT facilities, library access, and student activities. There is also a one-time library membership fee of BDT 2,500. Depending on the specific courses, students might incur additional lab fees, although these are generally included within the course fees for most programs?","Yes, programs with laboratory or studio components (such as CSE, Architecture, and Pharmacy) typically carry an additional lab/studio fee per semester on top of standard tuition and semester fees.",open_ended,linear,0.5,False,True,True,False,False,True,,0.0233,0.0000,6.7424,6.7659,2026-07-28T09:47:17.368405+00:00,0.1890,1.0220
BQ098,adaptive_novel,Valid reason e student final exam miss korle course teacher er ki korte hoy?,"If a student misses the final exam for a documented valid reason (such as a medical emergency), the course teacher can arrange a make-up exam, and if course requirements genuinely can't be completed in time, an 'Incomplete' (I) grade with a defined completion deadline (up to 8 weeks after the final exam) may be assigned instead.","Question (Banglish): Valid reason e student final exam miss korle course teacher er ki korte hoy?
Answer (English): If a student misses the final exam for a documented valid reason (such as a medical emergency), the course teacher can arrange a make-up exam, and if course requirements genuinely can't be completed in time, an 'Incomplete' (I) grade with a defined completion deadline (up to 8 weeks after the final exam) may be assigned instead.

Question: What should a course teacher do if a student misses the final exam for a valid reason?
Answer: If a student misses the final exam for a documented valid reason (such as a medical emergency), the course teacher can arrange a make-up exam, and if course requirements genuinely can't be completed in time, an 'Incomplete' (I) grade with a defined completion deadline (up to 8 weeks after the final exam) may be assigned instead.

Question: Random question, what should a course teacher do if a student misses the final exam for a valid reason?
Answer: If a student misses the final exam for a documented valid reason (such as a medical emergency), the course teacher can arrange a make-up exam, and if course requirements genuinely can't be completed in time, an 'Incomplete' (I) grade with a defined completion deadline (up to 8 weeks after the final exam) may be assigned instead.

Question: This might be a silly question, but what should a course teacher do if a student misses the final exam for a valid reason?
Answer: If a student misses the final exam for a documented valid reason (such as a medical emergency), the course teacher can arrange a make-up exam, and if course requirements genuinely can't be completed in time, an 'Incomplete' (I) grade with a defined completion deadline (up to 8 weeks after the final exam) may be assigned instead.

Question (Banglish): Final exam e boste hole minimum koto class attendance lagbe?
Answer (English): Under the general course-teaching guidelines, a student must attend at least 70% of total classes (including tutorials and labs) to be allowed to sit for the final exam in that course.","If a student misses the final exam for a documented valid reason (such as a medical emergency), the course teacher can arrange a make-up exam, and if course requirements genuinely can't be completed in time, an 'Incomplete' (I) grade with a defined completion deadline (up to 8 weeks after the final exam) may be assigned instead.",open_ended,linear,0.5,False,True,True,False,False,True,,0.0216,0.0000,10.1968,10.2186,2026-07-28T09:47:27.587285+00:00,0.2108,1.0236
BQ099,adaptive_novel,Route-01 (Abdullahpur) er pickup time gula ki?,"1st Trip: 6:40 AM, 2nd Trip: 8:50 AM.","Question (Banglish): Route-01 (Abdullahpur) er pickup time gula ki?
Answer (English): 1st Trip: 6:40 AM, 2nd Trip: 8:50 AM.

Question: What are the pickup times for Route-01 (Abdullahpur)?
Answer: 1st Trip: 6:40 AM, 2nd Trip: 8:50 AM.

Question (Banglish): Route-04 (Azimpur) er pickup time gula ki?
Answer (English): Route-04 (Azimpur): 1st Trip: 6:30 AM, 2nd Trip: 8:45 AM.

Question (Banglish): Route-02 (Mirpur-A) er pickup time gula ki?
Answer (English): 1st Trip: 6:30 AM, 2nd Trip: 8:40 AM.

Question (Banglish): Route-02 (Mirpur-B) er pickup time gula ki?
Answer (English): 1st Trip: 6:45 AM, 2nd Trip: 9:00 AM.",The pickup times for Route-01 (Abdullahpur) are 1st Trip: 6:40 AM and 2nd Trip: 8:50 AM.,open_ended,linear,0.5,False,False,False,False,False,True,,0.0237,0.0000,6.0683,6.0921,2026-07-28T09:47:33.679647+00:00,0.1377,1.0773
BQ100,adaptive_novel,Direction niye member der modhye disagreement hole thesis er majhpothe group ki split hote pare?,"Yes, but it comes with a mark penalty that increases the later it happens in the process - members can request to break/divide a group, with deductions rising from Pre-Thesis I through the Final Defense stage.","Question (Banglish): Direction niye member der modhye disagreement hole thesis er majhpothe group ki split hote pare?
Answer (English): Yes, but it comes with a mark penalty that increases the later it happens in the process - members can request to break/divide a group, with deductions rising from Pre-Thesis I through the Final Defense stage.

Question: Can a group split up mid-way through a thesis if members disagree on direction?
Answer: Yes, but it comes with a mark penalty that increases the later it happens in the process - members can request to break/divide a group, with deductions rising from Pre-Thesis I through the Final Defense stage.

Question: Random question, can a group split up mid-way through a thesis if members disagree on direction?
Answer: Yes, but it comes with a mark penalty that increases the later it happens in the process - members can request to break/divide a group, with deductions rising from Pre-Thesis I through the Final Defense stage.

Question (Banglish): Thesis project er majhe ekjon student ki group switch korte pare?
Answer (English): Yes you can, but your marks will be deducted. If you change during Pre Thesis 1: 2 marks, Pre Thesis 2: 3 marks, Final Thesis: 5 marks.

Question: Can a student switch groups in the middle of the thesis project?
Answer: Yes you can, but your marks will be deducted. If you change during Pre Thesis 1: 2 marks, Pre Thesis 2: 3 marks, Final Thesis: 5 marks.","Yes, but it comes with a mark penalty that increases the later it happens in the process - members can request to break/divide a group, with deductions rising from Pre-Thesis I through the Final Defense stage.",open_ended,linear,0.5,False,True,True,False,False,True,,0.0240,0.0000,7.0610,7.0852,2026-07-28T09:47:40.765517+00:00,0.4129,1.0096
