query_id,config,query,reference_answer,retrieved_context,generated_answer,route,fusion,lambda,abstained,raw_abstain,sufficient_context_override,graph_augmented,exact_match_any,question_match_any,translated_query,retrieval_s,rerank_s,generation_s,total_s,timestamp,query_confidence,query_top1_score
Q001,adaptive_novel,How are meal plans managed at TARC?,"Tarc provides 3 main meals breakfast,lunch and dinner and two snack time followed by them.Breakfast time continues from 7-9 am, lunch time continues from 12:30-3 pm,dinner continues from 8:30-10 pm followed by snacks time which are from 11-12 am and 4-5 pm colleectively","Question: How are meal plans managed at TARC?
Answer: Tarc provides 3 main meals breakfast,lunch and dinner and two snack time followed by them.Breakfast time continues from 7-9 am, lunch time continues from 12:30-3 pm,dinner continues from 8:30-10 pm followed by snacks time which are from 11-12 am and 4-5 pm colleectively

Question: Before I forget to ask — how are meal plans managed at TARC?
Answer: Tarc provides 3 main meals breakfast,lunch and dinner and two snack time followed by them.Breakfast time continues from 7-9 am, lunch time continues from 12:30-3 pm,dinner continues from 8:30-10 pm followed by snacks time which are from 11-12 am and 4-5 pm colleectively

Question: Sorry if this was already answered, but how are meal plans managed at TARC?
Answer: Tarc provides 3 main meals breakfast,lunch and dinner and two snack time followed by them.Breakfast time continues from 7-9 am, lunch time continues from 12:30-3 pm,dinner continues from 8:30-10 pm followed by snacks time which are from 11-12 am and 4-5 pm colleectively

Question (Banglish): TARC e meal plan kivabe manage kora hoy?
Answer (English): Tarc provides 3 main meals breakfast,lunch and dinner and two snack time followed by them.Breakfast time continues from 7-9 am, lunch time continues from 12:30-3 pm,dinner continues from 8:30-10 pm followed by snacks time which are from 11-12 am and 4-5 pm colleectively

Question: Can someone help — what dining facilities are available at TARC?
Answer: Tripti a three storied building is for dining. it provides Breakfast, Lunch dinner and also morning and evening snacks","Meal plans at TARC are managed by providing 3 main meals (breakfast, lunch, and dinner) and two snack times, with breakfast from 7-9 am, lunch from 12:30-3 pm, dinner from 8:30-10 pm, followed by snacks from 11-12 am and 4-5 pm collectively.",open_ended,linear,0.5,False,True,True,False,False,True,,0.0634,0.0135,21.6342,21.7117,2026-07-28T08:08:04.482373+00:00,0.0150,1.0249
Q002,adaptive_novel,Reason for late fee appearing on pay slip of scholarship recipients after 29 June 2025?,The fee appears temporarily and will be waived automatically once the scholarship is adjusted.,"Question: Reason for late fee appearing on pay slip of scholarship recipients after 29 June 2025?
Answer: The fee appears temporarily and will be waived automatically once the scholarship is adjusted.

Question (Banglish): Scholarship pawa student der pay slip e 29 June 2025 er por late fee keno ashe?
Answer (English): The fee appears temporarily and will be waived automatically once the scholarship is adjusted.

Question: Consequence of adding courses after 24 June 2025?
Answer: A late registration fee will be applied.

Question (Banglish): Tuition ar fee late pay korle ki consequence hoy?
Answer (English): At BRAC University, failure to make timely payments of tuition and fees can result in significant academic and financial consequences. Students who do not meet payment deadlines may have their academic results withheld, preventing them from accessing their grades or academic records. Additionally, unpaid dues can lead to the student being blocked from registering for future semesters, thereby delaying their academic progress. The university may also impose late fees or penalties, further increasing the cost of attendance. In extreme cases, continued non-payment could result in deregistration from the university, causing the student to lose their enrollment status

Question: Can you tell me what the consequences of late payment of tuition and fees are?
Answer: At BRAC University, failure to make timely payments of tuition and fees can result in significant academic and financial consequences. Students who do not meet payment deadlines may have their academic results withheld, preventing them from accessing their grades or academic records. Additionally, unpaid dues can lead to the student being blocked from registering for future semesters, thereby delaying their academic progress. The university may also impose late fees or penalties, further increasing the cost of attendance. In extreme cases, continued non-payment could result in deregistration from the university, causing the student to lose their enrollment status",The reason for a late fee appearing on the pay slip of scholarship recipients after 29 June 2025 is that the fee appears temporarily and will be waived automatically once the scholarship is adjusted.,open_ended,linear,0.5,False,False,False,False,False,True,,0.0301,0.0629,6.9702,7.0641,2026-07-28T08:08:11.547465+00:00,0.3578,1.1005
Q003,adaptive_novel,When is the next intake for the undergraduate program?,"BRAC University admits new undergraduates three times a year - Spring (classes start January), Summer (May), and Fall (September). The exact application deadline and admission test date for the next intake are published on the Admissions page (bracu.ac.bd/admissions) closer to that semester.","Question: When is the next intake for the undergraduate program?
Answer: BRAC University admits new undergraduates three times a year - Spring (classes start January), Summer (May), and Fall (September). The exact application deadline and admission test date for the next intake are published on the Admissions page (bracu.ac.bd/admissions) closer to that semester.

Question: Do you know when is the next intake for the undergraduate program?
Answer: BRAC University admits new undergraduates three times a year - Spring (classes start January), Summer (May), and Fall (September). The exact application deadline and admission test date for the next intake are published on the Admissions page (bracu.ac.bd/admissions) closer to that semester.

Question (Banglish): Undergraduate program e porer barer intake ta thik kobe theke shuru hobe?
Answer (English): BRAC University admits new undergraduates three times a year - Spring (classes start January), Summer (May), and Fall (September). The exact application deadline and admission test date for the next intake are published on the Admissions page (bracu.ac.bd/admissions) closer to that semester.

Question (Banglish): BRAC University bochore koyta semester chalay, ar kobe shuru hoy?
Answer (English): BRAC University runs three semesters a year - Spring, Summer and Fall - starting in January, May and September respectively. Pharmacy admits in Spring or Summer, and LLB admits in Spring or Fall.

Question: Hi, how many semesters are offered yearly at BRACU and when do they start?
Answer: BRACU offers 3 semesters a year: Spring, Summer & Fall, and these start in January, May & September respectively.
For Pharmacy & LLB: BRACU offers admission for Pharmacy & LLB department twice a year. You can apply in for Pharmacy: Spring or Summer semester and for LLB: Spring or Fall. The classes start from January and July for Pharmacy. January and September for LLB accordingly.
Tentative Schedule - Admission Tests:
Semester
1st Intake
2nd Intake
Spring
November
December
Summer
March
April
Fall
July
August","BRAC University admits new undergraduates three times a year - Spring (classes start January), Summer (May), and Fall (September). The exact application deadline and admission test date for the next intake are published on the Admissions page (bracu.ac.bd/admissions) closer to that semester.",open_ended,linear,0.5,False,True,True,False,False,True,,0.0210,0.0392,9.6638,9.7250,2026-07-28T08:08:21.272732+00:00,0.0203,1.0125
Q004,adaptive_novel,Can you tell me what the minimum and maximum number of group members for a thesis/project is?,A thesis/project group must have a minimum of 1 member and a maximum of 5 members.,"Question: Can you tell me what the minimum and maximum number of group members for a thesis/project is?
Answer: A thesis/project group must have a minimum of 1 member and a maximum of 5 members.

Question: What is the minimum and maximum number of group members for a thesis/project?
Answer: A thesis/project group must have a minimum of 1 member and a maximum of 5 members.

Question (Banglish): Thesis/project er jonno group member minimum ar maximum koyjon lagbe?
Answer (English): A thesis/project group must have a minimum of 1 member and a maximum of 5 members.

Question: Can you tell me what the maximum number of supervisors/co-supervisors allowed per group is?
Answer: A maximum of 2 supervisors and 2 co-supervisors.

Question (Banglish): Protita group er jonno maximum koyjon supervisor/co-supervisor allowed?
Answer (English): A maximum of 2 supervisors and 2 co-supervisors.",A thesis/project group must have a minimum of 1 member and a maximum of 5 members.,open_ended,linear,0.5,False,False,False,False,False,True,,0.0202,0.0297,4.7955,4.8466,2026-07-28T08:08:26.119795+00:00,0.0586,1.0770
Q005,adaptive_novel,Before I forget to ask — what should students do if they have a scheduling conflict with their exams?,"The first step is to inform the course instructor about the conflict as soon as possible. If the conflict involves multiple exams or cannot be resolved with the instructor, students should consult their department office. The department can provide additional support or coordinate with other instructors to find a solution.","Question: Before I forget to ask — what should students do if they have a scheduling conflict with their exams?
Answer: The first step is to inform the course instructor about the conflict as soon as possible. If the conflict involves multiple exams or cannot be resolved with the instructor, students should consult their department office. The department can provide additional support or coordinate with other instructors to find a solution.

Question: Before I forget to ask — how soon are make-up exams scheduled after the original exam date?
Answer: Students unable to appear in the final exams may sit for the final makeup exams on the dates decided by the department/school which be within 4 weeks of the following semester.

Question (Banglish): Student ra exam schedule ta thik kothay theke pete pare?
Answer (English): The official BRAC University website often publishes the exam schedules under the academic or announcements section. Additionally, the university may send exam schedules directly to students' email addresses.Furthermore, course instructors sometimes share the exam schedule directly with students during classes or through the course management system.

Question: What should students do if they have a scheduling conflict with their exams?
Answer: The first step is to inform the course instructor about the conflict as soon as possible. If the conflict involves multiple exams or cannot be resolved with the instructor, students should consult their department office. The department can provide additional support or coordinate with other instructors to find a solution.

Question: Random question, what should students do if they have a scheduling conflict with their exams?
Answer: The first step is to inform the course instructor about the conflict as soon as possible. If the conflict involves multiple exams or cannot be resolved with the instructor, students should consult their department office. The department can provide additional support or coordinate with other instructors to find a solution.","The first step is to inform the course instructor about the conflict as soon as possible. If the conflict involves multiple exams or cannot be resolved with the instructor, students should consult their department office. The department can provide additional support or coordinate with other instructors to find a solution.",open_ended,linear,0.5,False,False,False,False,False,True,,0.0182,0.0216,8.4710,8.5125,2026-07-28T08:08:34.632641+00:00,0.1165,1.0610
Q006,adaptive_novel,Where is the EEE Department?,The EEE Department is located on the 4th floor and the labs are on 11th and 12th.,"Question: Where is the EEE Department?
Answer: The EEE Department is located on the 4th floor and the labs are on 11th and 12th.

Question: Where is EEE department's printing Lab?
Answer: The EEE Department's printing lab is on 12B-17L

Question (Banglish): EEE Department kothay?
Answer (English): The EEE Department is located on the 4th floor and the labs are on 11th and 12th.

Question: Where can I find EEE department's printing Lab?
Answer: The EEE Department's printing lab is on 12B-17L

Question: What undergraduate and graduate programs does the Department of EEE offer?
Answer: The Department of Electrical and Electronic Engineering offers two undergraduate programs - Bachelor of Science in Electrical and Electronic Engineering (BSEEE) and Bachelor of Science in Electronic and Communication Engineering (BSECE) - plus two graduate programs, the Master of Science in EEE (MScEEE) and the Master of Engineering in EEE (MEnggEEE).",The EEE Department is located on the 4th floor and the labs are on 11th and 12th.,open_ended,linear,0.5,False,False,False,False,False,True,,0.0127,0.0325,5.2369,5.2827,2026-07-28T08:08:39.915689+00:00,0.0396,1.0322
Q007,adaptive_novel,What services does the BRAC University Medical Center provide?,"The Medical Center offers emergency medical services and free consultations/medicine to students and employees, health checkups with an official Health Card, referrals to partner hospitals for emergencies, ambulance support, and workshops on reproductive health and family planning. It also runs blood donation programs in collaboration with student clubs, arranges vaccination drives for communicable diseases, and holds regular STD/reproductive health workshops each semester with BRAC James P Grant School of Public Health.","Question: What services does the BRAC University Medical Center provide?
Answer: The Medical Center offers emergency medical services and free consultations/medicine to students and employees, health checkups with an official Health Card, referrals to partner hospitals for emergencies, ambulance support, and workshops on reproductive health and family planning. It also runs blood donation programs in collaboration with student clubs, arranges vaccination drives for communicable diseases, and holds regular STD/reproductive health workshops each semester with BRAC James P Grant School of Public Health.

Question: Hi, what services does the BRAC University Medical Center provide?
Answer: The Medical Center offers emergency medical services and free consultations/medicine to students and employees, health checkups with an official Health Card, referrals to partner hospitals for emergencies, ambulance support, and workshops on reproductive health and family planning, among other services.

Question: Does BRAC University have a medical center for students?
Answer: Yes, BRAC University's Student Life section lists a Medical Center that provides healthcare services to students on campus, in addition to the medical facilities available at the Savar Residential Campus.

Question (Banglish): BRAC University Medical Center ki ki service provide kore?
Answer (English): The Medical Center offers emergency medical services and free consultations/medicine to students and employees, health checkups with an official Health Card, referrals to partner hospitals for emergencies, ambulance support, and workshops on reproductive health and family planning. It also runs blood donation programs in collaboration with student clubs, arranges vaccination drives for communicable diseases, and holds regular STD/reproductive health workshops each semester with BRAC James P Grant School of Public Health.

Question: What are the operating hours of the BRAC University Medical Center?
Answer: The main (Badda/Dhaka) Medical Center operates from 8:30 AM to 8:30 PM. The Savar Residential Campus Medical Centre, located in the Sulla Building, provides services 24/7.","The BRAC University Medical Center provides emergency medical services and free consultations/medicine to students and employees, health checkups with an official Health Card, referrals to partner hospitals for emergencies, ambulance support, and workshops on reproductive health and family planning. It also runs blood donation programs in collaboration with student clubs, arranges vaccination drives for communicable diseases, and holds regular STD/reproductive health workshops each semester with BRAC James P Grant School of Public Health.",open_ended,linear,0.5,False,True,True,False,False,True,,0.0193,0.0270,12.8651,12.9123,2026-07-28T08:08:52.828541+00:00,0.0958,1.0092
Q008,adaptive_novel,When must course selections be confirmed after Pre-Registration phases?,During the Self-Registration period assigned after result publication,"Question: When must course selections be confirmed after Pre-Registration phases?
Answer: During the Self-Registration period assigned after result publication

Question (Banglish): Pre-Registration phase er por course selection kobe confirm korte hobe?
Answer (English): During the Self-Registration period assigned after result publication

Question: Just wondering, final opportunity for course registration after Pre-Registration Phases?
Answer: The Self-Registration period is the final opportunity for course registration after both Pre-Registration phases have ended.

Question: Final opportunity for course registration after Pre-Registration Phases?
Answer: The Self-Registration period is the final opportunity for course registration after both Pre-Registration phases have ended.

Question: Quick question — action to take if course selection is finalized during advising?
Answer: Press the ""Confirm"" button to confirm advising.",Course selections must be confirmed during the Self-Registration period assigned after result publication.,open_ended,linear,0.5,False,False,False,False,False,True,,0.0207,0.0259,4.4896,4.5370,2026-07-28T08:08:57.366312+00:00,0.4887,1.0770
Q009,adaptive_novel,Where do i have to park the vehicle?,You can park your vehicle at basement-2.,"Question: Where do i have to park the vehicle?
Answer: You can park your vehicle at basement-2.

Question (Banglish): Central Control Room kothay obosthito?
Answer (English): Ground Floor, Beside the Lift Lobby

Question (Banglish): Cycle Garage kothay obosthito?
Answer (English): Ground Floor, Gate no. 2 (Pocket Gate)

Question (Banglish): Campus e bus kothay theke chare?
Answer (English): The bus leave campus from the Basement-1

Question (Banglish): Ami koto shomoy campus e amar vehicle park korte pari?
Answer (English): As long as you're paying the parking fee",You can park your vehicle at basement-2.,open_ended,linear,0.5,False,False,False,False,False,True,,0.0144,0.0097,3.7313,3.7559,2026-07-28T08:09:01.122532+00:00,0.1293,1.0459
Q010,adaptive_novel,Purpose of the Wishlist event for Summer 2025?,To help plan course offerings based on student demand,"Question: Purpose of the Wishlist event for Summer 2025?
Answer: To help plan course offerings based on student demand

Question (Banglish): Summer 2025 er Wishlist event er purpose ki?
Answer (English): To help plan course offerings based on student demand

Question (Banglish): Kon group er student der Wishlist event e participate korar requirement nei?
Answer (English): Students who are eligible for residential semester in the upcoming semester.

Question (Banglish): Wishlist ta ki?
Answer (English): Wishlist event – an online pre-advising activity where undergraduate students (all programs except LLB, PHR, and Residential-Semester-eligible cohorts) log in during an assigned time slot, select the courses they intend to take, and press ""Confirm.""
The collected course demands are then used by BRAC University to decide how many sections to open for each course, and only students who complete this step become eligible for Pre-Registration Phase 1.

Question (Banglish): Protita semester e advising phase shuru kora event er naam ki?
Answer (English): Wishlist event, the schedule will be mailed by the registrar.",The purpose of the Wishlist event for Summer 2025 is to help plan course offerings based on student demand.,open_ended,linear,0.5,False,False,False,False,False,True,,0.0161,0.0160,4.8873,4.9199,2026-07-28T08:09:06.042415+00:00,0.0583,1.0537
Q011,adaptive_novel,"Does BRAC University have a digital student ID card, or only a physical one?","Yes, BRAC University introduced a digital ID card in 2017, generated through the BRACU Mobile App (accessible via the app's 'ID Card' menu option). Both the physical and digital ID have been usable, and students are advised to keep the app updated to generate their digital card.","Question: Does BRAC University have a digital student ID card, or only a physical one?
Answer: Yes, BRAC University introduced a digital ID card in 2017, generated through the BRACU Mobile App (accessible via the app's 'ID Card' menu option). Both the physical and digital ID have been usable, and students are advised to keep the app updated to generate their digital card.

Question (Banglish): BRAC University er ki digital student ID card ache, naki shudhu physical ta?
Answer (English): Yes, BRAC University introduced a digital ID card in 2017, generated through the BRACU Mobile App (accessible via the app's 'ID Card' menu option). Both the physical and digital ID have been usable, and students are advised to keep the app updated to generate their digital card.

Question (Banglish): ID card hariye gele ki korbo?
Answer (English): Go to the registers office on the 4th floor, they will give you an id card renewal form and all the other details.

Question: Can students without an ID card use the transport service?
Answer: No, students must present a valid BRAC University ID card.

Question: What ID do I need to show to board the BRAC University bus?
Answer: Passengers must display their individual student ID card before boarding. New students who don't yet have their ID card can show a photocopy of their payment/registration receipt instead.","BRAC University has both a digital and a physical student ID card. The digital ID card was introduced in 2017 through the BRACU Mobile App, which can be accessed via the app's 'ID Card' menu option. Both the physical and digital IDs have been usable, and students are advised to keep the app updated to generate their digital card.",open_ended,linear,0.5,False,False,False,False,False,True,,0.0202,0.0196,10.3272,10.3683,2026-07-28T08:09:16.411097+00:00,0.0943,1.0543
Q012,adaptive_novel,What is the contact number for Route-05 (Jatrabari)?,Route-05 (Jatrabari) Service Assistant contact: 01700-877297.,"Question: What is the contact number for Route-05 (Jatrabari)?
Answer: Route-05 (Jatrabari) Service Assistant contact: 01700-877297.

Question (Banglish): Route-05 (Jatrabari) er contact number ta ki?
Answer (English): Route-05 (Jatrabari) Service Assistant contact: 01700-877297.

Question: What is the contact number for Route-04 (Azimpur)?
Answer: Route-04 (Azimpur) Service Assistant contact: 01700-597095.

Question: What is the first outbound timing for Route-05 (Jatrabari)?
Answer: Route-05 (Jatrabari): First trip departs at 2:05 PM.

Question: What is the contact number for Route-03 (Jigatola)?
Answer: Route-03 (Jigatola) Service Assistant contact: 01312-467313.",The contact number for Route-05 (Jatrabari) is 01700-877297.,open_ended,linear,0.5,False,False,False,False,False,True,,0.0184,0.0241,4.8039,4.8470,2026-07-28T08:09:21.258719+00:00,0.0381,1.0508
Q013,adaptive_novel,"Random question, what should I do if I miss my mid/final?","You should inform your course instructor as soon as possible with a valid reason (such as medical emergencies). In some cases, you may need to provide documentation like medical certificates to appeal.","Question: Random question, what should I do if I miss my mid/final?
Answer: You should inform your course instructor as soon as possible with a valid reason (such as medical emergencies). In some cases, you may need to provide documentation like medical certificates to appeal.

Question: Random question, what should a course teacher do if a student misses the final exam for a valid reason?
Answer: If a student misses the final exam for a documented valid reason (such as a medical emergency), the course teacher can arrange a make-up exam, and if course requirements genuinely can't be completed in time, an 'Incomplete' (I) grade with a defined completion deadline (up to 8 weeks after the final exam) may be assigned instead.

Question: Random question, what should a student do if he misses a deadline of something?
Answer: Students should contact with their respective department co coordinators (DCOs).

Question: What should I do if I miss my mid/final?
Answer: You should inform your course instructor as soon as possible with a valid reason (such as medical emergencies). In some cases, you may need to provide documentation like medical certificates to appeal.

Question: Random question, can a group split up mid-way through a thesis if members disagree on direction?
Answer: Yes, but it comes with a mark penalty that increases the later it happens in the process - members can request to break/divide a group, with deductions rising from Pre-Thesis I through the Final Defense stage.","You should inform your course instructor as soon as possible with a valid reason (such as medical emergencies). In some cases, you may need to provide documentation like medical certificates to appeal.",open_ended,linear,0.5,False,True,True,False,False,True,,0.0179,0.0151,6.4181,6.4519,2026-07-28T08:09:27.710900+00:00,0.1007,0.9692
Q014,adaptive_novel,How to do advising as my advising is blocked but my payment is clear?,You have login into these page using your g-suit to get help. LINK: https://bracu.atlassian.net/servicedesk/customer/portal/2/user/login?destination=portal%2F2 or try emailing at sic@bracu.ac.bd,"Question: How to do advising as my advising is blocked but my payment is clear?
Answer: You have login into these page using your g-suit to get help. LINK: https://bracu.atlassian.net/servicedesk/customer/portal/2/user/login?destination=portal%2F2 or try emailing at sic@bracu.ac.bd

Question (Banglish): Amar advising block kora ache kintu payment clear, tahole advising kivabe korbo?
Answer (English): You have login into these page using your g-suit to get help. LINK: https://bracu.atlassian.net/servicedesk/customer/portal/2/user/login?destination=portal%2F2 or try emailing at sic@bracu.ac.bd

Question: New student here, my pre advising schedule is not good, what to do?
Answer: Please try in the main advising or you can try by swapping your sections in the main advising.

Question (Banglish): Advising ta ki?
Answer (English): Advising is the procedure of taking courses for your upcoming semester. It is divided into two parts. Firstly Pre-advising then main advising. Pre-advising usually happens few days before your cuurent semester's final starts and main advising usually begins 1 week before the class starts. Pre-advising has three schedule. Pre-Registration 1, Pre-Registration 2 and Self Registration.

Question: Why my Connect is blocked durning advising?
Answer: You have login into these page using your g-suit to get help. LINK: https://bracu.atlassian.net/servicedesk/customer/portal/2/user/login?destination=portal%2F2 or try emailing about your problem at sic@bracu.ac.bd",You have login into these page using your g-suit to get help. LINK: https://bracu.atlassian.net/servicedesk/customer/portal/2/user/login?destination=portal%2F2 or try emailing at sic@bracu.ac.bd.,open_ended,linear,0.5,False,False,False,False,False,True,,0.0154,0.0270,8.9592,9.0023,2026-07-28T08:09:36.713583+00:00,0.2700,1.0789
Q015,adaptive_novel,What elective courses are recommended for students interested in Cybersecurity?,"CSE446, CSE447, CSE490 and CSE496 can be beneficial for students interested in Cyber Security.","Question: What elective courses are recommended for students interested in Cybersecurity?
Answer: CSE446, CSE447, CSE490 and CSE496 can be beneficial for students interested in Cyber Security.

Question: I wanted to ask, what elective courses are recommended for students interested in Cybersecurity?
Answer: CSE446, CSE447, CSE490 and CSE496 can be beneficial for students interested in Cyber Security.

Question (Banglish): Cybersecurity te interested student der jonno ki ki elective course recommend kora hoy?
Answer (English): CSE446, CSE447, CSE490 and CSE496 can be beneficial for students interested in Cyber Security.

Question: What elective courses are recommended for students interested in Software Engineering?
Answer: CSE391, CSE484 and CSE489 are recommended for people who are interested in Software Engineering.

Question: What elective courses are recommended for students interested in Artificial Intelligence?
Answer: Students interested in Artificial Intelligence can go for CSE427 which focuses on traditional machine learning algorithms and then go for CSE425 which gives elaborate idea about Neural Networks. If they are interested in computer vision and image processing they can go for CSE439 and CSE428. Lastly, if they are interested in NLP they CSE440 and CSE442 can be sweet treats for them.","CSE446, CSE447, CSE490 and CSE496 can be beneficial for students interested in Cyber Security.",open_ended,linear,0.5,False,False,False,False,False,True,,0.0195,0.0462,5.3230,5.3900,2026-07-28T08:09:42.104039+00:00,0.0227,1.0942
Q016,adaptive_novel,How to contact with BRACU Finance and Accounts Department?,"BRAC University
Kha-224 Bir Uttam Rafiqul Islam Avenue, Merul Badda,
Dhaka 1212, Bangladesh
Phone: +88 09638464646 Ext: 1220, 1221

Email: queries-accounts@bracu.ac.bd","Question: How to contact with BRACU Finance and Accounts Department?
Answer: BRAC University
Kha-224 Bir Uttam Rafiqul Islam Avenue, Merul Badda,
Dhaka 1212, Bangladesh
Phone: +88 09638464646 Ext: 1220, 1221

Email: queries-accounts@bracu.ac.bd

Question: Can someone help — how to contact with BRACU Finance and Accounts Department?
Answer: BRAC University
Kha-224 Bir Uttam Rafiqul Islam Avenue, Merul Badda,
Dhaka 1212, Bangladesh
Phone: +88 09638464646 Ext: 1220, 1221

Email: queries-accounts@bracu.ac.bd

Question (Banglish): BRACU Finance and Accounts Department ke kivabe contact korbo?
Answer (English): BRAC University
Kha-224 Bir Uttam Rafiqul Islam Avenue, Merul Badda,
Dhaka 1212, Bangladesh
Phone: +88 09638464646 Ext: 1220, 1221

Email: queries-accounts@bracu.ac.bd

Question: One thing I couldn't find anywhere: how to collect payment clearance from Finance and Accounts department for Degree Processing/Convocation?
Answer: 1. Collect payment clearance from Finance and Accounts department for Degree Processing/Convocation

2. Collect the Degree Application Form from your respective Department's DCO and Fill up with the necessary information.

3. Take Library clearance

4. Clear all your previous dues (if any).

5. Make payment of Tk. 10,000 for each course as degree processing fee at BRAC Bank (any branch) or IFIC Bank (Mohakhali branch) through prescribed manual payslip.

6. Bring your payment slip and duly filled form in the Finance and Accounts department to take payment clearance.

Question (Banglish): Degree Processing/Convocation er jonno Finance and Accounts department theke payment clearance kivabe collect korbo?
Answer (English): 1. Collect payment clearance from Finance and Accounts department for Degree Processing/Convocation

2. Collect the Degree Application Form from your respective Department's DCO and Fill up with the necessary information.

3. Take Library clearance

4. Clear all your previous dues (if any).

5. Make payment of Tk. 10,000 for each course as degree processing fee at BRAC Bank (any branch) or IFIC Bank (Mohakhali branch) through prescribed manual payslip.

6. Bring your payment slip and duly filled form in the Finance and Accounts department to take payment clearance.","The contact information for BRAC University's Finance and Accounts Department is as follows: BRAC University, Kha-224 Bir Uttam Rafiqul Islam Avenue, Merul Badda, Dhaka 1212, Bangladesh. You can reach them by phone at +88 09638464646 Ext: 1220, 1221 or via email at queries-accounts@bracu.ac.bd.",open_ended,linear,0.5,False,False,False,False,False,True,,0.0164,0.0308,13.1347,13.1827,2026-07-28T08:09:55.287038+00:00,0.0225,1.0483
Q017,adaptive_novel,"Hey, for further information regarding Admission who should I contact?","For more queries, please contact the Inquiry, Registration & Admissions Office, BRACU (Phone: +88 09638464646, Call Center Ext: 1001. You can also send e-mail at admissions@bracu.ac.bd.","Question: Hey, for further information regarding Admission who should I contact?
Answer: For more queries, please contact the Inquiry, Registration & Admissions Office, BRACU (Phone: +88 09638464646, Call Center Ext: 1001. You can also send e-mail at admissions@bracu.ac.bd.

Question: For further information regarding Admission who should I contact?
Answer: For more queries, please contact the Inquiry, Registration & Admissions Office, BRACU (Phone: +88 09638464646, Call Center Ext: 1001. You can also send e-mail at admissions@bracu.ac.bd.

Question (Banglish): Admission niye aro information er jonno kake contact korbo?
Answer (English): For more queries, please contact the Inquiry, Registration & Admissions Office, BRACU (Phone: +88 09638464646, Call Center Ext: 1001. You can also send e-mail at admissions@bracu.ac.bd.

Question: What steps do I need to follow to get information about Scholarship/Financial Aid in BRAC University?
Answer: Regarding all information about Financial Aid, please contact:
BRACU (Phone: +88 09638464646, Call Center Ext: 1001 or email at scholarship@bracu.ac.bd
(BRACU Scholarship Office)

Question (Banglish): Admissions office ke ami kivabe contact korbo?
Answer (English): You can mail to admissions@bracu.ac.bd","For more queries about admission, please contact the Inquiry, Registration & Admissions Office, BRACU (Phone: +88 09638464646, Call Center Ext: 1001. You can also send e-mail at admissions@bracu.ac.bd.",open_ended,linear,0.5,False,False,False,False,False,True,,0.0188,0.0397,8.4418,8.5010,2026-07-28T08:10:03.788915+00:00,0.1015,1.0511
Q018,adaptive_novel,"I wanted to ask, what are BRAC University's official colours?","BRAC University's official colours are blue, black, and gray.","Question: I wanted to ask, what are BRAC University's official colours?
Answer: BRAC University's official colours are blue, black, and gray.

Question: What are BRAC University's official colours?
Answer: BRAC University's official colours are blue, black, and gray.

Question: I looked around the site but couldn't find it — what are BRAC University's official colours?
Answer: BRAC University's official colours are blue, black, and gray.

Question: Can you tell me what BRAC University's official colours are?
Answer: BRAC University's official colours are blue, black, and gray.

Question (Banglish): BRAC University er official colour gula ki?
Answer (English): BRAC University's official colours are blue, black, and gray.","BRAC University's official colours are blue, black, and gray.",open_ended,linear,0.5,False,False,False,False,False,True,,0.0199,0.0260,4.3432,4.3898,2026-07-28T08:10:08.178845+00:00,0.1688,1.0787
Q019,adaptive_novel,How are students informed about changes to the transport service?,Students are informed through official BRAC University notices and announcements.,"Question: How are students informed about changes to the transport service?
Answer: Students are informed through official BRAC University notices and announcements.

Question (Banglish): Transport service e change hole student der kivabe janano hoy?
Answer (English): Students are informed through official BRAC University notices and announcements.

Question: How can students report a problem with the transport service?
Answer: Students can report issues by calling the designated route-specific numbers or reaching out to transport officers.

Question: How can students contact the transport service?
Answer: Students can contact the transport service via designated phone numbers.

Question (Banglish): Ashche semester gula te transport schedule change hobe ki?
Answer (English): The transport schedule is subject to change based on academic schedules and operational needs. Updated schedules will be communicated by the university.",Students are informed through official BRAC University notices and announcements.,open_ended,linear,0.5,False,False,False,False,False,True,,0.0168,0.0108,3.9234,3.9517,2026-07-28T08:10:12.131052+00:00,0.3125,1.0586
Q020,adaptive_novel,What is checked at the Security Supervisor Office?,"Student ID Check, All workers In out","Question: What is checked at the Security Supervisor Office?
Answer: Student ID Check, All workers In out

Question: What is the function of the Security Supervisor Office?
Answer: To check student IDs and monitor the entry and exit of all workers.

Question (Banglish): Security Supervisor Office e ki check kora hoy?
Answer (English): Student ID Check, All workers In out

Question (Banglish): Security Supervisor Office er function ta ki?
Answer (English): To check student IDs and monitor the entry and exit of all workers.

Question (Banglish): BRAC University te Office of the Proctor thik ki ki dekhe?
Answer (English): The Office of the Proctor is responsible for student discipline and campus safety, acting as an intermediary for complaints about harassment, bullying, or intimidation involving anyone affiliated with BRACU - students, faculty, staff, or security personnel.","Student ID Check, All workers In out.",open_ended,linear,0.5,False,True,True,False,False,True,,0.0172,0.0125,3.6896,3.7200,2026-07-28T08:10:15.851319+00:00,0.2683,1.0276
Q021,adaptive_novel,What support does the Center of Entrepreneurship Development (CED) provide?,"The Center for Entrepreneurship Development (CED) at BRAC University supports students and alumni in developing entrepreneurial skills and launching their own ventures. It offers various services, including:
Training and mentorship programs for aspiring entrepreneurs.
Workshops and seminars on business development and innovation.
Networking opportunities with industry professionals.
Resources and guidance for business planning and startup funding.
CED aims to foster a culture of entrepreneurship and innovation within the university community, providing both theoretical knowledge and practical experience to help students succeed in their entrepreneurial endeavors.Visit more for details: https://ced.bracu.ac.bd/","Question: What support does the Center of Entrepreneurship Development (CED) provide?
Answer: The Center for Entrepreneurship Development (CED) at BRAC University supports students and alumni in developing entrepreneurial skills and launching their own ventures. It offers various services, including:
Training and mentorship programs for aspiring entrepreneurs.
Workshops and seminars on business development and innovation.
Networking opportunities with industry professionals.
Resources and guidance for business planning and startup funding.
CED aims to foster a culture of entrepreneurship and innovation within the university community, providing both theoretical knowledge and practical experience to help students succeed in their entrepreneurial endeavors.Visit more for details: https://ced.bracu.ac.bd/

Question: What services does the Center of Entrepreneurship Development (CED) offer?
Answer: Located on the 3rd Floor/Level 3 (B3-03 Stair 08), the CED provides support for entrepreneurial activities.

Question (Banglish): Center of Entrepreneurship Development (CED) ki support provide kore?
Answer (English): The Center for Entrepreneurship Development (CED) at BRAC University supports students and alumni in developing entrepreneurial skills and launching their own ventures. It offers various services, including:
Training and mentorship programs for aspiring entrepreneurs.
Workshops and seminars on business development and innovation.
Networking opportunities with industry professionals.
Resources and guidance for business planning and startup funding.
CED aims to foster a culture of entrepreneurship and innovation within the university community, providing both theoretical knowledge and practical experience to help students succeed in their entrepreneurial endeavors.Visit more for details: https://ced.bracu.ac.bd/

Question: Quick question — what services does the Center of Entrepreneurship Development (CED) offer?
Answer: Located on the 3rd Floor/Level 3 (B3-03 Stair 08), the CED provides support for entrepreneurial activities.

Question (Banglish): Center of Entrepreneurship Development (CED) ki ki service offer kore?
Answer (English): Located on the 3rd Floor/Level 3 (B3-03 Stair 08), the CED provides support for entrepreneurial activities.","The Center of Entrepreneurship Development (CED) at BRAC University supports students and alumni in developing entrepreneurial skills and launching their own ventures. It offers various services, including training and mentorship programs for aspiring entrepreneurs, workshops and seminars on business development and innovation, networking opportunities with industry professionals, resources and guidance for business planning and startup funding.",open_ended,linear,0.5,False,False,False,False,False,True,,0.0200,0.0179,9.9629,10.0018,2026-07-28T08:10:25.853623+00:00,0.0318,1.0286
Q022,adaptive_novel,Before I forget to ask — whats the procedure for changing my section?,If you are already enrolled in a section then your request will be rejected by DCO due to the policies set by department.,"Question: Before I forget to ask — whats the procedure for changing my section?
Answer: If you are already enrolled in a section then your request will be rejected by DCO due to the policies set by department.

Question: Whats the procedure for changing my section?
Answer: If you are already enrolled in a section then your request will be rejected by DCO due to the policies set by department.

Question (Banglish): Advising confirm korar por course ba section change korar ability ache ki?
Answer (English): Changes cannot be made by the student; departmental adviser assistance is required.

Question: For a friend who's asking — whats the procedure for changing my section?
Answer: If you are already enrolled in a section then your request will be rejected by DCO due to the policies set by department.

Question: Random question, whats the procedure for changing my department?
Answer: Go to your respective department and ask for department change form.",The procedure for changing your section is that if you are already enrolled in a section then your request will be rejected by DCO due to the policies set by the department.,open_ended,linear,0.5,False,False,False,False,False,True,,0.0157,0.0298,6.1368,6.1831,2026-07-28T08:10:32.036778+00:00,0.1410,1.0514
Q023,adaptive_novel,I'm an EEE student minoring in Physics. Do I need to separately meet the Physics minor's prerequisites even though I'm not a Physics major?,"Yes - BRACU's Minor in Physics has its own defined set of required courses and prerequisites, separate from your EEE major requirements, open to students from other departments as long as they meet those specific prerequisites. Being an EEE major doesn't automatically satisfy the Physics minor's course requirements; you'd need to check and fulfill them independently.","Question: I'm an EEE student minoring in Physics. Do I need to separately meet the Physics minor's prerequisites even though I'm not a Physics major?
Answer: Yes - BRACU's Minor in Physics has its own defined set of required courses and prerequisites, separate from your EEE major requirements, open to students from other departments as long as they meet those specific prerequisites. Being an EEE major doesn't automatically satisfy the Physics minor's course requirements; you'd need to check and fulfill them independently.

Question: Can students minor in EEE if it's not their major department?
Answer: Yes, BRAC University offers a Minor in EEE with its own defined set of required courses and prerequisites (such as Electrical Circuits I & II and Electronic Circuits I & II), open to students from other departments who meet the prerequisites.

Question (Banglish): Undergraduate level e EEE/ECE/CSE/Physics/APE/CS/Mathematics e apply korte ki ki requirement lagbe?
Answer (English): Candidates for EEE, ECE, CSE, APE and Physics must have minimum B grade in Physics & Mathematics in HSC/Equivalent and with minimum C grade in Physics & Mathematics at 'A'-Levels.
Candidates for BSc in Electronic & Communication Engineer and Electrical & Electronic Engineering having Physics and Mathematics but not Chemistry at HSC or 'A'-Levels must take a remedial course on Chemistry in addition to the courses required for the program.
Candidates for BSc in Computer Science and BSc in Mathematics must have minimum B grade in Mathematics at HSC or minimum C grade in Mathematics in 'A'-Levels.

Question (Banglish): Major department na hole o student ra ki EEE te minor korte pare?
Answer (English): Yes, BRAC University offers a Minor in EEE with its own defined set of required courses and prerequisites (such as Electrical Circuits I & II and Electronic Circuits I & II), open to students from other departments who meet the prerequisites.

Question: What are the requirements to apply for EEE/ECE/CSE/Physics/APE/CS/Mathematics in Undergraduate level?
Answer: Candidates for EEE, ECE, CSE, APE and Physics must have minimum B grade in Physics & Mathematics in HSC/Equivalent and with minimum C grade in Physics & Mathematics at 'A'-Levels.
Candidates for BSc in Electronic & Communication Engineer and Electrical & Electronic Engineering having Physics and Mathematics but not Chemistry at HSC or 'A'-Levels must take a remedial course on Chemistry in addition to the courses required for the program.
Candidates for BSc in Computer Science and BSc in Mathematics must have minimum B grade in Mathematics at HSC or minimum C grade in Mathematics in 'A'-Levels.","Yes - BRACU's Minor in Physics has its own defined set of required courses and prerequisites, separate from your EEE major requirements, open to students from other departments as long as they meet those specific prerequisites. Being an EEE major doesn't automatically satisfy the Physics minor's course requirements; you'd need to check and fulfill them independently.",open_ended,linear,0.5,False,False,False,False,False,True,,0.0238,0.0472,11.2176,11.2908,2026-07-28T08:10:43.328013+00:00,0.4188,1.0893
Q024,adaptive_novel,"Does every undergraduate program require a thesis, or can students choose a project/internship instead?","It depends on the program and department; in CSE, for example, students can fulfill the CSE400 capstone requirement through a Thesis, a Project, or an Internship track, each with its own supervision and marking rubric, rather than thesis being the only option.","Question: Does every undergraduate program require a thesis, or can students choose a project/internship instead?
Answer: It depends on the program and department; in CSE, for example, students can fulfill the CSE400 capstone requirement through a Thesis, a Project, or an Internship track, each with its own supervision and marking rubric, rather than thesis being the only option.

Question: Hi, does every undergraduate program require a thesis, or can students choose a project/internship instead?
Answer: It depends on the program and department; in CSE, for example, students can fulfill the CSE400 capstone requirement through a Thesis, a Project, or an Internship track, each with its own supervision and marking rubric, rather than thesis being the only option.

Question: Do BBA students have to do an internship, or can they choose a thesis instead?
Answer: BBA students are generally required to complete a one-semester internship, but they may opt for a Thesis instead. Choosing the thesis route requires a minimum CGPA of 3.5 and involves working with a supervisor for at least one semester (trimester), followed by a thesis paper and a presentation.

Question (Banglish): Protita undergraduate program e thesis lage, naki student ra project/internship o choose korte pare?
Answer (English): It depends on the program and department; in CSE, for example, students can fulfill the CSE400 capstone requirement through a Thesis, a Project, or an Internship track, each with its own supervision and marking rubric, rather than thesis being the only option.

Question: I wanted to ask, do BBA students have to do an internship, or can they choose a thesis instead?
Answer: BBA students are generally required to complete a one-semester internship, but they may opt for a Thesis instead. Choosing the thesis route requires a minimum CGPA of 3.5 and involves working with a supervisor for at least one semester (trimester), followed by a thesis paper and a presentation.","It depends on the program and department; in CSE, for example, students can fulfill the CSE400 capstone requirement through a Thesis, a Project, or an Internship track, each with its own supervision and marking rubric, rather than thesis being the only option.",open_ended,linear,0.5,False,False,False,False,False,True,,0.0246,0.0459,9.0092,9.0814,2026-07-28T08:10:52.409838+00:00,0.0082,1.0644
Q025,adaptive_novel,Can you tell me what the difference in focus between the BSEEE and BSECE programs is?,"BSEEE (Electrical and Electronic Engineering) has a broader focus spanning power, electronics and general EEE topics, while BSECE (Electronic and Communication Engineering) concentrates more specifically on communication-related topics such as signal processing, telecommunications, microwave engineering, and data/optical/satellite communications.","Question: Can you tell me what the difference in focus between the BSEEE and BSECE programs is?
Answer: BSEEE (Electrical and Electronic Engineering) has a broader focus spanning power, electronics and general EEE topics, while BSECE (Electronic and Communication Engineering) concentrates more specifically on communication-related topics such as signal processing, telecommunications, microwave engineering, and data/optical/satellite communications.

Question: What is the difference in focus between the BSEEE and BSECE programs?
Answer: BSEEE (Electrical and Electronic Engineering) has a broader focus spanning power, electronics and general EEE topics, while BSECE (Electronic and Communication Engineering) concentrates more specifically on communication-related topics such as signal processing, telecommunications, microwave engineering, and data/optical/satellite communications.

Question (Banglish): BSEEE ar BSECE program er focus e ki difference?
Answer (English): BSEEE (Electrical and Electronic Engineering) has a broader focus spanning power, electronics and general EEE topics, while BSECE (Electronic and Communication Engineering) concentrates more specifically on communication-related topics such as signal processing, telecommunications, microwave engineering, and data/optical/satellite communications.

Question (Banglish): BRAC Business School (BBS) ki ki program offer kore?
Answer (English): BRAC Business School offers one undergraduate program, the Bachelor of Business Administration (BBA), and two graduate programs: the Master of Business Administration (MBA) and the Executive MBA (EMBA). Each program offers specializations across areas like Accounting, Finance, E-Business, Entrepreneurship, HR Management, Information Systems, Management, Marketing, and Operations & Supply Chain Management.

Question (Banglish): MDS program er design er piche overall philosophy ta ki?
Answer (English): MDS is described as 'praxis-focused', meaning it puts equal emphasis on strong theoretical grounding, real-world learning, and practical skills, so graduates can connect theory with practice and actually design and implement development policies and programs.","The difference in focus between the BSEEE and BSECE programs is that BSEEE (Electrical and Electronic Engineering) has a broader focus spanning power, electronics and general EEE topics, while BSECE (Electronic and Communication Engineering) concentrates more specifically on communication-related topics such as signal processing, telecommunications, microwave engineering, and data/optical/satellite communications.",open_ended,linear,0.5,False,True,True,False,False,True,,0.0217,0.0383,11.1880,11.2496,2026-07-28T08:11:03.660331+00:00,0.0562,1.0068
Q026,adaptive_novel,What is BRAC University's general contact information?,"The university can be reached at +88 09638464646 (extension 1001 for the operator), and general queries can be emailed to info@bracu.ac.bd.","Question: What is BRAC University's general contact information?
Answer: The university can be reached at +88 09638464646 (extension 1001 for the operator), and general queries can be emailed to info@bracu.ac.bd.

Question (Banglish): BRAC University er general contact information ta ki?
Answer (English): The university can be reached at +88 09638464646 (extension 1001 for the operator), and general queries can be emailed to info@bracu.ac.bd.

Question: Before I forget to ask — who do I contact for general student service issues like ID, registration or exam queries?
Answer: The Student Information Centre (SIC) handles student information, registry, exam controller and admissions queries. It can be reached at sic@bracu.ac.bd, by phone via +8809638464646 (press 2), and is open 9:00 AM to 4:30 PM.

Question: Quick question — who do I contact for general student service issues like ID, registration or exam queries?
Answer: The Student Information Centre (SIC) handles student information, registry, exam controller and admissions queries. It can be reached at sic@bracu.ac.bd, by phone via +8809638464646 (press 2), and is open 9:00 AM to 4:30 PM.

Question: For a friend who's asking — who do I contact for general student service issues like ID, registration or exam queries?
Answer: The Student Information Centre (SIC) handles student information, registry, exam controller and admissions queries. It can be reached at sic@bracu.ac.bd, by phone via +8809638464646 (press 2), and is open 9:00 AM to 4:30 PM.","The university can be reached at +88 09638464646 (extension 1001 for the operator), and general queries can be emailed to info@bracu.ac.bd.",open_ended,linear,0.5,False,False,False,False,False,True,,0.0242,0.0453,6.6708,6.7412,2026-07-28T08:11:10.401709+00:00,0.0972,1.0422
Q027,adaptive_novel,What amenities and facilities are provided for students at TARC?,"Tarc provides students of BRAC a residential campus where they experience to live with their fellow classmates.Tarc also provides students the importance of time dynamics ,punctuality and basic manners like to respect others work.Tarc also tries to make students do their own work by themselves.","Question: What amenities and facilities are provided for students at TARC?
Answer: Tarc provides students of BRAC a residential campus where they experience to live with their fellow classmates.Tarc also provides students the importance of time dynamics ,punctuality and basic manners like to respect others work.Tarc also tries to make students do their own work by themselves.

Question: Curious about something: what amenities and facilities are provided for students at TARC?
Answer: Tarc provides students of BRAC a residential campus where they experience to live with their fellow classmates.Tarc also provides students the importance of time dynamics ,punctuality and basic manners like to respect others work.Tarc also tries to make students do their own work by themselves.

Question: Quick question — what amenities and facilities are provided for students at TARC?
Answer: Tarc provides students of BRAC a residential campus where they experience to live with their fellow classmates.Tarc also provides students the importance of time dynamics ,punctuality and basic manners like to respect others work.Tarc also tries to make students do their own work by themselves.

Question: For a friend who's asking — what amenities and facilities are provided for students at TARC?
Answer: Tarc provides students of BRAC a residential campus where they experience to live with their fellow classmates.Tarc also provides students the importance of time dynamics ,punctuality and basic manners like to respect others work.Tarc also tries to make students do their own work by themselves.

Question (Banglish): TARC e student der ki ki amenities ar facility deya hoy?
Answer (English): Tarc provides students of BRAC a residential campus where they experience to live with their fellow classmates.Tarc also provides students the importance of time dynamics ,punctuality and basic manners like to respect others work.Tarc also tries to make students do their own work by themselves.","Tarc provides students of BRAC a residential campus where they experience to live with their fellow classmates. Tarc also provides students the importance of time dynamics, punctuality, and basic manners like respecting others' work. Tarc also tries to make students do their own work by themselves.",open_ended,linear,0.5,False,True,True,False,False,True,,0.0173,0.0237,9.0574,9.0992,2026-07-28T08:11:19.501122+00:00,0.0115,1.0127
Q028,adaptive_novel,How many stoppages are there for each route?,Each route has between 5 and 12 designated stoppages.,"Question: How many stoppages are there for each route?
Answer: Each route has between 5 and 12 designated stoppages.

Question (Banglish): Protita route er jonno koyta stoppage ache?
Answer (English): Each route has between 5 and 12 designated stoppages.

Question: How many bus routes are there?
Answer: There are 9 bus routes for Brac University transportation.

Question (Banglish): Route-08 (Narayanganj) er designated bus stop gula kothay?
Answer (English): The designated stops are: Chashara Bus Stand, Narayanganj Club, Chanmari, Hajiganj, Signboard, Jatrabari, Motijheel, Press Club, High Court, Shahbagh, BRAC University.

Question (Banglish): Route-06 (Baldha Garden) er designated bus stop gula kothay?
Answer (English): The designated stops are: Baldha Garden, Motijheel, Paltan, Press Club, High Court, Shahbagh, Bangla Motor, Kawran Bazar, Mohakhali, Chairman Bari, BRAC University.",Each route has between 5 and 12 designated stoppages.,open_ended,linear,0.5,False,False,False,False,False,True,,0.0161,0.0318,4.1698,4.2183,2026-07-28T08:11:23.719974+00:00,0.2539,1.0759
Q029,adaptive_novel,"This might be a silly question, but what services do library provide?","The library offers a variety of study facilities to suit different preferences. If you enjoy studying in a group, you can reserve a study room in advance, providing a dedicated space for collaboration. For those who prefer studying alone, there are single seats and study capsules available on a first-come, first-served basis. Additionally, the library features various other quiet and comfortable areas where you can focus on your studies.","Question: This might be a silly question, but what services do library provide?
Answer: The library offers a variety of study facilities to suit different preferences. If you enjoy studying in a group, you can reserve a study room in advance, providing a dedicated space for collaboration. For those who prefer studying alone, there are single seats and study capsules available on a first-come, first-served basis. Additionally, the library features various other quiet and comfortable areas where you can focus on your studies.

Question: This might be a silly question, but does the library provide help specifically with using citation management or referencing tools?
Answer: Yes, referencing and citation guideline instruction is part of the library's standard information-literacy curriculum, helping students apply the correct format for their thesis, reports, and coursework.

Question: This might be a silly question, but does the library provide any support for referencing and citation styles?
Answer: Yes, referencing and citation guidelines are a standard part of the library's orientation and information-literacy sessions, helping students apply the correct citation style for their thesis, reports and assignments.

Question: This might be a silly question, but provide me the contact information of library staffs?
Answer: You can contact Librarian at: librarian@bracu.ac.bd, hasina@bracu.ac.bd
Deputy Librarian: nasiruddin@bracu.ac.bd, murtoza@bracu.ac.bd

Question: This might be a silly question, but does the library offer orientation sessions for new students?
Answer: Yes, the library regularly runs orientation and information-literacy sessions covering the library website, searching the catalogue and databases, citation and referencing, finding past theses, and understanding academic integrity and plagiarism tools.","The library provides a variety of study facilities to suit different preferences, including group study rooms that can be reserved in advance, single seats, study capsules available on a first-come, first-served basis, and quiet and comfortable areas for individual focus.",open_ended,linear,0.5,False,True,True,False,False,True,,0.0207,0.0141,8.0324,8.0678,2026-07-28T08:11:31.788427+00:00,0.4740,1.0072
Q030,adaptive_novel,What is the second outbound timing for Route-04 (Azimpur)?,Route-04 (Azimpur): Second trip departs at 5:10 PM.,"Question: What is the first outbound timing for Route-04 (Azimpur)?
Answer: Route-04 (Azimpur): First trip departs at 2:05 PM.

Question: What is the second outbound timing for Route-07 (Mohammadpur)?
Answer: Route-07 (Mohammadpur): Second trip departs at 5:10 PM.

Question: What is the second outbound timing for Route-04 (Azimpur)?
Answer: Route-04 (Azimpur): Second trip departs at 5:10 PM.

Question (Banglish): Route-04 (Azimpur) er second outbound timing ta ki?
Answer (English): Route-04 (Azimpur): Second trip departs at 5:10 PM.

Question: What is the second outbound timing for Route-01 (Abdullahpur)?
Answer: Route-01 (Abdullahpur): Second trip departs at 5:10 PM.

Question: What is the second outbound timing for Route-02 (Mirpur-B)?
Answer: Route-02 (Mirpur-B): Second trip departs at 5:10 PM.

Question: What is the second outbound timing for Route-02 (Mirpur-A)?
Answer: Route-02 (Mirpur-A): Second trip departs at 5:10 PM.",The second outbound timing for Route-04 (Azimpur) is 5:10 PM.,open_ended,linear,0.5,False,False,False,False,False,True,,0.0193,0.0239,5.0337,5.0774,2026-07-28T08:11:36.866051+00:00,0.0614,1.0708
Q031,adaptive_novel,"New student here, could you please provide details about the tuition fee structure at BRAC University?","For students enrolled in the Computer Science and Engineering (CSE) program at BRAC University, the tuition fee structure includes a one-time, non-refundable admission fee of BDT 30,800. Each course within the CSE program costs BDT 22,500. Additionally, students are required to pay a semester fee of BDT 11,500, which covers various facilities such as IT services and library access. There is also a one-time library membership fee of BDT 2,500. This fee structure is designed to support the comprehensive education provided in the CSE program, ensuring access to advanced resources and facilities?","Question: New student here, could you please provide details about the tuition fee structure at BRAC University?
Answer: For students enrolled in the Computer Science and Engineering (CSE) program at BRAC University, the tuition fee structure includes a one-time, non-refundable admission fee of BDT 30,800. Each course within the CSE program costs BDT 22,500. Additionally, students are required to pay a semester fee of BDT 11,500, which covers various facilities such as IT services and library access. There is also a one-time library membership fee of BDT 2,500. This fee structure is designed to support the comprehensive education provided in the CSE program, ensuring access to advanced resources and facilities?

Question: Could you please provide details about the tuition fee structure at BRAC University?
Answer: For students enrolled in the Computer Science and Engineering (CSE) program at BRAC University, the tuition fee structure includes a one-time, non-refundable admission fee of BDT 30,800. Each course within the CSE program costs BDT 22,500. Additionally, students are required to pay a semester fee of BDT 11,500, which covers various facilities such as IT services and library access. There is also a one-time library membership fee of BDT 2,500. This fee structure is designed to support the comprehensive education provided in the CSE program, ensuring access to advanced resources and facilities?

Question (Banglish): International student der fee structure ta ki?
Answer (English): Particulars	PHR	LLB (From Spring 2024) ARC & CSE Other Programs Note
Admission fee	Tk. 30,800/-	Tk. 30,800/-	Tk. 30,800/-	Tk. 30,800/- One time
Course fee	Tk. 22,500/-	Tk. 24,000/-	Tk. 22,500/-	Tk. 22,500/- For One course
Semester fee	Tk. 12,750/-	Tk. 12,750/-	Tk. 11,500/-	Tk. 8,500/-	-
Library Membership fee	Tk. 2,500/- Tk. 2,500/- Tk. 2,500/- Tk. 2,500/ One time

Question (Banglish): Tuition chara BRACU ar kon kon 'other fees' charge kore?
Answer (English): Examples include a Make-up Examination Fee (BDT 3,000), a Department Change Fee (BDT 6,000), a Degree Processing Fee (BDT 8,500), a refundable Convocation Gown Fee (BDT 3,500, refunded on gown return), and a Late Advising Fee (BDT 2,000), among others such as Transfer Certificate fees.

Question: Can someone help — roughly how is undergraduate tuition charged at BRAC University - per credit or a flat rate?
Answer: Undergraduate tuition is generally charged per credit hour (e.g., around Tk. 8,250 per credit for some non-CSE programs, with rates varying by program), rather than a single flat semester fee, so total cost depends on how many credits a student takes each semester.","For students enrolled in the Computer Science and Engineering (CSE) program at BRAC University, the tuition fee structure includes a one-time, non-refundable admission fee of BDT 30,800. Each course within the CSE program costs BDT 22,500. Additionally, students are required to pay a semester fee of BDT 11,500, which covers various facilities such as IT services and library access. There is also a one-time library membership fee of BDT 2,500. This fee structure is designed to support the comprehensive education provided in the CSE program, ensuring access to advanced resources and facilities?",open_ended,linear,0.5,False,True,True,False,False,True,,0.0208,0.0365,18.7615,18.8198,2026-07-28T08:11:55.686342+00:00,0.0566,0.9935
Q032,adaptive_novel,From where does the bus leave on campus?,The bus leave campus from the Basement-1,"Question: From where does the bus leave on campus?
Answer: The bus leave campus from the Basement-1

Question (Banglish): Campus e bus kothay theke chare?
Answer (English): The bus leave campus from the Basement-1

Question: What is the last time to catch a bus?
Answer: Last Outbound Timing (drop off) from Basement 01:
BRAC University to Abdullahpur: Route No-01(5:10 PM)
BRAC University to Mirpur-A: Route No-02(5:15 PM)
BRAC University to Mirpur-B: Route No-02(5:10 PM)
BRAC University to Jigatola: Route No-03(5:10 PM)
BRAC University to Azimpur: Route No-04(2:10 PM)
BRAC University to Jatrabari: Route No-05(5:15 PM)
BRAC University to Baldha Garden: Route No-06(5:15 PM)
BRAC University to Mohammadpur: Route No-07(5:10 PM)
BRAC University to Narayanganj: Route No-08(5:15 PM ) 
BRAC University to Bashundhara: Route No-09(5:10 PM)

Question: Kind of urgent, but how often can students leave the Savar campus to visit home during RS?
Answer: The Residential Semester is meant to be fully residential, so students are generally discouraged from leaving campus. Short leave may be granted in emergencies or exceptional cases with an approved leave application. Overstaying leave without valid reason is treated as a discipline violation and can result in further leave being denied for the rest of the semester.

Question: Random question, how often can students leave the Savar campus to visit home during RS?
Answer: The Residential Semester is meant to be fully residential, so students are generally discouraged from leaving campus. Short leave may be granted in emergencies or exceptional cases with an approved leave application. Overstaying leave without valid reason is treated as a discipline violation and can result in further leave being denied for the rest of the semester.",The bus leaves from the Basement-1 on campus.,open_ended,linear,0.5,False,False,False,False,False,True,,0.0164,0.1016,4.2571,4.3758,2026-07-28T08:12:00.062851+00:00,0.1817,1.0474
Q033,adaptive_novel,Where are the designated bus stops for Route-03 (Jigatola)?,"The designated stops are: Jigatola Bus Stand, City College, Science Lab, Kataban, Shahbagh, High Court, Press Club, Motsho Bhaban, Bijoynagar, Kakrail Mosque, Shantinagar, Malibagh Railgate, Rampura TV Centre, Badda Link Road, BRAC University.","Question: Where are the designated bus stops for Route-03 (Jigatola)?
Answer: The designated stops are: Jigatola Bus Stand, City College, Science Lab, Kataban, Shahbagh, High Court, Press Club, Motsho Bhaban, Bijoynagar, Kakrail Mosque, Shantinagar, Malibagh Railgate, Rampura TV Centre, Badda Link Road, BRAC University.

Question (Banglish): Route-03 (Jigatola) er designated bus stop gula kothay?
Answer (English): The designated stops are: Jigatola Bus Stand, City College, Science Lab, Kataban, Shahbagh, High Court, Press Club, Motsho Bhaban, Bijoynagar, Kakrail Mosque, Shantinagar, Malibagh Railgate, Rampura TV Centre, Badda Link Road, BRAC University.

Question: Where are the designated bus stops for Route-05 (Jatrabari)?
Answer: The designated stops are: Jatrabari Bus Stand, Sayedabad Bus Terminal, Motijheel Ideal School, Ittefaq Mor, Fakirapool Bus Stand, Bijoynagar, Kakrail Mosque, Shantinagar, Malibagh Railgate, Rampura TV Centre, Badda Link Road, BRAC University.

Question: Where are the designated bus stops for Route-09 (Bashundhara Residential Area)?
Answer: The designated stops are: Bashundhara Gate, Bashundhara R/A, Bashundhara Shwapno, Apollo Hospital (Evercare), BRAC University.

Question: Where are the designated bus stops for Route-04 (Azimpur)?
Answer: The designated stops are: Azimpur Bus Stand, Nilkhet, New Market, Science Lab, Kataban, Shahbagh, High Court, Press Club, Motsho Bhaban, Bijoynagar, Kakrail Mosque, Shantinagar, Malibagh Railgate, Rampura TV Centre, Badda Link Road, BRAC University.","The designated bus stops for Route-03 (Jigatola) are Jigatola Bus Stand, City College, Science Lab, Kataban, Shahbagh, High Court, Press Club, Motsho Bhaban, Bijoynagar, Kakrail Mosque, Shantinagar, Malibagh Railgate, Rampura TV Centre, Badda Link Road, and BRAC University.",open_ended,linear,0.5,False,False,False,False,False,True,,0.0169,0.0163,12.7246,12.7584,2026-07-28T08:12:12.821574+00:00,0.1101,1.0557
Q034,adaptive_novel,Can you tell me what 'Freshman Enrollment and Class Sign' at BRAC University is?,"This is the official process new/incoming ('freshman') students go through after being admitted, to confirm their enrollment and get registered into their first semester's classes; details and instructions are published on the Admissions section of the university website.","Question: Can you tell me what 'Freshman Enrollment and Class Sign' at BRAC University is?
Answer: This is the official process new/incoming ('freshman') students go through after being admitted, to confirm their enrollment and get registered into their first semester's classes; details and instructions are published on the Admissions section of the university website.

Question: What is 'Freshman Enrollment and Class Sign' at BRAC University?
Answer: This is the official process new/incoming ('freshman') students go through after being admitted, to confirm their enrollment and get registered into their first semester's classes; details and instructions are published on the Admissions section of the university website.

Initial: SOSB
Name: Soumya Swagata Biswas
Day: Monday
Scheduled commitments (classes/labs/breaks, not availability): 8:00 AM - CSE423-15 09B-12C; 9:30 AM - CSE470-13 09B-12C; 11:00 AM - CSE423-20 (LAB) SOSB,FARS 12D-27L,CSE423-21 (LAB) SOSB,FARS 12D-27L; 12:30 PM - CSE423-20 (LAB) SOSB,FARS 12D-27L,CSE423-21 (LAB) SOSB,FARS 12D-27L

Initial: SOSB
Name: Soumya Swagata Biswas
Day: Wednesday
Scheduled commitments (classes/labs/breaks, not availability): 8:00 AM - CSE423-15 09B-12C; 9:30 AM - CSE470-13 09B-12C; 11:00 AM - CSE423-01 (LAB) SOSB,MAHS 12D-27L,CSE423-24 (LAB) SOSB,MAHS 12D-27L; 12:30 PM - CSE423-01 (LAB) SOSB,MAHS 12D-27L,CSE423-24 (LAB) SOSB,MAHS 12D-27L

Initial: MAU
Name: Marshia Nujhat
Day: Thursday
Scheduled commitments (classes/labs/breaks, not availability): 8:00 AM - CSE370-01 (LAB) SHRR,MAU 12F-30L; 9:30 AM - CSE370-01 (LAB) SHRR,MAU 12F-30L; 11:00 AM - CSE370-02 (LAB) FEK,MAU 12F-30L; 12:30 PM - CSE370-02 (LAB) FEK,MAU 12F-30L; 2:00 PM - CSE110-11 (LAB) MAU,CQAE 09B-09L; 3:30 PM - CSE110-11 (LAB) MAU,CQAE 09B-09L","This is the official process new/incoming ('freshman') students go through after being admitted, to confirm their enrollment and get registered into their first semester's classes; details and instructions are published on the Admissions section of the university website.",open_ended,linear,0.5,False,True,True,False,False,True,,0.0180,0.0764,8.5381,8.6329,2026-07-28T08:12:21.454803+00:00,0.0531,0.6500
Q035,adaptive_novel,What facilities are available on the 5th Floor?,"School of General Education, ENH, ESS, School of Pharmacy, MNS, School of Architecture and Design, BRAC Business School, and BRAC Institute of Languages.","Question: What facilities are available on the 5th Floor?
Answer: School of General Education, ENH, ESS, School of Pharmacy, MNS, School of Architecture and Design, BRAC Business School, and BRAC Institute of Languages.

Question: Curious about something: what facilities are available on the 5th Floor?
Answer: School of General Education, ENH, ESS, School of Pharmacy, MNS, School of Architecture and Design, BRAC Business School, and BRAC Institute of Languages.

Question (Banglish): 5th Floor e ki ki facility available?
Answer (English): School of General Education, ENH, ESS, School of Pharmacy, MNS, School of Architecture and Design, BRAC Business School, and BRAC Institute of Languages.

Question: What facilities are available on the 12th Floor?
Answer: The 12th Floor includes Learning Labs/Classrooms, EEE/ECE Labs, CSE/CS Labs, MNS Labs, and Social Interaction Spaces.

Question: What facilities are available on the 1st Floor?
Answer: Medical Center, Male Washroom, Female Washroom, Brac Bank, and Student Fee Collection Booth.","The facilities available on the 5th Floor include School of General Education, ENH, ESS, School of Pharmacy, MNS, School of Architecture and Design, BRAC Business School, and BRAC Institute of Languages.",open_ended,linear,0.5,False,True,True,False,False,True,,0.0181,0.0269,7.3460,7.3916,2026-07-28T08:12:28.846504+00:00,0.0140,1.0249
Q036,adaptive_novel,Can students reserve seats in advance?,"No, seating is strictly first-come, first-served.","Question: Can students reserve seats in advance?
Answer: No, seating is strictly first-come, first-served.

Question (Banglish): Student ra ki age theke seat reserve korte pare?
Answer (English): No, seating is strictly first-come, first-served.

Question (Banglish): Ki first-come, first-served seating policy ache?
Answer (English): Yes, seating is available on a first-come, first-served basis.

Question (Banglish): Porer semester e amar chawa course e ki seat guarantee?
Answer (English): No, that's not something I can guarantee - course seats are limited and allocated through the advising process, so availability depends on timing and demand.

Question: I wanted to ask, is there a CGPA cushion for students in their early semesters?
Answer: Yes. Students are generally allowed to continue with a CGPA as low as 1.50 up to their sixth semester (fourth semester for Pharmacy students). After that point, they must have raised their CGPA to at least 2.00 to continue in the program.","No, seating is strictly first-come, first-served.",open_ended,linear,0.5,False,True,True,False,False,True,,0.0156,0.0248,4.1862,4.2271,2026-07-28T08:12:33.074492+00:00,0.4876,1.0228
Q037,adaptive_novel,How can I stay updated on upcoming games and events?,"Check BRACU Events Page. As the website is not fully functional yet, keep an eye on clubs’ Facebook pages or BRACU Facebook groups for updates.
 and you can also go to this page for detailed updates : https://www.bracu.ac.bd/news-events/upcoming-events","Question: How can I stay updated on upcoming games and events?
Answer: Check BRACU Events Page. As the website is not fully functional yet, keep an eye on clubs’ Facebook pages or BRACU Facebook groups for updates.
 and you can also go to this page for detailed updates : https://www.bracu.ac.bd/news-events/upcoming-events

Question: What steps do I need to follow to stay updated on upcoming games and events?
Answer: Check BRACU Events Page. As the website is not fully functional yet, keep an eye on clubs’ Facebook pages or BRACU Facebook groups for updates.
 and you can also go to this page for detailed updates : https://www.bracu.ac.bd/news-events/upcoming-events

Question: Kind of urgent, but how can I stay updated on upcoming games and events?
Answer: Check BRACU Events Page. As the website is not fully functional yet, keep an eye on clubs’ Facebook pages or BRACU Facebook groups for updates.
 and you can also go to this page for detailed updates : https://www.bracu.ac.bd/news-events/upcoming-events

Question (Banglish): Notun event organize korar jonno kivabe apply korbo?
Answer (English): Submit the Event proposal with the advisor's approval (Advisor will must have his signature in the proposal). The proposal must contain detailed information on the event plan and budget. Email the proposal to <student_org@bracu.ac.bd> and cc the club advisor.

Question (Banglish): Upcoming game ar event shomporke ami kivabe updated thakbo?
Answer (English): Check BRACU Events Page. As the website is not fully functional yet, keep an eye on clubs' Facebook pages or BRACU Facebook groups for updates.
 and you can also go to this page for detailed updates : https://www.bracu.ac.bd/news-events/upcoming-events","Check BRACU Events Page. As the website is not fully functional yet, keep an eye on clubs' Facebook pages or BRACU Facebook groups for updates, and you can also go to this page for detailed updates : https://www.bracu.ac.bd/news-events/upcoming-events.",open_ended,linear,0.5,False,False,False,False,False,True,,0.0195,0.0163,9.4625,9.4994,2026-07-28T08:12:42.574044+00:00,0.0133,1.0707
Q038,adaptive_novel,Can students receive visitors while at the Savar campus?,"Only nominated visitors, usually parents, are allowed to visit on designated Parents' Days, which are announced each semester. Visiting hours are typically in the afternoon on specific Fridays.","Question: Can students receive visitors while at the Savar campus?
Answer: Only nominated visitors, usually parents, are allowed to visit on designated Parents' Days, which are announced each semester. Visiting hours are typically in the afternoon on specific Fridays.

Question: Are students allowed to receive visitors while at the Savar campus?
Answer: Only nominated visitors, usually parents, are allowed to visit on designated Parents' Days, which are announced each semester. Visiting hours are typically in the afternoon on specific Fridays.

Question: Sorry if this was already answered, but can students receive visitors while at the Savar campus?
Answer: Only nominated visitors, usually parents, are allowed to visit on designated Parents' Days, which are announced each semester. Visiting hours are typically in the afternoon on specific Fridays.

Question: How often can students leave the Savar campus to visit home during RS?
Answer: The Residential Semester is meant to be fully residential, so students are generally discouraged from leaving campus. Short leave may be granted in emergencies or exceptional cases with an approved leave application. Overstaying leave without valid reason is treated as a discipline violation and can result in further leave being denied for the rest of the semester.

Question (Banglish): Savar campus e thakar shomoy student ra ki visitor receive korte pare?
Answer (English): Only nominated visitors, usually parents, are allowed to visit on designated Parents' Days, which are announced each semester. Visiting hours are typically in the afternoon on specific Fridays.","Only nominated visitors, usually parents, are allowed to visit on designated Parents' Days, which are announced each semester. Visiting hours are typically in the afternoon on specific Fridays.",open_ended,linear,0.5,False,True,True,False,False,True,,0.0198,0.0398,6.4110,6.4713,2026-07-28T08:12:49.045866+00:00,0.0169,1.0229
Q039,adaptive_novel,Why is it advised not to select unnecessary courses in the Wishlist?,"Course demand influences planning, and unnecessary selections may misrepresent actual needs","Question: Why is it advised not to select unnecessary courses in the Wishlist?
Answer: Course demand influences planning, and unnecessary selections may misrepresent actual needs

Question (Banglish): Wishlist e unnecessary course select na korte keno bola hoy?
Answer (English): Course demand influences planning, and unnecessary selections may misrepresent actual needs

Question (Banglish): Connect system e Course Wishlist feature er purpose ki?
Answer (English): Addition of preferred courses to a wishlist to secure seats as they become available while following university policies

Question: What is the impact of confirming the Wishlist within the slot time?
Answer: Ensures eligibility for Pre-Registration Phase 1 and contributes to course planning

Question (Banglish): Wishlist event ekta course er offer kora section shonkha ke kivabe influence kore?
Answer (English): Course demand collected from Wishlist submissions is used to determine the number of sections needed","It is advised not to select unnecessary courses in the Wishlist because course demand influences planning, and unnecessary selections may misrepresent actual needs.",open_ended,linear,0.5,False,False,False,False,False,True,,0.0193,0.0199,5.4391,5.4790,2026-07-28T08:12:54.525348+00:00,0.2593,1.0702
Q040,adaptive_novel,Can you tell me what the deadline to change the thesis title before the final defense is?,The deadline to change a thesis title before the final defense varies by semester - check the current semester's thesis deadline sheet for the exact date.,"Question: Can you tell me what the deadline to change the thesis title before the final defense is?
Answer: The deadline to change a thesis title before the final defense varies by semester - check the current semester's thesis deadline sheet for the exact date.

Question: What is the deadline to change the thesis title before the final defense?
Answer: The deadline to change a thesis title before the final defense varies by semester - check the current semester's thesis deadline sheet for the exact date.

Question: Can you tell me what the current deadlines for thesis submission and defense are?
Answer: Thesis submission and defense deadlines are set fresh each semester by the CSE Thesis Committee and shared with enrolled thesis students via a deadline sheet. Check with your thesis coordinator or department for the current semester's exact dates, since these change every term.

Question (Banglish): Final defense er age thesis title change korar deadline ta kobe?
Answer (English): The deadline to change a thesis title before the final defense varies by semester - check the current semester's thesis deadline sheet for the exact date.

Question: Just wondering, what are the current deadlines for thesis submission and defense?
Answer: Thesis submission and defense deadlines are set fresh each semester by the CSE Thesis Committee and shared with enrolled thesis students via a deadline sheet. Check with your thesis coordinator or department for the current semester's exact dates, since these change every term.",The deadline to change a thesis title before the final defense varies by semester - check the current semester's thesis deadline sheet for the exact date.,open_ended,linear,0.5,False,False,False,False,False,True,,0.0181,0.0308,5.8977,5.9479,2026-07-28T08:13:00.473525+00:00,0.0407,1.0559
Q041,adaptive_novel,Where do MPH faculty members at BRAC JPGSPH come from?,"MPH faculty are drawn from a mix of BRAC University, icddr,b, and BRAC itself, along with international partner institutions such as the University of Heidelberg, Harvard, Johns Hopkins, George Washington University, the Karolinska Institute, and the London School of Hygiene & Tropical Medicine.","Question: Where do MPH faculty members at BRAC JPGSPH come from?
Answer: MPH faculty are drawn from a mix of BRAC University, icddr,b, and BRAC itself, along with international partner institutions such as the University of Heidelberg, Harvard, Johns Hopkins, George Washington University, the Karolinska Institute, and the London School of Hygiene & Tropical Medicine.

Question: I wanted to ask, where do MPH faculty members at BRAC JPGSPH come from?
Answer: MPH faculty are drawn from a mix of BRAC University, icddr,b, and BRAC itself, along with international partner institutions such as the University of Heidelberg, Harvard, Johns Hopkins, George Washington University, the Karolinska Institute, and the London School of Hygiene & Tropical Medicine.

Question: Where do students from the MPH program at BRAC University typically come from?
Answer: The MPH program at BRAC JPGSPH has historically drawn a genuinely international cohort - reports note graduates from over 30 countries across its history, reflecting the school's focus on public health challenges beyond Bangladesh alone.

Question (Banglish): BRAC JPGSPH er MPH faculty member ra kothay theke ashe?
Answer (English): MPH faculty are drawn from a mix of BRAC University, icddr,b, and BRAC itself, along with international partner institutions such as the University of Heidelberg, Harvard, Johns Hopkins, George Washington University, the Karolinska Institute, and the London School of Hygiene & Tropical Medicine.

Question: What is BRAC JPGSPH?
Answer: The BRAC James P Grant School of Public Health (JPGSPH) is a school within BRAC University, founded in 2004 with BRAC and icddr,b as co-founders, focused on public health challenges facing developing countries. It runs the Master of Public Health (MPH) program and conducts research through several Centres of Excellence.","MPH faculty are drawn from a mix of BRAC University, icddr,b, and BRAC itself, along with international partner institutions such as the University of Heidelberg, Harvard, Johns Hopkins, George Washington University, the Karolinska Institute, and the London School of Hygiene & Tropical Medicine.",open_ended,linear,0.5,False,False,False,False,False,True,,0.0192,0.0234,9.4723,9.5158,2026-07-28T08:13:09.989550+00:00,0.0174,1.0717
Q042,adaptive_novel,What is the BRAC University Students' Transport Service?,"BRAC University provides an affordable, safe, and comfortable transport service with air-conditioned buses covering nine routes across Dhaka city.","Question: What is the BRAC University Students' Transport Service?
Answer: BRAC University provides an affordable, safe, and comfortable transport service with air-conditioned buses covering nine routes across Dhaka city.

Question (Banglish): BRAC University Students' Transport Service ta ki?
Answer (English): BRAC University provides an affordable, safe, and comfortable transport service with air-conditioned buses covering nine routes across Dhaka city.

Question: Can non-students use the BRAC University transport service?
Answer: No, the service is exclusively for BRAC University students.

Question: How are students informed about changes to the transport service?
Answer: Students are informed through official BRAC University notices and announcements.

Question (Banglish): Non-student ra ki BRAC University transport service use korte pare?
Answer (English): No, the service is exclusively for BRAC University students.","The BRAC University Students' Transport Service is an affordable, safe, and comfortable transport service with air-conditioned buses covering nine routes across Dhaka city.",open_ended,linear,0.5,False,True,True,False,False,True,,0.0195,0.0226,5.8905,5.9333,2026-07-28T08:13:15.923004+00:00,0.0428,0.9515
Q043,adaptive_novel,What are the pickup times for Route-01 (Abdullahpur)?,"1st Trip: 6:40 AM, 2nd Trip: 8:50 AM.","Question: What are the pickup times for Route-01 (Abdullahpur)?
Answer: 1st Trip: 6:40 AM, 2nd Trip: 8:50 AM.

Question: What are the pickup times for Route-02 (Mirpur-A)?
Answer: 1st Trip: 6:30 AM, 2nd Trip: 8:40 AM.

Question: What are the pickup times for Route-02 (Mirpur-B)?
Answer: 1st Trip: 6:45 AM, 2nd Trip: 9:00 AM.

Question (Banglish): Route-01 (Abdullahpur) er pickup time gula ki?
Answer (English): 1st Trip: 6:40 AM, 2nd Trip: 8:50 AM.

Question: What are the pickup times for Route-04 (Azimpur)?
Answer: Route-04 (Azimpur): 1st Trip: 6:30 AM, 2nd Trip: 8:45 AM.",The pickup times for Route-01 (Abdullahpur) are 1st Trip: 6:40 AM and 2nd Trip: 8:50 AM.,open_ended,linear,0.5,False,False,False,False,False,True,,0.0220,0.0173,6.2169,6.2570,2026-07-28T08:13:22.180879+00:00,0.1745,1.0647
Q044,adaptive_novel,"New student here, do international students need to submit any medical reports?","Yes, Health checkup/medical certificates are needed to be submitted.","Question: New student here, do international students need to submit any medical reports?
Answer: Yes, Health checkup/medical certificates are needed to be submitted.

Question: Do international students need to submit any medical reports?
Answer: Yes, Health checkup/medical certificates are needed to be submitted.

Question: Hey, do international students need to submit any medical reports?
Answer: Yes, Health checkup/medical certificates are needed to be submitted.

Question: Just wondering, do international students need to submit any medical reports?
Answer: Yes, Health checkup/medical certificates are needed to be submitted.

Question: Curious about something: do international students need to submit any medical reports?
Answer: Yes, Health checkup/medical certificates are needed to be submitted.","Yes, Health checkup/medical certificates are needed to be submitted.",open_ended,linear,0.5,False,False,False,False,False,True,,0.0206,0.0214,4.2336,4.2767,2026-07-28T08:13:26.457656+00:00,0.0976,1.0557
Q045,adaptive_novel,"My advisor is not responding, what to do?","Please wait, your advisor is maybe busy with other students response. You can request other advisors for your advising but he will only add it but he will not approve it. So, it is wise to get request done by the advisor.","Question: My advisor is not responding, what to do?
Answer: Please wait, your advisor is maybe busy with other students response. You can request other advisors for your advising but he will only add it but he will not approve it. So, it is wise to get request done by the advisor.

Question: I have not been advised to a advisor yet, what to do?
Answer: If you haven't been assigned an advisor yet, contact your department's DCO (Departmental Coordination Officer) - for CSE, current DCO contact details are published via the department's official advising channel or notice board, since DCO assignments can change between semesters. If the DCOs don't respond, escalate to your department's advising coordinator.

Question: My advisor is not on campus, what to do?
Answer: Please request on Discord on your advisor's channel or try requesting other advisor. But he can reject you easily because it is not his duty as you are not assigned to him in the advising session. So, please ask your advisor on the Discord channel or request other advisor if they are willing to help.

Question: My advising dashboard is not coming but my pre advising is still not going what to do?
Answer: Oh no! You have login into these page using your g-suit to get help. LINK: https://bracu.atlassian.net/servicedesk/customer/portal/2/user/login?destination=portal%2F2 or try emailing at sic@bracu.ac.bd about you problem

Question (Banglish): Amar advisor response korche na, ki korbo?
Answer (English): Please wait, your advisor is maybe busy with other students response. You can request other advisors for your advising but he will only add it but he will not approve it. So, it is wise to get request done by the advisor.","Please wait, your advisor is maybe busy with other students' response. You can request other advisors for your advising but they will only add it, but they will not approve it. So, it is wise to get the request done by your original advisor.",open_ended,linear,0.5,False,True,True,False,False,True,,0.0187,0.0136,8.2460,8.2791,2026-07-28T08:13:34.737320+00:00,0.3576,1.0039
Q046,adaptive_novel,What sports teams does the university have?,"BRAC University Football Club, BRAC University Chess Club, BRAC University Cricket Club, and BRAC University Indoor Games Club.","Question: What sports teams does the university have?
Answer: BRAC University Football Club, BRAC University Chess Club, BRAC University Cricket Club, and BRAC University Indoor Games Club.

Question: New student here, what sports teams does the university have?
Answer: BRAC University Football Club, BRAC University Chess Club, BRAC University Cricket Club, and BRAC University Indoor Games Club.

Question: I looked around the site but couldn't find it — what sports teams does the university have?
Answer: BRAC University Football Club, BRAC University Chess Club, BRAC University Cricket Club, and BRAC University Indoor Games Club.

Question: Does BRAC University have any costs associated with joining clubs or sports teams?
Answer: No there no costs associated with joining clubs or sports teams.

Question: Does BRAC University take part in inter-university sports tournaments regularly?
Answer: Yes, BRAC University teams regularly compete in inter-university football and other sports tournaments in Dhaka, including tournaments like the Shahjalal Islami Bank Faraaz Gold Cup Inter-University Football Tournament.","The university has BRAC University Football Club, BRAC University Chess Club, BRAC University Cricket Club, and BRAC University Indoor Games Club.",open_ended,linear,0.5,False,True,True,False,False,True,,0.0155,0.0257,6.0810,6.1229,2026-07-28T08:13:40.860721+00:00,0.0124,0.8977
Q047,adaptive_novel,I looked around the site but couldn't find it — what opportunities are there for student leadership in volunteer organizations?,"BRAC University Leadership Development Forum (BULDF) is a club working on training and grooming leadership traits. The club mainly focuses on young students in enhancing their leadership qualities and bringing out their hidden talents, which will help them in the future. The club has always been there for assisting the official events and programs of BRAC University as volunteers besides its own activities, which mainly include Accession, Love for Humanity, and Saving Tomorrow.

Contact: club.buldf@g.bracu.ac.bd","Question: I looked around the site but couldn't find it — what opportunities are there for student leadership in volunteer organizations?
Answer: BRAC University Leadership Development Forum (BULDF) is a club working on training and grooming leadership traits. The club mainly focuses on young students in enhancing their leadership qualities and bringing out their hidden talents, which will help them in the future. The club has always been there for assisting the official events and programs of BRAC University as volunteers besides its own activities, which mainly include Accession, Love for Humanity, and Saving Tomorrow.

Contact: club.buldf@g.bracu.ac.bd

Question: I looked around the site but couldn't find it — where can students participate in clubs and activities?
Answer: Club Activity Rooms are located on the 6th Floor.

Question: I looked around the site but couldn't find it — can more than one student from the same group submit the registration form?
Answer: No, only one student is allowed to register for their Thesis.

Question: I looked around the site but couldn't find it — where can I find lecture theaters on campus?
Answer: Lecture Theaters are located on the 9th Floor.

Question: I looked around the site but couldn't find it — where can I get degree completion form?
Answer: You can find them in your respective departments.","The BRAC University Leadership Development Forum (BULDF) is a club that offers opportunities for student leadership in volunteer organizations, focusing on training and grooming leadership traits among young students. The club's activities include assisting the official events and programs of BRAC University as volunteers, and its contact information is club.buldf@g.bracu.ac.bd.",open_ended,linear,0.5,False,False,False,False,False,True,,0.0222,0.0370,10.2993,10.3602,2026-07-28T08:13:51.221405+00:00,0.1650,1.0337
Q048,adaptive_novel,"Kind of urgent, but can students appeal their grades if they believe there has been a mistake?","A student may apply to the Chair of Department or the Dean for the re-checking of an examination script. Such a request may be made on the grounds of evidence of procedural errors, arbitrariness or prejudice. The student must make any request within Seven (07) calendar days of the publication of the mark. The Chair of Department or the Dean may, after checking with the original grader, arrange for the evaluation of an examination script to be conducted by two members of the faculty not previously involved in the examination and marking process, supported by a member of the Examination Controller’s office. The rechecking process and submission of any revised grade to the Examinations Controller should be completed within 15 calendar days.","Question: Kind of urgent, but can students appeal their grades if they believe there has been a mistake?
Answer: A student may apply to the Chair of Department or the Dean for the re-checking of an examination script. Such a request may be made on the grounds of evidence of procedural errors, arbitrariness or prejudice. The student must make any request within Seven (07) calendar days of the publication of the mark. The Chair of Department or the Dean may, after checking with the original grader, arrange for the evaluation of an examination script to be conducted by two members of the faculty not previously involved in the examination and marking process, supported by a member of the Examination Controller’s office. The rechecking process and submission of any revised grade to the Examinations Controller should be completed within 15 calendar days.

Question: Kind of urgent, but what are the passing and failing grades at BRAC University?
Answer: At BRAC University, the minimum passing grade for undergraduate courses is D (1.0), while for graduate courses, it is typically C (2.0). Grades below these thresholds are considered failing. Specifically, a grade of F (0.0) indicates failure.

Question: Kind of urgent, but can other advisors do my advising?
Answer: Yes, they can. But they do not have any responsibility to do that. Please go to your advisor. Faculties can be busy with his advised students and also his other works.

Question: Can students appeal their grades if they believe there has been a mistake?
Answer: A student may apply to the Chair of Department or the Dean for the re-checking of an examination script. Such a request may be made on the grounds of evidence of procedural errors, arbitrariness or prejudice. The student must make any request within Seven (07) calendar days of the publication of the mark. The Chair of Department or the Dean may, after checking with the original grader, arrange for the evaluation of an examination script to be conducted by two members of the faculty not previously involved in the examination and marking process, supported by a member of the Examination Controller’s office. The rechecking process and submission of any revised grade to the Examinations Controller should be completed within 15 calendar days.

Question (Banglish): Grade e bhul mone hole student ra ki appeal korte pare?
Answer (English): A student may apply to the Chair of Department or the Dean for the re-checking of an examination script. Such a request may be made on the grounds of evidence of procedural errors, arbitrariness or prejudice. The student must make any request within Seven (07) calendar days of the publication of the mark. The Chair of Department or the Dean may, after checking with the original grader, arrange for the evaluation of an examination script to be conducted by two members of the faculty not previously involved in the examination and marking process, supported by a member of the Examination Controller's office. The rechecking process and submission of any revised grade to the Examinations Controller should be completed within 15 calendar days.","A student may apply to the Chair of Department or the Dean for the re-checking of an examination script. Such a request may be made on the grounds of evidence of procedural errors, arbitrariness or prejudice. The student must make any request within Seven (07) calendar days of the publication of the mark.",open_ended,linear,0.5,False,True,True,False,False,True,,0.0210,0.0671,9.9706,10.0601,2026-07-28T08:14:01.282068+00:00,0.1164,0.9579
Q049,adaptive_novel,"Hey, what subjects are tested for BSS in Anthropology, BA in English, and LLB admission?","Applicants to BSS in Anthropology, BA in English, and LLB (Hons) are tested only in English as part of the admission test.","Question: Hey, what subjects are tested for BSS in Anthropology, BA in English, and LLB admission?
Answer: Applicants to BSS in Anthropology, BA in English, and LLB (Hons) are tested only in English as part of the admission test.

Question (Banglish): BSS in Anthropology, BA in English, ar LLB admission er jonno kon kon subject test hoy?
Answer (English): Applicants to BSS in Anthropology, BA in English, and LLB (Hons) are tested only in English as part of the admission test.

Question: What subjects are tested for BSS in Anthropology, BA in English, and LLB admission?
Answer: Applicants to BSS in Anthropology, BA in English, and LLB (Hons) are tested only in English as part of the admission test.

Question: What subjects are tested for the BBA and BSS in Economics admission test?
Answer: Applicants to BBA and BSS in Economics are tested on English and Mathematics in the admission test.

Question: What subjects are tested for BSc programs like CSE, EEE, Physics, or Mathematics?
Answer: Applicants to CSE, ECE, EEE, Physics, Applied Physics & Electronics, and Mathematics programs are tested on English, Mathematics, Higher Mathematics, and Physics as part of the admission test.","Applicants to BSS in Anthropology, BA in English, and LLB (Hons) are tested only in English as part of the admission test.",open_ended,linear,0.5,False,False,False,False,False,True,,0.0269,0.0348,6.0156,6.0788,2026-07-28T08:14:07.361446+00:00,0.0450,1.0596
Q050,adaptive_novel,Do lab-based or design-based programs pay an additional fee beyond regular tuition?,"Yes, programs with laboratory or studio components (such as CSE, Architecture, and Pharmacy) typically carry an additional lab/studio fee per semester on top of standard tuition and semester fees.","Question: Do lab-based or design-based programs pay an additional fee beyond regular tuition?
Answer: Yes, programs with laboratory or studio components (such as CSE, Architecture, and Pharmacy) typically carry an additional lab/studio fee per semester on top of standard tuition and semester fees.

Question: I wanted to ask, do lab-based or design-based programs pay an additional fee beyond regular tuition?
Answer: Yes, programs with laboratory or studio components (such as CSE, Architecture, and Pharmacy) typically carry an additional lab/studio fee per semester on top of standard tuition and semester fees.

Question (Banglish): Lab-based ba design-based program e ki regular tuition er baire additional fee lage?
Answer (English): Yes, programs with laboratory or studio components (such as CSE, Architecture, and Pharmacy) typically carry an additional lab/studio fee per semester on top of standard tuition and semester fees.

Question (Banglish): Tuition chara ar ki kono additional fee ache?
Answer (English): In addition to the tuition fees for the Computer Science and Engineering (CSE) program at BRAC University, students are required to pay several additional fees. These include a one-time, non-refundable admission fee of BDT 30,800 and a semester fee of BDT 11,500, which covers essential services such as IT facilities, library access, and student activities. There is also a one-time library membership fee of BDT 2,500. Depending on the specific courses, students might incur additional lab fees, although these are generally included within the course fees for most programs

Question (Banglish): Tuition chara BRACU ar kon kon 'other fees' charge kore?
Answer (English): Examples include a Make-up Examination Fee (BDT 3,000), a Department Change Fee (BDT 6,000), a Degree Processing Fee (BDT 8,500), a refundable Convocation Gown Fee (BDT 3,500, refunded on gown return), and a Late Advising Fee (BDT 2,000), among others such as Transfer Certificate fees.","Yes, programs with laboratory or studio components (such as CSE, Architecture, and Pharmacy) typically carry an additional lab/studio fee per semester on top of standard tuition and semester fees.",open_ended,linear,0.5,False,False,False,False,False,True,,0.0222,0.0330,6.6645,6.7210,2026-07-28T08:14:14.082843+00:00,0.0089,1.0669
Q051,adaptive_novel,Curious about something: what items are prohibited in the exam hall?,"Mobile phones, tablets, smartwatches, and other electronic gadgets are not allowed. Bringing textbooks, notes, or any other written materials is prohibited unless explicitly allowed by the instructor.Bags, backpacks, and personal belongings should be left outside the exam hall or in designated areas.","Question: Curious about something: what items are prohibited in the exam hall?
Answer: Mobile phones, tablets, smartwatches, and other electronic gadgets are not allowed. Bringing textbooks, notes, or any other written materials is prohibited unless explicitly allowed by the instructor.Bags, backpacks, and personal belongings should be left outside the exam hall or in designated areas.

Question: Curious about something: what items should students bring to the Residential Campus, and what is prohibited?
Answer: Students should bring formal and casual wear, sportswear, two small/medium locks for their room, passport photos, a copy of their health card, toiletries, stationery, and any required medicine. Rooms come with beds, bedcovers, pillows and mosquito nets. Expensive electronics/jewellery are discouraged, and items such as desktop PCs, sound systems, heaters, irons, playing cards, and any illegal drugs are strictly prohibited. Any student caught with drugs faces the Disciplinary Committee and possible expulsion.

Question: Curious about something: what things are allowed to bring in library?
Answer: You are welcome to bring your study materials, such as books and pens. However, please note that bags are not permitted inside. Additionally, no food or drinks are allowed, but you may bring a water bottle.

Question: What items are prohibited in the exam hall?
Answer: Mobile phones, tablets, smartwatches, and other electronic gadgets are not allowed. Bringing textbooks, notes, or any other written materials is prohibited unless explicitly allowed by the instructor.Bags, backpacks, and personal belongings should be left outside the exam hall or in designated areas.

Question: Curious about something: how early should students arrive at the exam hall?
Answer: Students should aim to arrive at the exam hall at least 15 to 30 minutes before the scheduled start time of their exam.","Mobile phones, tablets, smartwatches, and other electronic gadgets are not allowed. Bringing textbooks, notes, or any other written materials is prohibited unless explicitly allowed by the instructor. Bags, backpacks, and personal belongings should be left outside the exam hall or in designated areas.",open_ended,linear,0.5,False,True,True,False,False,True,,0.0204,0.0325,8.5481,8.6018,2026-07-28T08:14:22.685057+00:00,0.1224,1.0238
Q052,adaptive_novel,"How many semesters does BRAC University run per year, and when do they start?","BRAC University runs three semesters a year - Spring, Summer and Fall - starting in January, May and September respectively. Pharmacy admits in Spring or Summer, and LLB admits in Spring or Fall.","Question: How many semesters does BRAC University run per year, and when do they start?
Answer: BRAC University runs three semesters a year - Spring, Summer and Fall - starting in January, May and September respectively. Pharmacy admits in Spring or Summer, and LLB admits in Spring or Fall.

Question: Just wondering, how many semesters does BRAC University run per year, and when do they start?
Answer: BRAC University runs three semesters a year - Spring, Summer and Fall - starting in January, May and September respectively. Pharmacy admits in Spring or Summer, and LLB admits in Spring or Fall.

Question: How many semesters does BRAC University run each year, and what are they called?
Answer: BRAC University follows a semester-based system with three equal semesters each year: Spring, Summer, and Fall.

Question: How many semesters are offered yearly at BRACU and when do they start?
Answer: BRACU offers 3 semesters a year: Spring, Summer & Fall, and these start in January, May & September respectively.
For Pharmacy & LLB: BRACU offers admission for Pharmacy & LLB department twice a year. You can apply in for Pharmacy: Spring or Summer semester and for LLB: Spring or Fall. The classes start from January and July for Pharmacy. January and September for LLB accordingly.
Tentative Schedule - Admission Tests:
Semester
1st Intake
2nd Intake
Spring
November
December
Summer
March
April
Fall
July
August

Question (Banglish): BRAC University bochore koyta semester chalay, ar kobe shuru hoy?
Answer (English): BRAC University runs three semesters a year - Spring, Summer and Fall - starting in January, May and September respectively. Pharmacy admits in Spring or Summer, and LLB admits in Spring or Fall.","BRAC University runs three semesters a year - Spring, Summer and Fall - starting in January, May and September respectively. Pharmacy admits in Spring or Summer, and LLB admits in Spring or Fall.",open_ended,linear,0.5,False,True,True,False,False,True,,0.0210,0.0431,6.9268,6.9918,2026-07-28T08:14:29.677457+00:00,0.0091,1.0064
Q053,adaptive_novel,Does BRAC University have any separate exam for awarding Scholarship/Financial Aid?,There is no separate exam for Scholarship/Financial Aid.,"Question: Does BRAC University have any separate exam for awarding Scholarship/Financial Aid?
Answer: There is no separate exam for Scholarship/Financial Aid.

Question: Does BRAC University have any fees for applying for Scholarship/Financial Aid?
Answer: No applicants are required to pay any fees at the time of submission of the filled-out form.

Question: Does BRAC University have interviews or additional assessments for scholarship applicants?
Answer: BRAC University may require additional assessments, such as interviews, for certain scholarships. For instance, applicants for BRAC Scholarships (needs-based) and other financial aid programs are typically evaluated not only on academic performance but also on socioeconomic background and other conditions. While some merit-based scholarships are awarded automatically based on academic results, other programs might involve an application process where candidates provide supporting documents, and their eligibility is assessed by a scholarship committee. Oral tests or interviews may be included as part of this process for further assessment

Question (Banglish): Make-up exam dile ki extra fee lage?
Answer (English): Yes, at BRAC University, there is typically a fee associated with taking a make-up exam. Students are required to pay this fee, which covers administrative costs related to scheduling and conducting the make-up exam. The fee amount and payment procedures can vary, so it is important for students to check with the Registrar's Office or the Accounts Office for specific details regarding the fee amount and payment process.

Question (Banglish): BRACU te koto ghono ghono exam hoy?
Answer (English): There are likely two exams(Midterm and Final )per trimester, plus any additional Smaller exams or quizzes scheduled by your instructors thorughout the semester.",There is no separate exam for Scholarship/Financial Aid.,open_ended,linear,0.5,False,False,False,False,False,True,,0.0199,0.0333,3.9489,4.0030,2026-07-28T08:14:33.680654+00:00,0.0639,1.1066
Q054,adaptive_novel,What does the Counseling and Wellness Centre at BRAC University offer?,"The Counseling and Wellness Centre is a dedicated student-life office providing psychological and wellbeing support to students, separate from the psychosocial counselling available specifically at the Residential Campus.","Question: What does the Counseling and Wellness Centre at BRAC University offer?
Answer: The Counseling and Wellness Centre is a dedicated student-life office providing psychological and wellbeing support to students, separate from the psychosocial counselling available specifically at the Residential Campus.

Question (Banglish): BRAC University er Counseling and Wellness Centre ki offer kore?
Answer (English): The Counseling and Wellness Centre is a dedicated student-life office providing psychological and wellbeing support to students, separate from the psychosocial counselling available specifically at the Residential Campus.

Question: What services does the BRAC University Medical Center provide?
Answer: The Medical Center offers emergency medical services and free consultations/medicine to students and employees, health checkups with an official Health Card, referrals to partner hospitals for emergencies, ambulance support, and workshops on reproductive health and family planning. It also runs blood donation programs in collaboration with student clubs, arranges vaccination drives for communicable diseases, and holds regular STD/reproductive health workshops each semester with BRAC James P Grant School of Public Health.

Question: Does the Counseling and Wellness Centre charge for its services?
Answer: No, the Counseling and Wellness Centre (CWC) provides free and confidential mental health and wellbeing services to all students and staff, including individual counseling, both face-to-face and online.

Question: I'm feeling really depressed, what medication should I take?
Answer: I'm not able to give medical advice, and this isn't something to work through alone - please reach out to BRAC University's Counseling and Wellness Centre, or a doctor, as soon as you can. If you're in crisis, please contact a local emergency service or a crisis helpline right away.","The Counseling and Wellness Centre is a dedicated student-life office providing psychological and wellbeing support to students, separate from the psychosocial counselling available specifically at the Residential Campus.",open_ended,linear,0.5,False,True,True,False,False,True,,0.0185,0.0146,5.9208,5.9547,2026-07-28T08:14:39.635527+00:00,0.0629,0.9982
Q055,adaptive_novel,Can you tell me what the CGPA requirement for eligibility to start a thesis is?,CGPA equal to or above 3.0.,"Question: Can you tell me what the CGPA requirement for eligibility to start a thesis is?
Answer: CGPA equal to or above 3.0.

Question: Can you tell me what the CGPA requirement for eligibility to start a project/internship is?
Answer: CGPA equal to or above 2.0.

Question: What is the CGPA requirement for eligibility to start a thesis?
Answer: CGPA equal to or above 3.0.

Question: Can someone help — what is the CGPA requirement for eligibility to start a thesis?
Answer: CGPA equal to or above 3.0.

Question: Can you tell me what the minimum credit requirement to start a thesis/project/internship is?
Answer: Students need a minimum of 75 completed credits to start a thesis, project, or internship.",The CGPA requirement for eligibility to start a thesis is CGPA equal to or above 3.0.,open_ended,linear,0.5,False,False,False,False,False,True,,0.0168,0.0248,4.7587,4.8014,2026-07-28T08:14:44.437615+00:00,0.0856,1.0493
Q056,adaptive_novel,"New student here, when was BRAC University established and who founded it?","BRAC University was established in 2001, founded by Sir Fazle Hasan Abed, and is affiliated with the University Grants Commission (UGC) of Bangladesh.","Question: New student here, when was BRAC University established and who founded it?
Answer: BRAC University was established in 2001, founded by Sir Fazle Hasan Abed, and is affiliated with the University Grants Commission (UGC) of Bangladesh.

Question: When was BRAC University established and who founded it?
Answer: BRAC University was established in 2001, founded by Sir Fazle Hasan Abed, and is affiliated with the University Grants Commission (UGC) of Bangladesh.

Question: Quick question — when was BRAC University established and who founded it?
Answer: BRAC University was established in 2001, founded by Sir Fazle Hasan Abed, and is affiliated with the University Grants Commission (UGC) of Bangladesh.

Question: When was the BRAC University School of Law established, and what degree does it offer?
Answer: The School of Law was founded in 2004 and offers a four-year undergraduate Bachelor of Laws (LL.B. Hons.) program, along with a postgraduate LL.M. program.

Question: One thing I couldn't find anywhere: when was BRAC Institute of Educational Development (BRAC IED) founded, and what does it focus on?
Answer: BRAC IED was founded in 2004 and focuses on advancing education from a holistic perspective - covering early childhood development, play-based learning, psychosocial wellbeing, adolescent mental health, and primary/secondary curriculum and textbook design - through professional development, research, and advocacy.","BRAC University was established in 2001, founded by Sir Fazle Hasan Abed, and is affiliated with the University Grants Commission (UGC) of Bangladesh.",open_ended,linear,0.5,False,False,False,False,False,True,,0.0225,0.0186,5.8740,5.9166,2026-07-28T08:14:50.354461+00:00,0.1557,1.0363
Q057,adaptive_novel,Who must participate in the Wishlist event?,"All undergraduate students attending upcoming, excluding RS-eligible students and LLB, PHR students","Question: Who must participate in the Wishlist event?
Answer: All undergraduate students attending upcoming, excluding RS-eligible students and LLB, PHR students

Question: Which group of students is not required to participate in the Wishlist event?
Answer: Students who are eligible for residential semester in the upcoming semester.

Question (Banglish): Wishlist event e participate na korle ki consequence hoy?
Answer (English): Student will not be allowed to register during Pre-Registration Phase 1

Question (Banglish): Ke Wishlist event e participate korte hobe?
Answer (English): All undergraduate students attending upcoming, excluding RS-eligible students and LLB, PHR students

Question: Group of students eligible for Pre-Registration Phase 2?
Answer: Students who participated and did not participate in the Wishlist Event. It means all the students.","All undergraduate students attending upcoming semesters are required to participate in the Wishlist event, excluding RS-eligible students and LLB, PHR students.",open_ended,linear,0.5,False,False,False,False,False,True,,0.0160,0.0147,5.4427,5.4743,2026-07-28T08:14:55.829171+00:00,0.1201,1.0360
Q058,adaptive_novel,"New student here, I already did ENG102 in Badda campus which course I will be given in TARC?","If you completed ENG102 already, you will be given BUS201 at TARC.","Course: ENG102
Prerequisite: ENG101 (HP)
Full Prerequisite Chain: ENG101

Question: New student here, I already did ENG102 in Badda campus which course I will be given in TARC?
Answer: If you completed ENG102 already, you will be given BUS201 at TARC.

Question: I already did ENG102 in Badda campus which course I will be given in TARC?
Answer: If you completed ENG102 already, you will be given BUS201 at TARC.

Question (Banglish): Badda campus e amar age theke ENG102 kora ache, tahole TARC e amake kon course deya hobe?
Answer (English): If you completed ENG102 already, you will be given BUS201 at TARC.

Question: One thing I couldn't find anywhere: I already did ENG102 in Badda campus which course I will be given in TARC?
Answer: If you completed ENG102 already, you will be given BUS201 at TARC.

Question: For a friend who's asking — I already did ENG102 in Badda campus which course I will be given in TARC?
Answer: If you completed ENG102 already, you will be given BUS201 at TARC.","If you completed ENG102 already, you will be given BUS201 at TARC.",entity_heavy,rrf,0.9,False,True,True,False,True,True,,0.0228,0.0199,4.4684,4.5121,2026-07-28T08:15:00.341551+00:00,99.9832,100.0165
Q059,adaptive_novel,Curious about something: what are the basic requirements and application process to start a new club at BRAC University?,"To start a new club, you need at least 50 interested student members and one BRACU faculty advisor. The applicants then submit an application to the Director of Co-Curricular Activities, including the club's goals, objectives, a program calendar, and mode of operation, signed by the advisor. The new club's Executive Committee follows the same eligibility rules as any club's committee (see the Executive Committee CGPA/credit requirements). One faculty member can advise only one club at a time, but can additionally co-advise up to one more; a faculty member who isn't an advisor of any club can co-advise up to two.","Question: Curious about something: what are the basic requirements and application process to start a new club at BRAC University?
Answer: To start a new club, you need at least 50 interested student members and one BRACU faculty advisor. The applicants then submit an application to the Director of Co-Curricular Activities, including the club's goals, objectives, a program calendar, and mode of operation, signed by the advisor. The new club's Executive Committee follows the same eligibility rules as any club's committee (see the Executive Committee CGPA/credit requirements). One faculty member can advise only one club at a time, but can additionally co-advise up to one more; a faculty member who isn't an advisor of any club can co-advise up to two.

Question: What are the basic requirements and application process to start a new club at BRAC University?
Answer: To start a new club, you need at least 50 interested student members and one BRACU faculty advisor. The applicants then submit an application to the Director of Co-Curricular Activities, including the club's goals, objectives, a program calendar, and mode of operation, signed by the advisor. The new club's Executive Committee follows the same eligibility rules as any club's committee (see the Executive Committee CGPA/credit requirements). One faculty member can advise only one club at a time, but can additionally co-advise up to one more; a faculty member who isn't an advisor of any club can co-advise up to two.

Question: Can you tell me what the basic requirements and application process to start a new club at BRAC University are?
Answer: To start a new club, you need at least 50 interested student members and one BRACU faculty advisor. The applicants then submit an application to the Director of Co-Curricular Activities, including the club's goals, objectives, a program calendar, and mode of operation, signed by the advisor. The new club's Executive Committee follows the same eligibility rules as any club's committee (see the Executive Committee CGPA/credit requirements). One faculty member can advise only one club at a time, but can additionally co-advise up to one more; a faculty member who isn't an advisor of any club can co-advise up to two.

Question (Banglish): BRAC University te notun club shuru korte basic requirement ar application process ta ki?
Answer (English): To start a new club, you need at least 50 interested student members and one BRACU faculty advisor. The applicants then submit an application to the Director of Co-Curricular Activities, including the club's goals, objectives, a program calendar, and mode of operation, signed by the advisor. The new club's Executive Committee follows the same eligibility rules as any club's committee (see the Executive Committee CGPA/credit requirements). One faculty member can advise only one club at a time, but can additionally co-advise up to one more; a faculty member who isn't an advisor of any club can co-advise up to two.

Question (Banglish): Ami ki nijer club shuru korte pari? Process ta ki?
Answer (English): Of course you can start your own club. Here is some information to get started: At least 75 student members and 1 advisor [from BRACU faculty] are needed to start a
club. An application to the director, co-curricular activities with goals, objectives, program calendar and mode of operation, signed by the advisor/ co-advisor[s] should be submitted by the applicants intending to open the club. For more details , go to: https://www.bracu.ac.bd/sites/default/files/Proctor_office/bu_disciplinary_policies/8.%20OCA%20Guidelines.pdf","To start a new club, you need at least 50 interested student members and one BRACU faculty advisor. The applicants then submit an application to the Director of Co-Curricular Activities, including the club's goals, objectives, a program calendar, and mode of operation, signed by the advisor. The new club's Executive Committee follows the same eligibility rules as any club's committee (see the Executive Committee CGPA/credit requirements). One faculty member can advise only one club at a time, but can additionally co-advise up to one more; a faculty member who isn't an advisor of any club can co-advise up to two.",open_ended,linear,0.5,False,True,True,False,False,True,,0.0204,0.0196,18.6267,18.6688,2026-07-28T08:15:19.011092+00:00,0.0675,1.0173
Q060,adaptive_novel,Before I forget to ask — has BRAC University ever won the World Universities Debating Championship (WUDC)?,"Yes, twice. In 2013, BRAC Bangladesh A (Ratib Murtaza Ali and Aaqib Farhan Hossain) won the English-as-a-Second-Language (ESL) category at WUDC in Berlin - Bangladesh's first such win. In 2022, BRAC University students Sourodip Paul and Sajid Asbat Khandaker won the WUDC open category outright in Belgrade, becoming the first Asian team ever to win the tournament's top title.","Question: Before I forget to ask — has BRAC University ever won the World Universities Debating Championship (WUDC)?
Answer: Yes, twice. In 2013, BRAC Bangladesh A (Ratib Murtaza Ali and Aaqib Farhan Hossain) won the English-as-a-Second-Language (ESL) category at WUDC in Berlin - Bangladesh's first such win. In 2022, BRAC University students Sourodip Paul and Sajid Asbat Khandaker won the WUDC open category outright in Belgrade, becoming the first Asian team ever to win the tournament's top title.

Question: Before I forget to ask — has BRAC University's football team won any major inter-university tournaments?
Answer: Yes, for example BRAC University's football team won the NSU Inter University Sports Carnival 2023, beating the Independent University of Bangladesh (IUB) 1-0 in the final.

Question: Has BRAC University ever won the World Universities Debating Championship (WUDC)?
Answer: Yes, twice. In 2013, BRAC Bangladesh A (Ratib Murtaza Ali and Aaqib Farhan Hossain) won the English-as-a-Second-Language (ESL) category at WUDC in Berlin - Bangladesh's first such win. In 2022, BRAC University students Sourodip Paul and Sajid Asbat Khandaker won the WUDC open category outright in Belgrade, becoming the first Asian team ever to win the tournament's top title.

Question: Random question, has BRAC University ever won the World Universities Debating Championship (WUDC)?
Answer: Yes, twice. In 2013, BRAC Bangladesh A (Ratib Murtaza Ali and Aaqib Farhan Hossain) won the English-as-a-Second-Language (ESL) category at WUDC in Berlin - Bangladesh's first such win. In 2022, BRAC University students Sourodip Paul and Sajid Asbat Khandaker won the WUDC open category outright in Belgrade, becoming the first Asian team ever to win the tournament's top title.

Question (Banglish): BRAC University ki kokhono World Universities Debating Championship (WUDC) jitteche?
Answer (English): Yes, twice. In 2013, BRAC Bangladesh A (Ratib Murtaza Ali and Aaqib Farhan Hossain) won the English-as-a-Second-Language (ESL) category at WUDC in Berlin - Bangladesh's first such win. In 2022, BRAC University students Sourodip Paul and Sajid Asbat Khandaker won the WUDC open category outright in Belgrade, becoming the first Asian team ever to win the tournament's top title.","Yes, twice. In 2013, BRAC Bangladesh A (Ratib Murtaza Ali and Aaqib Farhan Hossain) won the English-as-a-Second-Language (ESL) category at WUDC in Berlin - Bangladesh's first such win. In 2022, BRAC University students Sourodip Paul and Sajid Asbat Khandaker won the WUDC open category outright in Belgrade, becoming the first Asian team ever to win the tournament's top title.",open_ended,linear,0.5,False,False,False,False,False,True,,0.0224,0.0604,14.7306,14.8148,2026-07-28T08:15:33.826222+00:00,0.0564,1.0612
Q061,adaptive_novel,How do I access the Multipurpose Hall?,"Ground Floor, Find the lift lobby(2nd escalator); go straight to the West Side, where you will find some seats next to the Multipurpose Hall.","Question: How do I access the Multipurpose Hall?
Answer: Ground Floor, Find the lift lobby(2nd escalator); go straight to the West Side, where you will find some seats next to the Multipurpose Hall.

Question: How can I access the Prayer Room for females?
Answer: The Prayer Room is located in front of the indoor Multipurpose Hall and on 6th floor(ZONE-H)

Question (Banglish): Multipurpose Hall ami kivabe access korbo?
Answer (English): Ground Floor, Find the lift lobby(2nd escalator); go straight to the West Side, where you will find some seats next to the Multipurpose Hall.

Question: What steps do I need to follow to access the Prayer Room for females?
Answer: The Prayer Room is located in front of the indoor Multipurpose Hall and on 6th floor(ZONE-H)

Question (Banglish): Female der Prayer Room ami kivabe access korbo?
Answer (English): The Prayer Room is located in front of the indoor Multipurpose Hall and on 6th floor(ZONE-H)","To access the Multipurpose Hall, go to the Ground Floor, find the lift lobby(2nd escalator), go straight to the West Side, where you will find some seats next to the Multipurpose Hall.",open_ended,linear,0.5,False,False,False,False,False,True,,0.0191,0.0328,6.9471,6.9997,2026-07-28T08:15:40.826536+00:00,0.1197,1.0635
Q062,adaptive_novel,Can you tell me what the formula BRAC University uses to calculate GPA is?,"GPA is calculated as the sum of (grade points x credits) for all courses, divided by the sum of credits attempted - i.e., a credit-weighted average, so a 4-credit course affects the GPA more than a 1-credit course.","Question: Can you tell me what the formula BRAC University uses to calculate GPA is?
Answer: GPA is calculated as the sum of (grade points x credits) for all courses, divided by the sum of credits attempted - i.e., a credit-weighted average, so a 4-credit course affects the GPA more than a 1-credit course.

Question: What is the formula BRAC University uses to calculate GPA?
Answer: GPA is calculated as the sum of (grade points x credits) for all courses, divided by the sum of credits attempted - i.e., a credit-weighted average, so a 4-credit course affects the GPA more than a 1-credit course.

Question: Kind of urgent, but what is the formula BRAC University uses to calculate GPA?
Answer: GPA is calculated as the sum of (grade points x credits) for all courses, divided by the sum of credits attempted - i.e., a credit-weighted average, so a 4-credit course affects the GPA more than a 1-credit course.

Question (Banglish): GPA calculate korte BRAC University kon formula use kore?
Answer (English): GPA is calculated as the sum of (grade points x credits) for all courses, divided by the sum of credits attempted - i.e., a credit-weighted average, so a 4-credit course affects the GPA more than a 1-credit course.

Question: How is the Grade Point Average (GPA) calculated?
Answer: The Grade Point Average (GPA) at BRAC University is calculated by multiplying the grade points earned in each course by the course's credit hours to obtain the quality points. The total quality points from all courses are then summed and divided by the total number of credit hours taken. This gives the GPA, which reflects the student's overall academic performance for the semester.","The formula BRAC University uses to calculate GPA is the sum of (grade points x credits) for all courses, divided by the sum of credits attempted - i.e., a credit-weighted average, so a 4-credit course affects the GPA more than a 1-credit course.",open_ended,linear,0.5,False,True,True,False,False,True,,0.0174,0.0276,8.6567,8.7028,2026-07-28T08:15:49.529723+00:00,0.0494,0.9987
Q063,adaptive_novel,I looked around the site but couldn't find it — whats the procedure to pay my fees in installment?,A form will be shared by gsuite if the facility is available for that particular semester and you can fill up the form and apply for installment payment.,"Question: I looked around the site but couldn't find it — whats the procedure to pay my fees in installment?
Answer: A form will be shared by gsuite if the facility is available for that particular semester and you can fill up the form and apply for installment payment.

Question: What are the ways of paying the tution fees?
Answer: BRAC University Payment Manual for Students

Link: https://www.bracu.ac.bd/brac-university-payment-manual-students

USIS Payslip: 

Students can log in to the USIS Link: https://usis.bracu.ac.bd/academia/ to download and print their USIS pay slip, and make payment in any branch of BRAC Bank/ Southeast Bank/ ONE Bank/ Dhaka Bank/ Prime Bank (except agent banking) with their printed USIS pay slip. Confirmation will be done automatically. Students do not have to submit the pay slip physically at Brac University.

 

BRAC Bank Internet Banking:

If a student or his/her guardian has an account with BRAC Bank, they can make payment through BRAC Bank online transactions. BRAC Bank online portal has the option to pay to BRAC University. Once the payment has been made, the confirmation will be done automatically. BRAC Bank online link: https://astha.bracbank.com/ib-retail-web/tenant/index 

 

Payment Gateway (for debit or credit card / bank transfer / mobile banking):

Students can log in to the USIS Link: https://usis.bracu.ac.bd/academia/ and look for the pay slip and select “Proceed to payment” and then “Pay Now” button at the bottom of the pay slip to make online payment through authorized payment gateway with debit or credit card / bank transfer / mobile banking (bKash, Rocket, Nagad, etc.). Students will get payment confirmation ONLY if authorized payment gateway is used with debit or credit card/ bank transfer/ mobile banking. Please refer to USIS pay slip for applicable convenience fee on payment gateway.

Please note that BFTN / EFT/ manual pay slip payment is NOT acceptable.

Question: Whats the procedure to pay my fees in installment?
Answer: A form will be shared by gsuite if the facility is available for that particular semester and you can fill up the form and apply for installment payment.

Question: Can you tell me what the ways of paying the tution fees are?
Answer: BRAC University Payment Manual for Students

Link: https://www.bracu.ac.bd/brac-university-payment-manual-students

USIS Payslip: 

Students can log in to the USIS Link: https://usis.bracu.ac.bd/academia/ to download and print their USIS pay slip, and make payment in any branch of BRAC Bank/ Southeast Bank/ ONE Bank/ Dhaka Bank/ Prime Bank (except agent banking) with their printed USIS pay slip. Confirmation will be done automatically. Students do not have to submit the pay slip physically at Brac University.

 

BRAC Bank Internet Banking:

If a student or his/her guardian has an account with BRAC Bank, they can make payment through BRAC Bank online transactions. BRAC Bank online portal has the option to pay to BRAC University. Once the payment has been made, the confirmation will be done automatically. BRAC Bank online link: https://astha.bracbank.com/ib-retail-web/tenant/index 

 

Payment Gateway (for debit or credit card / bank transfer / mobile banking):

Students can log in to the USIS Link: https://usis.bracu.ac.bd/academia/ and look for the pay slip and select “Proceed to payment” and then “Pay Now” button at the bottom of the pay slip to make online payment through authorized payment gateway with debit or credit card / bank transfer / mobile banking (bKash, Rocket, Nagad, etc.). Students will get payment confirmation ONLY if authorized payment gateway is used with debit or credit card/ bank transfer/ mobile banking. Please refer to USIS pay slip for applicable convenience fee on payment gateway.

Please note that BFTN / EFT/ manual pay slip payment is NOT acceptable.

Question: For a friend who's asking — how does paying tuition in installments work at BRAC University?
Answer: Once a student's installment plan is approved, the total amount on their Connect pay slip is divided by the approved number of installments, and revised pay slips are generated accordingly. Installments are paid using the same methods as regular payment (Connect pay slip, Payment Gateway, or BRAC Bank Internet Banking), and the next installment's pay slip is generated only after the current one is paid.","The procedure to pay your fees in installments at BRAC University is that a form will be shared by gsuite if the facility is available for that particular semester, and you can fill up the form and apply for installment payment.",open_ended,linear,0.5,False,False,False,False,False,True,,0.0206,0.1388,8.3553,8.5159,2026-07-28T08:15:58.045898+00:00,0.1906,1.0493
Q064,adaptive_novel,"Hi, what exactly does the Office of the Proctor handle at BRAC University?","The Office of the Proctor is responsible for student discipline and campus safety, acting as an intermediary for complaints about harassment, bullying, or intimidation involving anyone affiliated with BRACU - students, faculty, staff, or security personnel.","Question: Hi, what exactly does the Office of the Proctor handle at BRAC University?
Answer: The Office of the Proctor is responsible for student discipline and campus safety, acting as an intermediary for complaints about harassment, bullying, or intimidation involving anyone affiliated with BRACU - students, faculty, staff, or security personnel.

Question: What exactly does the Office of the Proctor handle at BRAC University?
Answer: The Office of the Proctor is responsible for student discipline and campus safety, acting as an intermediary for complaints about harassment, bullying, or intimidation involving anyone affiliated with BRACU - students, faculty, staff, or security personnel.

Question: Kind of urgent, but what exactly does the Office of the Proctor handle at BRAC University?
Answer: The Office of the Proctor is responsible for student discipline and campus safety, acting as an intermediary for complaints about harassment, bullying, or intimidation involving anyone affiliated with BRACU - students, faculty, staff, or security personnel.

Question (Banglish): BRAC University te Office of the Proctor thik ki ki dekhe?
Answer (English): The Office of the Proctor is responsible for student discipline and campus safety, acting as an intermediary for complaints about harassment, bullying, or intimidation involving anyone affiliated with BRACU - students, faculty, staff, or security personnel.

Question: Besides bullying and sexual harassment, what other kinds of complaints does the Office of the Proctor handle?
Answer: The Office of the Proctor's non-academic complaint mandate is broader than bullying and harassment alone - it also covers ragging, threats, bribery, and other serious criminal offences involving students or staff, acting as an impartial, discreet channel for these safeguarding issues.","The Office of the Proctor is responsible for student discipline and campus safety, acting as an intermediary for complaints about harassment, bullying, or intimidation involving anyone affiliated with BRACU - students, faculty, staff, or security personnel.",open_ended,linear,0.5,False,True,True,False,False,True,,0.0222,0.0309,7.3319,7.3860,2026-07-28T08:16:05.432564+00:00,0.0751,0.9987
Q065,adaptive_novel,Can non-students use the BRAC University transport service?,"No, the service is exclusively for BRAC University students.","Question: Can non-students use the BRAC University transport service?
Answer: No, the service is exclusively for BRAC University students.

Question: Can students without an ID card use the transport service?
Answer: No, students must present a valid BRAC University ID card.

Question (Banglish): Non-student ra ki BRAC University transport service use korte pare?
Answer (English): No, the service is exclusively for BRAC University students.

Question: Who can use the BRAC University bus service?
Answer: Only BRAC University students can use this service. Students must show their university ID before boarding. New students must show a photocopy of their payment receipt.

Question: What is the BRAC University Students' Transport Service?
Answer: BRAC University provides an affordable, safe, and comfortable transport service with air-conditioned buses covering nine routes across Dhaka city.",The BRAC University transport service is exclusively for BRAC University students.,open_ended,linear,0.5,False,False,False,False,False,True,,0.0215,0.0216,4.1673,4.2110,2026-07-28T08:16:09.644103+00:00,0.1424,1.0845
Q066,adaptive_novel,Can you tell me what the prerequisites for the Cse program are?,"Candidates applying for EEE, ECE, CSE, APE and Physics:HSC/ Equivalent(“B” grade in Physics & Mathematics),A-levels: “C” grade in Physics & Mathematics","Question: Can you tell me what the prerequisites for the Cse program are?
Answer: Candidates applying for EEE, ECE, CSE, APE and Physics:HSC/ Equivalent(“B” grade in Physics & Mathematics),A-levels: “C” grade in Physics & Mathematics

Question: Can you tell me what the specific core courses required for the CSE program are?
Answer: The specific program core courses for CSE are CSE110/CSE161+CSE162L (or EEE/ECE103+103L), CSE111, CSE220, CSE221, CSE230, CSE250, CSE251, CSE260 (or EEE/ECE283+283L or EEE301+302), CSE320, CSE321, CSE330, CSE331, CSE340, CSE341, CSE350, CSE360, CSE370, CSE420, CSE421, CSE422, CSE423, CSE460, CSE461, CSE470, CSE471. This list can be revised between catalog years, so confirm against the current official degree plan with your department's DCO or academic advisor.

Question: What are the prerequisites for the Cse program?
Answer: Candidates applying for EEE, ECE, CSE, APE and Physics:HSC/ Equivalent(“B” grade in Physics & Mathematics),A-levels: “C” grade in Physics & Mathematics

Question: Can you tell me what the Master in Computer Applications (MCA) program at BRAC University for is?
Answer: MCA is designed for students coming from academic backgrounds other than computer science who want to build applied computing skills, distinguishing it from the more research/theory-focused MSc in CSE aimed at CS/CSE graduates.

Question: Can you tell me what the detailed course sequence for the Bachelor of Science in Computer Science and Engineering (CSE) at BRAC University is?
Answer: The detailed course sequence for CSE and CS is maintained as an official department degree plan, updated as the curriculum evolves. For the current version, check with your department's DCO or academic advisor, who can share the latest degree plan document directly.","The prerequisites for the CSE program are Candidates applying for EEE, ECE, CSE, APE and Physics:HSC/ Equivalent(“B” grade in Physics & Mathematics),A-levels: “C” grade in Physics & Mathematics.",open_ended,linear,0.5,False,True,True,False,False,True,,0.0166,0.0254,7.8349,7.8782,2026-07-28T08:16:17.522288+00:00,0.1147,0.9902
Q067,adaptive_novel,I looked around the site but couldn't find it — how to submit report after a club event?,"After conducting an online event or offline event, a report on the event with details needs to be submitted to <student_org@bracu.ac.bd> within 7 working days. Without the report, future proposals will not be accepted and approved.

• The report must contain a minimum of 500 words to a maximum of 1000 words with detailed activities, discussion, social impact, and outcome. If you get any media, coverage please provide the link.

• The social media data must be included in the report such as the number of attendees, likes, shares, views, and comments. For the best accuracy please collect this information immediately after the event is completed.

• After receiving and reviewing the appropriate report, we will complete the event or online program. Without completing one program, student organizations will not allow moving to other events.","Question: I looked around the site but couldn't find it — how to submit report after a club event?
Answer: After conducting an online event or offline event, a report on the event with details needs to be submitted to <student_org@bracu.ac.bd> within 7 working days. Without the report, future proposals will not be accepted and approved.

• The report must contain a minimum of 500 words to a maximum of 1000 words with detailed activities, discussion, social impact, and outcome. If you get any media, coverage please provide the link.

• The social media data must be included in the report such as the number of attendees, likes, shares, views, and comments. For the best accuracy please collect this information immediately after the event is completed.

• After receiving and reviewing the appropriate report, we will complete the event or online program. Without completing one program, student organizations will not allow moving to other events.

Question: I looked around the site but couldn't find it — where can students participate in clubs and activities?
Answer: Club Activity Rooms are located on the 6th Floor.

Question: I looked around the site but couldn't find it — can more than one student from the same group submit the registration form?
Answer: No, only one student is allowed to register for their Thesis.

Question: I looked around the site but couldn't find it — what sports teams does the university have?
Answer: BRAC University Football Club, BRAC University Chess Club, BRAC University Cricket Club, and BRAC University Indoor Games Club.

Question: How to submit report after a club event?
Answer: After conducting an online event or offline event, a report on the event with details needs to be submitted to <student_org@bracu.ac.bd> within 7 working days. Without the report, future proposals will not be accepted and approved.

• The report must contain a minimum of 500 words to a maximum of 1000 words with detailed activities, discussion, social impact, and outcome. If you get any media, coverage please provide the link.

• The social media data must be included in the report such as the number of attendees, likes, shares, views, and comments. For the best accuracy please collect this information immediately after the event is completed.

• After receiving and reviewing the appropriate report, we will complete the event or online program. Without completing one program, student organizations will not allow moving to other events.","To submit a report after a club event, you need to email the report with details to <student_org@bracu.ac.bd> within 7 working days. The report should be between 500 and 1000 words, including detailed activities, discussion, social impact, outcome, and any media coverage links. Additionally, include social media data such as attendees, likes, shares, views, and comments collected immediately after the event.",open_ended,linear,0.5,False,True,True,False,False,True,,0.0190,0.0579,12.9411,13.0189,2026-07-28T08:16:30.541935+00:00,0.3294,1.0249
Q068,adaptive_novel,Can you tell me what the Syndicate at BRAC University is?,"The Syndicate, chaired by the Vice-Chancellor, supervises the university's academic and administrative functions.","Question: Can you tell me what the Syndicate at BRAC University is?
Answer: The Syndicate, chaired by the Vice-Chancellor, supervises the university's academic and administrative functions.

Question: What is the Syndicate at BRAC University?
Answer: The Syndicate, chaired by the Vice-Chancellor, supervises the university's academic and administrative functions.

Question: I wanted to ask, what is the Syndicate at BRAC University?
Answer: The Syndicate, chaired by the Vice-Chancellor, supervises the university's academic and administrative functions.

Question: Can you tell me what BRAC University's official motto is?
Answer: BRAC University's official motto is 'Inspiring Excellence'.

Question (Banglish): BRAC University er Syndicate bolte thik ki bujhay?
Answer (English): The Syndicate, chaired by the Vice-Chancellor, supervises the university's academic and administrative functions.","The Syndicate, chaired by the Vice-Chancellor, supervises the university's academic and administrative functions.",open_ended,linear,0.5,False,True,True,False,False,True,,0.0196,0.0368,4.7838,4.8408,2026-07-28T08:16:35.382858+00:00,0.1287,1.0082
Q069,adaptive_novel,Can you tell me what the eligibility criteria for receiving financial aid are?,"BRAC University offers financial aid to students based on demonstrated financial need. Financial aid eligibility is reassessed regularly, and students may need to maintain satisfactory academic performance. Special consideration may be given to students from disadvantaged backgrounds or those facing extraordinary circumstances. The Financial Aid Office can provide more detailed information on the application process.","Question: Can you tell me what the eligibility criteria for receiving financial aid are?
Answer: BRAC University offers financial aid to students based on demonstrated financial need. Financial aid eligibility is reassessed regularly, and students may need to maintain satisfactory academic performance. Special consideration may be given to students from disadvantaged backgrounds or those facing extraordinary circumstances. The Financial Aid Office can provide more detailed information on the application process.

Question: Can you tell me what the requirements for maintaining financial aid eligibility are?
Answer: At BRAC University, students must maintain a minimum CGPA of 3.25, be enrolled full-time, meet satisfactory academic progress, follow the code of conduct, and sometimes demonstrate ongoing financial need to maintain financial aid eligibility.

Question: What are the eligibility criteria for receiving financial aid?
Answer: BRAC University offers financial aid to students based on demonstrated financial need. Financial aid eligibility is reassessed regularly, and students may need to maintain satisfactory academic performance. Special consideration may be given to students from disadvantaged backgrounds or those facing extraordinary circumstances. The Financial Aid Office can provide more detailed information on the application process.

Question: What are the requirements for maintaining financial aid eligibility?
Answer: At BRAC University, students must maintain a minimum CGPA of 3.25, be enrolled full-time, meet satisfactory academic progress, follow the code of conduct, and sometimes demonstrate ongoing financial need to maintain financial aid eligibility.

Question (Banglish): Financial aid pete eligibility criteria ki ki?
Answer (English): BRAC University offers financial aid to students based on demonstrated financial need. Financial aid eligibility is reassessed regularly, and students may need to maintain satisfactory academic performance. Special consideration may be given to students from disadvantaged backgrounds or those facing extraordinary circumstances. The Financial Aid Office can provide more detailed information on the application process.","BRAC University offers financial aid to students based on demonstrated financial need. Financial aid eligibility is reassessed regularly, and students may need to maintain satisfactory academic performance. Special consideration may be given to students from disadvantaged backgrounds or those facing extraordinary circumstances. The Financial Aid Office can provide more detailed information on the application process.",open_ended,linear,0.5,False,True,True,False,False,True,,0.0160,0.0204,8.8723,8.9095,2026-07-28T08:16:44.292890+00:00,0.0524,0.9750
Q070,adaptive_novel,For a friend who's asking — do I need to pay any fee to collect my degree certificate at Convocation?,"No, based on published notices, there is no fee to collect your certificate at the time of Convocation itself; fees apply if you request documents outside of that window.","Question: For a friend who's asking — do I need to pay any fee to collect my degree certificate at Convocation?
Answer: No, based on published notices, there is no fee to collect your certificate at the time of Convocation itself; fees apply if you request documents outside of that window.

Question: Do I need to pay any fee to collect my degree certificate at Convocation?
Answer: No, based on published notices, there is no fee to collect your certificate at the time of Convocation itself; fees apply if you request documents outside of that window.

Question (Banglish): Degree Processing Fee ta koto, ar er shathe aro ki ki fee ache?
Answer (English): Based on published fee notices, the Degree Processing Fee is around BDT 10,000, the Provisional Certificate fee is around BDT 1,000, and the Degree Completion Letter fee is around BDT 200; these can be combined depending on what a graduate applies for.

Question (Banglish): Gato bochor convocation e amar certificate nite parini. Er procedure ta ki?
Answer (English): If you missed collecting your certificate at last year's convocation, you can visit the Registrar's office on the fourth floor to collect it - bring your student ID card and any relevant payment slip.

Question: Random question, I couldn't take my certificate on my convocation last year. Whats the procedure?
Answer: If you missed collecting your certificate at last year's convocation, you can visit the Registrar's office on the fourth floor to collect it - bring your student ID card and any relevant payment slip.","No, based on published notices, there is no fee to collect your certificate at the time of Convocation itself; fees apply if you request documents outside of that window.",open_ended,linear,0.5,False,False,False,False,False,True,,0.0216,0.0335,6.1443,6.2010,2026-07-28T08:16:50.494057+00:00,0.1079,1.0675
Q071,adaptive_novel,"I'm an international student on the BRAC Scholarship with a 3.1 CGPA, but I need to retake a course I failed. Will my scholarship cover the retake fee?","No - tuition fee waivers and scholarships, including the BRAC Scholarship, are not applied to retake or repeat courses; you'd need to pay for the retake yourself. Separately, since you failed a course, you also won't be considered for the tuition fee waiver for the following two semesters even on your other coursework, regardless of your CGPA being above the 3.0 minimum.","Question: I'm an international student on the BRAC Scholarship with a 3.1 CGPA, but I need to retake a course I failed. Will my scholarship cover the retake fee?
Answer: No - tuition fee waivers and scholarships, including the BRAC Scholarship, are not applied to retake or repeat courses; you'd need to pay for the retake yourself. Separately, since you failed a course, you also won't be considered for the tuition fee waiver for the following two semesters even on your other coursework, regardless of your CGPA being above the 3.0 minimum.

Question: I'm on the Merit Scholarship and I failed one course this semester. Does that affect my scholarship the same way it would affect an international student's BRAC Scholarship?
Answer: Not necessarily the same way - the rules differ by scholarship. For the international BRAC Scholarship, failing a course makes you ineligible for the tuition fee waiver for the next two semesters. The Merit Scholarship (based on BRACU academic results) is instead tied to maintaining a specific CGPA each semester to keep the award active going forward - so a single failed course's impact would show up through its effect on your CGPA meeting that semester's required threshold, rather than through an automatic two-semester penalty like the BRAC Scholarship's rule.

Question (Banglish): International student der retake ba repeat kora course e ki tuition fee waiver cover kore?
Answer (English): No. Tuition fee waivers and scholarships are not applied to retake or repeat subjects - the student must pay for those separately at their own cost.

Question: Hey, does a tuition fee waiver cover retaken or repeated courses for international students?
Answer: No. Tuition fee waivers and scholarships are not applied to retake or repeat subjects - the student must pay for those separately at their own cost.

Question: Does a tuition fee waiver cover retaken or repeated courses for international students?
Answer: No. Tuition fee waivers and scholarships are not applied to retake or repeat subjects - the student must pay for those separately at their own cost.","No - tuition fee waivers and scholarships, including the BRAC Scholarship, are not applied to retake or repeat courses; you'd need to pay for the retake yourself. Separately, since you failed a course, you also won't be considered for the tuition fee waiver for the following two semesters even on your other coursework, regardless of your CGPA being above the 3.0 minimum.",open_ended,linear,0.5,False,False,False,False,False,True,,0.0264,0.0404,11.1664,11.2354,2026-07-28T08:17:01.729860+00:00,0.4373,1.0854
Q072,adaptive_novel,How is the Joint PhD program with SOAS structured over time?,"Students typically spend their first months building a literature review and research plan, aiming to upgrade from MPhil to PhD status within 9 months of starting. Year 2 is generally dedicated to field research, and Year 3 to analysis and writing up, with the final award being a Joint PhD from SOAS University of London and BRAC University.","Question: How is the Joint PhD program with SOAS structured over time?
Answer: Students typically spend their first months building a literature review and research plan, aiming to upgrade from MPhil to PhD status within 9 months of starting. Year 2 is generally dedicated to field research, and Year 3 to analysis and writing up, with the final award being a Joint PhD from SOAS University of London and BRAC University.

Question (Banglish): SOAS er shathe Joint PhD program shomoyer shathe kivabe structured?
Answer (English): Students typically spend their first months building a literature review and research plan, aiming to upgrade from MPhil to PhD status within 9 months of starting. Year 2 is generally dedicated to field research, and Year 3 to analysis and writing up, with the final award being a Joint PhD from SOAS University of London and BRAC University.

Question: Random question, does BRAC University offer a PhD program?
Answer: Yes, BRAC University offers a Joint PhD in the Political Economy of Development, run together with SOAS University of London, through BRAC University's research institute, the BRAC Institute of Governance and Development (BIGD).

Question (Banglish): BRAC University ki PhD program offer kore?
Answer (English): Yes, BRAC University offers a Joint PhD in the Political Economy of Development, run together with SOAS University of London, through BRAC University's research institute, the BRAC Institute of Governance and Development (BIGD).

Question: Kind of urgent, but how is the Master of Development Studies (MDS) program structured across its two years?
Answer: In the first year, MDS gives students a broad grounding in the core concepts, theories, and debates in development studies. In the second year, students specialize through elective courses in a specific area of development studies of their choice.","The Joint PhD program with SOAS is structured over time as follows: Students typically spend their first months building a literature review and research plan, aiming to upgrade from MPhil to PhD status within 9 months of starting. Year 2 is generally dedicated to field research, and Year 3 to analysis and writing up, with the final award being a Joint PhD from SOAS University of London and BRAC University.",open_ended,linear,0.5,False,False,False,False,False,True,,0.0182,0.0420,11.4452,11.5065,2026-07-28T08:17:13.237096+00:00,0.1511,1.0508
Q073,adaptive_novel,"My brother/sister is studying at BracU, how would I apply for Sibling Scholarship?","Tuition fee waiver is awarded to one of the siblings who will enroll later at Brac
University.

Supporting documents for applying for Sibling Scholarship:

a) Photocopy of National ID Cards/Passports of both the applicant and parents
b) Passport-size photos of both the siblings,
c) Photocopy of BracU Grade sheet of both the siblings,
d) Photocopy of BracU advising sheet of both the siblings,
e) Photocopy of Transcript of HSC & SSC/ A level & O level of both the siblings","Question: My brother/sister is studying at BracU, how would I apply for Sibling Scholarship?
Answer: Tuition fee waiver is awarded to one of the siblings who will enroll later at Brac
University.

Supporting documents for applying for Sibling Scholarship:

a) Photocopy of National ID Cards/Passports of both the applicant and parents
b) Passport-size photos of both the siblings,
c) Photocopy of BracU Grade sheet of both the siblings,
d) Photocopy of BracU advising sheet of both the siblings,
e) Photocopy of Transcript of HSC & SSC/ A level & O level of both the siblings

Question: How can I apply for the scholarship?
Answer: 1. Students who are eligible for Scholarship Based on Previous Academic Results / Sibling Scholarship / BRAC Scholarship / Physically Challenged Students / Children of Freedom Fighter / Debater’s Blue Scholarship / Children of Brac University Regular Confirmed Employee will have to apply for the first time through BracU prescribed form which is available at the Brac University website (https://www.bracu.ac.bd/admission/scholarships-financial-aid) and submit it to the International & Scholarship Office, Brac University or email the scan copy to: scholarship@bracu.ac.bd 

2. Those students who are eligible under Merit Scholarship Based on Brac University Academic Results and Scholarship Based on Brac University Admission Test Result are not required to apply as a scholarship will be awarded automatically. 

3. Those students who are already availing of scholarships/financial aid are not required to apply further. If they fulfill all the conditions of the scholarship, they will be awarded automatically. 

4. If the scholarship /financial aid of a student is discontinued for one or more than one semester, s/he needs to re-apply through BracU prescribed form after fulfilling the eligibility criteria.

Question (Banglish): Scholarship er jonno ami kivabe apply korbo?
Answer (English): 1. Students who are eligible for Scholarship Based on Previous Academic Results / Sibling Scholarship / BRAC Scholarship / Physically Challenged Students / Children of Freedom Fighter / Debater's Blue Scholarship / Children of Brac University Regular Confirmed Employee will have to apply for the first time through BracU prescribed form which is available at the Brac University website (https://www.bracu.ac.bd/admission/scholarships-financial-aid) and submit it to the International & Scholarship Office, Brac University or email the scan copy to: scholarship@bracu.ac.bd 

2. Those students who are eligible under Merit Scholarship Based on Brac University Academic Results and Scholarship Based on Brac University Admission Test Result are not required to apply as a scholarship will be awarded automatically. 

3. Those students who are already availing of scholarships/financial aid are not required to apply further. If they fulfill all the conditions of the scholarship, they will be awarded automatically. 

4. If the scholarship /financial aid of a student is discontinued for one or more than one semester, s/he needs to re-apply through BracU prescribed form after fulfilling the eligibility criteria.

Question: What steps do I need to follow to apply for the scholarship?
Answer: 1. Students who are eligible for Scholarship Based on Previous Academic Results / Sibling Scholarship / BRAC Scholarship / Physically Challenged Students / Children of Freedom Fighter / Debater’s Blue Scholarship / Children of Brac University Regular Confirmed Employee will have to apply for the first time through BracU prescribed form which is available at the Brac University website (https://www.bracu.ac.bd/admission/scholarships-financial-aid) and submit it to the International & Scholarship Office, Brac University or email the scan copy to: scholarship@bracu.ac.bd 

2. Those students who are eligible under Merit Scholarship Based on Brac University Academic Results and Scholarship Based on Brac University Admission Test Result are not required to apply as a scholarship will be awarded automatically. 

3. Those students who are already availing of scholarships/financial aid are not required to apply further. If they fulfill all the conditions of the scholarship, they will be awarded automatically. 

4. If the scholarship /financial aid of a student is discontinued for one or more than one semester, s/he needs to re-apply through BracU prescribed form after fulfilling the eligibility criteria.

Question (Banglish): Amar bhai/bon BracU te poreche, Sibling Scholarship er jonno ami kivabe apply korbo?
Answer (English): Tuition fee waiver is awarded to one of the siblings who will enroll later at Brac
University.

Supporting documents for applying for Sibling Scholarship:

a) Photocopy of National ID Cards/Passports of both the applicant and parents
b) Passport-size photos of both the siblings,
c) Photocopy of BracU Grade sheet of both the siblings,
d) Photocopy of BracU advising sheet of both the siblings,
e) Photocopy of Transcript of HSC & SSC/ A level & O level of both the siblings","To apply for the Sibling Scholarship, you will need to submit a BracU prescribed form available on the university's website (https://www.bracu.ac.bd/admission/scholarships-financial-aid) along with the required supporting documents. The International & Scholarship Office at Brac University or email the scan copy to scholarship@bracu.ac.bd.",open_ended,linear,0.5,False,False,False,False,False,True,,0.0241,0.1026,12.8079,12.9355,2026-07-28T08:17:26.173248+00:00,0.3924,1.0316
Q074,adaptive_novel,What is the first outbound timing for Route-02 (Mirpur-A)?,Route-02 (Mirpur-A): First trip departs at 2:05 PM.,"Question: What is the first outbound timing for Route-02 (Mirpur-A)?
Answer: Route-02 (Mirpur-A): First trip departs at 2:05 PM.

Question (Banglish): Route-02 (Mirpur-A) er first outbound timing ta ki?
Answer (English): Route-02 (Mirpur-A): First trip departs at 2:05 PM.

Question: What is the second outbound timing for Route-02 (Mirpur-A)?
Answer: Route-02 (Mirpur-A): Second trip departs at 5:10 PM.

Question: What is the first outbound timing for Route-02 (Mirpur-B)?
Answer: Route-02 (Mirpur-B): First trip departs at 2:05 PM.

Question: What is the second outbound timing for Route-02 (Mirpur-B)?
Answer: Route-02 (Mirpur-B): Second trip departs at 5:10 PM.",The first outbound timing for Route-02 (Mirpur-A) is 2:05 PM.,open_ended,linear,0.5,False,False,False,False,False,True,,0.0218,0.0325,4.7004,4.7555,2026-07-28T08:17:30.928963+00:00,0.0231,1.0548
Q075,adaptive_novel,Can you tell me what required for a student to apply for an internship is?,The student must apply to the Chairperson of the CSE Department and may suggest a company with a detailed profile for approval.,"Question: Can you tell me what required for a student to apply for an internship is?
Answer: The student must apply to the Chairperson of the CSE Department and may suggest a company with a detailed profile for approval.

Question: Can you tell me what the CGPA requirement for eligibility to start a project/internship is?
Answer: CGPA equal to or above 2.0.

Question: Can you tell me what the minimum credit requirement to start a thesis/project/internship is?
Answer: Students need a minimum of 75 completed credits to start a thesis, project, or internship.

Question: What is required for a student to apply for an internship?
Answer: The student must apply to the Chairperson of the CSE Department and may suggest a company with a detailed profile for approval.

Question: For a friend who's asking — what is the CGPA requirement for eligibility to start a project/internship?
Answer: CGPA equal to or above 2.0.",The requirements for a student to apply for an internship include applying to the Chairperson of the CSE Department and may suggest a company with a detailed profile for approval.,open_ended,linear,0.5,False,True,True,False,False,True,,0.0157,0.0180,5.8244,5.8591,2026-07-28T08:17:36.788596+00:00,0.1138,1.0008
Q076,adaptive_novel,Provide me the contact information of library staffs.,"You can contact Librarian at: librarian@bracu.ac.bd, hasina@bracu.ac.bd
Deputy Librarian: nasiruddin@bracu.ac.bd, murtoza@bracu.ac.bd","Question: Provide me the contact information of library staffs.
Answer: You can contact Librarian at: librarian@bracu.ac.bd, hasina@bracu.ac.bd
Deputy Librarian: nasiruddin@bracu.ac.bd, murtoza@bracu.ac.bd

Question: Can someone help — provide me the contact information of library staffs?
Answer: You can contact Librarian at: librarian@bracu.ac.bd, hasina@bracu.ac.bd
Deputy Librarian: nasiruddin@bracu.ac.bd, murtoza@bracu.ac.bd

Question: I wanted to ask, provide me the contact information of library staffs?
Answer: You can contact Librarian at: librarian@bracu.ac.bd, hasina@bracu.ac.bd
Deputy Librarian: nasiruddin@bracu.ac.bd, murtoza@bracu.ac.bd

Question: New student here, provide me the contact information of library staffs?
Answer: You can contact Librarian at: librarian@bracu.ac.bd, hasina@bracu.ac.bd
Deputy Librarian: nasiruddin@bracu.ac.bd, murtoza@bracu.ac.bd

Question: This might be a silly question, but provide me the contact information of library staffs?
Answer: You can contact Librarian at: librarian@bracu.ac.bd, hasina@bracu.ac.bd
Deputy Librarian: nasiruddin@bracu.ac.bd, murtoza@bracu.ac.bd","You can contact Librarian at: librarian@bracu.ac.bd, hasina@bracu.ac.bd
Deputy Librarian: nasiruddin@bracu.ac.bd, murtoza@bracu.ac.bd",open_ended,linear,0.5,False,True,True,False,False,True,,0.0156,0.0191,7.5572,7.5925,2026-07-28T08:17:44.381111+00:00,0.0299,0.9771
Q077,adaptive_novel,Consequence of not confirming advising during the Self-Registration period?,All selected courses will be automatically cancelled,"Question: Consequence of not confirming advising during the Self-Registration period?
Answer: All selected courses will be automatically cancelled

Question (Banglish): Self-Registration period e advising confirm na korle ki consequence hoy?
Answer (English): All selected courses will be automatically cancelled

Question: Just wondering, what happens if a student fails to confirm the Wishlist on time?
Answer: Student will not be considered a participant and cannot register in Pre-Registration Phase 1

Question (Banglish): Notun admitted student der jonno self-registration requirement ki?
Answer (English): Not required; registration will be done by respective departments.

Question: Self-registration requirement for newly admitted students ?
Answer: Not required; registration will be done by respective departments.",All selected courses will be automatically cancelled.,open_ended,linear,0.5,False,False,False,False,False,True,,0.0183,0.0167,3.5853,3.6215,2026-07-28T08:17:48.003213+00:00,0.2297,1.0419
Q078,adaptive_novel,"Not sure if this is covered elsewhere, but how early should students arrive at the exam hall?",Students should aim to arrive at the exam hall at least 15 to 30 minutes before the scheduled start time of their exam.,"Question: Not sure if this is covered elsewhere, but how early should students arrive at the exam hall?
Answer: Students should aim to arrive at the exam hall at least 15 to 30 minutes before the scheduled start time of their exam.

Question: Not sure if this is covered elsewhere, but how soon are make-up exams scheduled after the original exam date?
Answer: Students unable to appear in the final exams may sit for the final makeup exams on the dates decided by the department/school which be within 4 weeks of the following semester.

Question: Not sure if this is covered elsewhere, but student wants to retake CSE110 and also do CSE111. Is that allowed?
Answer: Allowed if there are no class/exam clashes

Question: Not sure if this is covered elsewhere, but where can i play indoor games at the university?
Answer: You can play indoor games at the Multipurpose Hall and in dedicated rooms on the 6th floor.

Course: CSE799B-01
Theory Initial: MNY
Theory Day: SAT+SAT
Theory Time: 2:00 PM+3:30 PM
Theory Room: 09A-03C",Students should aim to arrive at the exam hall at least 15 to 30 minutes before the scheduled start time of their exam.,open_ended,linear,0.5,False,True,True,False,False,True,,0.0223,0.0116,5.1817,5.2160,2026-07-28T08:17:53.219301+00:00,0.1516,0.6500
Q079,adaptive_novel,What steps do I need to follow to access the Prayer Room for females?,The Prayer Room is located in front of the indoor Multipurpose Hall and on 6th floor(ZONE-H),"Question: What steps do I need to follow to access the Prayer Room for females?
Answer: The Prayer Room is located in front of the indoor Multipurpose Hall and on 6th floor(ZONE-H)

Question: How can I access the Prayer Room for females?
Answer: The Prayer Room is located in front of the indoor Multipurpose Hall and on 6th floor(ZONE-H)

Question (Banglish): 1st Floor e male ar female washroom ami kothay pabo?
Answer (English): Beside the lift lobby(2nd escalator)

Question (Banglish): Male prayer room ta kothay?
Answer (English): The male prayer room is on the 6th floor (ZONE-H).

Question (Banglish): Female der Prayer Room ami kivabe access korbo?
Answer (English): The Prayer Room is located in front of the indoor Multipurpose Hall and on 6th floor(ZONE-H)","To access the Prayer Room for females, you need to locate it in two places: in front of the indoor Multipurpose Hall and also on the 6th floor (ZONE-H).",open_ended,linear,0.5,False,False,False,False,False,True,,0.0174,0.0151,6.3632,6.3967,2026-07-28T08:17:59.616558+00:00,0.2268,1.0902
Q080,adaptive_novel,"What platform is buX built on, and when was it launched?","BuX is BRAC University's online learning platform, built on the same open-source platform originally developed by MIT and Harvard (Open edX). It was launched in 2020 in response to the shift to online learning during the COVID-19 pandemic.","Question: What platform is buX built on, and when was it launched?
Answer: BuX is BRAC University's online learning platform, built on the same open-source platform originally developed by MIT and Harvard (Open edX). It was launched in 2020 in response to the shift to online learning during the COVID-19 pandemic.

Question: Random question, what platform is buX built on, and when was it launched?
Answer: BuX is BRAC University's online learning platform, built on the same open-source platform originally developed by MIT and Harvard (Open edX). It was launched in 2020 in response to the shift to online learning during the COVID-19 pandemic.

Question: New student here, what platform is buX built on, and when was it launched?
Answer: BuX is BRAC University's online learning platform, built on the same open-source platform originally developed by MIT and Harvard (Open edX). It was launched in 2020 in response to the shift to online learning during the COVID-19 pandemic.

Question: Sorry if this was already answered, but what platform is buX built on, and when was it launched?
Answer: BuX is BRAC University's online learning platform, built on the same open-source platform originally developed by MIT and Harvard (Open edX). It was launched in 2020 in response to the shift to online learning during the COVID-19 pandemic.

Question (Banglish): buX kon platform e toiri, ar eta kobe launch hoyechilo?
Answer (English): BuX is BRAC University's online learning platform, built on the same open-source platform originally developed by MIT and Harvard (Open edX). It was launched in 2020 in response to the shift to online learning during the COVID-19 pandemic.","BuX is BRAC University's online learning platform, built on the same open-source platform originally developed by MIT and Harvard (Open edX). It was launched in 2020 in response to the shift to online learning during the COVID-19 pandemic.",open_ended,linear,0.5,False,False,False,False,False,True,,0.0196,0.0218,7.8289,7.8709,2026-07-28T08:18:07.488205+00:00,0.0030,1.0451
Q081,adaptive_novel,What is BRAC Scholarship?,"BRAC Scholarship is for economically disadvantaged students.

Eligibility criteria and other requirements:

1. Parents’ monthly income - not more than Tk. 20,000. 

2. Students must have a GPA of 4.50 (without 4th subject) in SSC and HSC from Science, Arts & Commerce Group.","Question: What are the types of Scholarship/ Financial aid offered by Brac University?
Answer: 1. Scholarship Based on Previous Academic Results 

2. Merit Scholarship based on BracU Academic Results 

3. Scholarship Based on Brac University Admission Test Result

4. Sibling Scholarship

5. Spouse Scholarship

6. BRAC Scholarship

7. Physically Challenged Students

8. Children of Freedom Fighter

9. Debater’s Blue Scholarship

10. Children of BracU Regular Confirmed Employee

For detailed information: https://www.bracu.ac.bd/admission/scholarships-financial-aid

Question: Which Scholarships are available for International Students?
Answer: Merit Scholarship Based on BracU Academic Results and BRAC Scholarship (A Needs Based Scholarship) are available for the International students.

Question (Banglish): BRAC University je Scholarship/Financial aid dey, segula ki ki type er?
Answer (English): 1. Scholarship Based on Previous Academic Results 

2. Merit Scholarship based on BracU Academic Results 

3. Scholarship Based on Brac University Admission Test Result

4. Sibling Scholarship

5. Spouse Scholarship

6. BRAC Scholarship

7. Physically Challenged Students

8. Children of Freedom Fighter

9. Debater's Blue Scholarship

10. Children of BracU Regular Confirmed Employee

For detailed information: https://www.bracu.ac.bd/admission/scholarships-financial-aid

Question: Can you tell me what the types of Scholarship/ Financial aid offered by Brac University are?
Answer: 1. Scholarship Based on Previous Academic Results 

2. Merit Scholarship based on BracU Academic Results 

3. Scholarship Based on Brac University Admission Test Result

4. Sibling Scholarship

5. Spouse Scholarship

6. BRAC Scholarship

7. Physically Challenged Students

8. Children of Freedom Fighter

9. Debater’s Blue Scholarship

10. Children of BracU Regular Confirmed Employee

For detailed information: https://www.bracu.ac.bd/admission/scholarships-financial-aid

Question: How can I apply for the scholarship?
Answer: 1. Students who are eligible for Scholarship Based on Previous Academic Results / Sibling Scholarship / BRAC Scholarship / Physically Challenged Students / Children of Freedom Fighter / Debater’s Blue Scholarship / Children of Brac University Regular Confirmed Employee will have to apply for the first time through BracU prescribed form which is available at the Brac University website (https://www.bracu.ac.bd/admission/scholarships-financial-aid) and submit it to the International & Scholarship Office, Brac University or email the scan copy to: scholarship@bracu.ac.bd 

2. Those students who are eligible under Merit Scholarship Based on Brac University Academic Results and Scholarship Based on Brac University Admission Test Result are not required to apply as a scholarship will be awarded automatically. 

3. Those students who are already availing of scholarships/financial aid are not required to apply further. If they fulfill all the conditions of the scholarship, they will be awarded automatically. 

4. If the scholarship /financial aid of a student is discontinued for one or more than one semester, s/he needs to re-apply through BracU prescribed form after fulfilling the eligibility criteria.",I don't have reliable information retrieved for this question. Please check with your academic advisor or BRAC University's official resources rather than relying on a guess here.,open_ended,linear,0.5,True,True,False,False,False,False,,0.0144,0.0728,0.0000,0.0878,2026-07-28T08:18:07.575327+00:00,0.2434,0.8272
Q082,adaptive_novel,What was BRAC University's student system called before it became 'Connect'?,"Before the current 'Connect' Student Lifecycle Management System, students used a system called USIS (University Student Information System) for functions like registration, pay slips, and academic records.","Question: What was BRAC University's student system called before it became 'Connect'?
Answer: Before the current 'Connect' Student Lifecycle Management System, students used a system called USIS (University Student Information System) for functions like registration, pay slips, and academic records.

Question: Hi, what was BRAC University's student system called before it became 'Connect'?
Answer: Before the current 'Connect' Student Lifecycle Management System, students used a system called USIS (University Student Information System) for functions like registration, pay slips, and academic records.

Question: Just wondering, what was BRAC University's student system called before it became 'Connect'?
Answer: Before the current 'Connect' Student Lifecycle Management System, students used a system called USIS (University Student Information System) for functions like registration, pay slips, and academic records.

Question: Can you tell me what BRAC University's student system called before it became 'Connect' was?
Answer: Before the current 'Connect' Student Lifecycle Management System, students used a system called USIS (University Student Information System) for functions like registration, pay slips, and academic records.

Question: What is Connect?
Answer: Connect, BRAC University's student life cycle management system (previously known as USIS), is the gateway for students, faculty, and staff to access course registration, grade tracking, billing information, and more. You can log in at https://connect.bracu.ac.bd/ using your official BRACU email credentials.","Before the current 'Connect' Student Lifecycle Management System, students used a system called USIS (University Student Information System) for functions like registration, pay slips, and academic records.",open_ended,linear,0.5,False,False,False,False,False,True,,0.0164,0.0289,6.2513,6.2976,2026-07-28T08:18:13.874107+00:00,0.0017,1.0541
Q083,adaptive_novel,How long does the Early Childhood Development (ECD) program take to complete?,"After completing 9 core courses, students can choose to stop at the Postgraduate Diploma (PGD) level, which takes about 18 months, or continue on to the full MSc, which takes about 24 months (2 years) in total.","Question: How long does the Early Childhood Development (ECD) program take to complete?
Answer: After completing 9 core courses, students can choose to stop at the Postgraduate Diploma (PGD) level, which takes about 18 months, or continue on to the full MSc, which takes about 24 months (2 years) in total.

Question (Banglish): Early Childhood Development (ECD) program complete korte koto shomoy lage?
Answer (English): After completing 9 core courses, students can choose to stop at the Postgraduate Diploma (PGD) level, which takes about 18 months, or continue on to the full MSc, which takes about 24 months (2 years) in total.

Question (Banglish): BRAC IED ki ki degree program chalay?
Answer (English): BRAC IED runs a Master of Science / Postgraduate Diploma (MSc/PGD) in Early Childhood Development and a Master of Education / Postgraduate Diploma (M.Ed/PGD) in Educational Leadership and School Improvement.

Question: I wanted to ask, how long does the Bachelor of Architecture program typically take to complete?
Answer: The Bachelor of Architecture requires 207 credits total. With a typical load of around 15 credits per semester, the program is recommended to take about 5 years (15 semesters) to complete, though students may take up to 21 credits per semester depending on academic standing and advisor approval.

Question: How long does the Bachelor of Architecture program typically take to complete?
Answer: The Bachelor of Architecture requires 207 credits total. With a typical load of around 15 credits per semester, the program is recommended to take about 5 years (15 semesters) to complete, though students may take up to 21 credits per semester depending on academic standing and advisor approval.","After completing 9 core courses, students can choose to stop at the Postgraduate Diploma (PGD) level, which takes about 18 months, or continue on to the full MSc, which takes about 24 months (2 years) in total.",open_ended,linear,0.5,False,False,False,False,False,True,,0.0224,0.0233,8.1004,8.1472,2026-07-28T08:18:22.022074+00:00,0.2022,1.0517
Q084,adaptive_novel,"Just wondering, what types of general education courses are required for all undergraduate students at BRAC University?","Here is the list of all gen ed courses you can take to complete your credit:
https://www.bracu.ac.bd/academics/institutes-and-schools/school-general-education/streams-and-courses. But all the courses won't be available at every semester so please check USIS to make sure your prefered courses are available or not.","Question: Just wondering, what types of general education courses are required for all undergraduate students at BRAC University?
Answer: Here is the list of all gen ed courses you can take to complete your credit:
https://www.bracu.ac.bd/academics/institutes-and-schools/school-general-education/streams-and-courses. But all the courses won't be available at every semester so please check USIS to make sure your prefered courses are available or not.

Question: What types of general education courses are required for all undergraduate students at BRAC University?
Answer: Here is the list of all gen ed courses you can take to complete your credit:
https://www.bracu.ac.bd/academics/institutes-and-schools/school-general-education/streams-and-courses. But all the courses won't be available at every semester so please check USIS to make sure your prefered courses are available or not.

Question (Banglish): Protita student ke General Education (GenEd) course er koto credit-hour complete korte hoy?
Answer (English): Every undergraduate student, regardless of major, must complete 42 credit-hours (14 courses) of General Education courses, generally within the first two years of study, spanning Humanities, Social Sciences, Law, Mathematics, Sciences, Technology and Architecture.

Question: What is the School of General Education at BRAC University?
Answer: The School of General Education (SGED) provides the common foundational education (GenEd courses) that every student takes before focusing on their major/minor coursework, spanning subjects across Humanities, Social Sciences, Mathematics, and Sciences.

Question: Can you tell me what the School of General Education at BRAC University is?
Answer: The School of General Education (SGED) provides the common foundational education (GenEd courses) that every student takes before focusing on their major/minor coursework, spanning subjects across Humanities, Social Sciences, Mathematics, and Sciences.","Every undergraduate student, regardless of major, must complete 42 credit-hours (14 courses) of General Education courses, generally within the first two years of study, spanning Humanities, Social Sciences, Law, Mathematics, Sciences, Technology and Architecture.",open_ended,linear,0.5,False,False,False,False,False,True,,0.0230,0.0392,7.7324,7.7969,2026-07-28T08:18:29.819152+00:00,0.0629,1.0540
Q085,adaptive_novel,Does BRAC University offer any short professional certificate courses outside its degree programs?,"Yes. For example, BRAC University partnered with Swisscontact Bangladesh to launch a Professional Certificate Course on Environmental, Social and Governance (ESG), aimed at industry professionals - its first batch began in February 2026, aimed particularly at export-oriented sectors like ready-made garments.","Question: Does BRAC University offer any short professional certificate courses outside its degree programs?
Answer: Yes. For example, BRAC University partnered with Swisscontact Bangladesh to launch a Professional Certificate Course on Environmental, Social and Governance (ESG), aimed at industry professionals - its first batch began in February 2026, aimed particularly at export-oriented sectors like ready-made garments.

Question: What kinds of Postgraduate Certificate and Diploma courses does BRAC University offer?
Answer: Examples include the Postgraduate Certificate in Construction Management (CCM), described as the first program of its kind in Bangladesh, aimed at graduates in Architecture, Engineering, Management or related fields, with candidates required to pass an interview as part of admission.

Question: Does BRAC University offer any online courses?
Answer: We do not offer online courses or degree programs.

Question (Banglish): BRAC University ki degree program er baire kono short professional certificate course offer kore?
Answer (English): Yes. For example, BRAC University partnered with Swisscontact Bangladesh to launch a Professional Certificate Course on Environmental, Social and Governance (ESG), aimed at industry professionals - its first batch began in February 2026, aimed particularly at export-oriented sectors like ready-made garments.

Question: I looked around the site but couldn't find it — what kinds of Postgraduate Certificate and Diploma courses does BRAC University offer?
Answer: Examples include the Postgraduate Certificate in Construction Management (CCM), described as the first program of its kind in Bangladesh, aimed at graduates in Architecture, Engineering, Management or related fields, with candidates required to pass an interview as part of admission.","Yes. For example, BRAC University partnered with Swisscontact Bangladesh to launch a Professional Certificate Course on Environmental, Social and Governance (ESG), aimed at industry professionals - its first batch began in February 2026, aimed particularly at export-oriented sectors like ready-made garments.",open_ended,linear,0.5,False,False,False,False,False,True,,0.0275,0.0294,8.3764,8.4346,2026-07-28T08:18:38.254446+00:00,0.2237,1.0700
Q086,adaptive_novel,Who handles student discipline and safety issues on campus?,"The Office of the Proctor handles student discipline and campus safety matters. It can be reached at proctor@bracu.ac.bd or by phone, and is open 9:00 AM to 5:30 PM.","Question: Who handles student discipline and safety issues on campus?
Answer: The Office of the Proctor handles student discipline and campus safety matters. It can be reached at proctor@bracu.ac.bd or by phone, and is open 9:00 AM to 5:30 PM.

Question (Banglish): Campus e student discipline ar safety issue ke handle kore?
Answer (English): The Office of the Proctor handles student discipline and campus safety matters. It can be reached at proctor@bracu.ac.bd or by phone, and is open 9:00 AM to 5:30 PM.

Question: What exactly does the Office of the Proctor handle at BRAC University?
Answer: The Office of the Proctor is responsible for student discipline and campus safety, acting as an intermediary for complaints about harassment, bullying, or intimidation involving anyone affiliated with BRACU - students, faculty, staff, or security personnel.

Question: Hi, what exactly does the Office of the Proctor handle at BRAC University?
Answer: The Office of the Proctor is responsible for student discipline and campus safety, acting as an intermediary for complaints about harassment, bullying, or intimidation involving anyone affiliated with BRACU - students, faculty, staff, or security personnel.

Question: Kind of urgent, but what exactly does the Office of the Proctor handle at BRAC University?
Answer: The Office of the Proctor is responsible for student discipline and campus safety, acting as an intermediary for complaints about harassment, bullying, or intimidation involving anyone affiliated with BRACU - students, faculty, staff, or security personnel.","The Office of the Proctor handles student discipline and campus safety matters. It can be reached at proctor@bracu.ac.bd or by phone, and is open 9:00 AM to 5:30 PM.",open_ended,linear,0.5,False,True,True,False,False,True,,0.0208,0.0290,7.3716,7.4223,2026-07-28T08:18:45.676802+00:00,0.1875,1.0116
Q087,adaptive_novel,Before I forget to ask — what are the consequences of violating TARC rules and regulations?,"Violating rules and regulations can get one ousted from tarc.Eventually on severe violation the authority will call their parents and send them home.On minor violation,students are given warning.Also after 3 warnings if they cannot bring changes in themselves their tarc will also be cancelled","Question: Before I forget to ask — what are the consequences of violating TARC rules and regulations?
Answer: Violating rules and regulations can get one ousted from tarc.Eventually on severe violation the authority will call their parents and send them home.On minor violation,students are given warning.Also after 3 warnings if they cannot bring changes in themselves their tarc will also be cancelled

Question: Before I forget to ask — how to cancel Tarc?
Answer: Valid reasons with all necessary information have to be submitted in the register office and also the signature of VC is necessary

Question: Just wondering, what are the consequences of violating TARC rules and regulations?
Answer: Violating rules and regulations can get one ousted from tarc.Eventually on severe violation the authority will call their parents and send them home.On minor violation,students are given warning.Also after 3 warnings if they cannot bring changes in themselves their tarc will also be cancelled

Question (Banglish): TARC cancel korte hole thik kon proshes follow korte hobe?
Answer (English): Valid reasons with all necessary information have to be submitted in the register office and also the signature of VC is necessary

Question (Banglish): TARC er rules bhanle ki consequence hoy?
Answer (English): Violating rules and regulations can get one ousted from tarc.Eventually on severe violation the authority will call their parents and send them home.On minor violation,students are given warning.Also after 3 warnings if they cannot bring changes in themselves their tarc will also be cancelled","Violating rules and regulations can get one ousted from tarc. Eventually on severe violation the authority will call their parents and send them home. On minor violation, students are given warning. Also after 3 warnings if they cannot bring changes in themselves their tarc will also be cancelled.",open_ended,linear,0.5,False,False,False,False,False,True,,0.0179,0.0256,8.5595,8.6044,2026-07-28T08:18:54.281768+00:00,0.0998,1.0628
Q088,adaptive_novel,Where can I find the official student payment manual?,"BRAC University publishes a 'Payment Manual for Students' PDF, linked from the Tuition and Fees page, which explains the accepted payment methods and installment options in detail.","Question: Where can I find the official student payment manual?
Answer: BRAC University publishes a 'Payment Manual for Students' PDF, linked from the Tuition and Fees page, which explains the accepted payment methods and installment options in detail.

Question: One thing I couldn't find anywhere: where can I find the official student payment manual?
Answer: BRAC University publishes a 'Payment Manual for Students' PDF, linked from the Tuition and Fees page, which explains the accepted payment methods and installment options in detail.

Question (Banglish): Tuition fee pay korar way gula ki ki?
Answer (English): BRAC University Payment Manual for Students

Link: https://www.bracu.ac.bd/brac-university-payment-manual-students

USIS Payslip: 

Students can log in to the USIS Link: https://usis.bracu.ac.bd/academia/ to download and print their USIS pay slip, and make payment in any branch of BRAC Bank/ Southeast Bank/ ONE Bank/ Dhaka Bank/ Prime Bank (except agent banking) with their printed USIS pay slip. Confirmation will be done automatically. Students do not have to submit the pay slip physically at Brac University.

 

BRAC Bank Internet Banking:

If a student or his/her guardian has an account with BRAC Bank, they can make payment through BRAC Bank online transactions. BRAC Bank online portal has the option to pay to BRAC University. Once the payment has been made, the confirmation will be done automatically. BRAC Bank online link: https://astha.bracbank.com/ib-retail-web/tenant/index 

 

Payment Gateway (for debit or credit card / bank transfer / mobile banking):

Students can log in to the USIS Link: https://usis.bracu.ac.bd/academia/ and look for the pay slip and select ""Proceed to payment"" and then ""Pay Now"" button at the bottom of the pay slip to make online payment through authorized payment gateway with debit or credit card / bank transfer / mobile banking (bKash, Rocket, Nagad, etc.). Students will get payment confirmation ONLY if authorized payment gateway is used with debit or credit card/ bank transfer/ mobile banking. Please refer to USIS pay slip for applicable convenience fee on payment gateway.

Please note that BFTN / EFT/ manual pay slip payment is NOT acceptable.

Question (Banglish): Official student payment manual ami kothay pabo?
Answer (English): BRAC University publishes a 'Payment Manual for Students' PDF, linked from the Tuition and Fees page, which explains the accepted payment methods and installment options in detail.

Question: Just wondering, how to collect payment clearance from Finance and Accounts department for Provisional Certificate, Convocation and other document request form?
Answer: Students can collect their document request forms from the designated department.

The student has to pay the mentioned amount for their desired document. Payment for documents can be made through prescribed manual payslip at BRAC Bank (any branch) and IFIC Bank (Mohakhali branch).

To collect payment clearance from the Finance and Accounts Department, the student has to bring his payment slip and all duly filled forms with them.","BRAC University publishes a 'Payment Manual for Students' PDF, linked from the Tuition and Fees page, which explains the accepted payment methods and installment options in detail.",open_ended,linear,0.5,False,False,False,False,False,True,,0.0203,0.1315,6.8198,6.9727,2026-07-28T08:19:01.257048+00:00,0.0140,1.0411
Q089,adaptive_novel,What are the pickup times for Route-03 (Jigatola)?,"Route-03 (Jigatola): 1st Trip: 6:30 AM, 2nd Trip: 8:45 AM.","Question: What are the pickup times for Route-03 (Jigatola)?
Answer: Route-03 (Jigatola): 1st Trip: 6:30 AM, 2nd Trip: 8:45 AM.

Question (Banglish): Route-03 (Jigatola) er pickup time gula ki?
Answer (English): Route-03 (Jigatola): 1st Trip: 6:30 AM, 2nd Trip: 8:45 AM.

Question: What are the pickup times for Route-02 (Mirpur-A)?
Answer: 1st Trip: 6:30 AM, 2nd Trip: 8:40 AM.

Question: What are the pickup times for Route-05 (Jatrabari)?
Answer: Route-05 (Jatrabari): 1st Trip: 6:30 AM, 2nd Trip: 8:45 AM.

Question: What are the pickup times for Route-02 (Mirpur-B)?
Answer: 1st Trip: 6:45 AM, 2nd Trip: 9:00 AM.",The pickup times for Route-03 (Jigatola) are 1st Trip: 6:30 AM and 2nd Trip: 8:45 AM.,open_ended,linear,0.5,False,False,False,False,False,True,,0.0195,0.0195,6.2596,6.2992,2026-07-28T08:19:07.556558+00:00,0.1534,1.0608
Q090,adaptive_novel,"I wanted to ask, how many credit hours must a scholarship-holding international student take each semester?","Students on scholarship or financial aid are generally required to take a minimum of 9 credit hours in all semesters (applicable from Summer 2023 admits onward), except for approved reduced course loads such as in the first semester.","Question: I wanted to ask, how many credit hours must a scholarship-holding international student take each semester?
Answer: Students on scholarship or financial aid are generally required to take a minimum of 9 credit hours in all semesters (applicable from Summer 2023 admits onward), except for approved reduced course loads such as in the first semester.

Question: Before I forget to ask — how many credit hours must a scholarship-holding international student take each semester?
Answer: Students on scholarship or financial aid are generally required to take a minimum of 9 credit hours in all semesters (applicable from Summer 2023 admits onward), except for approved reduced course loads such as in the first semester.

Question: How many credit hours must a scholarship-holding international student take each semester?
Answer: Students on scholarship or financial aid are generally required to take a minimum of 9 credit hours in all semesters (applicable from Summer 2023 admits onward), except for approved reduced course loads such as in the first semester.

Question: Random question, how many credit hours must a scholarship-holding international student take each semester?
Answer: Students on scholarship or financial aid are generally required to take a minimum of 9 credit hours in all semesters (applicable from Summer 2023 admits onward), except for approved reduced course loads such as in the first semester.

Question: Do you know how many credit hours must a scholarship-holding international student take each semester?
Answer: Students on scholarship or financial aid are generally required to take a minimum of 9 credit hours in all semesters (applicable from Summer 2023 admits onward), except for approved reduced course loads such as in the first semester.","Students on scholarship or financial aid are generally required to take a minimum of 9 credit hours in all semesters (applicable from Summer 2023 admits onward), except for approved reduced course loads such as in the first semester.",open_ended,linear,0.5,False,False,False,False,False,True,,0.0257,0.0324,7.2428,7.3022,2026-07-28T08:19:14.859361+00:00,0.0571,1.0693
Q091,adaptive_novel,One thing I couldn't find anywhere: can I renew a book I have borrowed from the library?,"Yes, an item can be renewed if no other user has placed a hold on it. Renewal can be done through the online catalogue (OPAC) or by contacting the circulation desk.","Question: One thing I couldn't find anywhere: can I renew a book I have borrowed from the library?
Answer: Yes, an item can be renewed if no other user has placed a hold on it. Renewal can be done through the online catalogue (OPAC) or by contacting the circulation desk.

Question: Can I renew a book I have borrowed from the library?
Answer: Yes, an item can be renewed if no other user has placed a hold on it. Renewal can be done through the online catalogue (OPAC) or by contacting the circulation desk.

Question: No idea if this is written down anywhere — can I renew a book I have borrowed from the library?
Answer: Yes, an item can be renewed if no other user has placed a hold on it. Renewal can be done through the online catalogue (OPAC) or by contacting the circulation desk.

Question: Before I forget to ask — can I renew a book I have borrowed from the library?
Answer: Yes, an item can be renewed if no other user has placed a hold on it. Renewal can be done through the online catalogue (OPAC) or by contacting the circulation desk.

Question (Banglish): Library theke neya book ami ki renew korte parbo?
Answer (English): Yes, an item can be renewed if no other user has placed a hold on it. Renewal can be done through the online catalogue (OPAC) or by contacting the circulation desk.","Yes, an item can be renewed if no other user has placed a hold on it. Renewal can be done through the online catalogue (OPAC) or by contacting the circulation desk.",open_ended,linear,0.5,False,True,True,False,False,True,,0.0207,0.0232,6.6649,6.7099,2026-07-28T08:19:21.569397+00:00,0.1347,1.0209
Q092,adaptive_novel,"I wanted to ask, is there an application fee, How much is it?","Admission Application Fee Tk. 1,500/- Non-Refundable [Through Bkash, Rocket, Nagod, Visa cards, Dhaka Bank Ltd., One Bank Ltd., Southeast Bank Ltd., Brac Bank Ltd. And Prime Bank Ltd]","Question: I wanted to ask, is there an application fee, How much is it?
Answer: Admission Application Fee Tk. 1,500/- Non-Refundable [Through Bkash, Rocket, Nagod, Visa cards, Dhaka Bank Ltd., One Bank Ltd., Southeast Bank Ltd., Brac Bank Ltd. And Prime Bank Ltd]

Question: Is there an application fee? How much is it?
Answer: Admission Application Fee Tk. 1,500/- Non-Refundable [Through Bkash, Rocket, Nagod, Visa cards, Dhaka Bank Ltd., One Bank Ltd., Southeast Bank Ltd., Brac Bank Ltd. And Prime Bank Ltd]

Question (Banglish): Admission er jonno application korte gele fee hisebe koto taka lagbe?
Answer (English): Local Applicants need to pay the non-refundable application fee Tk. 1500. For international applicants, the non-refundable application fee is US$ 20.

Question: Before I forget to ask — how much it will cost for accomodation, food and transportation fee for international students?
Answer: Approximately US$ 400 per month will be charged for accommodation and food.

Question: One thing I couldn't find anywhere: how much is the admission application fee?
Answer: Local Applicants need to pay the non-refundable application fee Tk. 1500. For international applicants, the non-refundable application fee is US$ 20.","The admission application fee is Tk. 1,500/- Non-Refundable [Through Bkash, Rocket, Nagod, Visa cards, Dhaka Bank Ltd., One Bank Ltd., Southeast Bank Ltd., Brac Bank Ltd. And Prime Bank Ltd].",open_ended,linear,0.5,False,True,True,False,False,True,,0.0179,0.0233,8.2528,8.2949,2026-07-28T08:19:29.865811+00:00,0.1792,1.0271
Q093,adaptive_novel,What should a course teacher do if a student misses the final exam for a valid reason?,"If a student misses the final exam for a documented valid reason (such as a medical emergency), the course teacher can arrange a make-up exam, and if course requirements genuinely can't be completed in time, an 'Incomplete' (I) grade with a defined completion deadline (up to 8 weeks after the final exam) may be assigned instead.","Question: What should a course teacher do if a student misses the final exam for a valid reason?
Answer: If a student misses the final exam for a documented valid reason (such as a medical emergency), the course teacher can arrange a make-up exam, and if course requirements genuinely can't be completed in time, an 'Incomplete' (I) grade with a defined completion deadline (up to 8 weeks after the final exam) may be assigned instead.

Question: Random question, what should a course teacher do if a student misses the final exam for a valid reason?
Answer: If a student misses the final exam for a documented valid reason (such as a medical emergency), the course teacher can arrange a make-up exam, and if course requirements genuinely can't be completed in time, an 'Incomplete' (I) grade with a defined completion deadline (up to 8 weeks after the final exam) may be assigned instead.

Question: This might be a silly question, but what should a course teacher do if a student misses the final exam for a valid reason?
Answer: If a student misses the final exam for a documented valid reason (such as a medical emergency), the course teacher can arrange a make-up exam, and if course requirements genuinely can't be completed in time, an 'Incomplete' (I) grade with a defined completion deadline (up to 8 weeks after the final exam) may be assigned instead.

Question: What should I do if I miss my mid/final?
Answer: You should inform your course instructor as soon as possible with a valid reason (such as medical emergencies). In some cases, you may need to provide documentation like medical certificates to appeal.

Question: Random question, what should I do if I miss my mid/final?
Answer: You should inform your course instructor as soon as possible with a valid reason (such as medical emergencies). In some cases, you may need to provide documentation like medical certificates to appeal.","If a student misses the final exam for a documented valid reason (such as a medical emergency), the course teacher can arrange a make-up exam, and if course requirements genuinely can't be completed in time, an 'Incomplete' (I) grade with a defined completion deadline (up to 8 weeks after the final exam) may be assigned instead.",open_ended,linear,0.5,False,False,False,False,False,True,,0.0231,0.0466,10.1601,10.2314,2026-07-28T08:19:40.097853+00:00,0.0056,1.0383
Q094,adaptive_novel,Does ENH offer a minor for students outside the department?,"Yes, ENH offers a Minor in History, open to students from any department, letting them take history courses to help contextualize their main field of study.","Question: Does ENH offer a minor for students outside the department?
Answer: Yes, ENH offers a Minor in History, open to students from any department, letting them take history courses to help contextualize their main field of study.

Question (Banglish): ENH ki department er baire student der jonno minor offer kore?
Answer (English): Yes, ENH offers a Minor in History, open to students from any department, letting them take history courses to help contextualize their main field of study.

Question: New student here, can students minor in Physics, Mathematics, Biotechnology, or Microbiology even if it's not their major?
Answer: Yes, BRAC University offers formal Minor programs in Physics, Mathematics, Biotechnology, and Microbiology, each with a specific set of required courses, open to students from other majors who meet the prerequisites.

Question (Banglish): BBA student ra ki business school er baire minor choose korte pare?
Answer (English): Yes. Students may graduate without a minor by taking any three 300/400-level BRACU courses, or they may choose a minor from another school/department; credit requirements for an outside-department minor can differ and should be confirmed with that department in advance.

Question (Banglish): Major department na hole o student ra ki EEE te minor korte pare?
Answer (English): Yes, BRAC University offers a Minor in EEE with its own defined set of required courses and prerequisites (such as Electrical Circuits I & II and Electronic Circuits I & II), open to students from other departments who meet the prerequisites.","Yes, ENH offers a Minor in History, open to students from any department, letting them take history courses to help contextualize their main field of study.",open_ended,linear,0.5,False,True,True,False,False,True,,0.0171,0.0357,5.9231,5.9765,2026-07-28T08:19:46.074680+00:00,0.1867,1.0227
Q095,adaptive_novel,"Kind of urgent, but what should I do if I can’t log in to a lab PC?","If you've changed your password and can’t remember it, contact IT support at itsupport@bracu.ac.bd.","Question: Kind of urgent, but what should I do if I can’t log in to a lab PC?
Answer: If you've changed your password and can’t remember it, contact IT support at itsupport@bracu.ac.bd.

Question: Kind of urgent, but how do I log in to the BRAC University lab PCs?
Answer: To log in to the BRAC University lab PCs, use your university-provided credentials. Typically, your student ID is your username, and the default password is provided by the IT department during orientation.

Question: What should I do if I can’t log in to a lab PC?
Answer: If you've changed your password and can’t remember it, contact IT support at itsupport@bracu.ac.bd.

Question: This might be a silly question, but what should I do if I can’t log in to a lab PC?
Answer: If you've changed your password and can’t remember it, contact IT support at itsupport@bracu.ac.bd.

Question (Banglish): BRAC University lab PC theke ami kivabe log out korbo?
Answer (English): To log out of a lab PC, click the Start Menu, select your profile icon, and click Sign Out.","If you can't log in to a lab PC, contact IT support at itsupport@bracu.ac.bd.",open_ended,linear,0.5,False,False,False,False,False,True,,0.0156,0.0185,5.0849,5.1202,2026-07-28T08:19:51.195444+00:00,0.2273,1.0744
Q096,adaptive_novel,"Are journals, magazines and reference books available for borrowing?","No. Journals, magazines, newspapers, and items in the reference collection are for in-library use only and cannot be checked out.","Question: Are journals, magazines and reference books available for borrowing?
Answer: No. Journals, magazines, newspapers, and items in the reference collection are for in-library use only and cannot be checked out.

Question: Quick question — are journals, magazines and reference books available for borrowing?
Answer: No. Journals, magazines, newspapers, and items in the reference collection are for in-library use only and cannot be checked out.

Question: Just wondering, are journals, magazines and reference books available for borrowing?
Answer: No. Journals, magazines, newspapers, and items in the reference collection are for in-library use only and cannot be checked out.

Question: This might be a silly question, but are journals, magazines and reference books available for borrowing?
Answer: No. Journals, magazines, newspapers, and items in the reference collection are for in-library use only and cannot be checked out.

Question: Can someone help — are journals, magazines and reference books available for borrowing?
Answer: No. Journals, magazines, newspapers, and items in the reference collection are for in-library use only and cannot be checked out.","Journals, magazines, and reference books are not available for borrowing; they are for in-library use only.",open_ended,linear,0.5,False,False,False,False,False,True,,0.0181,0.0157,4.7762,4.8109,2026-07-28T08:19:56.006922+00:00,0.0027,1.0797
Q097,adaptive_novel,Can you tell me what the important dates and deadlines for admission are?,"The exact admission test date, application deadline, and academic-session start date change every semester, so BRAC University publishes them on its Admissions page (bracu.ac.bd/admissions) ahead of each intake rather than fixing them year-round - check that page for the current cycle's dates.","Question: Can you tell me what the important dates and deadlines for admission are?
Answer: The exact admission test date, application deadline, and academic-session start date change every semester, so BRAC University publishes them on its Admissions page (bracu.ac.bd/admissions) ahead of each intake rather than fixing them year-round - check that page for the current cycle's dates.

Question: Can you tell me what the payment deadlines for tuition and fees are?
Answer: At BRAC University, tuition and fees must be paid by the specified deadlines each semester.It's important to check specific dates each semester, as they may vary

Question: What are the important dates and deadlines for admission?
Answer: The exact admission test date, application deadline, and academic-session start date change every semester, so BRAC University publishes them on its Admissions page (bracu.ac.bd/admissions) ahead of each intake rather than fixing them year-round - check that page for the current cycle's dates.

Question: Can you tell me what the deadline for scholarship applications is?
Answer: The deadline for scholarship applications at BRAC University typically varies depending on the type of scholarship and the academic semester. It is important for students to check the university's official announcements or contact the admissions or financial aid office for the specific deadlines related to each semester or scholarship program.

Question: Can you tell me what the current deadlines for thesis submission and defense are?
Answer: Thesis submission and defense deadlines are set fresh each semester by the CSE Thesis Committee and shared with enrolled thesis students via a deadline sheet. Check with your thesis coordinator or department for the current semester's exact dates, since these change every term.","The exact admission test date, application deadline, and academic-session start date change every semester, so BRAC University publishes them on its Admissions page (bracu.ac.bd/admissions) ahead of each intake rather than fixing them year-round - check that page for the current cycle's dates.",open_ended,linear,0.5,False,True,True,False,False,True,,0.0181,0.0178,8.8343,8.8711,2026-07-28T08:20:04.878289+00:00,0.0688,0.9960
Q098,adaptive_novel,Can you tell me what the Office of the Registrar responsible for at BRAC University is?,"The Office of the Registrar handles core academic-record functions such as processing semester drop forms, maintaining student registration and grade records, and coordinating with departments on academic policy matters like leave of absence and inter-department transfers.","Question: Can you tell me what the Office of the Registrar responsible for at BRAC University is?
Answer: The Office of the Registrar handles core academic-record functions such as processing semester drop forms, maintaining student registration and grade records, and coordinating with departments on academic policy matters like leave of absence and inter-department transfers.

Question: What is the Office of the Registrar responsible for at BRAC University?
Answer: The Office of the Registrar handles core academic-record functions such as processing semester drop forms, maintaining student registration and grade records, and coordinating with departments on academic policy matters like leave of absence and inter-department transfers.

Question: Before I forget to ask — which office is responsible for producing transcripts, certificates and results?
Answer: The Office of the Controller of Examinations is the central office responsible for conducting exams, publishing results, maintaining academic records, and preparing transcripts, certificates and academic letters, including verifying the authenticity of academic documents.

Question (Banglish): BRAC University te Office of the Registrar er dayittwo ki?
Answer (English): The Office of the Registrar handles core academic-record functions such as processing semester drop forms, maintaining student registration and grade records, and coordinating with departments on academic policy matters like leave of absence and inter-department transfers.

Question: This might be a silly question, but which office is responsible for producing transcripts, certificates and results?
Answer: The Office of the Controller of Examinations is the central office responsible for conducting exams, publishing results, maintaining academic records, and preparing transcripts, certificates and academic letters, including verifying the authenticity of academic documents.","The Office of the Registrar handles core academic-record functions such as processing semester drop forms, maintaining student registration and grade records, and coordinating with departments on academic policy matters like leave of absence and inter-department transfers.",open_ended,linear,0.5,False,True,True,False,False,True,,0.0202,0.0302,6.9602,7.0115,2026-07-28T08:20:11.890043+00:00,0.0960,1.0224
Q099,adaptive_novel,Can you tell me what BRAC University's policy on sexual harassment is?,"BRAC University maintains a 'Zero Tolerance' policy toward sexual harassment of any kind, formalized in its Code of Conduct on Sexual Harassment, which is part of the university's broader safeguarding framework alongside the Academic Handbook and the Regulations of Students Conduct.","Question: Can you tell me what BRAC University's policy on sexual harassment is?
Answer: BRAC University maintains a 'Zero Tolerance' policy toward sexual harassment of any kind, formalized in its Code of Conduct on Sexual Harassment, which is part of the university's broader safeguarding framework alongside the Academic Handbook and the Regulations of Students Conduct.

Question: What is BRAC University's policy on sexual harassment?
Answer: BRAC University maintains a 'Zero Tolerance' policy toward sexual harassment of any kind, formalized in its Code of Conduct on Sexual Harassment, which is part of the university's broader safeguarding framework alongside the Academic Handbook and the Regulations of Students Conduct.

Question (Banglish): Sexual harassment niye BRAC University er policy ta ki?
Answer (English): BRAC University maintains a 'Zero Tolerance' policy toward sexual harassment of any kind, formalized in its Code of Conduct on Sexual Harassment, which is part of the university's broader safeguarding framework alongside the Academic Handbook and the Regulations of Students Conduct.

Question: Just wondering, who should staff members contact if they face harassment at the university, not just students?
Answer: The Office of the Proctor's advocacy covers everyone affiliated with BRACU, not just students - lecturers, security staff, and other employees experiencing harassment can also turn to the Proctor's office for support.

Question (Banglish): Cyber harassment / bullying er jonno complain kivabe korbo?
Answer (English): Inform us about all online programming activities. It helps us to protect you from cybercrime or any kind of harassment. Submit a proposal by using online programming guidelines and receive official approval. Again, this allows for tracking and awareness if your activities encounter any challenges. Any kind of discrepancy please immediately contact at <student_org@bracu.ac.bd> (cyber harassment/bullying)","BRAC University maintains a 'Zero Tolerance' policy toward sexual harassment of any kind, formalized in its Code of Conduct on Sexual Harassment, which is part of the university's broader safeguarding framework alongside the Academic Handbook and the Regulations of Students Conduct.",open_ended,linear,0.5,False,True,True,False,False,True,,0.0169,0.0278,8.0921,8.1383,2026-07-28T08:20:20.029013+00:00,0.0583,0.9984
Q100,adaptive_novel,"When was the BRAC University School of Law established, and what degree does it offer?","The School of Law was founded in 2004 and offers a four-year undergraduate Bachelor of Laws (LL.B. Hons.) program, along with a postgraduate LL.M. program.","Question: When was the BRAC University School of Law established, and what degree does it offer?
Answer: The School of Law was founded in 2004 and offers a four-year undergraduate Bachelor of Laws (LL.B. Hons.) program, along with a postgraduate LL.M. program.

Question: When was BRAC University established and who founded it?
Answer: BRAC University was established in 2001, founded by Sir Fazle Hasan Abed, and is affiliated with the University Grants Commission (UGC) of Bangladesh.

Question (Banglish): BRAC University School of Law kobe established hoyechilo, ar eta ki degree offer kore?
Answer (English): The School of Law was founded in 2004 and offers a four-year undergraduate Bachelor of Laws (LL.B. Hons.) program, along with a postgraduate LL.M. program.

Question: New student here, when was BRAC University established and who founded it?
Answer: BRAC University was established in 2001, founded by Sir Fazle Hasan Abed, and is affiliated with the University Grants Commission (UGC) of Bangladesh.

Question: Quick question — when was BRAC University established and who founded it?
Answer: BRAC University was established in 2001, founded by Sir Fazle Hasan Abed, and is affiliated with the University Grants Commission (UGC) of Bangladesh.","The BRAC University School of Law was established in 2004 and offers a four-year undergraduate Bachelor of Laws (LL.B. Hons.) program, along with a postgraduate LL.M. program.",open_ended,linear,0.5,False,False,False,False,False,True,,0.0211,0.0429,6.8375,6.9027,2026-07-28T08:20:26.932032+00:00,0.1435,1.0706
Q101,adaptive_novel,What are the prerequisites for CSE423?,The prerequisite for CSE423 is MAT216 (HP).,"Course: CSE423
Prerequisite: MAT216 (HP)
Full Prerequisite Chain: MAT216-MAT120-MAT110

Initial: FARS
Name: Ahmad Farhan Shahriar Chowdhury
Day: Monday
Scheduled commitments (classes/labs/breaks, not availability): 8:00 AM - CSE423-11 10B-17C; 9:30 AM - CSE423-12 10B-17C; 11:00 AM - CSE423-20 (LAB) SOSB,FARS 12D-27L,CSE423-21 (LAB) SOSB,FARS 12D-27L; 12:30 PM - CSE423-20 (LAB) SOSB,FARS 12D-27L,CSE423-21 (LAB) SOSB,FARS 12D-27L; 2:00 PM - CSE423-18 (LAB) ANKH,FARS 12D-27L,CSE423-19 (LAB) ANKH,FARS 12D-27L; 3:30 PM - CSE423-18 (LAB) ANKH,FARS 12D-27L,CSE423-19 (LAB) ANKH,FARS 12D-27L

Initial: MAHS
Name: Md Arif Hasan
Day: Wednesday
Scheduled commitments (classes/labs/breaks, not availability): 11:00 AM - CSE423-01 (LAB) SOSB,MAHS 12D-27L,CSE423-24 (LAB) SOSB,MAHS 12D-27L; 12:30 PM - CSE423-01 (LAB) SOSB,MAHS 12D-27L,CSE423-24 (LAB) SOSB,MAHS 12D-27L; 2:00 PM - CSE423-02 (LAB) MAHS,ZLNM 10E-27L,CSE423-05 (LAB) MAHS,ZLNM 10E-27L; 3:30 PM - CSE423-02 (LAB) MAHS,ZLNM 10E-27L,CSE423-05 (LAB) MAHS,ZLNM 10E-27L

Initial: SOSB
Name: Soumya Swagata Biswas
Day: Monday
Scheduled commitments (classes/labs/breaks, not availability): 8:00 AM - CSE423-15 09B-12C; 9:30 AM - CSE470-13 09B-12C; 11:00 AM - CSE423-20 (LAB) SOSB,FARS 12D-27L,CSE423-21 (LAB) SOSB,FARS 12D-27L; 12:30 PM - CSE423-20 (LAB) SOSB,FARS 12D-27L,CSE423-21 (LAB) SOSB,FARS 12D-27L

Initial: ZLNM
Name: Md. Zulkar Naim
Day: Tuesday
Scheduled commitments (classes/labs/breaks, not availability): 9:30 AM - CSE423-10 09H-33C; 2:00 PM - CSE423-15 (LAB) ZLNM,SRU 12D-27L,CSE423-16 (LAB) ZLNM,SRU 12D-27L; 3:30 PM - CSE423-15 (LAB) ZLNM,SRU 12D-27L,CSE423-16 (LAB) ZLNM,SRU 12D-27L",The full prerequisite chain for CSE423 is MAT216-MAT120-MAT110.,entity_heavy,rrf,0.9,False,False,False,False,True,False,,0.0195,0.0645,5.4540,5.5387,2026-07-28T08:20:32.471476+00:00,99.9935,100.0166
Q102,adaptive_novel,What are the prerequisites for CSE251?,The prerequisite for CSE251 is CSE250 (HP).,"Course: CSE251
Prerequisite: CSE250 (HP)
Full Prerequisite Chain: CSE250

Course: CSE350
Prerequisite: CSE251 (HP)
Full Prerequisite Chain: CSE251-CSE250

Course: CSE260
Prerequisite: CSE251 (HP)
Full Prerequisite Chain: CSE251-CSE250

Initial: PDS
Name: Mr. Purbayan Das
Day: Wednesday
Scheduled commitments (classes/labs/breaks, not availability): 11:00 AM - CSE251-05A (LAB) PDS,FFR 12B-20L; 12:30 PM - CSE251-05A (LAB) PDS,FFR 12B-20L; 2:00 PM - CSE251-08A 09H-35C,CSE251-08B 09H-35C; 3:30 PM - Consultation

Initial: NFS
Name: Nafis Faisal
Day: Wednesday
Scheduled commitments (classes/labs/breaks, not availability): 11:00 AM - CSE251-05B (LAB) SDQ,NFS 12B-20L; 12:30 PM - CSE251-05B (LAB) SDQ,NFS 12B-20L; 2:00 PM - CSE251-03B (LAB) NFS,SZZ 12B-20L; 3:30 PM - CSE251-03B (LAB) NFS,SZZ 12B-20L",The prerequisite for CSE251 is CSE250 with a High Pass (HP).,entity_heavy,rrf,0.9,False,False,False,False,True,False,,0.0149,0.0165,4.5556,4.5876,2026-07-28T08:20:37.059544+00:00,99.9942,100.0166
Q103,adaptive_novel,What are the prerequisites for CSE391?,The prerequisite for CSE391 is CSE370 (HP).,"Course: CSE391
Prerequisite: CSE370 (HP)
Full Prerequisite Chain: CSE370-CSE221-CSE220-CSE111-CSE110

Initial: ADR
Name: Mr. Md. Abdur Rahman
Day: Tuesday
Scheduled commitments (classes/labs/breaks, not availability): 11:00 AM - CSE489-01 FT11-04L; 12:30 PM - CSE489-01 FT11-04L; 2:00 PM - CSE391-01 (LAB) ADR,AQJ FT11-04L; 3:30 PM - CSE391-01 (LAB) ADR,AQJ FT11-04L

Initial: ADR
Name: Mr. Md. Abdur Rahman
Day: Sunday
Scheduled commitments (classes/labs/breaks, not availability): 11:00 AM - CSE391-01 FT11-04L; 12:30 PM - CSE391-01 FT11-04L; 2:00 PM - CSE489-01 (LAB) CPTH,ADR FT11-04L; 3:30 PM - CSE489-01 (LAB) CPTH,ADR FT11-04L

Initial: AQJ
Name: Ashiqur Jubaier
Day: Tuesday
Scheduled commitments (classes/labs/breaks, not availability): 11:00 AM - CSE101-06 (LAB) SBHN,AQJ FT11-03L; 12:30 PM - CSE101-06 (LAB) SBHN,AQJ FT11-03L; 2:00 PM - CSE391-01 (LAB) ADR,AQJ FT11-04L; 3:30 PM - CSE391-01 (LAB) ADR,AQJ FT11-04L

Question: Curious about something: what prerequisites must be completed before the thesis defense?
Answer: Pre-Thesis I and Pre-Thesis II.",The full prerequisite chain for CSE391 is CSE370 (HP) - CSE221 - CSE220 - CSE111 - CSE110.,entity_heavy,rrf,0.9,False,False,False,False,True,False,,0.0175,0.0192,6.0735,6.1109,2026-07-28T08:20:43.170503+00:00,99.9921,100.0150
Q104,adaptive_novel,What are the prerequisites for CSE330?,The prerequisite for CSE330 is MAT216 (HP).,"Course: CSE330
Prerequisite: MAT216 (HP)
Full Prerequisite Chain: MAT120-MAT110

Question: What are the prerequisites for the Cse program?
Answer: Candidates applying for EEE, ECE, CSE, APE and Physics:HSC/ Equivalent(“B” grade in Physics & Mathematics),A-levels: “C” grade in Physics & Mathematics

Initial: ANNH
Name: Aunon Halder
Day: Saturday
Scheduled commitments (classes/labs/breaks, not availability): 8:00 AM - CSE330-11 09A-04C; 9:30 AM - Consultation; 11:00 AM - CSE330-12 (LAB) SHBK,ANNH 09F-26L; 12:30 PM - CSE330-12 (LAB) SHBK,ANNH 09F-26L; 2:00 PM - CSE330-13 (LAB) NMP,ANNH 09F-26L; 3:30 PM - CSE330-13 (LAB) NMP,ANNH 09F-26L

Initial: ALB
Name: Anindita Labonno
Day: Thursday
Scheduled commitments (classes/labs/breaks, not availability): 8:00 AM - CSE330-15 10B-13C; 9:30 AM - CSE330-16 10B-13C; 11:00 AM - CSE330-01 (LAB) ALB,CTFZ 09F-26L; 12:30 PM - CSE330-01 (LAB) ALB,CTFZ 09F-26L; 2:00 PM - CSE330-02 (LAB) ALB,AQU 09F-26L; 3:30 PM - CSE330-02 (LAB) ALB,AQU 09F-26L

Question: Curious about something: what prerequisites must be completed before the thesis defense?
Answer: Pre-Thesis I and Pre-Thesis II.","The prerequisite for CSE330 is MAT216 (HP), with a full prerequisite chain of MAT120-MAT110.",entity_heavy,rrf,0.9,False,False,False,False,True,False,,0.0178,0.0320,5.1969,5.2473,2026-07-28T08:20:48.418264+00:00,99.9941,100.0167
Q105,adaptive_novel,What is the full prerequisite chain for PHY112?,The full prerequisite chain for PHY112 is PHY111.,"Verified prerequisite chain for PHY112 (nearest prerequisite first, from the Prerequisites knowledge base): PHY111.

Course: PHY112
Prerequisite: PHY111 (HP)
Full Prerequisite Chain: PHY111

Course: ENG102
Prerequisite: ENG101 (HP)
Full Prerequisite Chain: ENG101

Course: ENG103
Prerequisite: ENG102 (HP)
Full Prerequisite Chain: ENG102

Course: MAT120
Prerequisite: MAT110 (HP)
Full Prerequisite Chain: MAT110

Course: CSE330
Prerequisite: MAT216 (HP)
Full Prerequisite Chain: MAT120-MAT110",The full prerequisite chain for PHY112 is PHY111.,entity_heavy,rrf,0.9,False,False,False,True,True,False,,0.0146,0.0117,3.9131,3.9413,2026-07-28T08:20:52.360077+00:00,100.0008,100.0167
Q106,adaptive_novel,What are the prerequisites for MAT215?,The prerequisite for MAT215 is MAT216 (HP).,"Course: MAT215
Prerequisite: MAT216 (HP)
Full Prerequisite Chain: MAT216-MAT120-MAT110

Course: CSE392
Prerequisite: MAT215 (HP)

Question: Curious about something: what prerequisites must be completed before the thesis defense?
Answer: Pre-Thesis I and Pre-Thesis II.

Question: I'm an EEE student minoring in Physics. Do I need to separately meet the Physics minor's prerequisites even though I'm not a Physics major?
Answer: Yes - BRACU's Minor in Physics has its own defined set of required courses and prerequisites, separate from your EEE major requirements, open to students from other departments as long as they meet those specific prerequisites. Being an EEE major doesn't automatically satisfy the Physics minor's course requirements; you'd need to check and fulfill them independently.

Question (Banglish): Major department na hole o student ra ki EEE te minor korte pare?
Answer (English): Yes, BRAC University offers a Minor in EEE with its own defined set of required courses and prerequisites (such as Electrical Circuits I & II and Electronic Circuits I & II), open to students from other departments who meet the prerequisites.","The prerequisite for MAT215 is MAT216, which must be completed with a High Pass (HP).",entity_heavy,rrf,0.9,False,False,False,False,True,False,,0.0191,0.0181,4.6059,4.6440,2026-07-28T08:20:57.004508+00:00,99.9933,100.0167
Q107,adaptive_novel,What is the full prerequisite chain for CSE310?,The full prerequisite chain for CSE310 is CSE370-CSE221-CSE220-CSE111-CSE230-CSE110.,"Verified prerequisite chain for CSE310 (nearest prerequisite first, from the Prerequisites knowledge base): CSE370 -> CSE221 -> CSE220 -> CSE111 -> CSE230 -> CSE110.

Course: CSE310
Prerequisite: CSE370 (HP)
Full Prerequisite Chain: CSE370-CSE221-CSE220-CSE111-CSE110

Course: CSE350
Prerequisite: CSE251 (HP)
Full Prerequisite Chain: CSE251-CSE250

Course: CSE360
Prerequisite: CSE341 (HP)
Full Prerequisite Chain: CSE341

Course: CSE330
Prerequisite: MAT216 (HP)
Full Prerequisite Chain: MAT120-MAT110

Course: CSE260
Prerequisite: CSE251 (HP)
Full Prerequisite Chain: CSE251-CSE250",The full prerequisite chain for CSE310 is CSE370 -> CSE221 -> CSE220 -> CSE111 -> CSE230 -> CSE110.,entity_heavy,rrf,0.9,False,False,False,True,True,False,,0.0182,0.0096,5.8144,5.8422,2026-07-28T08:21:02.846836+00:00,100.0013,100.0166
Q108,adaptive_novel,What are the prerequisites for CSE410?,The prerequisite for CSE410 is CSE321 (HP).,"Course: CSE410
Prerequisite: CSE321 (HP)
Full Prerequisite Chain: CSE321-CSE221-CSE220-CSE111-CSE110

Question: What are the prerequisites for the Cse program?
Answer: Candidates applying for EEE, ECE, CSE, APE and Physics:HSC/ Equivalent(“B” grade in Physics & Mathematics),A-levels: “C” grade in Physics & Mathematics

Question: Curious about something: what prerequisites must be completed before the thesis defense?
Answer: Pre-Thesis I and Pre-Thesis II.

Question: I'm an EEE student minoring in Physics. Do I need to separately meet the Physics minor's prerequisites even though I'm not a Physics major?
Answer: Yes - BRACU's Minor in Physics has its own defined set of required courses and prerequisites, separate from your EEE major requirements, open to students from other departments as long as they meet those specific prerequisites. Being an EEE major doesn't automatically satisfy the Physics minor's course requirements; you'd need to check and fulfill them independently.

Question: Can you tell me what the prerequisites for the Cse program are?
Answer: Candidates applying for EEE, ECE, CSE, APE and Physics:HSC/ Equivalent(“B” grade in Physics & Mathematics),A-levels: “C” grade in Physics & Mathematics",The prerequisite for CSE410 is CSE321 (with a High Pass).,entity_heavy,rrf,0.9,False,False,False,False,True,False,,0.0123,0.0290,4.4196,4.4617,2026-07-28T08:21:07.309223+00:00,99.9881,100.0167
Q109,adaptive_novel,What is the full prerequisite chain for MAT216?,The full prerequisite chain for MAT216 is MAT120-MAT110.,"Verified prerequisite chain for MAT216 (nearest prerequisite first, from the Prerequisites knowledge base): MAT120 -> MAT110.

Course: MAT216
Prerequisite: MAT120 (HP)
Full Prerequisite Chain: MAT120-MAT110

Course: MAT215
Prerequisite: MAT216 (HP)
Full Prerequisite Chain: MAT216-MAT120-MAT110

Course: CSE330
Prerequisite: MAT216 (HP)
Full Prerequisite Chain: MAT120-MAT110

Course: CSE423
Prerequisite: MAT216 (HP)
Full Prerequisite Chain: MAT216-MAT120-MAT110

Course: MAT120
Prerequisite: MAT110 (HP)
Full Prerequisite Chain: MAT110",The full prerequisite chain for MAT216 is MAT120-MAT110.,entity_heavy,rrf,0.9,False,False,False,True,True,False,,0.0187,0.0102,4.0359,4.0650,2026-07-28T08:21:11.374326+00:00,100.0001,100.0166
Q110,adaptive_novel,What is the full prerequisite chain for CSE460?,The full prerequisite chain for CSE460 is CSE260-CSE251-CSE250-PHY112-PHY111.,"Verified prerequisite chain for CSE460 (nearest prerequisite first, from the Prerequisites knowledge base): CSE260 -> CSE251 -> CSE250 -> PHY112 -> PHY111.

Course: CSE460
Prerequisite: CSE260 (HP)
Full Prerequisite Chain: CSE260-CSE251-CSE250

Course: CSE360
Prerequisite: CSE341 (HP)
Full Prerequisite Chain: CSE341

Course: CSE350
Prerequisite: CSE251 (HP)
Full Prerequisite Chain: CSE251-CSE250

Course: CSE260
Prerequisite: CSE251 (HP)
Full Prerequisite Chain: CSE251-CSE250

Course: CSE330
Prerequisite: MAT216 (HP)
Full Prerequisite Chain: MAT120-MAT110",The full prerequisite chain for CSE460 is CSE260 -> CSE251 -> CSE250.,entity_heavy,rrf,0.9,False,False,False,True,True,False,,0.0150,0.0102,4.6234,4.6487,2026-07-28T08:21:16.023309+00:00,100.0004,100.0167
Q111,adaptive_novel,What are the prerequisites for CSE420?,"The prerequisite for CSE420 is CSE321 (HP),CSE331 (HP),CSE340 (HP).","Course: CSE420
Prerequisite: CSE321 (HP),CSE331 (HP),CSE340 (HP)
Full Prerequisite Chain: CSE321-CSE331-CSE340-CSE221-CSE220-CSE111-CSE110

Initial: NLAM
Name: Namirul Islam
Day: Monday
Scheduled commitments (classes/labs/breaks, not availability): 8:00 AM - CSE420-08 (LAB) RDS,NLAM 12F-32L,CSE420-17 (LAB) RDS,NLAM 12F-32L; 9:30 AM - CSE420-08 (LAB) RDS,NLAM 12F-32L,CSE420-17 (LAB) RDS,NLAM 12F-32L; 11:00 AM - CSE420-20 (LAB) SZD,NLAM 12F-32L; 12:30 PM - CSE420-20 (LAB) SZD,NLAM 12F-32L; 2:00 PM - CSE420-24 (LAB) NLAM,SMDS 12F-32L; 3:30 PM - CSE420-24 (LAB) NLAM,SMDS 12F-32L

Initial: NLAM
Name: Namirul Islam
Day: Saturday
Scheduled commitments (classes/labs/breaks, not availability): 11:00 AM - CSE420-19 10B-13C; 12:30 PM - CSE420-20 10B-13C; 2:00 PM - CSE420-16 (LAB) RKBR,NLAM 12F-32L,CSE420-23 (LAB) RKBR,NLAM 12F-32L; 3:30 PM - CSE420-16 (LAB) RKBR,NLAM 12F-32L,CSE420-23 (LAB) RKBR,NLAM 12F-32L

Initial: AKHD
Name: Abdullah Khondoker
Day: Thursday
Scheduled commitments (classes/labs/breaks, not availability): 9:30 AM - CSE420-26 09A-04C; 11:00 AM - CSE420-05 (LAB) NFMK,AKHD 09E-22L,CSE420-06 (LAB) NFMK,AKHD 09E-22L; 12:30 PM - CSE420-05 (LAB) NFMK,AKHD 09E-22L,CSE420-06 (LAB) NFMK,AKHD 09E-22L; 2:00 PM - CSE420-24 09H-34C

Initial: SUE
Name: Sukarna Sarker
Day: Sunday
Scheduled commitments (classes/labs/breaks, not availability): 8:00 AM - CSE420-09 09H-35C; 9:30 AM - Consultation; 11:00 AM - CSE420-01 09E-20T ,CSE420-02 09E-20T ,CSE420-03 09E-20T","The prerequisites for CSE420 are CSE321 (HP), CSE331 (HP), and CSE340 (HP).",entity_heavy,rrf,0.9,False,False,False,False,True,False,,0.0156,0.0279,6.1473,6.1913,2026-07-28T08:21:22.215488+00:00,99.9940,100.0166
Q112,adaptive_novel,What are the prerequisites for CSE461?,The prerequisite for CSE461 is CSE260 (HP).,"Course: CSE461
Prerequisite: CSE260 (HP)
Full Prerequisite Chain: CSE260-CSE251-CSE250

Initial: KHR
Name: Dr. Md. Khalilur Rahman
Day: Monday
Scheduled commitments (classes/labs/breaks, not availability): 3:30 PM - CSE461-01 09C-16T,CSE461-02 09C-16T,CSE461-03 09C-16T

Initial: KHR
Name: Dr. Md. Khalilur Rahman
Day: Wednesday
Scheduled commitments (classes/labs/breaks, not availability): 11:00 AM - CSE461-09 (LAB) RFF,KHR 12B-18L; 12:30 PM - CSE461-09 (LAB) RFF,KHR 12B-18L; 3:30 PM - CSE461-01 09C-16T,CSE461-02 09C-16T,CSE461-03 09C-16T

Initial: UTKR
Name: Utsha Kumar Roy
Day: Sunday
Scheduled commitments (classes/labs/breaks, not availability): 8:00 AM - CSE461-04 09D-17C; 9:30 AM - CSE461-06 09D-17C; 11:00 AM - Consultation

Initial: PRC
Name: Pratick Roy Chowdhuruy
Day: Thursday
Scheduled commitments (classes/labs/breaks, not availability): 8:00 AM - CSE461-05 (LAB) SMYA,PRC 12B-18L; 9:30 AM - CSE461-05 (LAB) SMYA,PRC 12B-18L; 11:00 AM - CSE461-06 (LAB) PRC,CPTH 12B-18L; 12:30 PM - CSE461-06 (LAB) PRC,CPTH 12B-18L",The full prerequisite chain for CSE461 is CSE260-CSE251-CSE250.,entity_heavy,rrf,0.9,False,False,False,False,True,False,,0.0164,0.0331,4.8321,4.8822,2026-07-28T08:21:27.097992+00:00,99.9940,100.0166
Q113,adaptive_novel,What is the full prerequisite chain for ENG102?,The full prerequisite chain for ENG102 is ENG101.,"Verified prerequisite chain for ENG102 (nearest prerequisite first, from the Prerequisites knowledge base): ENG101.

Course: ENG102
Prerequisite: ENG101 (HP)
Full Prerequisite Chain: ENG101

Course: ENG103
Prerequisite: ENG102 (HP)
Full Prerequisite Chain: ENG102

Course: PHY112
Prerequisite: PHY111 (HP)
Full Prerequisite Chain: PHY111

Course: CSE350
Prerequisite: CSE251 (HP)
Full Prerequisite Chain: CSE251-CSE250

Course: CSE260
Prerequisite: CSE251 (HP)
Full Prerequisite Chain: CSE251-CSE250",The full prerequisite chain for ENG102 is ENG101.,entity_heavy,rrf,0.9,False,False,False,True,True,False,,0.0160,0.0102,3.7758,3.8021,2026-07-28T08:21:30.900456+00:00,100.0000,100.0150
Q114,adaptive_novel,What are the prerequisites for CSE321?,The prerequisite for CSE321 is CSE221 (HP).,"Course: CSE321
Prerequisite: CSE221 (HP)
Full Prerequisite Chain: CSE221-CSE220-CSE111-CSE110

Course: CSE410
Prerequisite: CSE321 (HP)
Full Prerequisite Chain: CSE321-CSE221-CSE220-CSE111-CSE110

Initial: SVKG
Name: Souvik Ghosh
Day: Saturday
Scheduled commitments (classes/labs/breaks, not availability): 8:00 AM - CSE321-21 (LAB) SVKG,AHA 12D-26L; 9:30 AM - CSE321-21 (LAB) SVKG,AHA 12D-26L; 11:00 AM - CSE321-18 (LAB) TNF,SVKG 10G-32L; 12:30 PM - CSE321-18 (LAB) TNF,SVKG 10G-32L; 2:00 PM - CSE321-19 (LAB) NKBS,SVKG 10G-32L; 3:30 PM - CSE321-19 (LAB) NKBS,SVKG 10G-32L

Initial: NKBS
Name: Kefaya Benta Shahnoor
Day: Thursday
Scheduled commitments (classes/labs/breaks, not availability): 8:00 AM - CSE321-15 (LAB) NKBS,SSKD 10G-32L; 9:30 AM - CSE321-15 (LAB) NKBS,SSKD 10G-32L; 11:00 AM - CSE321-05 09H-34C; 12:30 PM - CSE321-11 09H-34C

Initial: TNF
Name: Tanhiat Fatema Afnan
Day: Saturday
Scheduled commitments (classes/labs/breaks, not availability): 8:00 AM - CSE321-16 07F-22C; 9:30 AM - CSE321-17 07F-22C; 11:00 AM - CSE321-18 (LAB) TNF,SVKG 10G-32L; 12:30 PM - CSE321-18 (LAB) TNF,SVKG 10G-32L",The prerequisite for CSE321 is CSE221 with a Higher Placement (HP).,entity_heavy,rrf,0.9,False,False,False,False,True,False,,0.0166,0.0219,4.5989,4.6379,2026-07-28T08:21:35.538957+00:00,99.9943,100.0166
Q115,adaptive_novel,What are the prerequisites for ENG103?,The prerequisite for ENG103 is ENG102 (HP).,"Course: ENG103
Prerequisite: ENG102 (HP)
Full Prerequisite Chain: ENG102

Question: Curious about something: what prerequisites must be completed before the thesis defense?
Answer: Pre-Thesis I and Pre-Thesis II.

Question: I'm an EEE student minoring in Physics. Do I need to separately meet the Physics minor's prerequisites even though I'm not a Physics major?
Answer: Yes - BRACU's Minor in Physics has its own defined set of required courses and prerequisites, separate from your EEE major requirements, open to students from other departments as long as they meet those specific prerequisites. Being an EEE major doesn't automatically satisfy the Physics minor's course requirements; you'd need to check and fulfill them independently.

Question: What are the prerequisites for the Cse program?
Answer: Candidates applying for EEE, ECE, CSE, APE and Physics:HSC/ Equivalent(“B” grade in Physics & Mathematics),A-levels: “C” grade in Physics & Mathematics

Question: Can students minor in EEE if it's not their major department?
Answer: Yes, BRAC University offers a Minor in EEE with its own defined set of required courses and prerequisites (such as Electrical Circuits I & II and Electronic Circuits I & II), open to students from other departments who meet the prerequisites.",The prerequisite for ENG103 is ENG102 (HP) with a full prerequisite chain of ENG102.,entity_heavy,rrf,0.9,False,False,False,False,True,False,,0.0144,0.0168,4.6317,4.6639,2026-07-28T08:21:40.202859+00:00,99.9936,100.0167
Q116,adaptive_novel,What are the prerequisites for CSE360?,The prerequisite for CSE360 is CSE341 (HP).,"Course: CSE360
Prerequisite: CSE341 (HP)
Full Prerequisite Chain: CSE341

Question: What are the prerequisites for the Cse program?
Answer: Candidates applying for EEE, ECE, CSE, APE and Physics:HSC/ Equivalent(“B” grade in Physics & Mathematics),A-levels: “C” grade in Physics & Mathematics

Initial: IRZA
Name: Md. Irtiza Hossain
Day: Tuesday
Scheduled commitments (classes/labs/breaks, not availability): 8:00 AM - CSE360-07 (LAB) FIC,IRZA 12B-19L,CSE360-08 (LAB) FIC,IRZA 12B-19L; 9:30 AM - CSE360-07 (LAB) FIC,IRZA 12B-19L,CSE360-08 (LAB) FIC,IRZA 12B-19L; 11:00 AM - CSE360-01 (LAB) SMYA,IRZA 12B-19L,CSE360-06 (LAB) SMYA,IRZA 12B-19L; 12:30 PM - CSE360-01 (LAB) SMYA,IRZA 12B-19L,CSE360-06 (LAB) SMYA,IRZA 12B-19L; 2:00 PM - Consultation

Initial: RDW
Name: Redowanul Akbar
Day: Sunday
Scheduled commitments (classes/labs/breaks, not availability): 8:00 AM - CSE340-11 09A-03C; 9:30 AM - CSE340-12 09A-03C; 11:00 AM - CSE360-03 (LAB) RDW,SMYA 12B-19L,CSE360-04 (LAB) RDW,SMYA 12B-19L; 12:30 PM - CSE360-03 (LAB) RDW,SMYA 12B-19L,CSE360-04 (LAB) RDW,SMYA 12B-19L; 2:00 PM - Consultation by Appointment

Initial: UJT
Name: Umme Jannat Taposhi
Day: Wednesday
Scheduled commitments (classes/labs/breaks, not availability): 8:00 AM - CSE360-09 (LAB) UJT,PRC 12B-19L,CSE360-10 (LAB) UJT,PRC 12B-19L; 9:30 AM - CSE360-09 (LAB) UJT,PRC 12B-19L,CSE360-10 (LAB) UJT,PRC 12B-19L; 11:00 AM - CSE360-08 10B-15C; 12:30 PM - Consultation by Appointment",The prerequisite for CSE360 is CSE341 (Honors Program).,entity_heavy,rrf,0.9,False,False,False,False,True,False,,0.0140,0.0252,4.8420,4.8820,2026-07-28T08:21:45.085269+00:00,99.9948,100.0167
Q117,adaptive_novel,What are the prerequisites for CSE489?,The prerequisite for CSE489 is CSE370 (HP).,"Course: CSE489
Prerequisite: CSE370 (HP)
Full Prerequisite Chain: CSE370-CSE221-CSE220-CSE111-CSE110

Initial: ADR
Name: Mr. Md. Abdur Rahman
Day: Tuesday
Scheduled commitments (classes/labs/breaks, not availability): 11:00 AM - CSE489-01 FT11-04L; 12:30 PM - CSE489-01 FT11-04L; 2:00 PM - CSE391-01 (LAB) ADR,AQJ FT11-04L; 3:30 PM - CSE391-01 (LAB) ADR,AQJ FT11-04L

Initial: ADR
Name: Mr. Md. Abdur Rahman
Day: Sunday
Scheduled commitments (classes/labs/breaks, not availability): 11:00 AM - CSE391-01 FT11-04L; 12:30 PM - CSE391-01 FT11-04L; 2:00 PM - CSE489-01 (LAB) CPTH,ADR FT11-04L; 3:30 PM - CSE489-01 (LAB) CPTH,ADR FT11-04L

Initial: CPTH
Name: Purba Tahia Hassan
Day: Sunday
Scheduled commitments (classes/labs/breaks, not availability): 2:00 PM - CSE489-01 (LAB) CPTH,ADR FT11-04L; 3:30 PM - CSE489-01 (LAB) CPTH,ADR FT11-04L

Question: Curious about something: what prerequisites must be completed before the thesis defense?
Answer: Pre-Thesis I and Pre-Thesis II.",The full prerequisite chain for CSE489 is CSE370 (HP) - CSE221 - CSE220 - CSE111 - CSE110.,entity_heavy,rrf,0.9,False,False,False,False,True,False,,0.0158,0.0161,5.9323,5.9651,2026-07-28T08:21:51.050761+00:00,99.9940,100.0166
Q118,adaptive_novel,What are the prerequisites for CSE250?,The prerequisite for CSE250 is PHY112 (SP).,"Course: CSE250
Prerequisite: PHY112 (SP)

Course: CSE251
Prerequisite: CSE250 (HP)
Full Prerequisite Chain: CSE250

Initial: NUR
Name: Nur Mohammad Shaon
Day: Sunday
Scheduled commitments (classes/labs/breaks, not availability): 8:00 AM - CSE250-09B (LAB) NFS,NUR 12B-20L; 9:30 AM - CSE250-09B (LAB) NFS,NUR 12B-20L; 2:00 PM - CSE250-07A (LAB) PDS,NUR 12B-20L; 3:30 PM - CSE250-07A (LAB) PDS,NUR 12B-20L

Initial: PDS
Name: Mr. Purbayan Das
Day: Sunday
Scheduled commitments (classes/labs/breaks, not availability): 11:00 AM - CSE250-05A 07H-27C,CSE250-05B 07H-27C; 12:30 PM - Consultation; 2:00 PM - CSE250-07A (LAB) PDS,NUR 12B-20L; 3:30 PM - CSE250-07A (LAB) PDS,NUR 12B-20L

Initial: FFR
Name: Md. Fatin Ishraq Faruqui
Day: Monday
Scheduled commitments (classes/labs/breaks, not availability): 8:00 AM - CSE250-06A (LAB) FFR,MHY 12B-20L; 9:30 AM - CSE250-06A (LAB) FFR,MHY 12B-20L; 11:00 AM - CSE250-04A (LAB) SDQ,FFR 12B-20L; 12:30 PM - CSE250-04A (LAB) SDQ,FFR 12B-20L",The prerequisite for CSE250 is PHY112 with a grade of SP.,entity_heavy,rrf,0.9,False,False,False,False,True,False,,0.0192,0.0297,4.4116,4.4611,2026-07-28T08:21:55.512528+00:00,99.9948,100.0167
Q119,adaptive_novel,What are the prerequisites for CSE392?,The prerequisite for CSE392 is MAT215 (HP).,"Course: CSE392
Prerequisite: MAT215 (HP)

Question: What are the prerequisites for the Cse program?
Answer: Candidates applying for EEE, ECE, CSE, APE and Physics:HSC/ Equivalent(“B” grade in Physics & Mathematics),A-levels: “C” grade in Physics & Mathematics

Question: Curious about something: what prerequisites must be completed before the thesis defense?
Answer: Pre-Thesis I and Pre-Thesis II.

Question: I'm an EEE student minoring in Physics. Do I need to separately meet the Physics minor's prerequisites even though I'm not a Physics major?
Answer: Yes - BRACU's Minor in Physics has its own defined set of required courses and prerequisites, separate from your EEE major requirements, open to students from other departments as long as they meet those specific prerequisites. Being an EEE major doesn't automatically satisfy the Physics minor's course requirements; you'd need to check and fulfill them independently.

Question: Can you tell me what the prerequisites for the Cse program are?
Answer: Candidates applying for EEE, ECE, CSE, APE and Physics:HSC/ Equivalent(“B” grade in Physics & Mathematics),A-levels: “C” grade in Physics & Mathematics",The prerequisite for CSE392 is MAT215 (HP).,entity_heavy,rrf,0.9,False,False,False,False,True,False,,0.0154,0.0161,3.9658,3.9982,2026-07-28T08:21:59.511376+00:00,99.9895,100.0166
Q120,adaptive_novel,What is the full prerequisite chain for CSE340?,The full prerequisite chain for CSE340 is CSE260-CSE251-CSE250-PHY112-PHY111.,"Verified prerequisite chain for CSE340 (nearest prerequisite first, from the Prerequisites knowledge base): CSE260 -> CSE251 -> CSE250 -> PHY112 -> PHY111.

Course: CSE340
Prerequisite: CSE260 (SP)
Full Prerequisite Chain: CSE260-CSE251-CSE250

Course: CSE360
Prerequisite: CSE341 (HP)
Full Prerequisite Chain: CSE341

Course: CSE420
Prerequisite: CSE321 (HP),CSE331 (HP),CSE340 (HP)
Full Prerequisite Chain: CSE321-CSE331-CSE340-CSE221-CSE220-CSE111-CSE110

Course: CSE330
Prerequisite: MAT216 (HP)
Full Prerequisite Chain: MAT120-MAT110

Course: CSE260
Prerequisite: CSE251 (HP)
Full Prerequisite Chain: CSE251-CSE250",The full prerequisite chain for CSE340 is CSE260 -> CSE251 -> CSE250.,entity_heavy,rrf,0.9,False,False,False,True,True,False,,0.0147,0.0128,4.6794,4.7071,2026-07-28T08:22:04.218719+00:00,100.0006,100.0166
Q121,adaptive_novel,What is the full prerequisite chain for CSE471?,The full prerequisite chain for CSE471 is CSE370-CSE221-CSE220-CSE111-CSE230-CSE110.,"Verified prerequisite chain for CSE471 (nearest prerequisite first, from the Prerequisites knowledge base): CSE370 -> CSE221 -> CSE220 -> CSE111 -> CSE230 -> CSE110.

Course: CSE471
Prerequisite: CSE370 (HP)
Full Prerequisite Chain: CSE370-CSE221-CSE220-CSE111-CSE110

Course: CSE251
Prerequisite: CSE250 (HP)
Full Prerequisite Chain: CSE250

Course: CSE260
Prerequisite: CSE251 (HP)
Full Prerequisite Chain: CSE251-CSE250

Course: CSE350
Prerequisite: CSE251 (HP)
Full Prerequisite Chain: CSE251-CSE250

Course: CSE360
Prerequisite: CSE341 (HP)
Full Prerequisite Chain: CSE341",The full prerequisite chain for CSE471 is CSE370 -> CSE221 -> CSE220 -> CSE111 -> CSE230 -> CSE110.,entity_heavy,rrf,0.9,False,False,False,True,True,False,,0.0213,0.0137,5.7400,5.7750,2026-07-28T08:22:09.993928+00:00,99.9987,100.0150
Q122,adaptive_novel,What is the full prerequisite chain for CSE260?,The full prerequisite chain for CSE260 is CSE251-CSE250-PHY112-PHY111.,"Verified prerequisite chain for CSE260 (nearest prerequisite first, from the Prerequisites knowledge base): CSE251 -> CSE250 -> PHY112 -> PHY111.

Course: CSE260
Prerequisite: CSE251 (HP)
Full Prerequisite Chain: CSE251-CSE250

Course: CSE460
Prerequisite: CSE260 (HP)
Full Prerequisite Chain: CSE260-CSE251-CSE250

Course: CSE340
Prerequisite: CSE260 (SP)
Full Prerequisite Chain: CSE260-CSE251-CSE250

Course: CSE461
Prerequisite: CSE260 (HP)
Full Prerequisite Chain: CSE260-CSE251-CSE250

Course: CSE360
Prerequisite: CSE341 (HP)
Full Prerequisite Chain: CSE341",The full prerequisite chain for CSE260 is PHY112 -> PHY111 -> CSE251 -> CSE250.,entity_heavy,rrf,0.9,False,False,False,True,True,False,,0.0182,0.0132,4.9214,4.9529,2026-07-28T08:22:14.947299+00:00,100.0001,100.0166
Q123,adaptive_novel,What are the prerequisites for CSE430?,The prerequisite for CSE430 is MAT120 (HP).,"Course: CSE430
Prerequisite: MAT120 (HP)
Full Prerequisite Chain: MAT120-MAT110

Question: What are the prerequisites for the Cse program?
Answer: Candidates applying for EEE, ECE, CSE, APE and Physics:HSC/ Equivalent(“B” grade in Physics & Mathematics),A-levels: “C” grade in Physics & Mathematics

Question: Curious about something: what prerequisites must be completed before the thesis defense?
Answer: Pre-Thesis I and Pre-Thesis II.

Question: I'm an EEE student minoring in Physics. Do I need to separately meet the Physics minor's prerequisites even though I'm not a Physics major?
Answer: Yes - BRACU's Minor in Physics has its own defined set of required courses and prerequisites, separate from your EEE major requirements, open to students from other departments as long as they meet those specific prerequisites. Being an EEE major doesn't automatically satisfy the Physics minor's course requirements; you'd need to check and fulfill them independently.

Question: Can you tell me what the prerequisites for the Cse program are?
Answer: Candidates applying for EEE, ECE, CSE, APE and Physics:HSC/ Equivalent(“B” grade in Physics & Mathematics),A-levels: “C” grade in Physics & Mathematics",The prerequisite for CSE430 is MAT120 (HP) with a full prerequisite chain of MAT120-MAT110.,entity_heavy,rrf,0.9,False,False,False,False,True,False,,0.0162,0.0240,5.0887,5.1297,2026-07-28T08:22:20.077613+00:00,99.9894,100.0167
Q124,adaptive_novel,What is the full prerequisite chain for CSE341?,The full prerequisite chain for CSE341 is CSE340-CSE321-CSE260-CSE221-CSE251-CSE220-CSE250-CSE111-CSE230-PHY112-CSE110-PHY111.,"Verified prerequisite chain for CSE341 (nearest prerequisite first, from the Prerequisites knowledge base): CSE340 -> CSE321 -> CSE260 -> CSE221 -> CSE251 -> CSE220 -> CSE250 -> CSE111 -> CSE230 -> PHY112 -> CSE110 -> PHY111.

Course: CSE341
Prerequisite: CSE340 (SP),CSE321 (SP)

Course: CSE350
Prerequisite: CSE251 (HP)
Full Prerequisite Chain: CSE251-CSE250

Course: CSE360
Prerequisite: CSE341 (HP)
Full Prerequisite Chain: CSE341

Course: CSE251
Prerequisite: CSE250 (HP)
Full Prerequisite Chain: CSE250

Course: CSE260
Prerequisite: CSE251 (HP)
Full Prerequisite Chain: CSE251-CSE250

Course: CSE330
Prerequisite: MAT216 (HP)
Full Prerequisite Chain: MAT120-MAT110",The full prerequisite chain for CSE341 is CSE340 -> CSE321 -> CSE260 -> CSE221 -> CSE251 -> CSE220 -> CSE250 -> CSE111 -> CSE230 -> PHY112 -> CSE110 -> PHY111.,entity_heavy,rrf,0.9,False,False,False,True,True,False,,0.0181,0.0113,8.1236,8.1531,2026-07-28T08:22:28.231180+00:00,99.9987,100.0150
Q125,adaptive_novel,What are the prerequisites for CSE422?,The prerequisite for CSE422 is CSE221 (HP).,"Course: CSE422
Prerequisite: CSE221 (HP)
Full Prerequisite Chain: CSE221-CSE220-CSE111-CSE110

Initial: ZHS
Name: Mr. Syed Zamil Hasan Shoumo
Day: Wednesday
Scheduled commitments (classes/labs/breaks, not availability): 8:00 AM - CSE422-01 09E-20T ,CSE422-02 09E-20T ,CSE422-03 09E-20T; 9:30 AM - Consultation; 11:00 AM - CSE422-13 (LAB) ZHS,NWT 09E-22L; 12:30 PM - CSE422-13 (LAB) ZHS,NWT 09E-22L

Initial: SHAH
Name: Asif Shahriar
Day: Tuesday
Scheduled commitments (classes/labs/breaks, not availability): 11:00 AM - CSE422-02 (LAB) SHAH,YND 09B-11L; 12:30 PM - CSE422-02 (LAB) SHAH,YND 09B-11L; 2:00 PM - CSE422-16 10B-15C; 3:30 PM - CSE422-17 10B-15C

Initial: NRZR
Name: Riazul Islam Rifat
Day: Saturday
Scheduled commitments (classes/labs/breaks, not availability): 11:00 AM - CSE422-05 09C-16T,CSE422-06 09C-16T,CSE422-07 09C-16T

Initial: SWG
Name: Mr. Swattic Ghose
Day: Tuesday
Scheduled commitments (classes/labs/breaks, not availability): 9:30 AM - CSE422-13 10A-05C; 11:00 AM - CSE422-12 (LAB) SWG,PLN 09B-10L; 12:30 PM - CSE422-12 (LAB) SWG,PLN 09B-10L; 2:00 PM - CSE422-14 10C-21C",The full prerequisite chain for CSE422 is CSE221-CSE220-CSE111-CSE110.,entity_heavy,rrf,0.9,False,False,False,False,True,False,,0.0156,0.0417,5.1285,5.1863,2026-07-28T08:22:33.417538+00:00,99.9936,100.0166
Q126,adaptive_novel,What are the prerequisites for CSE111?,The prerequisite for CSE111 is CSE110 (HP).,"Course: CSE111
Prerequisite: CSE110 (HP)

Course: CSE220
Prerequisite: CSE111 (HP),CSE230 (HP)
Full Prerequisite Chain: CSE230-CSE111-CSE110

Initial: AFA
Name: Afroza Akhter
Day: Wednesday
Scheduled commitments (classes/labs/breaks, not availability): 8:00 AM - CSE111-11 (LAB) MAU,AFA 09E-21L; 9:30 AM - CSE111-11 (LAB) MAU,AFA 09E-21L; 11:00 AM - CSE111-05 (LAB) AFA,FEK 09B-10L; 12:30 PM - CSE111-05 (LAB) AFA,FEK 09B-10L; 2:00 PM - CSE111-10 09H-33C

Initial: MAU
Name: Marshia Nujhat
Day: Wednesday
Scheduled commitments (classes/labs/breaks, not availability): 8:00 AM - CSE111-11 (LAB) MAU,AFA 09E-21L; 9:30 AM - CSE111-11 (LAB) MAU,AFA 09E-21L; 2:00 PM - CSE111-06 (LAB) MAFZ,MAU 09B-11L; 3:30 PM - CSE111-06 (LAB) MAFZ,MAU 09B-11L

Initial: MAF
Name: MD ASIF
Day: Tuesday
Scheduled commitments (classes/labs/breaks, not availability): 8:00 AM - CSE111-14 (LAB) AVB,MAF 09B-10L; 9:30 AM - CSE111-14 (LAB) AVB,MAF 09B-10L; 12:30 PM - CSE111-12 09A-01C; 2:00 PM - CSE111-13 (LAB) MAF,NFF 09B-09L; 3:30 PM - CSE111-13 (LAB) MAF,NFF 09B-09L",The prerequisite for CSE111 is CSE110 with a High Pass.,entity_heavy,rrf,0.9,False,False,False,False,True,False,,0.0145,0.0272,4.4501,4.4924,2026-07-28T08:22:37.910226+00:00,99.9934,100.0167
Q127,adaptive_novel,What is the full prerequisite chain for CSE220?,The full prerequisite chain for CSE220 is CSE111-CSE230-CSE110.,"Verified prerequisite chain for CSE220 (nearest prerequisite first, from the Prerequisites knowledge base): CSE111 -> CSE230 -> CSE110.

Course: CSE220
Prerequisite: CSE111 (HP),CSE230 (HP)
Full Prerequisite Chain: CSE230-CSE111-CSE110

Course: CSE221
Prerequisite: CSE220 (HP)
Full Prerequisite Chain: CSE220-CSE111-CSE110

Course: CSE410
Prerequisite: CSE321 (HP)
Full Prerequisite Chain: CSE321-CSE221-CSE220-CSE111-CSE110

Course: CSE310
Prerequisite: CSE370 (HP)
Full Prerequisite Chain: CSE370-CSE221-CSE220-CSE111-CSE110

Course: CSE370
Prerequisite: CSE221 (HP)
Full Prerequisite Chain: CSE221-CSE220-CSE111-CSE110",The full prerequisite chain for CSE220 is CSE230 -> CSE111 -> CSE110.,entity_heavy,rrf,0.9,False,False,False,True,True,False,,0.0166,0.0105,4.6476,4.6747,2026-07-28T08:22:42.585317+00:00,100.0000,100.0166
Q128,adaptive_novel,What are the prerequisites for MAT120?,The prerequisite for MAT120 is MAT110 (HP).,"Course: MAT120
Prerequisite: MAT110 (HP)
Full Prerequisite Chain: MAT110

Course: MAT216
Prerequisite: MAT120 (HP)
Full Prerequisite Chain: MAT120-MAT110

Course: CSE430
Prerequisite: MAT120 (HP)
Full Prerequisite Chain: MAT120-MAT110

Course: CSE330
Prerequisite: MAT216 (HP)
Full Prerequisite Chain: MAT120-MAT110

Course: MAT215
Prerequisite: MAT216 (HP)
Full Prerequisite Chain: MAT216-MAT120-MAT110",The prerequisite for MAT120 is MAT110 with a minimum grade of HP.,entity_heavy,rrf,0.9,False,False,False,False,True,False,,0.0141,0.0172,4.0965,4.1283,2026-07-28T08:22:46.714266+00:00,99.9948,100.0167
Q129,adaptive_novel,What is the full prerequisite chain for CSE421?,The full prerequisite chain for CSE421 is CSE320.,"Verified prerequisite chain for CSE421 (nearest prerequisite first, from the Prerequisites knowledge base): CSE320.

Course: CSE421
Prerequisite: CSE320 (SP)

Course: CSE360
Prerequisite: CSE341 (HP)
Full Prerequisite Chain: CSE341

Course: CSE350
Prerequisite: CSE251 (HP)
Full Prerequisite Chain: CSE251-CSE250

Course: CSE251
Prerequisite: CSE250 (HP)
Full Prerequisite Chain: CSE250

Course: CSE260
Prerequisite: CSE251 (HP)
Full Prerequisite Chain: CSE251-CSE250

Course: CSE430
Prerequisite: MAT120 (HP)
Full Prerequisite Chain: MAT120-MAT110",The full prerequisite chain for CSE421 is CSE320.,entity_heavy,rrf,0.9,False,False,False,True,True,False,,0.0164,0.0099,3.9037,3.9301,2026-07-28T08:22:50.644925+00:00,99.9986,100.0150
Q130,adaptive_novel,What is the full prerequisite chain for CSE221?,The full prerequisite chain for CSE221 is CSE220-CSE111-CSE230-CSE110.,"Verified prerequisite chain for CSE221 (nearest prerequisite first, from the Prerequisites knowledge base): CSE220 -> CSE111 -> CSE230 -> CSE110.

Course: CSE221
Prerequisite: CSE220 (HP)
Full Prerequisite Chain: CSE220-CSE111-CSE110

Course: CSE321
Prerequisite: CSE221 (HP)
Full Prerequisite Chain: CSE221-CSE220-CSE111-CSE110

Course: CSE331
Prerequisite: CSE221 (HP)
Full Prerequisite Chain: CSE221-CSE220-CSE111-CSE110

Course: CSE391
Prerequisite: CSE370 (HP)
Full Prerequisite Chain: CSE370-CSE221-CSE220-CSE111-CSE110

Course: CSE422
Prerequisite: CSE221 (HP)
Full Prerequisite Chain: CSE221-CSE220-CSE111-CSE110",The full prerequisite chain for CSE221 is CSE220 -> CSE111 -> CSE230 -> CSE110.,entity_heavy,rrf,0.9,False,False,False,True,True,False,,0.0143,0.0094,5.0433,5.0671,2026-07-28T08:22:55.712151+00:00,100.0007,100.0166
Q131,adaptive_novel,Who is the theory coordinator for CSE490D?,The theory coordinator for CSE490D is TAV.,"Course: CSE490D
First Theory Coordinator: TAV
Theory Coordinator Email: tarvir.anjum@bracu.ac.bd

Course: CSE350
First Theory Coordinator: ZAZ
Second Theory Coordinator: TSE
Theory Coordinator Email: ihzaz.sadik@bracu.ac.bd,tasneem.mazhar@bracu.ac.bd
First Lab Coordinator: TSE
Lab Coordinator Email: tasneem.mazhar@bracu.ac.bd

Course: CSE474
First Theory Coordinator: AAR
Theory Coordinator Email: annajiat@bracu.ac.bd
First Lab Coordinator: AAR
Lab Coordinator Email: annajiat@bracu.ac.bd

Course: CSE230
First Theory Coordinator: AVB
Second Theory Coordinator: FIC
Theory Coordinator Email: avinandan@bracu.ac.bd,fatiha.ishrar@bracu.ac.bd

Course: CSE321
First Theory Coordinator: BDH
Second Theory Coordinator: SZD
Theory Coordinator Email: badrul.hossain@bracu.ac.bd,shazid.mahbub@bracu.ac.bd
First Lab Coordinator: BDH
Lab Coordinator Email: badrul.hossain@bracu.ac.bd",The first Theory Coordinator for CSE490D is TAV.,entity_heavy,rrf,0.9,False,False,False,False,True,False,,0.0212,0.0196,4.0336,4.0745,2026-07-28T08:22:59.787138+00:00,100.0007,100.0165
Q132,adaptive_novel,Who is the theory coordinator for CSE428?,The theory coordinator for CSE428 is SDQ.,"Course: CSE428
First Theory Coordinator: SDQ
Theory Coordinator Email: saiful.bari@bracu.ac.bd
First Lab Coordinator: EHQ
Lab Coordinator Email: ehtashamul.haque@bracu.ac.bd

Course: CSE423
First Theory Coordinator: TMD
Second Theory Coordinator: SMUR
Theory Coordinator Email: tamkin.mahmud@bracu.ac.bd,rahman.samiur@bracu.ac.bd
First Lab Coordinator: SRU
Lab Coordinator Email: shakir.rouf@bracu.ac.bd

Course: CSE424
First Theory Coordinator: AAR
Theory Coordinator Email: annajiat@bracu.ac.bd
First Lab Coordinator: AAR
Lab Coordinator Email: annajiat@bracu.ac.bd

Course: CSE350
First Theory Coordinator: ZAZ
Second Theory Coordinator: TSE
Theory Coordinator Email: ihzaz.sadik@bracu.ac.bd,tasneem.mazhar@bracu.ac.bd
First Lab Coordinator: TSE
Lab Coordinator Email: tasneem.mazhar@bracu.ac.bd

Course: CSE321
First Theory Coordinator: BDH
Second Theory Coordinator: SZD
Theory Coordinator Email: badrul.hossain@bracu.ac.bd,shazid.mahbub@bracu.ac.bd
First Lab Coordinator: BDH
Lab Coordinator Email: badrul.hossain@bracu.ac.bd",The first Theory Coordinator for CSE428 is SDQ.,entity_heavy,rrf,0.9,False,False,False,False,True,False,,0.0161,0.0137,4.0441,4.0740,2026-07-28T08:23:03.861493+00:00,99.9990,100.0150
Q133,adaptive_novel,Who is the theory coordinator for CSE370?,The theory coordinator for CSE370 is FEK.,"Course: CSE370
First Theory Coordinator: FEK
Theory Coordinator Email: farden.khan@bracu.ac.bd
First Lab Coordinator: FEK
Lab Coordinator Email: farden.khan@bracu.ac.bd

Course: CSE350
First Theory Coordinator: ZAZ
Second Theory Coordinator: TSE
Theory Coordinator Email: ihzaz.sadik@bracu.ac.bd,tasneem.mazhar@bracu.ac.bd
First Lab Coordinator: TSE
Lab Coordinator Email: tasneem.mazhar@bracu.ac.bd

Course: CSE230
First Theory Coordinator: AVB
Second Theory Coordinator: FIC
Theory Coordinator Email: avinandan@bracu.ac.bd,fatiha.ishrar@bracu.ac.bd

Course: CSE250
First Theory Coordinator: SDS
Second Theory Coordinator: PDS
Theory Coordinator Email: shadman.shahriar@bracu.ac.bd,purbayan.das@bracu.ac.bd
First Lab Coordinator: SDQ
Second Lab Coordinator: FFR
Lab Coordinator Email: saiful.bari@bracu.ac.bd,md.fatin@bracu.ac.bd

Course: CSE424
First Theory Coordinator: AAR
Theory Coordinator Email: annajiat@bracu.ac.bd
First Lab Coordinator: AAR
Lab Coordinator Email: annajiat@bracu.ac.bd",The first theory coordinator for CSE370 is FEK.,entity_heavy,rrf,0.9,False,False,False,False,True,False,,0.0151,0.0141,4.0160,4.0452,2026-07-28T08:23:07.907026+00:00,100.0006,100.0165
Q134,adaptive_novel,Who is the theory coordinator for CSE426?,The theory coordinator for CSE426 is TSM.,"Course: CSE426
First Theory Coordinator: TSM
Theory Coordinator Email: mirza.mugdho@bracu.ac.bd

Course: CSE423
First Theory Coordinator: TMD
Second Theory Coordinator: SMUR
Theory Coordinator Email: tamkin.mahmud@bracu.ac.bd,rahman.samiur@bracu.ac.bd
First Lab Coordinator: SRU
Lab Coordinator Email: shakir.rouf@bracu.ac.bd

Course: CSE424
First Theory Coordinator: AAR
Theory Coordinator Email: annajiat@bracu.ac.bd
First Lab Coordinator: AAR
Lab Coordinator Email: annajiat@bracu.ac.bd

Course: CSE350
First Theory Coordinator: ZAZ
Second Theory Coordinator: TSE
Theory Coordinator Email: ihzaz.sadik@bracu.ac.bd,tasneem.mazhar@bracu.ac.bd
First Lab Coordinator: TSE
Lab Coordinator Email: tasneem.mazhar@bracu.ac.bd

Course: CSE321
First Theory Coordinator: BDH
Second Theory Coordinator: SZD
Theory Coordinator Email: badrul.hossain@bracu.ac.bd,shazid.mahbub@bracu.ac.bd
First Lab Coordinator: BDH
Lab Coordinator Email: badrul.hossain@bracu.ac.bd",The first Theory Coordinator for CSE426 is TSM.,entity_heavy,rrf,0.9,False,False,False,False,True,False,,0.0158,0.0125,3.9562,3.9846,2026-07-28T08:23:11.892267+00:00,100.0010,100.0165
Q135,adaptive_novel,Who is the theory coordinator for CSE481?,The theory coordinator for CSE481 is SDS.,"Course: CSE481
First Theory Coordinator: SDS
Theory Coordinator Email: shadman.shahriar@bracu.ac.bd
First Lab Coordinator: SDS
Lab Coordinator Email: shadman.shahriar@bracu.ac.bd

Course: CSE221
First Theory Coordinator: FGZ
Second Theory Coordinator: IBA
Theory Coordinator Email: fakhruddin.gazzali@bracu.ac.bd,imran.azad@bracu.ac.bd
First Lab Coordinator: NARC
Second Lab Coordinator: AKHD
Lab Coordinator Email: atonuroy.chowdhury@bracu.ac.bd,ext.abdullah@bracu.ac.bd

Course: CSE251
First Theory Coordinator: PDS
Second Theory Coordinator: UTS
Theory Coordinator Email: purbayan.das@bracu.ac.bd,utsab.saha@bracu.ac.bd
First Lab Coordinator: MOM
Lab Coordinator Email: moynul.moni@bracu.ac.bd

Course: CSE321
First Theory Coordinator: BDH
Second Theory Coordinator: SZD
Theory Coordinator Email: badrul.hossain@bracu.ac.bd,shazid.mahbub@bracu.ac.bd
First Lab Coordinator: BDH
Lab Coordinator Email: badrul.hossain@bracu.ac.bd

Course: CSE423
First Theory Coordinator: TMD
Second Theory Coordinator: SMUR
Theory Coordinator Email: tamkin.mahmud@bracu.ac.bd,rahman.samiur@bracu.ac.bd
First Lab Coordinator: SRU
Lab Coordinator Email: shakir.rouf@bracu.ac.bd","The first Theory Coordinator for CSE481 is SDS, and their email address is shadman.shahriar@bracu.ac.bd.",entity_heavy,rrf,0.9,False,False,False,False,True,False,,0.0195,0.0145,5.6874,5.7214,2026-07-28T08:23:17.614119+00:00,99.9990,100.0150
Q136,adaptive_novel,Who is the theory coordinator for CSE447?,The theory coordinator for CSE447 is MIH.,"Course: CSE447
First Theory Coordinator: MIH
Theory Coordinator Email: iqbal.hossain@bracu.ac.bd
First Lab Coordinator: FFU
Lab Coordinator Email: farhan.faruk@bracu.ac.bd

Course: CSE424
First Theory Coordinator: AAR
Theory Coordinator Email: annajiat@bracu.ac.bd
First Lab Coordinator: AAR
Lab Coordinator Email: annajiat@bracu.ac.bd

Course: CSE423
First Theory Coordinator: TMD
Second Theory Coordinator: SMUR
Theory Coordinator Email: tamkin.mahmud@bracu.ac.bd,rahman.samiur@bracu.ac.bd
First Lab Coordinator: SRU
Lab Coordinator Email: shakir.rouf@bracu.ac.bd

Course: CSE474
First Theory Coordinator: AAR
Theory Coordinator Email: annajiat@bracu.ac.bd
First Lab Coordinator: AAR
Lab Coordinator Email: annajiat@bracu.ac.bd

Course: CSE321
First Theory Coordinator: BDH
Second Theory Coordinator: SZD
Theory Coordinator Email: badrul.hossain@bracu.ac.bd,shazid.mahbub@bracu.ac.bd
First Lab Coordinator: BDH
Lab Coordinator Email: badrul.hossain@bracu.ac.bd",The first Theory Coordinator for CSE447 is MIH.,entity_heavy,rrf,0.9,False,False,False,False,True,False,,0.0147,0.0233,4.1373,4.1754,2026-07-28T08:23:21.789389+00:00,99.9990,100.0150
Q137,adaptive_novel,Who is the theory coordinator for CSE472?,The theory coordinator for CSE472 is FDC.,"Course: CSE472
First Theory Coordinator: FDC
Theory Coordinator Email: farida.chowdhury@bracu.ac.bd

Course: CSE474
First Theory Coordinator: AAR
Theory Coordinator Email: annajiat@bracu.ac.bd
First Lab Coordinator: AAR
Lab Coordinator Email: annajiat@bracu.ac.bd

Course: CSE423
First Theory Coordinator: TMD
Second Theory Coordinator: SMUR
Theory Coordinator Email: tamkin.mahmud@bracu.ac.bd,rahman.samiur@bracu.ac.bd
First Lab Coordinator: SRU
Lab Coordinator Email: shakir.rouf@bracu.ac.bd

Course: CSE321
First Theory Coordinator: BDH
Second Theory Coordinator: SZD
Theory Coordinator Email: badrul.hossain@bracu.ac.bd,shazid.mahbub@bracu.ac.bd
First Lab Coordinator: BDH
Lab Coordinator Email: badrul.hossain@bracu.ac.bd

Course: CSE221
First Theory Coordinator: FGZ
Second Theory Coordinator: IBA
Theory Coordinator Email: fakhruddin.gazzali@bracu.ac.bd,imran.azad@bracu.ac.bd
First Lab Coordinator: NARC
Second Lab Coordinator: AKHD
Lab Coordinator Email: atonuroy.chowdhury@bracu.ac.bd,ext.abdullah@bracu.ac.bd",The first Theory Coordinator for CSE472 is FDC.,entity_heavy,rrf,0.9,False,False,False,False,True,False,,0.0162,0.0142,4.0217,4.0522,2026-07-28T08:23:25.842210+00:00,99.9990,100.0150
Q138,adaptive_novel,What is the coordinator email for CSE437?,The coordinator email for CSE437 is rabiul.alam@bracu.ac.bd.,"Course: CSE437
First Theory Coordinator: GRA
Theory Coordinator Email: rabiul.alam@bracu.ac.bd

Course: CSE430
First Theory Coordinator: EHQ
Theory Coordinator Email: ehtashamul.haque@bracu.ac.bd
First Lab Coordinator: TAV
Lab Coordinator Email: tarvir.anjum@bracu.ac.bd

Course: CSE428
First Theory Coordinator: SDQ
Theory Coordinator Email: saiful.bari@bracu.ac.bd
First Lab Coordinator: EHQ
Lab Coordinator Email: ehtashamul.haque@bracu.ac.bd

Course: CSE424
First Theory Coordinator: AAR
Theory Coordinator Email: annajiat@bracu.ac.bd
First Lab Coordinator: AAR
Lab Coordinator Email: annajiat@bracu.ac.bd

Course: CSE419
First Theory Coordinator: KKP
Theory Coordinator Email: kabbya.kantam@bracu.ac.bd
First Lab Coordinator: ARD
Lab Coordinator Email: ayman.rasheed@bracu.ac.bd",The Theory Coordinator Email for CSE437 is rabiul.alam@bracu.ac.bd.,entity_heavy,rrf,0.9,False,False,False,False,True,False,,0.0156,0.0104,4.6971,4.7232,2026-07-28T08:23:30.565789+00:00,100.0002,100.0150
Q139,adaptive_novel,Who is the theory coordinator for CSE310?,The theory coordinator for CSE310 is ADR.,"Course: CSE350
First Theory Coordinator: ZAZ
Second Theory Coordinator: TSE
Theory Coordinator Email: ihzaz.sadik@bracu.ac.bd,tasneem.mazhar@bracu.ac.bd
First Lab Coordinator: TSE
Lab Coordinator Email: tasneem.mazhar@bracu.ac.bd

Course: CSE310
First Theory Coordinator: ADR
Theory Coordinator Email: abdur.rahman@bracu.ac.bd
First Lab Coordinator: ADR
Lab Coordinator Email: abdur.rahman@bracu.ac.bd

Course: CSE250
First Theory Coordinator: SDS
Second Theory Coordinator: PDS
Theory Coordinator Email: shadman.shahriar@bracu.ac.bd,purbayan.das@bracu.ac.bd
First Lab Coordinator: SDQ
Second Lab Coordinator: FFR
Lab Coordinator Email: saiful.bari@bracu.ac.bd,md.fatin@bracu.ac.bd

Course: CSE230
First Theory Coordinator: AVB
Second Theory Coordinator: FIC
Theory Coordinator Email: avinandan@bracu.ac.bd,fatiha.ishrar@bracu.ac.bd

Course: CSE321
First Theory Coordinator: BDH
Second Theory Coordinator: SZD
Theory Coordinator Email: badrul.hossain@bracu.ac.bd,shazid.mahbub@bracu.ac.bd
First Lab Coordinator: BDH
Lab Coordinator Email: badrul.hossain@bracu.ac.bd",The first Theory Coordinator for CSE310 is ADR.,entity_heavy,rrf,0.9,False,False,False,False,True,False,,0.0171,0.0141,4.0597,4.0909,2026-07-28T08:23:34.657294+00:00,99.9990,100.0150
Q140,adaptive_novel,Who is the theory coordinator for CSE330?,The theory coordinator for CSE330 is AMK. The second theory coordinator is AQU.,"Course: CSE330
First Theory Coordinator: AMK
Second Theory Coordinator: AQU
Theory Coordinator Email: abu.khan@bracu.ac.bd,aquib.azmain@bracu.ac.bd
First Lab Coordinator: NNTN
Second Lab Coordinator: ALB
Lab Coordinator Email: naima.tahsin@bracu.ac.bd,anindita.labonno@bracu.ac.bd

Course: CSE350
First Theory Coordinator: ZAZ
Second Theory Coordinator: TSE
Theory Coordinator Email: ihzaz.sadik@bracu.ac.bd,tasneem.mazhar@bracu.ac.bd
First Lab Coordinator: TSE
Lab Coordinator Email: tasneem.mazhar@bracu.ac.bd

Course: CSE230
First Theory Coordinator: AVB
Second Theory Coordinator: FIC
Theory Coordinator Email: avinandan@bracu.ac.bd,fatiha.ishrar@bracu.ac.bd

Course: CSE250
First Theory Coordinator: SDS
Second Theory Coordinator: PDS
Theory Coordinator Email: shadman.shahriar@bracu.ac.bd,purbayan.das@bracu.ac.bd
First Lab Coordinator: SDQ
Second Lab Coordinator: FFR
Lab Coordinator Email: saiful.bari@bracu.ac.bd,md.fatin@bracu.ac.bd

Course: CSE321
First Theory Coordinator: BDH
Second Theory Coordinator: SZD
Theory Coordinator Email: badrul.hossain@bracu.ac.bd,shazid.mahbub@bracu.ac.bd
First Lab Coordinator: BDH
Lab Coordinator Email: badrul.hossain@bracu.ac.bd","The first Theory Coordinator for CSE330 is AMK, and the second Theory Coordinator is AQU.",entity_heavy,rrf,0.9,False,False,False,False,True,False,,0.0139,0.0144,4.8914,4.9199,2026-07-28T08:23:39.577681+00:00,100.0006,100.0166
Q141,adaptive_novel,Who is the theory coordinator for CSE490B?,The theory coordinator for CSE490B is TLQ.,"Course: CSE490B
First Theory Coordinator: TLQ
Theory Coordinator Email: taiabul.haque@bracu.ac.bd
First Lab Coordinator: ZMD
Lab Coordinator Email: zaber.mohammad@bracu.ac.bd

Course: CSE230
First Theory Coordinator: AVB
Second Theory Coordinator: FIC
Theory Coordinator Email: avinandan@bracu.ac.bd,fatiha.ishrar@bracu.ac.bd

Course: CSE250
First Theory Coordinator: SDS
Second Theory Coordinator: PDS
Theory Coordinator Email: shadman.shahriar@bracu.ac.bd,purbayan.das@bracu.ac.bd
First Lab Coordinator: SDQ
Second Lab Coordinator: FFR
Lab Coordinator Email: saiful.bari@bracu.ac.bd,md.fatin@bracu.ac.bd

Course: CSE350
First Theory Coordinator: ZAZ
Second Theory Coordinator: TSE
Theory Coordinator Email: ihzaz.sadik@bracu.ac.bd,tasneem.mazhar@bracu.ac.bd
First Lab Coordinator: TSE
Lab Coordinator Email: tasneem.mazhar@bracu.ac.bd

Course: CSE321
First Theory Coordinator: BDH
Second Theory Coordinator: SZD
Theory Coordinator Email: badrul.hossain@bracu.ac.bd,shazid.mahbub@bracu.ac.bd
First Lab Coordinator: BDH
Lab Coordinator Email: badrul.hossain@bracu.ac.bd",The first Theory Coordinator for CSE490B is TLQ.,entity_heavy,rrf,0.9,False,False,False,False,True,False,,0.0130,0.0139,4.2067,4.2336,2026-07-28T08:23:43.811582+00:00,99.9990,100.0150
Q142,adaptive_novel,Who is the theory coordinator for CSE331?,The theory coordinator for CSE331 is RSS.,"Course: CSE331
First Theory Coordinator: RSS
Theory Coordinator Email: rafiad.shahir@bracu.ac.bd

Course: CSE321
First Theory Coordinator: BDH
Second Theory Coordinator: SZD
Theory Coordinator Email: badrul.hossain@bracu.ac.bd,shazid.mahbub@bracu.ac.bd
First Lab Coordinator: BDH
Lab Coordinator Email: badrul.hossain@bracu.ac.bd

Course: CSE221
First Theory Coordinator: FGZ
Second Theory Coordinator: IBA
Theory Coordinator Email: fakhruddin.gazzali@bracu.ac.bd,imran.azad@bracu.ac.bd
First Lab Coordinator: NARC
Second Lab Coordinator: AKHD
Lab Coordinator Email: atonuroy.chowdhury@bracu.ac.bd,ext.abdullah@bracu.ac.bd

Course: CSE251
First Theory Coordinator: PDS
Second Theory Coordinator: UTS
Theory Coordinator Email: purbayan.das@bracu.ac.bd,utsab.saha@bracu.ac.bd
First Lab Coordinator: MOM
Lab Coordinator Email: moynul.moni@bracu.ac.bd

Course: CSE423
First Theory Coordinator: TMD
Second Theory Coordinator: SMUR
Theory Coordinator Email: tamkin.mahmud@bracu.ac.bd,rahman.samiur@bracu.ac.bd
First Lab Coordinator: SRU
Lab Coordinator Email: shakir.rouf@bracu.ac.bd","The first Theory Coordinator for CSE331 is RSS, and their email address is rafiad.shahir@bracu.ac.bd.",entity_heavy,rrf,0.9,False,False,False,False,True,False,,0.0156,0.0140,5.5030,5.5326,2026-07-28T08:23:49.344152+00:00,99.9990,100.0150
Q143,adaptive_novel,What is the coordinator email for CSE220?,The coordinator email for CSE220 is abu.ibrahim@bracu.ac.bd.,"Course: CSE220
First Theory Coordinator: AIB
Theory Coordinator Email: abu.ibrahim@bracu.ac.bd
First Lab Coordinator: AIB
Second Lab Coordinator: KKS
Lab Coordinator Email: abu.ibrahim@bracu.ac.bd,md.khaliduzzaman@bracu.ac.bd

Course: CSE430
First Theory Coordinator: EHQ
Theory Coordinator Email: ehtashamul.haque@bracu.ac.bd
First Lab Coordinator: TAV
Lab Coordinator Email: tarvir.anjum@bracu.ac.bd

Course: CSE310
First Theory Coordinator: ADR
Theory Coordinator Email: abdur.rahman@bracu.ac.bd
First Lab Coordinator: ADR
Lab Coordinator Email: abdur.rahman@bracu.ac.bd

Course: CSE370
First Theory Coordinator: FEK
Theory Coordinator Email: farden.khan@bracu.ac.bd
First Lab Coordinator: FEK
Lab Coordinator Email: farden.khan@bracu.ac.bd

Course: CSE419
First Theory Coordinator: KKP
Theory Coordinator Email: kabbya.kantam@bracu.ac.bd
First Lab Coordinator: ARD
Lab Coordinator Email: ayman.rasheed@bracu.ac.bd",The Theory and Lab Coordinator emails for CSE220 are abu.ibrahim@bracu.ac.bd.,entity_heavy,rrf,0.9,False,False,False,False,True,False,,0.0140,0.0178,4.9075,4.9393,2026-07-28T08:23:54.283977+00:00,100.0002,100.0150
Q144,adaptive_novel,What is the coordinator email for CSE460?,The coordinator email for CSE460 is arpa.roy@bracu.ac.bd.,"Course: CSE460
First Theory Coordinator: ARPD
Theory Coordinator Email: arpa.roy@bracu.ac.bd
First Lab Coordinator: AKJ
Second Lab Coordinator: SDL
Lab Coordinator Email: anjum.akib@bracu.ac.bd,shadmin.sultana@bracu.ac.bd

Course: CSE430
First Theory Coordinator: EHQ
Theory Coordinator Email: ehtashamul.haque@bracu.ac.bd
First Lab Coordinator: TAV
Lab Coordinator Email: tarvir.anjum@bracu.ac.bd

Course: CSE310
First Theory Coordinator: ADR
Theory Coordinator Email: abdur.rahman@bracu.ac.bd
First Lab Coordinator: ADR
Lab Coordinator Email: abdur.rahman@bracu.ac.bd

Course: CSE370
First Theory Coordinator: FEK
Theory Coordinator Email: farden.khan@bracu.ac.bd
First Lab Coordinator: FEK
Lab Coordinator Email: farden.khan@bracu.ac.bd

Course: CSE424
First Theory Coordinator: AAR
Theory Coordinator Email: annajiat@bracu.ac.bd
First Lab Coordinator: AAR
Lab Coordinator Email: annajiat@bracu.ac.bd","The theory coordinator email for CSE460 is arpa.roy@bracu.ac.bd, and the lab coordinator emails are anjum.akib@bracu.ac.bd and shadmin.sultana@bracu.ac.bd.",entity_heavy,rrf,0.9,False,False,False,False,True,False,,0.0164,0.0166,7.5188,7.5519,2026-07-28T08:24:01.836325+00:00,100.0002,100.0150
Q145,adaptive_novel,What is the coordinator email for CSE446?,The coordinator email for CSE446 is sadek.ferdous@bracu.ac.bd.,"Course: CSE446
First Theory Coordinator: SDF
Theory Coordinator Email: sadek.ferdous@bracu.ac.bd
First Lab Coordinator: SJM
Second Lab Coordinator: SDF
Lab Coordinator Email: ext.sajid.mahir@bracu.ac.bd,sadek.ferdous@bracu.ac.bd

Course: CSE428
First Theory Coordinator: SDQ
Theory Coordinator Email: saiful.bari@bracu.ac.bd
First Lab Coordinator: EHQ
Lab Coordinator Email: ehtashamul.haque@bracu.ac.bd

Course: CSE424
First Theory Coordinator: AAR
Theory Coordinator Email: annajiat@bracu.ac.bd
First Lab Coordinator: AAR
Lab Coordinator Email: annajiat@bracu.ac.bd

Course: CSE430
First Theory Coordinator: EHQ
Theory Coordinator Email: ehtashamul.haque@bracu.ac.bd
First Lab Coordinator: TAV
Lab Coordinator Email: tarvir.anjum@bracu.ac.bd

Course: CSE474
First Theory Coordinator: AAR
Theory Coordinator Email: annajiat@bracu.ac.bd
First Lab Coordinator: AAR
Lab Coordinator Email: annajiat@bracu.ac.bd","The theory coordinator email for CSE446 is sadek.ferdous@bracu.ac.bd, and the lab coordinator emails are ext.sajid.mahir@bracu.ac.bd and sadek.ferdous@bracu.ac.bd.",entity_heavy,rrf,0.9,False,False,False,False,True,False,,0.0151,0.0265,8.1443,8.1860,2026-07-28T08:24:10.022762+00:00,100.0002,100.0150
Q146,adaptive_novel,Who is the theory coordinator for CSE461?,The theory coordinator for CSE461 is KHR.,"Course: CSE461
First Theory Coordinator: KHR
Theory Coordinator Email: khalilur@bracu.ac.bd
First Lab Coordinator: RDW
Second Lab Coordinator: RFF
Lab Coordinator Email: redowanul.akbar@bracu.ac.bd,rafid.ahnaf@bracu.ac.bd

Course: CSE221
First Theory Coordinator: FGZ
Second Theory Coordinator: IBA
Theory Coordinator Email: fakhruddin.gazzali@bracu.ac.bd,imran.azad@bracu.ac.bd
First Lab Coordinator: NARC
Second Lab Coordinator: AKHD
Lab Coordinator Email: atonuroy.chowdhury@bracu.ac.bd,ext.abdullah@bracu.ac.bd

Course: CSE321
First Theory Coordinator: BDH
Second Theory Coordinator: SZD
Theory Coordinator Email: badrul.hossain@bracu.ac.bd,shazid.mahbub@bracu.ac.bd
First Lab Coordinator: BDH
Lab Coordinator Email: badrul.hossain@bracu.ac.bd

Course: CSE251
First Theory Coordinator: PDS
Second Theory Coordinator: UTS
Theory Coordinator Email: purbayan.das@bracu.ac.bd,utsab.saha@bracu.ac.bd
First Lab Coordinator: MOM
Lab Coordinator Email: moynul.moni@bracu.ac.bd

Course: CSE423
First Theory Coordinator: TMD
Second Theory Coordinator: SMUR
Theory Coordinator Email: tamkin.mahmud@bracu.ac.bd,rahman.samiur@bracu.ac.bd
First Lab Coordinator: SRU
Lab Coordinator Email: shakir.rouf@bracu.ac.bd","The first Theory Coordinator for CSE461 is KHR, and their email address is khalilur@bracu.ac.bd.",entity_heavy,rrf,0.9,False,False,False,False,True,False,,0.0134,0.0319,5.6018,5.6472,2026-07-28T08:24:15.670120+00:00,99.9990,100.0150
Q147,adaptive_novel,What is the coordinator email for CSE419?,The coordinator email for CSE419 is kabbya.kantam@bracu.ac.bd.,"Course: CSE419
First Theory Coordinator: KKP
Theory Coordinator Email: kabbya.kantam@bracu.ac.bd
First Lab Coordinator: ARD
Lab Coordinator Email: ayman.rasheed@bracu.ac.bd

Course: CSE428
First Theory Coordinator: SDQ
Theory Coordinator Email: saiful.bari@bracu.ac.bd
First Lab Coordinator: EHQ
Lab Coordinator Email: ehtashamul.haque@bracu.ac.bd

Course: CSE430
First Theory Coordinator: EHQ
Theory Coordinator Email: ehtashamul.haque@bracu.ac.bd
First Lab Coordinator: TAV
Lab Coordinator Email: tarvir.anjum@bracu.ac.bd

Course: CSE424
First Theory Coordinator: AAR
Theory Coordinator Email: annajiat@bracu.ac.bd
First Lab Coordinator: AAR
Lab Coordinator Email: annajiat@bracu.ac.bd

Course: CSE447
First Theory Coordinator: MIH
Theory Coordinator Email: iqbal.hossain@bracu.ac.bd
First Lab Coordinator: FFU
Lab Coordinator Email: farhan.faruk@bracu.ac.bd",The Theory Coordinator email for CSE419 is kabbya.kantam@bracu.ac.bd.,entity_heavy,rrf,0.9,False,False,False,False,True,False,,0.0152,0.0167,4.8266,4.8586,2026-07-28T08:24:20.529096+00:00,100.0002,100.0150
Q148,adaptive_novel,Who is the theory coordinator for CSE482?,The theory coordinator for CSE482 is SDS.,"Course: CSE482
First Theory Coordinator: SDS
Theory Coordinator Email: shadman.shahriar@bracu.ac.bd
First Lab Coordinator: SDS
Lab Coordinator Email: shadman.shahriar@bracu.ac.bd

Course: CSE221
First Theory Coordinator: FGZ
Second Theory Coordinator: IBA
Theory Coordinator Email: fakhruddin.gazzali@bracu.ac.bd,imran.azad@bracu.ac.bd
First Lab Coordinator: NARC
Second Lab Coordinator: AKHD
Lab Coordinator Email: atonuroy.chowdhury@bracu.ac.bd,ext.abdullah@bracu.ac.bd

Course: CSE423
First Theory Coordinator: TMD
Second Theory Coordinator: SMUR
Theory Coordinator Email: tamkin.mahmud@bracu.ac.bd,rahman.samiur@bracu.ac.bd
First Lab Coordinator: SRU
Lab Coordinator Email: shakir.rouf@bracu.ac.bd

Course: CSE321
First Theory Coordinator: BDH
Second Theory Coordinator: SZD
Theory Coordinator Email: badrul.hossain@bracu.ac.bd,shazid.mahbub@bracu.ac.bd
First Lab Coordinator: BDH
Lab Coordinator Email: badrul.hossain@bracu.ac.bd

Course: CSE424
First Theory Coordinator: AAR
Theory Coordinator Email: annajiat@bracu.ac.bd
First Lab Coordinator: AAR
Lab Coordinator Email: annajiat@bracu.ac.bd",The first theory coordinator for CSE482 is SDS.,entity_heavy,rrf,0.9,False,False,False,False,True,False,,0.0163,0.0189,3.9005,3.9357,2026-07-28T08:24:24.465564+00:00,99.9990,100.0150
Q149,adaptive_novel,What is the coordinator email for CSE443?,The coordinator email for CSE443 is swakkhar.shatabda@bracu.ac.bd.,"Course: CSE443
First Theory Coordinator: SWK
Theory Coordinator Email: swakkhar.shatabda@bracu.ac.bd

Course: CSE424
First Theory Coordinator: AAR
Theory Coordinator Email: annajiat@bracu.ac.bd
First Lab Coordinator: AAR
Lab Coordinator Email: annajiat@bracu.ac.bd

Course: CSE422
First Theory Coordinator: TRZ
Theory Coordinator Email: tanzim.reza@bracu.ac.bd
First Lab Coordinator: ZHS
Lab Coordinator Email: shoumo.hasan@bracu.ac.bd

Course: CSE430
First Theory Coordinator: EHQ
Theory Coordinator Email: ehtashamul.haque@bracu.ac.bd
First Lab Coordinator: TAV
Lab Coordinator Email: tarvir.anjum@bracu.ac.bd

Course: CSE428
First Theory Coordinator: SDQ
Theory Coordinator Email: saiful.bari@bracu.ac.bd
First Lab Coordinator: EHQ
Lab Coordinator Email: ehtashamul.haque@bracu.ac.bd",The Theory Coordinator email for CSE443 is swakkhar.shatabda@bracu.ac.bd.,entity_heavy,rrf,0.9,False,False,False,False,True,False,,0.0138,0.0107,4.9805,5.0051,2026-07-28T08:24:29.470750+00:00,100.0002,100.0150
Q150,adaptive_novel,What is the coordinator email for CSE430?,The coordinator email for CSE430 is ehtashamul.haque@bracu.ac.bd.,"Course: CSE430
First Theory Coordinator: EHQ
Theory Coordinator Email: ehtashamul.haque@bracu.ac.bd
First Lab Coordinator: TAV
Lab Coordinator Email: tarvir.anjum@bracu.ac.bd

Course: CSE447
First Theory Coordinator: MIH
Theory Coordinator Email: iqbal.hossain@bracu.ac.bd
First Lab Coordinator: FFU
Lab Coordinator Email: farhan.faruk@bracu.ac.bd

Course: CSE370
First Theory Coordinator: FEK
Theory Coordinator Email: farden.khan@bracu.ac.bd
First Lab Coordinator: FEK
Lab Coordinator Email: farden.khan@bracu.ac.bd

Course: CSE310
First Theory Coordinator: ADR
Theory Coordinator Email: abdur.rahman@bracu.ac.bd
First Lab Coordinator: ADR
Lab Coordinator Email: abdur.rahman@bracu.ac.bd

Course: CSE424
First Theory Coordinator: AAR
Theory Coordinator Email: annajiat@bracu.ac.bd
First Lab Coordinator: AAR
Lab Coordinator Email: annajiat@bracu.ac.bd",The theory coordinator email for CSE430 is ehtashamul.haque@bracu.ac.bd.,entity_heavy,rrf,0.9,False,False,False,False,True,False,,0.0220,0.0162,4.9135,4.9518,2026-07-28T08:24:34.423520+00:00,100.0002,100.0150
Q151,adaptive_novel,What day and time is the theory class for CSE260-04A?,The theory class for CSE260-04A is on SUN+TUE at 11:00 AM in room 09A-03C.,"Course: CSE260-04A
Theory Initial: DZK
Theory Day: SUN+TUE
Theory Time: 11:00 AM
Theory Room: 09A-03C
Lab Faculty: NFF,MZW
Lab Day: WED
Lab Time: 11:00 AM
Lab Room: FT10-03L

Course: CSE260-05A
Theory Initial: NLH
Theory Day: MON+WED
Theory Time: 8:00 AM
Theory Room: 09A-03C
Lab Faculty: CSYR,SMDS
Lab Day: TUE
Lab Time: 8:00 AM
Lab Room: FT10-03L

Course: CSE251-04A
Theory Initial: AKJ
Theory Day: SUN+TUE
Theory Time: 12:30 PM
Theory Room: 07H-27C
Lab Faculty: EHQ,SHJR
Lab Day: MON
Lab Time: 2:00 PM
Lab Room: 12B-20L

Course: CSE250-04A
Theory Initial: FFR
Theory Day: SUN+TUE
Theory Time: 8:00 AM
Theory Room: 07H-27C
Lab Faculty: SDQ,FFR
Lab Day: MON
Lab Time: 11:00 AM
Lab Room: 12B-20L

Course: CSE350-04A
Theory Initial: ARA
Theory Day: SUN+TUE
Theory Time: 8:00 AM
Theory Room: 09A-07C
Lab Faculty: SDAS,TSE
Lab Day: THU
Lab Time: 11:00 AM
Lab Room: FT10-01L",The theory class for CSE260-04A meets on Sunday and Tuesday at 11:00 AM.,entity_heavy,rrf,0.9,False,False,False,False,True,False,,0.0203,0.0279,4.9887,5.0370,2026-07-28T08:24:39.460754+00:00,100.0002,100.0150
Q152,adaptive_novel,What day and time is the theory class for CSE360-10?,The theory class for CSE360-10 is on SUN+TUE at 9:30 AM in room 09A-05C.,"Course: CSE360-10
Theory Initial: SHBK
Theory Day: SUN+TUE
Theory Time: 9:30 AM
Theory Room: 09A-05C
Lab Faculty: UJT,PRC
Lab Day: WED
Lab Time: 8:00 AM
Lab Room: 12B-19L

Course: CSE360-08
Theory Initial: UJT
Theory Day: MON+WED
Theory Time: 11:00 AM
Theory Room: 10B-15C
Lab Faculty: FIC,IRZA
Lab Day: TUE
Lab Time: 8:00 AM
Lab Room: 12B-19L

Course: CSE360-04
Theory Initial: RDW
Theory Day: SAT+THU
Theory Time: 12:30 PM
Theory Room: 09H-33C
Lab Faculty: RDW,SMYA
Lab Day: SUN
Lab Time: 11:00 AM
Lab Room: 12B-19L

Course: CSE360-05
Theory Initial: SRU
Theory Day: SUN+TUE
Theory Time: 12:30 PM
Theory Room: 09C-13C
Lab Faculty: PRC,IRZA
Lab Day: MON
Lab Time: 8:00 AM
Lab Room: 12B-19L

Course: CSE360-06
Theory Initial: SRU
Theory Day: MON+WED
Theory Time: 11:00 AM
Theory Room: 09A-06C
Lab Faculty: SMYA,IRZA
Lab Day: TUE
Lab Time: 11:00 AM
Lab Room: 12B-19L",The theory class for CSE360-10 meets on Sunday and Tuesday at 9:30 AM.,entity_heavy,rrf,0.9,False,False,False,False,True,False,,0.0194,0.0266,4.8662,4.9123,2026-07-28T08:24:44.373629+00:00,100.0002,100.0150
Q153,adaptive_novel,What day and time is the theory class for CSE460-03?,The theory class for CSE460-03 is on SAT+THU at 12:30 PM in room 07H-26C.,"Course: CSE460-03
Theory Initial: SDL
Theory Day: SAT+THU
Theory Time: 12:30 PM
Theory Room: 07H-26C
Lab Faculty: SDL,SDU
Lab Day: TUE
Lab Time: 8:00 AM
Lab Room: 09E-22L

Course: CSE460-04
Theory Initial: SDU
Theory Day: SAT+THU
Theory Time: 2:00 PM
Theory Room: 09A-07C
Lab Faculty: AKJ,RAS
Lab Day: MON
Lab Time: 11:00 AM
Lab Room: 09F-24L

Course: CSE460-05
Theory Initial: RAS
Theory Day: SUN+TUE
Theory Time: 9:30 AM
Theory Room: 09A-07C
Lab Faculty: AKJ,RAS
Lab Day: MON
Lab Time: 2:00 PM
Lab Room: 12F-30L

Course: CSE460-02
Theory Initial: ZIZE
Theory Day: SAT+THU
Theory Time: 11:00 AM
Theory Room: 07D-20C
Lab Faculty: RAS,ZBH
Lab Day: SAT
Lab Time: 2:00 PM
Lab Room: 10E-27L

Course: CSE460-01
Theory Initial: SDL
Theory Day: SAT+THU
Theory Time: 9:30 AM
Theory Room: 09D-18C
Lab Faculty: AKJ,UPM
Lab Day: WED
Lab Time: 11:00 AM
Lab Room: 09E-21L","The theory class for CSE460-03 meets on Saturday (SAT) and Thursday (THU), at 12:30 PM.",entity_heavy,rrf,0.9,False,False,False,False,True,False,,0.0204,0.0200,5.5456,5.5861,2026-07-28T08:24:49.960216+00:00,100.0002,100.0150
Q154,adaptive_novel,What day and time is the theory class for CSE370-16?,The theory class for CSE370-16 is on SAT+THU at 9:30 AM in room 10B-17C.,"Course: CSE370-16
Theory Initial: MZG
Theory Day: SAT+THU
Theory Time: 9:30 AM
Theory Room: 10B-17C
Lab Faculty: RBR,KZMN
Lab Day: TUE
Lab Time: 2:00 PM
Lab Room: 12F-31L

Course: CSE340-16
Theory Initial: ZLNM
Theory Day: MON+WED
Theory Time: 9:30 AM
Theory Room: 09H-32C

Course: CSE470-16
Theory Initial: ART
Theory Day: SUN+TUE
Theory Time: 12:30 PM
Theory Room: 07D-19C

Course: CSE331-16
Theory Initial: TNF
Theory Day: MON+WED
Theory Time: 8:00 AM
Theory Room: 07F-22C

Course: CSE370-08
Theory Initial: FEK
Theory Day: MON+WED
Theory Time: 9:30 AM
Theory Room: 09D-17C
Lab Faculty: MAHS,MAU
Lab Day: TUE
Lab Time: 8:00 AM
Lab Room: 12F-30L","The theory class for CSE370-16 meets on Saturday (SAT) and Thursday (THU), at 9:30 AM.",entity_heavy,rrf,0.9,False,False,False,False,True,False,,0.0187,0.0263,5.4782,5.5233,2026-07-28T08:24:55.483998+00:00,99.9992,100.0150
Q155,adaptive_novel,What day and time is the theory class for CSE221-13?,The theory class for CSE221-13 is on SUN+TUE at 3:30 PM in room 09A-03C.,"Course: CSE221-13
Theory Initial: AYO
Theory Day: SUN+TUE
Theory Time: 3:30 PM
Theory Room: 09A-03C
Lab Faculty: NARC,NMMR
Lab Day: SAT
Lab Time: 11:00 AM
Lab Room: 09B-10L

Course: CSE331-13
Theory Initial: RFR
Theory Day: SUN+TUE
Theory Time: 8:00 AM
Theory Room: 07F-22C

Course: CSE220-13
Theory Initial: SHBZ
Theory Day: SAT+THU
Theory Time: 9:30 AM
Theory Room: 10B-16C
Lab Faculty: CSYR,SKIB
Lab Day: MON
Lab Time: 8:00 AM
Lab Room: 09B-10L

Course: CSE420-13
Theory Initial: LRK
Theory Day: SUN+TUE
Theory Time: 11:00 AM
Theory Room: 10C-21C
Lab Faculty: SUE,NFMK
Lab Day: WED
Lab Time: 8:00 AM
Lab Room: 12F-32L

Course: CSE340-13
Theory Initial: PBK
Theory Day: MON+WED
Theory Time: 8:00 AM
Theory Room: 08H-22C",The theory class for CSE221-13 meets on Sundays and Tuesdays at 3:30 PM.,entity_heavy,rrf,0.9,False,False,False,False,True,False,,0.0183,0.0303,4.8415,4.8902,2026-07-28T08:25:00.374273+00:00,99.9989,100.0150
Q156,adaptive_novel,What day and time is the theory class for CSE110-01?,The theory class for CSE110-01 is on SUN+TUE at 11:00 AM in room 10B-17C.,"Course: CSE110-02
Theory Initial: STNM
Theory Day: SUN+TUE
Theory Time: 12:30 PM
Theory Room: 10B-17C
Lab Faculty: AOHE,RKBM
Lab Day: WED
Lab Time: 8:00 AM
Lab Room: 09B-08L

Course: CSE110-04
Theory Initial: SBHN
Theory Day: MON+WED
Theory Time: 11:00 AM
Theory Room: 10B-16C
Lab Faculty: FZN,SLAR
Lab Day: THU
Lab Time: 8:00 AM
Lab Room: 09B-08L

Course: CSE110-07
Theory Initial: ADU
Theory Day: MON+WED
Theory Time: 9:30 AM
Theory Room: 10A-04C
Lab Faculty: AAF,NQM
Lab Day: THU
Lab Time: 8:00 AM
Lab Room: 09B-09L

Course: CSE110-01
Theory Initial: ANT
Theory Day: SUN+TUE
Theory Time: 11:00 AM
Theory Room: 10B-17C
Lab Faculty: ANT,ART
Lab Day: THU
Lab Time: 8:00 AM
Lab Room: 09B-10L

Course: CSE110-05
Theory Initial: TAW
Theory Day: MON+WED
Theory Time: 11:00 AM
Theory Room: 10A-05C
Lab Faculty: CAKM,AOHE
Lab Day: THU
Lab Time: 11:00 AM
Lab Room: 09B-08L",The theory class for CSE110-01 meets on Sunday and Tuesday at 11:00 AM.,entity_heavy,rrf,0.9,False,False,False,False,True,False,,0.0192,0.0160,4.9326,4.9679,2026-07-28T08:25:05.342636+00:00,99.9987,100.0150
Q157,adaptive_novel,What day and time is the theory class for CSE460-04?,The theory class for CSE460-04 is on SAT+THU at 2:00 PM in room 09A-07C.,"Course: CSE460-04
Theory Initial: SDU
Theory Day: SAT+THU
Theory Time: 2:00 PM
Theory Room: 09A-07C
Lab Faculty: AKJ,RAS
Lab Day: MON
Lab Time: 11:00 AM
Lab Room: 09F-24L

Course: CSE460-02
Theory Initial: ZIZE
Theory Day: SAT+THU
Theory Time: 11:00 AM
Theory Room: 07D-20C
Lab Faculty: RAS,ZBH
Lab Day: SAT
Lab Time: 2:00 PM
Lab Room: 10E-27L

Course: CSE460-03
Theory Initial: SDL
Theory Day: SAT+THU
Theory Time: 12:30 PM
Theory Room: 07H-26C
Lab Faculty: SDL,SDU
Lab Day: TUE
Lab Time: 8:00 AM
Lab Room: 09E-22L

Course: CSE460-05
Theory Initial: RAS
Theory Day: SUN+TUE
Theory Time: 9:30 AM
Theory Room: 09A-07C
Lab Faculty: AKJ,RAS
Lab Day: MON
Lab Time: 2:00 PM
Lab Room: 12F-30L

Course: CSE460-01
Theory Initial: SDL
Theory Day: SAT+THU
Theory Time: 9:30 AM
Theory Room: 09D-18C
Lab Faculty: AKJ,UPM
Lab Day: WED
Lab Time: 11:00 AM
Lab Room: 09E-21L","The theory class for CSE460-04 meets on Saturday (SAT) and Thursday (THU), at 2:00 PM.",entity_heavy,rrf,0.9,False,False,False,False,True,False,,0.0164,0.0178,5.5209,5.5552,2026-07-28T08:25:10.898123+00:00,100.0002,100.0150
Q158,adaptive_novel,What day and time is the theory class for STA201-12?,The theory class for STA201-12 is on MON+WED at 2:00 PM in room 09H-37C.,"Course: STA201-12
Theory Initial: TBS
Theory Day: MON+WED
Theory Time: 2:00 PM
Theory Room: 09H-37C

Course: STA201-11
Theory Initial: TBS
Theory Day: MON+WED
Theory Time: 12:30 PM
Theory Room: 09H-37C

Course: STA201-04
Theory Initial: TBS
Theory Day: SUN+TUE
Theory Time: 12:30 PM
Theory Room: 09H-37C

Course: STA201-10
Theory Initial: TBS
Theory Day: MON+WED
Theory Time: 11:00 AM
Theory Room: 10F-29C

Course: STA201-09
Theory Initial: TBS
Theory Day: MON+WED
Theory Time: 11:00 AM
Theory Room: 09H-37C",The theory class for STA201-12 is held on Monday and Wednesday at 2:00 PM.,entity_heavy,rrf,0.9,False,False,False,False,True,False,,0.0188,0.0134,4.8082,4.8405,2026-07-28T08:25:15.739208+00:00,99.9983,100.0150
Q159,adaptive_novel,What day and time is the theory class for CSE250-06A?,The theory class for CSE250-06A is on SUN+TUE at 2:00 PM in room 07H-27C.,"Course: CSE260-06A
Theory Initial: MSMA
Theory Day: SUN+TUE
Theory Time: 12:30 PM
Theory Room: 07H-26C
Lab Faculty: CMHQ,AHA
Lab Day: THU
Lab Time: 2:00 PM
Lab Room: FT10-03L

Course: CSE251-06A
Theory Initial: AQT
Theory Day: MON+WED
Theory Time: 8:00 AM
Theory Room: 07H-27C
Lab Faculty: SDAS,UPM
Lab Day: SUN
Lab Time: 11:00 AM
Lab Room: 12B-20L

Course: CSE250-06A
Theory Initial: RAO
Theory Day: SUN+TUE
Theory Time: 2:00 PM
Theory Room: 07H-27C
Lab Faculty: FFR,MHY
Lab Day: MON
Lab Time: 8:00 AM
Lab Room: 12B-20L

Course: CSE250-04A
Theory Initial: FFR
Theory Day: SUN+TUE
Theory Time: 8:00 AM
Theory Room: 07H-27C
Lab Faculty: SDQ,FFR
Lab Day: MON
Lab Time: 11:00 AM
Lab Room: 12B-20L

Course: CSE350-06A
Theory Initial: ZBH
Theory Day: SUN+TUE
Theory Time: 2:00 PM
Theory Room: 09A-07C
Lab Faculty: TSE,AQT
Lab Day: WED
Lab Time: 11:00 AM
Lab Room: FT10-01L",The theory class for CSE250-06A meets on Sunday and Tuesday at 2:00 PM in room 07H-27C.,entity_heavy,rrf,0.9,False,False,False,False,True,False,,0.0187,0.0170,5.7431,5.7788,2026-07-28T08:25:21.518158+00:00,100.0002,100.0150
Q160,adaptive_novel,What day and time is the theory class for CSE221-14?,The theory class for CSE221-14 is on MON+WED at 9:30 AM in room 07D-19C.,"Course: CSE221-14
Theory Initial: WBH
Theory Day: MON+WED
Theory Time: 9:30 AM
Theory Room: 07D-19C
Lab Faculty: HFN,MZW
Lab Day: SUN
Lab Time: 8:00 AM
Lab Room: 09F-24L

Course: CSE220-14
Theory Initial: NHBN
Theory Day: SAT+THU
Theory Time: 8:00 AM
Theory Room: 09H-33C
Lab Faculty: CSSA,RFTS
Lab Day: SUN
Lab Time: 11:00 AM
Lab Room: 09B-09L

Course: CSE321-14
Theory Initial: SHBK
Theory Day: SAT+THU
Theory Time: 9:30 AM
Theory Room: 09A-01C
Lab Faculty: MAO,CSSD
Lab Day: SUN
Lab Time: 11:00 AM
Lab Room: 10G-32L

Course: CSE331-14
Theory Initial: RFR
Theory Day: SUN+TUE
Theory Time: 9:30 AM
Theory Room: 07F-22C

Course: CSE110-14
Theory Initial: MVH
Theory Day: SAT+THU
Theory Time: 8:00 AM
Theory Room: 07H-26C
Lab Faculty: ART,CAKM
Lab Day: WED
Lab Time: 8:00 AM
Lab Room: 09B-10L",The theory class for CSE221-14 meets on Monday and Wednesday at 9:30 AM.,entity_heavy,rrf,0.9,False,False,False,False,True,False,,0.0169,0.0325,4.9066,4.9560,2026-07-28T08:25:26.476144+00:00,100.0002,100.0150
Q161,adaptive_novel,What day and time is the theory class for STA101-04?,The theory class for STA101-04 is on SUN+TUE at 2:00 PM in room 10B-18C.,"Course: STA101-04
Theory Initial: TBS
Theory Day: SUN+TUE
Theory Time: 2:00 PM
Theory Room: 10B-18C

Course: STA101-06
Theory Initial: TBS
Theory Day: MON+WED
Theory Time: 9:30 AM
Theory Room: 09H-37C

Course: STA101-02
Theory Initial: TBS
Theory Day: SUN+TUE
Theory Time: 11:00 AM
Theory Room: 10B-18C

Course: STA101-05
Theory Initial: TBS
Theory Day: SUN+TUE
Theory Time: 3:30 PM
Theory Room: 10B-18C

Course: STA101-01
Theory Initial: TBS
Theory Day: SUN+TUE
Theory Time: 9:30 AM
Theory Room: 10B-18C",The theory class for STA101-04 meets on Sunday and Tuesday at 2:00 PM.,entity_heavy,rrf,0.9,False,False,False,False,True,False,,0.0192,0.0125,4.5585,4.5903,2026-07-28T08:25:31.066793+00:00,99.9987,100.0150
Q162,adaptive_novel,What day and time is the theory class for CSE330-10?,The theory class for CSE330-10 is on SUN+TUE at 12:30 PM in room 09A-03C.,"Course: CSE330-10
Theory Initial: FDM
Theory Day: SUN+TUE
Theory Time: 12:30 PM
Theory Room: 09A-03C
Lab Faculty: NFMK,NARC
Lab Day: WED
Lab Time: 2:00 PM
Lab Room: 09F-26L

Course: CSE330-15
Theory Initial: ALB
Theory Day: SAT+THU
Theory Time: 8:00 AM
Theory Room: 10B-13C
Lab Faculty: MAJIJ,NRZR
Lab Day: SUN
Lab Time: 8:00 AM
Lab Room: 09F-26L

Course: CSE330-16
Theory Initial: ALB
Theory Day: SAT+THU
Theory Time: 9:30 AM
Theory Room: 10B-13C
Lab Faculty: MNP,SHBK
Lab Day: SUN
Lab Time: 11:00 AM
Lab Room: 09F-26L

Course: CSE330-06
Theory Initial: MNP
Theory Day: MON+WED
Theory Time: 3:30 PM
Theory Room: 09H-32C
Lab Faculty: ALB,RFTS
Lab Day: TUE
Lab Time: 11:00 AM
Lab Room: 09F-26L

Course: CSE330-07
Theory Initial: NAFR
Theory Day: SUN+TUE
Theory Time: 9:30 AM
Theory Room: 09A-06C
Lab Faculty: ALB,MNP
Lab Day: WED
Lab Time: 11:00 AM
Lab Room: 09F-26L",The theory class for CSE330-10 meets on Sunday and Tuesday at 12:30 PM.,entity_heavy,rrf,0.9,False,False,False,False,True,False,,0.0190,0.0122,4.8671,4.8984,2026-07-28T08:25:35.965398+00:00,99.9994,100.0150
Q163,adaptive_novel,What day and time is the theory class for CSE472-01?,The theory class for CSE472-01 is on MON+WED at 11:00 AM in room 10C-21C.,"Course: CSE472-01
Theory Initial: FDC
Theory Day: MON+WED
Theory Time: 11:00 AM
Theory Room: 10C-21C
Lab Faculty: UJT,SBB
Lab Day: SUN
Lab Time: 2:00 PM
Lab Room: 12F-31L

Course: CSE443-01
Theory Initial: SWK
Theory Day: SUN+TUE
Theory Time: 8:00 AM
Theory Room: 10A-05C

Course: CSE340-01
Theory Initial: ACH
Theory Day: SUN+TUE
Theory Time: 9:30 AM
Theory Room: 09E-20T

Course: CSE331-01
Theory Initial: NBD
Theory Day: SUN+TUE
Theory Time: 11:00 AM
Theory Room: 09G-31T

Course: CSE425-01
Theory Initial: MMM
Theory Day: SUN+TUE
Theory Time: 8:00 AM
Theory Room: 09E-20T",The theory class for CSE472-01 meets on Monday and Wednesday at 11:00 AM.,entity_heavy,rrf,0.9,False,False,False,False,True,False,,0.0177,0.0188,4.7798,4.8164,2026-07-28T08:25:40.782222+00:00,100.0002,100.0150
Q164,adaptive_novel,What day and time is the theory class for CSE341-02?,The theory class for CSE341-02 is on SUN+TUE at 12:30 PM in room 09H-33C.,"Course: CSE341-02
Theory Initial: RKN
Theory Day: SUN+TUE
Theory Time: 12:30 PM
Theory Room: 09H-33C
Lab Faculty: RAHA,TRZA
Lab Day: SAT
Lab Time: 2:00 PM
Lab Room: 09F-27L

Course: CSE341-05
Theory Initial: UJT
Theory Day: SUN+TUE
Theory Time: 11:00 AM
Theory Room: 10B-15C
Lab Faculty: NHBN,NWT
Lab Day: WED
Lab Time: 8:00 AM
Lab Room: 09F-27L

Course: CSE341-01
Theory Initial: RKN
Theory Day: SUN+TUE
Theory Time: 11:00 AM
Theory Room: 09H-33C
Lab Faculty: NHBN,RAHA
Lab Day: SAT
Lab Time: 11:00 AM
Lab Room: 09F-27L

Course: CSE341-08
Theory Initial: FFU
Theory Day: SAT+THU
Theory Time: 11:00 AM
Theory Room: 10A-04C
Lab Faculty: RAHA,CABS
Lab Day: SUN
Lab Time: 8:00 AM
Lab Room: 12F-30L

Course: CSE341-07
Theory Initial: NHBN
Theory Day: SAT+THU
Theory Time: 9:30 AM
Theory Room: 09H-33C
Lab Faculty: RKN,RFTS
Lab Day: TUE
Lab Time: 2:00 PM
Lab Room: 12B-18L",The theory class for CSE341-02 meets on Sunday and Tuesday at 12:30 PM.,entity_heavy,rrf,0.9,False,False,False,False,True,False,,0.0163,0.0258,4.9081,4.9503,2026-07-28T08:25:45.732989+00:00,100.0002,100.0150
Q165,adaptive_novel,What day and time is the theory class for CSE260-04B?,The theory class for CSE260-04B is on SUN+TUE at 11:00 AM in room 09A-03C.,"Course: CSE260-04B
Theory Initial: DZK
Theory Day: SUN+TUE
Theory Time: 11:00 AM
Theory Room: 09A-03C
Lab Faculty: NNTN,MAZW
Lab Day: WED
Lab Time: 11:00 AM
Lab Room: FT10-04L

Course: CSE251-04B
Theory Initial: AKJ
Theory Day: SUN+TUE
Theory Time: 12:30 PM
Theory Room: 07H-27C
Lab Faculty: SEF,ALSM
Lab Day: MON
Lab Time: 2:00 PM
Lab Room: 12B-20L

Course: CSE250-04B
Theory Initial: FFR
Theory Day: SUN+TUE
Theory Time: 8:00 AM
Theory Room: 07H-27C
Lab Faculty: MHY,PDS
Lab Day: MON
Lab Time: 11:00 AM
Lab Room: 12B-20L

Course: CSE350-04B
Theory Initial: ARA
Theory Day: SUN+TUE
Theory Time: 8:00 AM
Theory Room: 09A-07C
Lab Faculty: MHY,PDS
Lab Day: THU
Lab Time: 11:00 AM
Lab Room: FT10-02L

Course: CSE260-04A
Theory Initial: DZK
Theory Day: SUN+TUE
Theory Time: 11:00 AM
Theory Room: 09A-03C
Lab Faculty: NFF,MZW
Lab Day: WED
Lab Time: 11:00 AM
Lab Room: FT10-03L",The theory class for CSE260-04B meets on Sunday and Tuesday at 11:00 AM.,entity_heavy,rrf,0.9,False,False,False,False,True,False,,0.0189,0.0215,5.0308,5.0713,2026-07-28T08:25:50.804313+00:00,100.0002,100.0150
Q166,adaptive_novel,Who teaches the lab section of CSE321-18?,"The lab section of CSE321-18 is taught by TNF,SVKG.","Course: CSE321-18
Theory Initial: TRZA
Theory Day: MON+WED
Theory Time: 9:30 AM
Theory Room: 09H-33C
Lab Faculty: TNF,SVKG
Lab Day: SAT
Lab Time: 11:00 AM
Lab Room: 10G-32L

Initial: MAO
Name: Mirza Abdullah Al Noman
Day: Wednesday
Scheduled commitments (classes/labs/breaks, not availability): 11:00 AM - CSE321-09 (LAB) TNF,MAO 10G-32L; 12:30 PM - CSE321-09 (LAB) TNF,MAO 10G-32L; 2:00 PM - CSE321-12 (LAB) MAO,MTSM 10G-32L; 3:30 PM - CSE321-12 (LAB) MAO,MTSM 10G-32L

Initial: ARD
Name: Mr. Ayman Rasheed
Day: Sunday
Scheduled commitments (classes/labs/breaks, not availability): 8:00 AM - CSE221-16 (LAB) ASRF,ARD 09E-21L; 9:30 AM - CSE221-16 (LAB) ASRF,ARD 09E-21L; 11:00 AM - CSE221-18 (LAB) HFN,ARD 09E-21L; 12:30 PM - CSE221-18 (LAB) HFN,ARD 09E-21L; 2:00 PM - CSE330-18 (LAB) ARD,MAJIJ 09F-26L; 3:30 PM - CSE330-18 (LAB) ARD,MAJIJ 09F-26L

Initial: SZD
Name: Md. Shazid Bin Mahbub
Day: Tuesday
Scheduled commitments (classes/labs/breaks, not availability): 8:00 AM - CSE321-02 (LAB) SZD,MAFZ 10G-32L; 9:30 AM - CSE321-02 (LAB) SZD,MAFZ 10G-32L; 11:00 AM - CSE321-15 07F-22C; 12:30 PM - Consultation; 2:00 PM - CSE321-06 (LAB) NRHB,SZD 10G-32L; 3:30 PM - CSE321-06 (LAB) NRHB,SZD 10G-32L

Initial: TRZA
Name: Tanjim Reza
Day: Monday
Scheduled commitments (classes/labs/breaks, not availability): 9:30 AM - CSE321-18 09H-33C; 11:00 AM - Consultation",The instructor teaching the lab section of CSE321-18 is Tanjim Reza.,entity_heavy,rrf,0.9,False,False,False,False,True,False,,0.0190,0.0334,5.1872,5.2397,2026-07-28T08:25:56.044224+00:00,100.0000,100.0150
Q167,adaptive_novel,Who teaches the lab section of CSE111-07?,"The lab section of CSE111-07 is taught by AFA,ZMD.","Course: CSE111-07
Theory Initial: KNI
Theory Day: MON+WED
Theory Time: 11:00 AM
Theory Room: 09A-03C
Lab Faculty: AFA,ZMD
Lab Day: TUE
Lab Time: 11:00 AM
Lab Room: 09B-08L

Initial: AFA
Name: Afroza Akhter
Day: Tuesday
Scheduled commitments (classes/labs/breaks, not availability): 8:00 AM - CSE111-09 (LAB) AFA,ATY 09B-09L; 9:30 AM - CSE111-09 (LAB) AFA,ATY 09B-09L; 11:00 AM - CSE111-07 (LAB) AFA,ZMD 09B-08L; 12:30 PM - CSE111-07 (LAB) AFA,ZMD 09B-08L; 2:00 PM - CSE331-10 10B-16C; 3:30 PM - CSE331-09 10B-16C

Initial: ATY
Name: Ateya Ahmed Subarna
Day: Tuesday
Scheduled commitments (classes/labs/breaks, not availability): 8:00 AM - CSE111-09 (LAB) AFA,ATY 09B-09L; 9:30 AM - CSE111-09 (LAB) AFA,ATY 09B-09L; 2:00 PM - CSE111-08 (LAB) KNI,ATY 09B-08L; 3:30 PM - CSE111-08 (LAB) KNI,ATY 09B-08L

Initial: KNI
Name: Ms. Khondoker Nazia Iqbal
Day: Monday
Scheduled commitments (classes/labs/breaks, not availability): 9:30 AM - CSE111-08 09A-03C; 11:00 AM - CSE111-07 09A-03C; 12:30 PM - Consultation; 2:00 PM - Consultation

Initial: AFA
Name: Afroza Akhter
Day: Wednesday
Scheduled commitments (classes/labs/breaks, not availability): 8:00 AM - CSE111-11 (LAB) MAU,AFA 09E-21L; 9:30 AM - CSE111-11 (LAB) MAU,AFA 09E-21L; 11:00 AM - CSE111-05 (LAB) AFA,FEK 09B-10L; 12:30 PM - CSE111-05 (LAB) AFA,FEK 09B-10L; 2:00 PM - CSE111-10 09H-33C",The lab section of CSE111-07 is taught by faculty members AFA and ZMD.,entity_heavy,rrf,0.9,False,False,False,False,True,False,,0.0247,0.0183,5.3846,5.4277,2026-07-28T08:26:01.472281+00:00,100.0000,100.0150
Q168,adaptive_novel,Who teaches the lab section of CSE260-05A?,"The lab section of CSE260-05A is taught by CSYR,SMDS.","Course: CSE260-05A
Theory Initial: NLH
Theory Day: MON+WED
Theory Time: 8:00 AM
Theory Room: 09A-03C
Lab Faculty: CSYR,SMDS
Lab Day: TUE
Lab Time: 8:00 AM
Lab Room: FT10-03L

Initial: CSYR
Name: Sayeedur Rahman
Day: Tuesday
Scheduled commitments (classes/labs/breaks, not availability): 8:00 AM - CSE260-05A (LAB) CSYR,SMDS FT10-03L; 9:30 AM - CSE260-05A (LAB) CSYR,SMDS FT10-03L; 11:00 AM - CSE427-11 (LAB) CSYR,NAST 09F-27L; 12:30 PM - CSE427-11 (LAB) CSYR,NAST 09F-27L; 2:00 PM - Consultation

Initial: NUR
Name: Nur Mohammad Shaon
Day: Monday
Scheduled commitments (classes/labs/breaks, not availability): 11:00 AM - CSE350-03B (LAB) NUR,AKDB FT10-02L; 12:30 PM - CSE350-03B (LAB) NUR,AKDB FT10-02L; 2:00 PM - CSE350-05A (LAB) NUR,SZZ FT10-01L; 3:30 PM - CSE350-05A (LAB) NUR,SZZ FT10-01L

Initial: NLH
Name: Niloy Farhan
Day: Monday
Scheduled commitments (classes/labs/breaks, not availability): 8:00 AM - CSE260-05A 09A-03C,CSE260-05B 09A-03C; 9:30 AM - Consultation; 11:00 AM - CSE440-01 (LAB) NLH,AYO 12B-18L,CSE440-02 (LAB) NLH,AYO 12B-18L; 12:30 PM - CSE440-01 (LAB) NLH,AYO 12B-18L,CSE440-02 (LAB) NLH,AYO 12B-18L; 2:00 PM - CSE427-07 (LAB) NDT,NLH 09F-27L; 3:30 PM - CSE427-07 (LAB) NDT,NLH 09F-27L

Initial: SMDS
Name: Soumitra Das
Day: Tuesday
Scheduled commitments (classes/labs/breaks, not availability): 8:00 AM - CSE260-05A (LAB) CSYR,SMDS FT10-03L; 9:30 AM - CSE260-05A (LAB) CSYR,SMDS FT10-03L; 11:00 AM - Consultation",The lab section of CSE260-05A is taught by both CSYR and SMDS.,entity_heavy,rrf,0.9,False,False,False,False,True,False,,0.0168,0.0398,5.4946,5.5517,2026-07-28T08:26:07.024778+00:00,99.9973,100.0150
Q169,adaptive_novel,Who teaches the lab section of CSE330-06?,"The lab section of CSE330-06 is taught by ALB,RFTS.","Course: CSE330-06
Theory Initial: MNP
Theory Day: MON+WED
Theory Time: 3:30 PM
Theory Room: 09H-32C
Lab Faculty: ALB,RFTS
Lab Day: TUE
Lab Time: 11:00 AM
Lab Room: 09F-26L

Initial: SADF
Name: Saadat Rafid Ahmed
Day: Saturday
Scheduled commitments (classes/labs/breaks, not availability): 8:00 AM - CSE437-05 07D-19C; 9:30 AM - CSE437-06 07D-19C; 11:00 AM - CSE330-14 (LAB) MZW,SADF 09F-24L; 12:30 PM - CSE330-14 (LAB) MZW,SADF 09F-24L; 2:00 PM - CSE330-09 (LAB) SADF,SHBK 09F-24L; 3:30 PM - CSE330-09 (LAB) SADF,SHBK 09F-24L

Initial: MAJIJ
Name: Majisha Jahan Disha
Day: Sunday
Scheduled commitments (classes/labs/breaks, not availability): 8:00 AM - CSE330-15 (LAB) MAJIJ,NRZR 09F-26L; 9:30 AM - CSE330-15 (LAB) MAJIJ,NRZR 09F-26L; 2:00 PM - CSE330-18 (LAB) ARD,MAJIJ 09F-26L; 3:30 PM - CSE330-18 (LAB) ARD,MAJIJ 09F-26L

Initial: ANNH
Name: Aunon Halder
Day: Saturday
Scheduled commitments (classes/labs/breaks, not availability): 8:00 AM - CSE330-11 09A-04C; 9:30 AM - Consultation; 11:00 AM - CSE330-12 (LAB) SHBK,ANNH 09F-26L; 12:30 PM - CSE330-12 (LAB) SHBK,ANNH 09F-26L; 2:00 PM - CSE330-13 (LAB) NMP,ANNH 09F-26L; 3:30 PM - CSE330-13 (LAB) NMP,ANNH 09F-26L

Initial: ARD
Name: Mr. Ayman Rasheed
Day: Tuesday
Scheduled commitments (classes/labs/breaks, not availability): 8:00 AM - CSE330-05 (LAB) ARD,MAJIJ 09F-26L; 9:30 AM - CSE330-05 (LAB) ARD,MAJIJ 09F-26L; 2:00 PM - CSE330-11 (LAB) SADF,ARD 09B-11L; 3:30 PM - CSE330-11 (LAB) SADF,ARD 09B-11L",The Lab Faculty for CSE330-06 is ALB and RFTS.,entity_heavy,rrf,0.9,False,False,False,False,True,False,,0.0155,0.0289,5.0855,5.1299,2026-07-28T08:26:12.155056+00:00,100.0000,100.0150
Q170,adaptive_novel,Who teaches the lab section of CSE260-15A?,"The lab section of CSE260-15A is taught by MDF,NQM.","Course: CSE260-15A
Theory Initial: LMI
Theory Day: SUN+TUE
Theory Time: 8:00 AM
Theory Room: 09C-13C
Lab Faculty: MDF,NQM
Lab Day: SAT
Lab Time: 8:00 AM
Lab Room: FT10-03L

Initial: MDF
Name: Mr. Mohammad Fahim
Day: Saturday
Scheduled commitments (classes/labs/breaks, not availability): 8:00 AM - CSE260-15A (LAB) MDF,NQM FT10-03L; 9:30 AM - CSE260-15A (LAB) MDF,NQM FT10-03L; 11:00 AM - CSE260-18A (LAB) MDF,NQM FT10-03L; 12:30 PM - CSE260-18A (LAB) MDF,NQM FT10-03L

Initial: LMI
Name: Lamiah Israt
Day: Tuesday
Scheduled commitments (classes/labs/breaks, not availability): 8:00 AM - CSE260-15A 09C-13C,CSE260-15B 09C-13C; 11:00 AM - CSE260-07B (LAB) PBK,LMI FT10-04L; 12:30 PM - CSE260-07B (LAB) PBK,LMI FT10-04L; 3:30 PM - CSE260-18A 09A-02C,CSE260-18B 09A-02C

Initial: LMI
Name: Lamiah Israt
Day: Sunday
Scheduled commitments (classes/labs/breaks, not availability): 8:00 AM - CSE260-15A 09C-13C,CSE260-15B 09C-13C; 11:00 AM - CSE260-16A (LAB) NNTN,LMI FT11-01L; 12:30 PM - CSE260-16A (LAB) NNTN,LMI FT11-01L; 3:30 PM - CSE260-18A 09A-02C,CSE260-18B 09A-02C

Initial: ADD
Name: Ayesha Siddika
Day: Thursday
Scheduled commitments (classes/labs/breaks, not availability): 8:00 AM - CSE260-01B (LAB) ADD,DZK FT10-04L; 9:30 AM - CSE260-01B (LAB) ADD,DZK FT10-04L; 11:00 AM - CSE260-20B (LAB) AAF,ADD FT11-01L; 12:30 PM - CSE260-20B (LAB) AAF,ADD FT11-01L; 2:00 PM - CSE260-06B (LAB) DZK,ADD FT10-04L; 3:30 PM - CSE260-06B (LAB) DZK,ADD FT10-04L",The lab instructors for CSE260-15A are MDF and NQM.,entity_heavy,rrf,0.9,False,False,False,False,True,False,,0.0206,0.0378,5.0901,5.1490,2026-07-28T08:26:17.304008+00:00,99.9977,100.0150
Q171,adaptive_novel,Who teaches the lab section of CSE221-19?,"The lab section of CSE221-19 is taught by ARD,ANV.","Course: CSE221-19
Theory Initial: IBA
Theory Day: SUN+TUE
Theory Time: 2:00 PM
Theory Room: 09H-33C
Lab Faculty: ARD,ANV
Lab Day: SAT
Lab Time: 11:00 AM
Lab Room: 09E-22L

Initial: NMMR
Name: MD MIZANUR RAHMAN MUSTAKIM
Day: Sunday
Scheduled commitments (classes/labs/breaks, not availability): 8:00 AM - CSE221-02 (LAB) NARC,NMMR 09E-22L; 9:30 AM - CSE221-02 (LAB) NARC,NMMR 09E-22L; 11:00 AM - CSE221-04 (LAB) FGZ,NMMR 09B-11L; 12:30 PM - CSE221-04 (LAB) FGZ,NMMR 09B-11L; 2:00 PM - CSE221-01 (LAB) NMMR,ASRF 09B-11L; 3:30 PM - CSE221-01 (LAB) NMMR,ASRF 09B-11L

Initial: ASRF
Name: Ashraful Islam Shanto Sikder
Day: Sunday
Scheduled commitments (classes/labs/breaks, not availability): 8:00 AM - CSE221-16 (LAB) ASRF,ARD 09E-21L; 9:30 AM - CSE221-16 (LAB) ASRF,ARD 09E-21L; 2:00 PM - CSE221-01 (LAB) NMMR,ASRF 09B-11L; 3:30 PM - CSE221-01 (LAB) NMMR,ASRF 09B-11L

Initial: FBAW
Name: Faria Binta Awal
Day: Saturday
Scheduled commitments (classes/labs/breaks, not availability): 8:00 AM - CSE221-05 (LAB) NARC,FBAW 09B-08L; 9:30 AM - CSE221-05 (LAB) NARC,FBAW 09B-08L; 11:00 AM - CSE221-06 (LAB) FBAW,ASRF 09B-08L; 12:30 PM - CSE221-06 (LAB) FBAW,ASRF 09B-08L; 2:00 PM - CSE221-17 (LAB) FBAW,NMMR 09B-10L; 3:30 PM - CSE221-17 (LAB) FBAW,NMMR 09B-10L

Initial: IRZA
Name: Md. Irtiza Hossain
Day: Saturday
Scheduled commitments (classes/labs/breaks, not availability): 8:00 AM - CSE221-18 10B-17C; 9:30 AM - CSE220-19 09D-17C",The lab faculty for CSE221-19 is ARD and ANV.,entity_heavy,rrf,0.9,False,False,False,False,True,False,,0.0182,0.0223,5.0385,5.0790,2026-07-28T08:26:22.383477+00:00,100.0000,100.0150
Q172,adaptive_novel,Who teaches the lab section of CSE350-06B?,"The lab section of CSE350-06B is taught by RAO,SHJR.","Course: CSE350-06B
Theory Initial: ZBH
Theory Day: SUN+TUE
Theory Time: 2:00 PM
Theory Room: 09A-07C
Lab Faculty: RAO,SHJR
Lab Day: WED
Lab Time: 11:00 AM
Lab Room: FT10-02L

Initial: ZAZ
Name: Ihzaz Abrar Sadik
Day: Sunday
Scheduled commitments (classes/labs/breaks, not availability): 8:00 AM - CSE350-10A (LAB) ZAZ,MHY FT10-01L; 9:30 AM - CSE350-10A (LAB) ZAZ,MHY FT10-01L; 11:00 AM - CSE350-09A (LAB) ZAZ,SZZ FT10-01L; 12:30 PM - CSE350-09A (LAB) ZAZ,SZZ FT10-01L

Initial: SZZ
Name: Sazzadul Islam
Day: Monday
Scheduled commitments (classes/labs/breaks, not availability): 9:30 AM - CSE350-07A 09A-07C,CSE350-07B 09A-07C; 11:00 AM - Consultation; 12:30 PM - CSE350-08A 09A-07C,CSE350-08B 09A-07C; 2:00 PM - CSE350-05A (LAB) NUR,SZZ FT10-01L; 3:30 PM - CSE350-05A (LAB) NUR,SZZ FT10-01L

Initial: ZBH
Name: Md Zayed Bin Zahir Arju
Day: Tuesday
Scheduled commitments (classes/labs/breaks, not availability): 2:00 PM - CSE350-06A 09A-07C,CSE350-06B 09A-07C; 3:30 PM - Consultation

Initial: ZBH
Name: Md Zayed Bin Zahir Arju
Day: Sunday
Scheduled commitments (classes/labs/breaks, not availability): 11:00 AM - CSE350-09B (LAB) ZBH,RAS FT10-02L; 12:30 PM - CSE350-09B (LAB) ZBH,RAS FT10-02L; 2:00 PM - CSE350-06A 09A-07C,CSE350-06B 09A-07C; 3:30 PM - Consultation","The lab faculty for CSE350-06B is RAO,SHJR.",entity_heavy,rrf,0.9,False,False,False,False,True,False,,0.0182,0.0372,4.9837,5.0395,2026-07-28T08:26:27.423473+00:00,99.9976,100.0150
Q173,adaptive_novel,Who teaches the lab section of CSE420-23?,"The lab section of CSE420-23 is taught by RKBR,NLAM.","Course: CSE420-23
Theory Initial: MNY
Theory Day: SUN+TUE
Theory Time: 11:00 AM
Theory Room: 10A-04C
Lab Faculty: RKBR,NLAM
Lab Day: SAT
Lab Time: 2:00 PM
Lab Room: 12F-32L

Initial: NLAM
Name: Namirul Islam
Day: Monday
Scheduled commitments (classes/labs/breaks, not availability): 8:00 AM - CSE420-08 (LAB) RDS,NLAM 12F-32L,CSE420-17 (LAB) RDS,NLAM 12F-32L; 9:30 AM - CSE420-08 (LAB) RDS,NLAM 12F-32L,CSE420-17 (LAB) RDS,NLAM 12F-32L; 11:00 AM - CSE420-20 (LAB) SZD,NLAM 12F-32L; 12:30 PM - CSE420-20 (LAB) SZD,NLAM 12F-32L; 2:00 PM - CSE420-24 (LAB) NLAM,SMDS 12F-32L; 3:30 PM - CSE420-24 (LAB) NLAM,SMDS 12F-32L

Initial: RKBR
Name: Rakib Kibria
Day: Tuesday
Scheduled commitments (classes/labs/breaks, not availability): 8:00 AM - Consultation; 9:30 AM - Consultation; 11:00 AM - CSE420-11 (LAB) RKBR,RFR 12F-32L,CSE420-12 (LAB) RKBR,RFR 12F-32L; 12:30 PM - CSE420-11 (LAB) RKBR,RFR 12F-32L,CSE420-12 (LAB) RKBR,RFR 12F-32L; 2:00 PM - CSE420-25 (LAB) RKBR,NLAM 12F-32L,CSE420-26 (LAB) RKBR,NLAM 12F-32L; 3:30 PM - CSE420-25 (LAB) RKBR,NLAM 12F-32L,CSE420-26 (LAB) RKBR,NLAM 12F-32L

Initial: NLAM
Name: Namirul Islam
Day: Saturday
Scheduled commitments (classes/labs/breaks, not availability): 11:00 AM - CSE420-19 10B-13C; 12:30 PM - CSE420-20 10B-13C; 2:00 PM - CSE420-16 (LAB) RKBR,NLAM 12F-32L,CSE420-23 (LAB) RKBR,NLAM 12F-32L; 3:30 PM - CSE420-16 (LAB) RKBR,NLAM 12F-32L,CSE420-23 (LAB) RKBR,NLAM 12F-32L

Initial: RKBR
Name: Rakib Kibria
Day: Thursday
Scheduled commitments (classes/labs/breaks, not availability): 8:00 AM - Consultation; 9:30 AM - CSE420-17 09A-06C; 11:00 AM - CSE420-18 09A-06C; 2:00 PM - CSE420-07 (LAB) RKBR,SMDS 09E-22L,CSE420-09 (LAB) RKBR,SMDS 09E-22L; 3:30 PM - CSE420-07 (LAB) RKBR,SMDS 09E-22L,CSE420-09 (LAB) RKBR,SMDS 09E-22L",The lab section of CSE420-23 is taught by Rakib Kibria and Namirul Islam.,entity_heavy,rrf,0.9,False,False,False,False,True,False,,0.0170,0.0257,6.0399,6.0827,2026-07-28T08:26:33.506584+00:00,100.0000,100.0150
Q174,adaptive_novel,Who teaches the lab section of CSE427-05?,"The lab section of CSE427-05 is taught by QUZA,ITTSC.","Course: CSE427-05
Theory Initial: QUZA
Theory Day: SUN+TUE
Theory Time: 9:30 AM
Theory Room: 09C-13C
Lab Faculty: QUZA,ITTSC
Lab Day: MON
Lab Time: 11:00 AM
Lab Room: 09F-27L

Initial: QUZA
Name: Quazi Ashikur Rahman
Day: Sunday
Scheduled commitments (classes/labs/breaks, not availability): 9:30 AM - CSE427-05 09C-13C; 11:00 AM - CSE230-07 09D-18C; 12:30 PM - Consultation; 2:00 PM - CSE427-06 09C-13C

Initial: QUZA
Name: Quazi Ashikur Rahman
Day: Tuesday
Scheduled commitments (classes/labs/breaks, not availability): 9:30 AM - CSE427-05 09C-13C; 11:00 AM - CSE230-07 09D-18C; 12:30 PM - Consultation; 2:00 PM - CSE427-06 09C-13C

Initial: QUZA
Name: Quazi Ashikur Rahman
Day: Monday
Scheduled commitments (classes/labs/breaks, not availability): 9:30 AM - Consultation by Appointment; 11:00 AM - CSE427-05 (LAB) QUZA,ITTSC 09F-27L; 12:30 PM - CSE427-05 (LAB) QUZA,ITTSC 09F-27L; 2:00 PM - CSE230-09 09B-12C

Initial: ADU
Name: Mr. Ahmed Mahir Ruhan
Day: Sunday
Scheduled commitments (classes/labs/breaks, not availability): 9:30 AM - Consultation by Appointment; 11:00 AM - CSE111-05 09H-35C; 12:30 PM - CSE111-06 09H-35C; 2:00 PM - CSE427-01 (LAB) DFD,ADU 09F-27L; 3:30 PM - CSE427-01 (LAB) DFD,ADU 09F-27L",The lab faculty for CSE427-05 is QUZA and ITTSC.,entity_heavy,rrf,0.9,False,False,False,False,True,False,,0.0226,0.0320,5.1432,5.1979,2026-07-28T08:26:38.705401+00:00,100.0000,100.0150
Q175,adaptive_novel,Who teaches the lab section of CSE260-19B?,"The lab section of CSE260-19B is taught by CMHQ,CABS.","Course: CSE260-19B
Theory Initial: TWK
Theory Day: SUN+TUE
Theory Time: 2:00 PM
Theory Room: 09A-02C
Lab Faculty: CMHQ,CABS
Lab Day: SAT
Lab Time: 2:00 PM
Lab Room: FT10-04L

Initial: TWK
Name: Towshik Anam Taj
Day: Sunday
Scheduled commitments (classes/labs/breaks, not availability): 8:00 AM - CSE260-22B (LAB) TWK,AAF FT10-04L; 9:30 AM - CSE260-22B (LAB) TWK,AAF FT10-04L; 11:00 AM - CSE260-08A (LAB) AFQ,TWK FT10-03L; 12:30 PM - CSE260-08A (LAB) AFQ,TWK FT10-03L; 2:00 PM - CSE260-19A 09A-02C,CSE260-19B 09A-02C; 3:30 PM - Consultation

Initial: CABS
Name: Aabrar Islam
Day: Saturday
Scheduled commitments (classes/labs/breaks, not availability): 2:00 PM - CSE260-19B (LAB) CMHQ,CABS FT10-04L; 3:30 PM - CSE260-19B (LAB) CMHQ,CABS FT10-04L

Initial: TWK
Name: Towshik Anam Taj
Day: Tuesday
Scheduled commitments (classes/labs/breaks, not availability): 9:30 AM - Consultation; 11:00 AM - Consultation; 12:30 PM - Consultation; 2:00 PM - CSE260-19A 09A-02C,CSE260-19B 09A-02C; 3:30 PM - Consultation

Initial: FIC
Name: Fatiha Ishrar Chowdhury
Day: Monday
Scheduled commitments (classes/labs/breaks, not availability): 8:00 AM - CSE260-13A (LAB) MDF,FIC FT10-03L; 9:30 AM - CSE260-13A (LAB) MDF,FIC FT10-03L; 11:00 AM - CSE260-09A 09C-13C,CSE260-09B 09C-13C; 12:30 PM - CSE260-10A 09C-13C,CSE260-10B 09C-13C; 2:00 PM - CSE260-11B (LAB) FIC,AHA FT10-04L; 3:30 PM - CSE260-11B (LAB) FIC,AHA FT10-04L",The lab faculty for CSE260-19B is CMHQ and CABS.,entity_heavy,rrf,0.9,False,False,False,False,True,False,,0.0203,0.0549,5.3372,5.4129,2026-07-28T08:26:44.118820+00:00,99.9975,100.0150
Q176,adaptive_novel,Who teaches the lab section of CSE422-04?,"The lab section of CSE422-04 is taught by RSS,NFF.","Course: CSE422-04
Theory Initial: ZHS
Theory Day: SUN+TUE
Theory Time: 11:00 AM
Theory Room: 09A-01C
Lab Faculty: RSS,NFF
Lab Day: WED
Lab Time: 2:00 PM
Lab Room: 09B-10L

Initial: PLN
Name: Pollock Nag
Day: Saturday
Scheduled commitments (classes/labs/breaks, not availability): 8:00 AM - CSE422-14 (LAB) PLN,WHMJ 09B-11L; 9:30 AM - CSE422-14 (LAB) PLN,WHMJ 09B-11L; 11:00 AM - CSE470-18 07F-22C; 12:30 PM - CSE470-04 07F-22C; 2:00 PM - CSE422-17 (LAB) WHMJ,PLN 09B-11L; 3:30 PM - CSE422-17 (LAB) WHMJ,PLN 09B-11L

Initial: FDZ
Name: Fardin Zaman
Day: Saturday
Scheduled commitments (classes/labs/breaks, not availability): 8:00 AM - CSE422-20 (LAB) RRH,FDZ 09E-21L; 9:30 AM - CSE422-20 (LAB) RRH,FDZ 09E-21L; 11:00 AM - CSE423-03 (LAB) MVH,FDZ 12D-27L,CSE423-04 (LAB) MVH,FDZ 12D-27L; 12:30 PM - CSE423-03 (LAB) MVH,FDZ 12D-27L,CSE423-04 (LAB) MVH,FDZ 12D-27L

Initial: RSS
Name: Rafiad Sadat Shahir
Day: Wednesday
Scheduled commitments (classes/labs/breaks, not availability): 9:30 AM - CSE331-06 09A-04C; 11:00 AM - CSE422-15 09A-04C; 12:30 PM - Consultation; 2:00 PM - CSE422-04 (LAB) RSS,NFF 09B-10L; 3:30 PM - CSE422-04 (LAB) RSS,NFF 09B-10L

Initial: NDT
Name: NIRJHOR DATTA
Day: Sunday
Scheduled commitments (classes/labs/breaks, not availability): 8:00 AM - CSE421-24 09H-34C; 11:00 AM - CSE427-04 (LAB) NDT,ITTSC 09F-27L; 12:30 PM - CSE427-04 (LAB) NDT,ITTSC 09F-27L; 2:00 PM - CSE422-06 (LAB) FFU,NDT 12B-19L; 3:30 PM - CSE422-06 (LAB) FFU,NDT 12B-19L",The lab instructors for CSE422-04 are RSS and NFF.,entity_heavy,rrf,0.9,False,False,False,False,True,False,,0.0232,0.0326,4.9617,5.0176,2026-07-28T08:26:49.136917+00:00,100.0000,100.0150
Q177,adaptive_novel,Who teaches the lab section of CSE471-15?,"The lab section of CSE471-15 is taught by PLN,ART.","Course: CSE471-15
Theory Initial: NAHC
Theory Day: SAT+THU
Theory Time: 11:00 AM
Theory Room: 09D-18C
Lab Faculty: PLN,ART
Lab Day: TUE
Lab Time: 2:00 PM
Lab Room: 09F-25L

Initial: WHMJ
Name: Wahida Mahjabin
Day: Sunday
Scheduled commitments (classes/labs/breaks, not availability): 8:00 AM - CSE422-07 (LAB) ZHS,WHMJ 09F-25L; 9:30 AM - CSE422-07 (LAB) ZHS,WHMJ 09F-25L; 11:00 AM - CSE471-01 (LAB) SADA,WHMJ 09F-25L; 12:30 PM - CSE471-01 (LAB) SADA,WHMJ 09F-25L; 2:00 PM - CSE471-02 (LAB) KZMN,WHMJ 09F-25L; 3:30 PM - CSE471-02 (LAB) KZMN,WHMJ 09F-25L

Initial: KZMN
Name: Kazi Kamruzzaman Rabbi
Day: Saturday
Scheduled commitments (classes/labs/breaks, not availability): 8:00 AM - CSE471-09 (LAB) NAHC,KZMN 09F-25L; 9:30 AM - CSE471-09 (LAB) NAHC,KZMN 09F-25L; 11:00 AM - CSE471-10 (LAB) SHRR,KZMN 09F-25L; 12:30 PM - CSE471-10 (LAB) SHRR,KZMN 09F-25L

Initial: KZMN
Name: Kazi Kamruzzaman Rabbi
Day: Sunday
Scheduled commitments (classes/labs/breaks, not availability): 11:00 AM - CSE471-04 09A-05C; 2:00 PM - CSE471-02 (LAB) KZMN,WHMJ 09F-25L; 3:30 PM - CSE471-02 (LAB) KZMN,WHMJ 09F-25L

Initial: NAHC
Name: Asif Hasan Chowdhury
Day: Saturday
Scheduled commitments (classes/labs/breaks, not availability): 8:00 AM - CSE471-09 (LAB) NAHC,KZMN 09F-25L; 9:30 AM - CSE471-09 (LAB) NAHC,KZMN 09F-25L; 11:00 AM - CSE471-15 09D-18C; 12:30 PM - CSE470-06 09D-18C",The lab faculty for CSE471-15 is PLN and ART.,entity_heavy,rrf,0.9,False,False,False,False,True,False,,0.0202,0.0223,4.8761,4.9186,2026-07-28T08:26:54.055495+00:00,100.0000,100.0150
Q178,adaptive_novel,Who teaches the lab section of CSE423-05?,"The lab section of CSE423-05 is taught by MAHS,ZLNM.","Course: CSE423-05
Theory Initial: AJA
Theory Day: SUN+TUE
Theory Time: 11:00 AM
Theory Room: 09D-17C
Lab Faculty: MAHS,ZLNM
Lab Day: WED
Lab Time: 2:00 PM
Lab Room: 10E-27L

Initial: SKIB
Name: Nazmus Sakib Ahmed
Day: Saturday
Scheduled commitments (classes/labs/breaks, not availability): 11:00 AM - CSE470-19 09D-17C; 12:30 PM - CSE470-05 09D-17C; 2:00 PM - CSE423-13 (LAB) ANKH,SKIB 12D-27L,CSE423-14 (LAB) ANKH,SKIB 12D-27L; 3:30 PM - CSE423-13 (LAB) ANKH,SKIB 12D-27L,CSE423-14 (LAB) ANKH,SKIB 12D-27L

Initial: FARS
Name: Ahmad Farhan Shahriar Chowdhury
Day: Monday
Scheduled commitments (classes/labs/breaks, not availability): 8:00 AM - CSE423-11 10B-17C; 9:30 AM - CSE423-12 10B-17C; 11:00 AM - CSE423-20 (LAB) SOSB,FARS 12D-27L,CSE423-21 (LAB) SOSB,FARS 12D-27L; 12:30 PM - CSE423-20 (LAB) SOSB,FARS 12D-27L,CSE423-21 (LAB) SOSB,FARS 12D-27L; 2:00 PM - CSE423-18 (LAB) ANKH,FARS 12D-27L,CSE423-19 (LAB) ANKH,FARS 12D-27L; 3:30 PM - CSE423-18 (LAB) ANKH,FARS 12D-27L,CSE423-19 (LAB) ANKH,FARS 12D-27L

Initial: MAHS
Name: Md Arif Hasan
Day: Wednesday
Scheduled commitments (classes/labs/breaks, not availability): 11:00 AM - CSE423-01 (LAB) SOSB,MAHS 12D-27L,CSE423-24 (LAB) SOSB,MAHS 12D-27L; 12:30 PM - CSE423-01 (LAB) SOSB,MAHS 12D-27L,CSE423-24 (LAB) SOSB,MAHS 12D-27L; 2:00 PM - CSE423-02 (LAB) MAHS,ZLNM 10E-27L,CSE423-05 (LAB) MAHS,ZLNM 10E-27L; 3:30 PM - CSE423-02 (LAB) MAHS,ZLNM 10E-27L,CSE423-05 (LAB) MAHS,ZLNM 10E-27L

Initial: SRU
Name: Mr. Shakir Rouf
Day: Sunday
Scheduled commitments (classes/labs/breaks, not availability): 11:00 AM - CSE423-08 09C-13C; 12:30 PM - CSE360-05 09C-13C; 2:00 PM - CSE423-09 (LAB) MAFZ,SRU 12D-27L,CSE423-17 (LAB) MAFZ,SRU 12D-27L; 3:30 PM - CSE423-09 (LAB) MAFZ,SRU 12D-27L,CSE423-17 (LAB) MAFZ,SRU 12D-27L",The lab section of CSE423-05 is taught by MAHS and ZLNM.,entity_heavy,rrf,0.9,False,False,False,False,True,False,,0.0197,0.0288,5.4996,5.5482,2026-07-28T08:26:59.604342+00:00,100.0000,100.0150
Q179,adaptive_novel,Who teaches the lab section of CSE420-13?,"The lab section of CSE420-13 is taught by SUE,NFMK.","Course: CSE420-13
Theory Initial: LRK
Theory Day: SUN+TUE
Theory Time: 11:00 AM
Theory Room: 10C-21C
Lab Faculty: SUE,NFMK
Lab Day: WED
Lab Time: 8:00 AM
Lab Room: 12F-32L

Initial: RKBR
Name: Rakib Kibria
Day: Tuesday
Scheduled commitments (classes/labs/breaks, not availability): 8:00 AM - Consultation; 9:30 AM - Consultation; 11:00 AM - CSE420-11 (LAB) RKBR,RFR 12F-32L,CSE420-12 (LAB) RKBR,RFR 12F-32L; 12:30 PM - CSE420-11 (LAB) RKBR,RFR 12F-32L,CSE420-12 (LAB) RKBR,RFR 12F-32L; 2:00 PM - CSE420-25 (LAB) RKBR,NLAM 12F-32L,CSE420-26 (LAB) RKBR,NLAM 12F-32L; 3:30 PM - CSE420-25 (LAB) RKBR,NLAM 12F-32L,CSE420-26 (LAB) RKBR,NLAM 12F-32L

Initial: NLAM
Name: Namirul Islam
Day: Monday
Scheduled commitments (classes/labs/breaks, not availability): 8:00 AM - CSE420-08 (LAB) RDS,NLAM 12F-32L,CSE420-17 (LAB) RDS,NLAM 12F-32L; 9:30 AM - CSE420-08 (LAB) RDS,NLAM 12F-32L,CSE420-17 (LAB) RDS,NLAM 12F-32L; 11:00 AM - CSE420-20 (LAB) SZD,NLAM 12F-32L; 12:30 PM - CSE420-20 (LAB) SZD,NLAM 12F-32L; 2:00 PM - CSE420-24 (LAB) NLAM,SMDS 12F-32L; 3:30 PM - CSE420-24 (LAB) NLAM,SMDS 12F-32L

Initial: RFR
Name: Md. Rifat Rahman
Day: Tuesday
Scheduled commitments (classes/labs/breaks, not availability): 8:00 AM - CSE331-13 07F-22C; 9:30 AM - CSE331-14 07F-22C; 11:00 AM - CSE420-11 (LAB) RKBR,RFR 12F-32L,CSE420-12 (LAB) RKBR,RFR 12F-32L; 12:30 PM - CSE420-11 (LAB) RKBR,RFR 12F-32L,CSE420-12 (LAB) RKBR,RFR 12F-32L

Initial: RFR
Name: Md. Rifat Rahman
Day: Sunday
Scheduled commitments (classes/labs/breaks, not availability): 8:00 AM - CSE331-13 07F-22C; 9:30 AM - CSE331-14 07F-22C; 11:00 AM - CSE420-18 (LAB) RDS,RFR 12F-32L,CSE420-19 (LAB) RDS,RFR 12F-32L; 12:30 PM - CSE420-18 (LAB) RDS,RFR 12F-32L,CSE420-19 (LAB) RDS,RFR 12F-32L",The lab faculty for CSE420-13 is SUE and NFMK.,entity_heavy,rrf,0.9,False,False,False,False,True,False,,0.0201,0.0398,5.2508,5.3107,2026-07-28T08:27:04.915575+00:00,100.0000,100.0150
Q180,adaptive_novel,Who teaches the lab section of CSE101-05?,"The lab section of CSE101-05 is taught by CMHH,SLAR.","Course: CSE101-05
Theory Initial: SBHN
Theory Day: SUN+TUE
Theory Time: 3:30 PM
Theory Room: 09A-06C
Lab Faculty: CMHH,SLAR
Lab Day: SAT
Lab Time: 8:00 AM
Lab Room: FT11-03L

Initial: CMHH
Name: Maheer Helal
Day: Saturday
Scheduled commitments (classes/labs/breaks, not availability): 8:00 AM - CSE101-05 (LAB) CMHH,SLAR FT11-03L; 9:30 AM - CSE101-05 (LAB) CMHH,SLAR FT11-03L; 11:00 AM - Consultation; 12:30 PM - Consultation by Appointment; 2:00 PM - CSE103-02 (LAB) CMHH,ANT FT11-04L; 3:30 PM - CSE103-02 (LAB) CMHH,ANT FT11-04L

Initial: SLAR
Name: Sadiul Arefin Rafi
Day: Saturday
Scheduled commitments (classes/labs/breaks, not availability): 8:00 AM - CSE101-05 (LAB) CMHH,SLAR FT11-03L; 9:30 AM - CSE101-05 (LAB) CMHH,SLAR FT11-03L; 11:00 AM - CSE221-09 (LAB) SLAR,NRHB 09B-09L; 12:30 PM - CSE221-09 (LAB) SLAR,NRHB 09B-09L; 2:00 PM - CSE103-01 (LAB) SLAR,SBHN 11B-20L; 3:30 PM - CSE103-01 (LAB) SLAR,SBHN 11B-20L

Initial: SBHN
Name: Mr. Md Sabbir Hossain
Day: Sunday
Scheduled commitments (classes/labs/breaks, not availability): 11:00 AM - CSE101-01 (LAB) SBHN,ESF FT11-03L; 12:30 PM - CSE101-01 (LAB) SBHN,ESF FT11-03L; 2:00 PM - CSE101-02 09A-06C; 3:30 PM - CSE101-05 09A-06C

Initial: ESF
Name: Eshat Fareeha
Day: Sunday
Scheduled commitments (classes/labs/breaks, not availability): 11:00 AM - CSE101-01 (LAB) SBHN,ESF FT11-03L; 12:30 PM - CSE101-01 (LAB) SBHN,ESF FT11-03L; 2:00 PM - Consultation; 3:30 PM - Consultation",The lab section of CSE101-05 is taught by CMHH and SLAR.,entity_heavy,rrf,0.9,False,False,False,False,True,False,,0.0176,0.0219,5.3480,5.3876,2026-07-28T08:27:10.303561+00:00,100.0000,100.0150
Q181,adaptive_novel,Which room is Anika Tasnim in?,Anika Tasnim is in room 4F.,"Initial: ANT
Name: Anika Tasnim
Designation: C. Lecturer
Status: Contractual
Room: 4F
Email: ext.anika.tasnim@bracu.ac.bd

Initial: ANT
Name: Anika Tasnim
Day: Tuesday
Scheduled commitments (classes/labs/breaks, not availability): 8:00 AM - CSE110-16 09A-04C; 9:30 AM - Consultation; 11:00 AM - CSE110-01 10B-17C; 12:30 PM - Consultation

Initial: ANT
Name: Anika Tasnim
Day: Sunday
Scheduled commitments (classes/labs/breaks, not availability): 8:00 AM - CSE110-16 09A-04C; 9:30 AM - Consultation; 11:00 AM - CSE110-01 10B-17C; 12:30 PM - Consultation

Initial: ANT
Name: Anika Tasnim
Day: Saturday
Scheduled commitments (classes/labs/breaks, not availability): 2:00 PM - CSE103-02 (LAB) CMHH,ANT FT11-04L; 3:30 PM - CSE103-02 (LAB) CMHH,ANT FT11-04L

Initial: TAP
Name: Ms. Tasnim Ahsan Prome
Designation: Lecturer
Status: Full Time
Room: 4K83
Email: tasnim.ahsan@bracu.ac.bd",Anika Tasnim's room is 4F.,entity_heavy,rrf,0.9,False,False,False,False,True,False,,0.0183,0.0125,4.0375,4.0684,2026-07-28T08:27:14.372528+00:00,100.0002,100.0150
Q182,adaptive_novel,What is Dr. Md. Shafiul Alam Shuvo's email?,Dr. Md. Shafiul Alam Shuvo's email is ext.shafiul.shuvo@bracu.ac.bd.,"Initial: SAS
Name: Dr. Md. Shafiul Alam Shuvo
Designation: C. Professor
Status: Contractual
Room: 4G15
Email: ext.shafiul.shuvo@bracu.ac.bd

Initial: SAS
Name: Dr. Md. Shafiul Alam Shuvo
Day: Thursday
Scheduled commitments (classes/labs/breaks, not availability): 6:00 PM - CSE758-01 08F-21C; 7:30 PM - CSE758-01 08F-21C

Initial: GRA
Name: Dr. Md. Golam Rabiul Alam
Designation: Professor
Status: Full Time
Room: 4G23
Email: rabiul.alam@bracu.ac.bd

Initial: ASA
Name: Dr. Md. Ashraful Alam
Designation: Associate Professor
Status: Full Time
Room: 4G24
Email: ashraful.alam@bracu.ac.bd

Initial: ASA
Name: Dr. Md. Ashraful Alam
Day: Sunday
Scheduled commitments (classes/labs/breaks, not availability): 3:30 PM - CSE463-01 09E-20T ,CSE463-02 09E-20T ,CSE463-03 09E-20T",Dr. Md. Shafiul Alam Shuvo's email is ext.shafiul.shuvo@bracu.ac.bd.,entity_heavy,rrf,0.9,False,False,False,False,True,False,,0.0214,0.0118,5.2312,5.2646,2026-07-28T08:27:19.637137+00:00,100.0019,100.0167
Q183,adaptive_novel,Which room is Mr. Md. Tawhid Anwar in?,Mr. Md. Tawhid Anwar is in room 4G03.,"Initial: TAW
Name: Mr. Md. Tawhid Anwar
Designation: Senior Lecturer
Status: Full Time
Room: 4G03
Email: tawhid.anwar@bracu.ac.bd

Initial: TAW
Name: Mr. Md. Tawhid Anwar
Day: Tuesday
Scheduled commitments (classes/labs/breaks, not availability): 9:30 AM - Consultation; 11:00 AM - CSE111-01 10A-05C; 12:30 PM - CSE111-02 10A-05C

Initial: TAW
Name: Mr. Md. Tawhid Anwar
Day: Sunday
Scheduled commitments (classes/labs/breaks, not availability): 9:30 AM - Consultation; 11:00 AM - CSE111-01 10A-05C; 12:30 PM - CSE111-02 10A-05C

Initial: TAW
Name: Mr. Md. Tawhid Anwar
Day: Monday
Scheduled commitments (classes/labs/breaks, not availability): 9:30 AM - Consultation; 11:00 AM - CSE110-05 10A-05C; 12:30 PM - CSE111-03 10A-05C

Initial: TAW
Name: Mr. Md. Tawhid Anwar
Day: Thursday
Scheduled commitments (classes/labs/breaks, not availability): 9:30 AM - Consultation; 11:00 AM - CSE111-03 (LAB) TAW,MAF 12F-32L; 12:30 PM - CSE111-03 (LAB) TAW,MAF 12F-32L",Mr. Md. Tawhid Anwar's room is 4G03.,entity_heavy,rrf,0.9,False,False,False,False,True,False,,0.0208,0.0247,4.5443,4.5899,2026-07-28T08:27:24.227545+00:00,100.0002,100.0150
Q184,adaptive_novel,What is Atonu Roy Chowdhury's email?,Atonu Roy Chowdhury's email is atonuroy.chowdhury@bracu.ac.bd.,"Initial: NARC
Name: Atonu Roy Chowdhury
Designation: Lecturer
Status: Full Time
Room: 4P192
Email: atonuroy.chowdhury@bracu.ac.bd

Initial: NARC
Name: Atonu Roy Chowdhury
Day: Thursday
Scheduled commitments (classes/labs/breaks, not availability): 12:30 PM - Consultation; 2:00 PM - CSE330-18 07D-20C; 3:30 PM - CSE330-19 07D-20C

Initial: NARC
Name: Atonu Roy Chowdhury
Day: Sunday
Scheduled commitments (classes/labs/breaks, not availability): 8:00 AM - CSE221-02 (LAB) NARC,NMMR 09E-22L; 11:00 AM - Consultation; 12:30 PM - Consultation

Initial: NARC
Name: Atonu Roy Chowdhury
Day: Wednesday
Scheduled commitments (classes/labs/breaks, not availability): 12:30 PM - Consultation; 2:00 PM - CSE330-10 (LAB) NFMK,NARC 09F-26L

Initial: NARC
Name: Atonu Roy Chowdhury
Day: Saturday
Scheduled commitments (classes/labs/breaks, not availability): 8:00 AM - CSE221-05 (LAB) NARC,FBAW 09B-08L; 11:00 AM - CSE221-13 (LAB) NARC,NMMR 09B-10L; 2:00 PM - CSE330-18 07D-20C; 3:30 PM - CSE330-19 07D-20C",Atonu Roy Chowdhury's email is atonuroy.chowdhury@bracu.ac.bd.,entity_heavy,rrf,0.9,False,False,False,False,True,False,,0.0172,0.0160,5.2275,5.2607,2026-07-28T08:27:29.489046+00:00,99.9987,100.0150
Q185,adaptive_novel,What is Aunon Halder's email?,Aunon Halder's email is ext.aunon.halder@bracu.ac.bd.,"Initial: ANNH
Name: Aunon Halder
Designation: C. Lecturer
Status: Contractual
Room: 4F
Email: ext.aunon.halder@bracu.ac.bd

Initial: ANNH
Name: Aunon Halder
Day: Sunday
Scheduled commitments (classes/labs/breaks, not availability): 2:00 PM - Consultation; 3:30 PM - CSE370-02 10A-05C

Initial: ANNH
Name: Aunon Halder
Day: Saturday
Scheduled commitments (classes/labs/breaks, not availability): 8:00 AM - CSE330-11 09A-04C; 9:30 AM - Consultation; 11:00 AM - CSE330-12 (LAB) SHBK,ANNH 09F-26L; 12:30 PM - CSE330-12 (LAB) SHBK,ANNH 09F-26L; 2:00 PM - CSE330-13 (LAB) NMP,ANNH 09F-26L; 3:30 PM - CSE330-13 (LAB) NMP,ANNH 09F-26L

Initial: ANNH
Name: Aunon Halder
Day: Tuesday
Scheduled commitments (classes/labs/breaks, not availability): 2:00 PM - Consultation; 3:30 PM - CSE370-02 10A-05C

Initial: ANNH
Name: Aunon Halder
Day: Thursday
Scheduled commitments (classes/labs/breaks, not availability): 8:00 AM - CSE330-11 09A-04C; 9:30 AM - Consultation; 11:00 AM - CSE110-15 (LAB) MVH,ANNH 09B-09L; 12:30 PM - CSE110-15 (LAB) MVH,ANNH 09B-09L",Aunon Halder's email is ext.aunon.halder@bracu.ac.bd.,entity_heavy,rrf,0.9,False,False,False,False,True,False,,0.0152,0.0260,5.0684,5.1101,2026-07-28T08:27:34.599488+00:00,99.9967,100.0167
Q186,adaptive_novel,What is BIJS's designation?,Bijoy Ahmed Saiem (BIJS) is a Lecturer.,"Initial: BIJS
Name: Bijoy Ahmed Saiem
Designation: Lecturer
Status: Full Time
Room: 4M130
Email: bijoy.saiem@bracu.ac.bd

Initial: BIJS
Name: Bijoy Ahmed Saiem
Day: Sunday
Scheduled commitments (classes/labs/breaks, not availability): 8:00 AM - CSE421-19 09H-32C; 9:30 AM - CSE421-18 09H-32C

Initial: BIJS
Name: Bijoy Ahmed Saiem
Day: Tuesday
Scheduled commitments (classes/labs/breaks, not availability): 8:00 AM - CSE421-19 09H-32C; 9:30 AM - CSE421-18 09H-32C

Initial: BIJS
Name: Bijoy Ahmed Saiem
Day: Monday
Scheduled commitments (classes/labs/breaks, not availability): 8:00 AM - CSE370-12 09A-06C

Initial: BIJS
Name: Bijoy Ahmed Saiem
Day: Wednesday
Scheduled commitments (classes/labs/breaks, not availability): 8:00 AM - CSE370-12 09A-06C",BIJS's designation is Lecturer.,entity_heavy,rrf,0.9,False,False,False,False,True,False,,0.0146,0.0150,3.6611,3.6907,2026-07-28T08:27:38.290689+00:00,100.0003,100.0167
Q187,adaptive_novel,What is FEK's designation?,Farden Ehsan Khan (FEK) is a Lecturer.,"Initial: FEK
Name: Farden Ehsan Khan
Designation: Lecturer
Status: Full Time
Room: 4M117
Email: farden.khan@bracu.ac.bd

Initial: FEK
Name: Farden Ehsan Khan
Day: Thursday
Scheduled commitments (classes/labs/breaks, not availability): 9:30 AM - Consultation By Appointment; 11:00 AM - CSE370-02 (LAB) FEK,MAU 12F-30L; 12:30 PM - CSE370-02 (LAB) FEK,MAU 12F-30L; 2:00 PM - CSE370-05 (LAB) FEK,MRIA 12F-30L; 3:30 PM - CSE370-05 (LAB) FEK,MRIA 12F-30L

Initial: FEK
Name: Farden Ehsan Khan
Day: Wednesday
Scheduled commitments (classes/labs/breaks, not availability): 9:30 AM - CSE370-08 09D-17C; 11:00 AM - CSE111-05 (LAB) AFA,FEK 09B-10L; 12:30 PM - CSE111-05 (LAB) AFA,FEK 09B-10L; 2:00 PM - CSE370-06 08H-22C

Initial: MAU
Name: Marshia Nujhat
Day: Thursday
Scheduled commitments (classes/labs/breaks, not availability): 8:00 AM - CSE370-01 (LAB) SHRR,MAU 12F-30L; 9:30 AM - CSE370-01 (LAB) SHRR,MAU 12F-30L; 11:00 AM - CSE370-02 (LAB) FEK,MAU 12F-30L; 12:30 PM - CSE370-02 (LAB) FEK,MAU 12F-30L; 2:00 PM - CSE110-11 (LAB) MAU,CQAE 09B-09L; 3:30 PM - CSE110-11 (LAB) MAU,CQAE 09B-09L

Initial: AFA
Name: Afroza Akhter
Day: Wednesday
Scheduled commitments (classes/labs/breaks, not availability): 8:00 AM - CSE111-11 (LAB) MAU,AFA 09E-21L; 9:30 AM - CSE111-11 (LAB) MAU,AFA 09E-21L; 11:00 AM - CSE111-05 (LAB) AFA,FEK 09B-10L; 12:30 PM - CSE111-05 (LAB) AFA,FEK 09B-10L; 2:00 PM - CSE111-10 09H-33C",Farden Ehsan Khan's designation is Lecturer.,entity_heavy,rrf,0.9,False,False,False,False,True,False,,0.0140,0.0190,4.7690,4.8021,2026-07-28T08:27:43.093129+00:00,100.0001,100.0166
Q188,adaptive_novel,Which room is Dr. Matin Saad Abdullah in?,Dr. Matin Saad Abdullah is in room 4G04.,"Initial: MSA
Name: Dr. Matin Saad Abdullah
Designation: Professor
Status: Full Time
Room: 4G04
Email: mabdullah@bracu.ac.bd

Initial: MSA
Name: Dr. Matin Saad Abdullah
Day: Saturday
Scheduled commitments (classes/labs/breaks, not availability): 2:00 PM - CSE490A-01 09A-04C; 3:30 PM - CSE490A-01 09A-04C

Question: One thing I couldn't find anywhere: who leads BIGD as its Executive Director, and how does BIGD connect to BRAC's development work?
Answer: Dr. Imran Matin has led BIGD as Executive Director since July 2018. BIGD's research is closely tied to BRAC's own socioeconomic empowerment programs, giving the institute direct access to real-world development interventions for its research on poverty and marginalization.

Question (Banglish): BIGD er Executive Director hisebe ke lead kore, ar BIGD BRAC er development work er shathe kivabe connect?
Answer (English): Dr. Imran Matin has led BIGD as Executive Director since July 2018. BIGD's research is closely tied to BRAC's own socioeconomic empowerment programs, giving the institute direct access to real-world development interventions for its research on poverty and marginalization.

Question: Who leads BIGD as its Executive Director, and how does BIGD connect to BRAC's development work?
Answer: Dr. Imran Matin has led BIGD as Executive Director since July 2018. BIGD's research is closely tied to BRAC's own socioeconomic empowerment programs, giving the institute direct access to real-world development interventions for its research on poverty and marginalization.",Dr. Matin Saad Abdullah is located in room 4G04.,entity_heavy,rrf,0.9,False,False,False,False,True,False,,0.0227,0.0154,4.5056,4.5441,2026-07-28T08:27:47.637445+00:00,99.9994,100.0150
Q189,adaptive_novel,What is Mr. Dewan Ziaul Karim's email?,Mr. Dewan Ziaul Karim's email is ziaul.karim@bracu.ac.bd.,"Initial: DZK
Name: Mr. Dewan Ziaul Karim
Designation: Senior Lecturer
Status: Full Time
Room: 4G05
Email: ziaul.karim@bracu.ac.bd

Initial: DZK
Name: Mr. Dewan Ziaul Karim
Day: Tuesday
Scheduled commitments (classes/labs/breaks, not availability): 11:00 AM - CSE260-04A 09A-03C,CSE260-04B 09A-03C; 12:30 PM - CSE260-01A 09E-20T ,CSE260-01B 09E-20T ,CSE260-02A 09E-20T ,CSE260-02B 09E-20T ,CSE260-03A 09E-20T ,CSE260-03B 09E-20T; 2:00 PM - Consultation

Initial: DZK
Name: Mr. Dewan Ziaul Karim
Day: Saturday
Scheduled commitments (classes/labs/breaks, not availability): 11:00 AM - Consultation; 12:30 PM - Consultation

Initial: DZK
Name: Mr. Dewan Ziaul Karim
Day: Sunday
Scheduled commitments (classes/labs/breaks, not availability): 11:00 AM - CSE260-04A 09A-03C,CSE260-04B 09A-03C; 12:30 PM - CSE260-01A 09E-20T ,CSE260-01B 09E-20T ,CSE260-02A 09E-20T ,CSE260-02B 09E-20T ,CSE260-03A 09E-20T ,CSE260-03B 09E-20T; 2:00 PM - Consultation

Initial: DZK
Name: Mr. Dewan Ziaul Karim
Day: Thursday
Scheduled commitments (classes/labs/breaks, not availability): 8:00 AM - CSE260-01B (LAB) ADD,DZK FT10-04L; 9:30 AM - CSE260-01B (LAB) ADD,DZK FT10-04L; 11:00 AM - CSE260-02B (LAB) PBK,DZK FT10-04L; 12:30 PM - CSE260-02B (LAB) PBK,DZK FT10-04L; 2:00 PM - CSE260-06B (LAB) DZK,ADD FT10-04L; 3:30 PM - CSE260-06B (LAB) DZK,ADD FT10-04L",Mr. Dewan Ziaul Karim's email is ziaul.karim@bracu.ac.bd.,entity_heavy,rrf,0.9,False,False,False,False,True,False,,0.0185,0.0235,5.7308,5.7728,2026-07-28T08:27:53.410439+00:00,100.0001,100.0150
Q190,adaptive_novel,What is Dr. Chowdhury Mofizur Rahman's email?,Dr. Chowdhury Mofizur Rahman's email is rahman.mofizur@bracu.ac.bd.,"Initial: CMR
Name: Dr. Chowdhury Mofizur Rahman
Designation: Professor
Status: Full Time
Room: 4G18
Email: rahman.mofizur@bracu.ac.bd

Initial: CMR
Name: Dr. Chowdhury Mofizur Rahman
Day: Monday
Scheduled commitments (classes/labs/breaks, not availability): 12:30 PM - CSE427-01 09C-16T,CSE427-02 09C-16T,CSE427-03 09C-16T

Initial: CMR
Name: Dr. Chowdhury Mofizur Rahman
Day: Wednesday
Scheduled commitments (classes/labs/breaks, not availability): 12:30 PM - CSE427-01 09C-16T,CSE427-02 09C-16T,CSE427-03 09C-16T

Initial: FDC
Name: Dr. Farida Chowdhury
Designation: Professor
Status: Full Time
Room: 4G09
Email: farida.chowdhury@bracu.ac.bd

Course: CSE427
First Theory Coordinator: CMR
Second Theory Coordinator: DFD
Theory Coordinator Email: rahman.mofizur@bracu.ac.bd,fabian.dofadar@bracu.ac.bd
First Lab Coordinator: DFD
Second Lab Coordinator: QUZA
Lab Coordinator Email: fabian.dofadar@bracu.ac.bd,quazi.ashikur@bracu.ac.bd",Dr. Chowdhury Mofizur Rahman's email is rahman.mofizur@bracu.ac.bd.,entity_heavy,rrf,0.9,False,False,False,False,True,False,,0.0169,0.0218,5.3860,5.4249,2026-07-28T08:27:58.836094+00:00,100.0010,100.0167
Q191,adaptive_novel,What is FDZ's designation?,Fardin Zaman (FDZ) is a C. Lecturer.,"Initial: FDZ
Name: Fardin Zaman
Designation: C. Lecturer
Status: Contractual
Room: 4F
Email: ext.fardin.zaman@bracu.ac.bd

Initial: FDZ
Name: Fardin Zaman
Day: Sunday
Scheduled commitments (classes/labs/breaks, not availability): 8:00 AM - CSE260-22A (LAB) FDZ,SMDS FT10-03L; 9:30 AM - CSE260-22A (LAB) FDZ,SMDS FT10-03L

Initial: FDZ
Name: Fardin Zaman
Day: Wednesday
Scheduled commitments (classes/labs/breaks, not availability): 8:00 AM - CSE260-03A (LAB) FDZ,NRT FT10-03L; 9:30 AM - CSE260-03A (LAB) FDZ,NRT FT10-03L

Initial: FDZ
Name: Fardin Zaman
Day: Saturday
Scheduled commitments (classes/labs/breaks, not availability): 8:00 AM - CSE422-20 (LAB) RRH,FDZ 09E-21L; 9:30 AM - CSE422-20 (LAB) RRH,FDZ 09E-21L; 11:00 AM - CSE423-03 (LAB) MVH,FDZ 12D-27L,CSE423-04 (LAB) MVH,FDZ 12D-27L; 12:30 PM - CSE423-03 (LAB) MVH,FDZ 12D-27L,CSE423-04 (LAB) MVH,FDZ 12D-27L

Initial: MVH
Name: Mohammad Naveed Hossain
Day: Saturday
Scheduled commitments (classes/labs/breaks, not availability): 8:00 AM - CSE110-14 07H-26C; 9:30 AM - CSE423-17 07H-26C; 11:00 AM - CSE423-03 (LAB) MVH,FDZ 12D-27L,CSE423-04 (LAB) MVH,FDZ 12D-27L; 12:30 PM - CSE423-03 (LAB) MVH,FDZ 12D-27L,CSE423-04 (LAB) MVH,FDZ 12D-27L; 2:00 PM - Consultation",Fardin Zaman's designation is C. Lecturer.,entity_heavy,rrf,0.9,False,False,False,False,True,False,,0.0142,0.0297,4.4775,4.5215,2026-07-28T08:28:03.358145+00:00,100.0004,100.0166
Q192,adaptive_novel,What is FYS's designation?,Dr. Farig Yousuf Sadeque (FYS) is a Associate Professor.,"Initial: FYS
Name: Dr. Farig Yousuf Sadeque
Designation: Associate Professor
Status: Full Time
Room: 4G29
Email: farig.sadeque@bracu.ac.bd

Initial: FYS
Name: Dr. Farig Yousuf Sadeque
Day: Tuesday
Scheduled commitments (classes/labs/breaks, not availability): 2:00 PM - CSE440-01 09C-16T; 6:00 PM - CSE751-01 08F-18C; 7:30 PM - CSE751-01 08F-18C

Initial: FYS
Name: Dr. Farig Yousuf Sadeque
Day: Sunday
Scheduled commitments (classes/labs/breaks, not availability): 2:00 PM - CSE440-01 09C-16T

Initial: AKJ
Name: Akib Anjum
Designation: Lecturer
Status: Full Time
Room: 4N161
Email: anjum.akib@bracu.ac.bd

Initial: AFA
Name: Afroza Akhter
Designation: Lecturer
Status: Full Time
Room: 4K79
Email: afroza.akther@bracu.ac.bd",Dr. Farig Yousuf Sadeque's designation is Associate Professor.,entity_heavy,rrf,0.9,False,False,False,False,True,False,,0.0144,0.0121,4.3333,4.3599,2026-07-28T08:28:07.719180+00:00,100.0006,100.0165
Q193,adaptive_novel,What is Mr. Md. Shamim Mia's email?,Mr. Md. Shamim Mia's email is shamim.mia@bracu.ac.bd.,"Initial: MSMA
Name: Mr. Md. Shamim Mia
Designation: Lecturer
Status: Full Time
Room: 4M110
Email: shamim.mia@bracu.ac.bd

Initial: MSMA
Name: Mr. Md. Shamim Mia
Day: Monday
Scheduled commitments (classes/labs/breaks, not availability): 11:00 AM - Consultation; 12:30 PM - CSE421-12 09A-03C; 2:00 PM - Consultation; 3:30 PM - CSE421-13 09A-04C

Initial: MSMA
Name: Mr. Md. Shamim Mia
Day: Wednesday
Scheduled commitments (classes/labs/breaks, not availability): 11:00 AM - Consultation; 12:30 PM - CSE421-12 09A-03C; 2:00 PM - Consultation; 3:30 PM - CSE421-13 09A-04C

Initial: MSMA
Name: Mr. Md. Shamim Mia
Day: Sunday
Scheduled commitments (classes/labs/breaks, not availability): 11:00 AM - CSE421-14 07H-26C; 12:30 PM - CSE260-06A 07H-26C,CSE260-06B 07H-26C; 2:00 PM - CSE421-15 (LAB) MSMA,SRJ 12D-26L,CSE421-26 (LAB) MSMA,SRJ 12D-26L; 3:30 PM - CSE421-15 (LAB) MSMA,SRJ 12D-26L,CSE421-26 (LAB) MSMA,SRJ 12D-26L

Initial: MSMA
Name: Mr. Md. Shamim Mia
Day: Tuesday
Scheduled commitments (classes/labs/breaks, not availability): 11:00 AM - CSE421-14 07H-26C; 12:30 PM - CSE260-06A 07H-26C,CSE260-06B 07H-26C; 2:00 PM - CSE421-13 (LAB) MSMA,SRJ 12D-26L,CSE421-22 (LAB) MSMA,SRJ 12D-26L; 3:30 PM - CSE421-13 (LAB) MSMA,SRJ 12D-26L,CSE421-22 (LAB) MSMA,SRJ 12D-26L",Mr. Md. Shamim Mia's email is shamim.mia@bracu.ac.bd.,entity_heavy,rrf,0.9,False,False,False,False,True,False,,0.0170,0.0188,5.3877,5.4235,2026-07-28T08:28:13.142718+00:00,100.0005,100.0167
Q194,adaptive_novel,What is MVH's designation?,Mohammad Naveed Hossain (MVH) is a Lecturer.,"Initial: MVH
Name: Mohammad Naveed Hossain
Designation: Lecturer
Status: Full Time
Room: 4M113
Email: mohammad.naveed@bracu.ac.bd

Initial: MVH
Name: Mohammad Naveed Hossain
Day: Sunday
Scheduled commitments (classes/labs/breaks, not availability): 11:00 AM - CSE423-22 (LAB) SMUR,MVH 12D-27L,CSE423-23 (LAB) SMUR,MVH 12D-27L; 12:30 PM - CSE423-22 (LAB) SMUR,MVH 12D-27L,CSE423-23 (LAB) SMUR,MVH 12D-27L; 2:00 PM - Consultation; 3:30 PM - Consultation

Initial: MVH
Name: Mohammad Naveed Hossain
Day: Wednesday
Scheduled commitments (classes/labs/breaks, not availability): 8:00 AM - CSE110-09 (LAB) MVH,FZN 09B-09L; 9:30 AM - CSE110-09 (LAB) MVH,FZN 09B-09L; 11:00 AM - Consultation; 12:30 PM - Consultation; 2:00 PM - CSE110-13 (LAB) MVH,AAF 09B-08L; 3:30 PM - CSE110-13 (LAB) MVH,AAF 09B-08L

Initial: MVH
Name: Mohammad Naveed Hossain
Day: Saturday
Scheduled commitments (classes/labs/breaks, not availability): 8:00 AM - CSE110-14 07H-26C; 9:30 AM - CSE423-17 07H-26C; 11:00 AM - CSE423-03 (LAB) MVH,FDZ 12D-27L,CSE423-04 (LAB) MVH,FDZ 12D-27L; 12:30 PM - CSE423-03 (LAB) MVH,FDZ 12D-27L,CSE423-04 (LAB) MVH,FDZ 12D-27L; 2:00 PM - Consultation

Initial: ANKH
Name: Anika Ahmed
Day: Thursday
Scheduled commitments (classes/labs/breaks, not availability): 9:30 AM - Consultation by Appointment; 11:00 AM - CSE421-26 10B-15C; 12:30 PM - CSE421-27 10B-15C; 2:00 PM - CSE423-06 (LAB) ANKH,MVH 12D-27L,CSE423-08 (LAB) ANKH,MVH 12D-27L; 3:30 PM - CSE423-06 (LAB) ANKH,MVH 12D-27L,CSE423-08 (LAB) ANKH,MVH 12D-27L",MVH's designation is Lecturer.,entity_heavy,rrf,0.9,False,False,False,False,True,False,,0.0144,0.0287,4.3135,4.3567,2026-07-28T08:28:17.499715+00:00,99.9986,100.0150
Q195,adaptive_novel,Which room is Wahida Mahjabin in?,Wahida Mahjabin is in room 4P179.,"Initial: WHMJ
Name: Wahida Mahjabin
Designation: Lecturer
Status: Full Time
Room: 4P179
Email: wahida.mahjabin@bracu.ac.bd

Initial: WHMJ
Name: Wahida Mahjabin
Day: Thursday
Scheduled commitments (classes/labs/breaks, not availability): 11:00 AM - CSE220-20 09A-04C

Initial: WHMJ
Name: Wahida Mahjabin
Day: Sunday
Scheduled commitments (classes/labs/breaks, not availability): 8:00 AM - CSE422-07 (LAB) ZHS,WHMJ 09F-25L; 9:30 AM - CSE422-07 (LAB) ZHS,WHMJ 09F-25L; 11:00 AM - CSE471-01 (LAB) SADA,WHMJ 09F-25L; 12:30 PM - CSE471-01 (LAB) SADA,WHMJ 09F-25L; 2:00 PM - CSE471-02 (LAB) KZMN,WHMJ 09F-25L; 3:30 PM - CSE471-02 (LAB) KZMN,WHMJ 09F-25L

Initial: WHMJ
Name: Wahida Mahjabin
Day: Monday
Scheduled commitments (classes/labs/breaks, not availability): 11:00 AM - CSE471-03 (LAB) SADA,WHMJ 09F-25L; 12:30 PM - CSE471-03 (LAB) SADA,WHMJ 09F-25L

Initial: WHMJ
Name: Wahida Mahjabin
Day: Saturday
Scheduled commitments (classes/labs/breaks, not availability): 8:00 AM - CSE422-14 (LAB) PLN,WHMJ 09B-11L; 9:30 AM - CSE422-14 (LAB) PLN,WHMJ 09B-11L; 11:00 AM - CSE220-20 09A-04C; 2:00 PM - CSE422-17 (LAB) WHMJ,PLN 09B-11L; 3:30 PM - CSE422-17 (LAB) WHMJ,PLN 09B-11L",Wahida Mahjabin's designated room is 4P179.,entity_heavy,rrf,0.9,False,False,False,False,True,False,,0.0144,0.0489,5.3143,5.3781,2026-07-28T08:28:22.878412+00:00,99.9933,100.0150
Q196,adaptive_novel,What is Lara khanom's email?,Lara khanom's email is lara.khanom@bracu.ac.bd.,"Initial: LRK
Name: Lara khanom
Designation: Lecturer
Status: Full Time
Room: 4K74
Email: lara.khanom@bracu.ac.bd

Initial: LRK
Name: Lara khanom
Day: Monday
Scheduled commitments (classes/labs/breaks, not availability): 12:30 PM - CSE340-15 09A-04C; 2:00 PM - CSE340-14 09A-04C

Initial: LRK
Name: Lara khanom
Day: Sunday
Scheduled commitments (classes/labs/breaks, not availability): 11:00 AM - CSE420-13 10C-21C; 12:30 PM - CSE420-16 10C-21C

Initial: LRK
Name: Lara khanom
Day: Wednesday
Scheduled commitments (classes/labs/breaks, not availability): 12:30 PM - CSE340-15 09A-04C; 2:00 PM - CSE340-14 09A-04C

Initial: LRK
Name: Lara khanom
Day: Tuesday
Scheduled commitments (classes/labs/breaks, not availability): 11:00 AM - CSE420-13 10C-21C; 12:30 PM - CSE420-16 10C-21C",Lara khanom's email is lara.khanom@bracu.ac.bd.,entity_heavy,rrf,0.9,False,False,False,False,True,False,,0.0146,0.0166,4.7403,4.7722,2026-07-28T08:28:27.650946+00:00,99.9916,100.0150
Q197,adaptive_novel,What is CSSA's designation?,Sadman Sakib Alif (CSSA) is a C. Lecturer.,"Initial: CSSA
Name: Sadman Sakib Alif
Designation: C. Lecturer
Status: Contractual
Room: 4F
Email: ext.sadman.alif@bracu.ac.bd

Initial: CSSA
Name: Sadman Sakib Alif
Day: Wednesday
Scheduled commitments (classes/labs/breaks, not availability): 8:00 AM - CSE461-05 09H-34C; 9:30 AM - CSE221-16 10C-21C

Initial: CSSA
Name: Sadman Sakib Alif
Day: Sunday
Scheduled commitments (classes/labs/breaks, not availability): 8:00 AM - CSE220-17 (LAB) SKIB,CSSA 09B-10L; 9:30 AM - CSE220-17 (LAB) SKIB,CSSA 09B-10L; 11:00 AM - CSE220-14 (LAB) CSSA,RFTS 09B-09L; 12:30 PM - CSE220-14 (LAB) CSSA,RFTS 09B-09L

Initial: CSSA
Name: Sadman Sakib Alif
Day: Monday
Scheduled commitments (classes/labs/breaks, not availability): 8:00 AM - CSE461-05 09H-34C; 9:30 AM - CSE221-16 10C-21C; 11:00 AM - CSE220-04 (LAB) KKS,CSSA 09B-08L; 12:30 PM - CSE220-04 (LAB) KKS,CSSA 09B-08L

Initial: KKS
Name: Md. Khaliduzzaman Khan Samrat
Day: Monday
Scheduled commitments (classes/labs/breaks, not availability): 11:00 AM - CSE220-04 (LAB) KKS,CSSA 09B-08L; 12:30 PM - CSE220-04 (LAB) KKS,CSSA 09B-08L; 2:00 PM - CSE437-08 10C-21C; 3:30 PM - CSE422-19 10C-21C; 5:00 PM - Consultation",CSSA's designation is C. Lecturer.,entity_heavy,rrf,0.9,False,False,False,False,True,False,,0.0144,0.0171,4.1080,4.1396,2026-07-28T08:28:31.790935+00:00,100.0019,100.0167
Q198,adaptive_novel,Which room is MD MIZANUR RAHMAN MUSTAKIM in?,MD MIZANUR RAHMAN MUSTAKIM is in room 4P171.,"Initial: NMMR
Name: MD MIZANUR RAHMAN MUSTAKIM
Designation: Lecturer
Status: Full Time
Room: 4P171
Email: mizanur.mustakim@bracu.ac.bd

Initial: NMMR
Name: MD MIZANUR RAHMAN MUSTAKIM
Day: Thursday
Scheduled commitments (classes/labs/breaks, not availability): 8:00 AM - CSE423-22 09H-34C; 9:30 AM - Consultation; 11:00 AM - Consultation

Initial: NMMR
Name: MD MIZANUR RAHMAN MUSTAKIM
Day: Sunday
Scheduled commitments (classes/labs/breaks, not availability): 8:00 AM - CSE221-02 (LAB) NARC,NMMR 09E-22L; 9:30 AM - CSE221-02 (LAB) NARC,NMMR 09E-22L; 11:00 AM - CSE221-04 (LAB) FGZ,NMMR 09B-11L; 12:30 PM - CSE221-04 (LAB) FGZ,NMMR 09B-11L; 2:00 PM - CSE221-01 (LAB) NMMR,ASRF 09B-11L; 3:30 PM - CSE221-01 (LAB) NMMR,ASRF 09B-11L

Initial: NMMR
Name: MD MIZANUR RAHMAN MUSTAKIM
Day: Saturday
Scheduled commitments (classes/labs/breaks, not availability): 8:00 AM - CSE423-22 09H-34C; 9:30 AM - Consultation; 11:00 AM - CSE221-13 (LAB) NARC,NMMR 09B-10L; 12:30 PM - CSE221-13 (LAB) NARC,NMMR 09B-10L; 2:00 PM - CSE221-17 (LAB) FBAW,NMMR 09B-10L; 3:30 PM - CSE221-17 (LAB) FBAW,NMMR 09B-10L

Initial: NMMR
Name: MD MIZANUR RAHMAN MUSTAKIM
Day: Tuesday
Scheduled commitments (classes/labs/breaks, not availability): 9:30 AM - Thesis (UG); 11:00 AM - CSE321-03 (LAB) CTFZ,NMMR 10G-32L; 12:30 PM - CSE321-03 (LAB) CTFZ,NMMR 10G-32L; 2:00 PM - Consultation",MD MIZANUR RAHMAN MUSTAKIM's room is 4P171.,entity_heavy,rrf,0.9,False,False,False,False,True,False,,0.0162,0.0217,5.2007,5.2386,2026-07-28T08:28:37.029873+00:00,100.0002,100.0150
Q199,adaptive_novel,What is Labib Hasan Khan's email?,Labib Hasan Khan's email is labib.hasan@bracu.ac.bd.,"Initial: LBBH
Name: Labib Hasan Khan
Designation: Lecturer
Status: Full Time
Room: 4N136
Email: labib.hasan@bracu.ac.bd

Initial: LBBH
Name: Labib Hasan Khan
Day: Monday
Scheduled commitments (classes/labs/breaks, not availability): 8:00 AM - Thesis (UG); 9:30 AM - Consultation by Appointment; 11:00 AM - CSE424-01 (LAB) SLAR,LBBH 12D-26L,CSE424-02 (LAB) SLAR,LBBH 12D-26L; 12:30 PM - CSE424-01 (LAB) SLAR,LBBH 12D-26L,CSE424-02 (LAB) SLAR,LBBH 12D-26L; 2:00 PM - Research

Initial: LBBH
Name: Labib Hasan Khan
Day: Wednesday
Scheduled commitments (classes/labs/breaks, not availability): 8:00 AM - Thesis (UG); 9:30 AM - Consultation by Appointment; 11:00 AM - CSE440-03 (LAB) AYO,LBBH 10E-27L,CSE440-04 (LAB) AYO,LBBH 10E-27L; 12:30 PM - CSE440-03 (LAB) AYO,LBBH 10E-27L,CSE440-04 (LAB) AYO,LBBH 10E-27L; 2:00 PM - Research

Initial: LBBH
Name: Labib Hasan Khan
Day: Thursday
Scheduled commitments (classes/labs/breaks, not availability): 8:00 AM - CSE331-11 07D-20C; 9:30 AM - CSE331-12 07D-20C; 11:00 AM - Consultation; 12:30 PM - Consultation by Appointment

Initial: LBBH
Name: Labib Hasan Khan
Day: Saturday
Scheduled commitments (classes/labs/breaks, not availability): 8:00 AM - CSE331-11 07D-20C; 9:30 AM - CSE331-12 07D-20C; 11:00 AM - Consultation; 12:30 PM - Research",Labib Hasan Khan's email is labib.hasan@bracu.ac.bd.,entity_heavy,rrf,0.9,False,False,False,False,True,False,,0.0180,0.0180,5.1849,5.2211,2026-07-28T08:28:42.251890+00:00,99.9992,100.0150
Q200,adaptive_novel,Which room is A S M Nasim Khan in?,A S M Nasim Khan is in room 4F.,"Initial: ASMN
Name: A S M Nasim Khan
Designation: C. Lecturer
Status: Contractual
Room: 4F
Email: ext.nasim.khan@bracu.ac.bd

Initial: ASMN
Name: A S M Nasim Khan
Day: Sunday
Scheduled commitments (classes/labs/breaks, not availability): 8:00 AM - CSE220-12 (LAB) ASMN,AJA 09B-09L; 9:30 AM - CSE220-12 (LAB) ASMN,AJA 09B-09L; 2:00 PM - CSE321-13 (LAB) BDH,ASMN 09F-24L; 3:30 PM - CSE321-13 (LAB) BDH,ASMN 09F-24L

Initial: ASMN
Name: A S M Nasim Khan
Day: Saturday
Scheduled commitments (classes/labs/breaks, not availability): 11:00 AM - CSE463-01 (LAB) STNM,ASMN 09E-21L; 12:30 PM - CSE463-01 (LAB) STNM,ASMN 09E-21L; 2:00 PM - CSE463-02 (LAB) STNM,ASMN 09E-21L; 3:30 PM - CSE463-02 (LAB) STNM,ASMN 09E-21L

Initial: ASMN
Name: A S M Nasim Khan
Day: Monday
Scheduled commitments (classes/labs/breaks, not availability): 8:00 AM - CSE321-05 (LAB) NRT,ASMN 12D-26L; 9:30 AM - CSE321-05 (LAB) NRT,ASMN 12D-26L; 2:00 PM - CSE220-05 (LAB) AJA,ASMN 09B-08L; 3:30 PM - CSE220-05 (LAB) AJA,ASMN 09B-08L

Initial: NZRF
Name: Niaz Ashraf Khan
Designation: Senior Lecturer
Status: Full Time
Room: 4M125
Email: niaz.ashraf@bracu.ac.bd",A S M Nasim Khan is located in Room 4F.,entity_heavy,rrf,0.9,False,False,False,False,True,False,,0.0145,0.0259,4.6055,4.6459,2026-07-28T08:28:46.898323+00:00,100.0002,100.0150
