query_id,config,query,reference_answer,retrieved_context,generated_answer,route,fusion,lambda,abstained,raw_abstain,sufficient_context_override,graph_augmented,exact_match_top1,retrieval_s,rerank_s,generation_s,total_s,timestamp,query_confidence,query_top1_score
Q001,adaptive_novel,I'm an EEE student minoring in Physics. Do I need to separately meet the Physics minor's prerequisites even though I'm not a Physics major?,"Yes - BRACU's Minor in Physics has its own defined set of required courses and prerequisites, separate from your EEE major requirements, open to students from other departments as long as they meet those specific prerequisites. Being an EEE major doesn't automatically satisfy the Physics minor's course requirements; you'd need to check and fulfill them independently.","Question: I'm an EEE student minoring in Physics. Do I need to separately meet the Physics minor's prerequisites even though I'm not a Physics major?
Answer: Yes - BRACU's Minor in Physics has its own defined set of required courses and prerequisites, separate from your EEE major requirements, open to students from other departments as long as they meet those specific prerequisites. Being an EEE major doesn't automatically satisfy the Physics minor's course requirements; you'd need to check and 

Question: Can students minor in EEE if it's not their major department?
Answer: Yes, BRAC University offers a Minor in EEE with its own defined set of required courses and prerequisites (such as Electrical Circuits I & II and Electronic Circuits I & II), open to students from other departments who meet the prerequisites.

Question (Banglish): Major department na hole o student ra ki EEE te minor korte pare?
Answer (English): Yes, BRAC University offers a Minor in EEE with its own defined set of required courses and prerequisites (such as Electrical Circuits I & II and Electronic Circuits I & II), open to students from other departments who meet the prerequisites.

Question: New student here, can students minor in Physics, Mathematics, Biotechnology, or Microbiology even if it's not their major?
Answer: Yes, BRAC University offers formal Minor programs in Physics, Mathematics, Biotechnology, and Microbiology, each with a specific set of required courses, open to students from other majors who meet the prerequisites.

Question: Can students minor in Physics, Mathematics, Biotechnology, or Microbiology even if it's not their major?
Answer: Yes, BRAC University offers formal Minor programs in Physics, Mathematics, Biotechnology, and Microbiology, each with a specific set of required courses, open to students from other majors who meet the prerequisites.","As an EEE student minoring in Physics, you will need to separately meet the Physics minor's prerequisites even though you are not a Physics major. BRACU's Minor in Physics has its own defined set of required courses and prerequisites, separate from your EEE major requirements.",open_ended,linear,0.5,False,False,False,False,False,0.0862,0.2254,16.2739,16.5856,2026-07-26T22:58:41.787170+00:00,0.3589,0.9019
Q002,adaptive_novel,Reason for late fee appearing on pay slip of scholarship recipients after 29 June 2025?,The fee appears temporarily and will be waived automatically once the scholarship is adjusted.,"Question: Reason for late fee appearing on pay slip of scholarship recipients after 29 June 2025?
Answer: The fee appears temporarily and will be waived automatically once the scholarship is adjusted.

Question (Banglish): Scholarship pawa student der pay slip e 29 June 2025 er por late fee keno ashe?
Answer (English): The fee appears temporarily and will be waived automatically once the scholarship is adjusted.

Question: Consequence of adding courses after 24 June 2025?
Answer: A late registration fee will be applied.

Question: What are the consequences of late payment of tuition and fees?
Answer: At BRAC University, failure to make timely payments of tuition and fees can result in significant academic and financial consequences. Students who do not meet payment deadlines may have their academic results withheld, preventing them from accessing their grades or academic records. Additionally, unpaid dues can lead to the student being blocked from registering for future semesters, thereby delaying their academic

Question (Banglish): Tuition ar fee late pay korle ki consequence hoy?
Answer (English): At BRAC University, failure to make timely payments of tuition and fees can result in significant academic and financial consequences. Students who do not meet payment deadlines may have their academic results withheld, preventing them from accessing their grades or academic records. Additionally, unpaid dues can lead to the student being blocked from registering for future semesters, thereby delaying their ",The reason for the late fee appearing on the pay slip of scholarship recipients after 29 June 2025 is that it appears temporarily and will be waived automatically once the scholarship is adjusted.,open_ended,linear,0.5,False,False,False,False,False,0.0302,0.1197,6.2613,6.4113,2026-07-26T22:58:48.198941+00:00,0.3444,0.9491
Q003,adaptive_novel,Do you know when is the next intake for the undergraduate program?,"BRAC University admits new undergraduates three times a year - Spring (classes start January), Summer (May), and Fall (September). The exact application deadline and admission test date for the next intake are published on the Admissions page (bracu.ac.bd/admissions) closer to that semester.","Question: Do you know when is the next intake for the undergraduate program?
Answer: BRAC University admits new undergraduates three times a year - Spring (classes start January), Summer (May), and Fall (September). The exact application deadline and admission test date for the next intake are published on the Admissions page (bracu.ac.bd/admissions) closer to that semester.

Question: When is the next intake for the undergraduate program?
Answer: BRAC University admits new undergraduates three times a year - Spring (classes start January), Summer (May), and Fall (September). The exact application deadline and admission test date for the next intake are published on the Admissions page (bracu.ac.bd/admissions) closer to that semester.

Question (Banglish): Undergraduate program e porer barer intake ta thik kobe theke shuru hobe?
Answer (English): BRAC University admits new undergraduates three times a year - Spring (classes start January), Summer (May), and Fall (September). The exact application deadline and admission test date for the next intake are published on the Admissions page (bracu.ac.bd/admissions) closer to that semester.

 and September for LLB accordingly.
Tentative Schedule - Admission Tests:
Semester
1st Intake
2nd Intake
Spring
November
December
Summer
March
April
Fall
July
August

 January and September for LLB accordingly.
Tentative Schedule - Admission Tests:
Semester
1st Intake
2nd Intake
Spring
November
December
Summer
March
April
Fall
July
August",I don't have reliable information retrieved for this question. Please check with your academic advisor or BRAC University's official resources rather than relying on a guess here.,open_ended,linear,0.5,True,True,False,False,False,0.0243,0.1106,0.0000,0.1350,2026-07-26T22:58:48.334083+00:00,0.0779,0.8221
Q004,adaptive_novel,Can a group split up mid-way through a thesis if members disagree on direction?,"Yes, but it comes with a mark penalty that increases the later it happens in the process - members can request to break/divide a group, with deductions rising from Pre-Thesis I through the Final Defense stage.","Question: Can a group split up mid-way through a thesis if members disagree on direction?
Answer: Yes, but it comes with a mark penalty that increases the later it happens in the process - members can request to break/divide a group, with deductions rising from Pre-Thesis I through the Final Defense stage.

Question: Random question, can a group split up mid-way through a thesis if members disagree on direction?
Answer: Yes, but it comes with a mark penalty that increases the later it happens in the process - members can request to break/divide a group, with deductions rising from Pre-Thesis I through the Final Defense stage.

Question (Banglish): Direction niye member der modhye disagreement hole thesis er majhpothe group ki split hote pare?
Answer (English): Yes, but it comes with a mark penalty that increases the later it happens in the process - members can request to break/divide a group, with deductions rising from Pre-Thesis I through the Final Defense stage.

weigh this against the separate, larger penalties for breaking/dividing a group (3 marks during Pre-Thesis II specifically), since restructuring a group's membership can overlap with that rule depending on exactly what's changing. Best to check with your thesis coordinator before making the change.

Question: Can a student switch groups in the middle of the thesis project?
Answer: Yes you can, but your marks will be deducted. If you change during Pre Thesis 1: 2 marks, Pre Thesis 2: 3 marks, Final Thesis: 5 marks.","Yes, but it comes with a mark penalty that increases the later it happens in the process - members can request to break/divide a group, with deductions rising from Pre-Thesis I through the Final Defense stage.",open_ended,linear,0.5,False,False,False,False,False,0.0258,0.0919,7.0478,7.1656,2026-07-26T22:58:55.499923+00:00,0.0172,0.8991
Q005,adaptive_novel,What should students do if they have a scheduling conflict with their exams?,"The first step is to inform the course instructor about the conflict as soon as possible. If the conflict involves multiple exams or cannot be resolved with the instructor, students should consult their department office. The department can provide additional support or coordinate with other instructors to find a solution.","Question: What should students do if they have a scheduling conflict with their exams?
Answer: The first step is to inform the course instructor about the conflict as soon as possible. If the conflict involves multiple exams or cannot be resolved with the instructor, students should consult their department office. The department can provide additional support or coordinate with other instructors to find a solution.

Question: Random question, what should students do if they have a scheduling conflict with their exams?
Answer: The first step is to inform the course instructor about the conflict as soon as possible. If the conflict involves multiple exams or cannot be resolved with the instructor, students should consult their department office. The department can provide additional support or coordinate with other instructors to find a solution.

Question: Before I forget to ask — what should students do if they have a scheduling conflict with their exams?
Answer: The first step is to inform the course instructor about the conflict as soon as possible. If the conflict involves multiple exams or cannot be resolved with the instructor, students should consult their department office. The department can provide additional support or coordinate with other instructors to find a solution.

Question (Banglish): Exam er scheduling e conflict thakle student der ki korte hoy?
Answer (English): The first step is to inform the course instructor about the conflict as soon as possible. If the conflict involves multiple exams or cannot be resolved with the instructor, students should consult their department office. The department can provide additional support or coordinate with other instructors to find a solution.

Question: What should a course teacher do if a student misses the final exam for a valid reason?
Answer: If a student misses the final exam for a documented valid reason (such as a medical emergency), the course teacher can arrange a make-up exam, and if course requirements genuinely can't be completed in time, an 'Incomplete' (I) grade with a defined completion deadline (up to 8 weeks after the final exam) may be assigned instead.","The first step is to inform the course instructor about the conflict as soon as possible. If the conflict involves multiple exams or cannot be resolved with the instructor, students should consult their department office. The department can provide additional support or coordinate with other instructors to find a solution.",open_ended,linear,0.5,False,False,False,False,False,0.0247,0.1250,8.1823,8.3321,2026-07-26T22:59:03.832833+00:00,0.0101,0.9137
Q006,adaptive_novel,Where is the EEE Department?,The EEE Department is located on the 4th floor and the labs are on 11th and 12th.,"Question: Where is the EEE Department?
Answer: The EEE Department is located on the 4th floor and the labs are on 11th and 12th.

Question (Banglish): EEE Department kothay?
Answer (English): The EEE Department is located on the 4th floor and the labs are on 11th and 12th.

Question: Where is EEE department's printing Lab?
Answer: The EEE Department's printing lab is on 12B-17L

Question: Where can I find EEE department's printing Lab?
Answer: The EEE Department's printing lab is on 12B-17L

Question (Banglish): EEE department er printing Lab kothay?
Answer (English): The EEE Department's printing lab is on 12B-17L",I don't have reliable information retrieved for this question. Please check with your academic advisor or BRAC University's official resources rather than relying on a guess here.,open_ended,linear,0.5,True,True,False,False,False,0.0169,0.1110,0.0000,0.1280,2026-07-26T22:59:03.959450+00:00,0.0256,0.8244
Q007,adaptive_novel,What services does the BRAC University Medical Center provide?,"The Medical Center offers emergency medical services and free consultations/medicine to students and employees, health checkups with an official Health Card, referrals to partner hospitals for emergencies, ambulance support, and workshops on reproductive health and family planning. It also runs blood donation programs in collaboration with student clubs, arranges vaccination drives for communicable diseases, and holds regular STD/reproductive health workshops each semester with BRAC James P Grant School of Public Health.","Question: What services does the BRAC University Medical Center provide?
Answer: The Medical Center offers emergency medical services and free consultations/medicine to students and employees, health checkups with an official Health Card, referrals to partner hospitals for emergencies, ambulance support, and workshops on reproductive health and family planning. It also runs blood donation programs in collaboration with student clubs, arranges vaccination drives for communicable diseases, and hol

Question: Hi, what services does the BRAC University Medical Center provide?
Answer: The Medical Center offers emergency medical services and free consultations/medicine to students and employees, health checkups with an official Health Card, referrals to partner hospitals for emergencies, ambulance support, and workshops on reproductive health and family planning, among other services.

Question (Banglish): BRAC University Medical Center ki ki service provide kore?
Answer (English): The Medical Center offers emergency medical services and free consultations/medicine to students and employees, health checkups with an official Health Card, referrals to partner hospitals for emergencies, ambulance support, and workshops on reproductive health and family planning. It also runs blood donation programs in collaboration with student clubs, arranges vaccination drives for communicable 

Question: Before I forget to ask — does BRAC University have a medical center for students?
Answer: Yes, BRAC University's Student Life section lists a Medical Center that provides healthcare services to students on campus, in addition to the medical facilities available at the Savar Residential Campus.

Question: Does BRAC University have a medical center for students?
Answer: Yes, BRAC University's Student Life section lists a Medical Center that provides healthcare services to students on campus, in addition to the medical facilities available at the Savar Residential Campus.","The BRAC University Medical Center provides emergency medical services and free consultations/medicine to students and employees. It also offers health checkups with an official Health Card, referrals to partner hospitals for emergencies, ambulance support, and workshops on reproductive health and family planning. In addition, it runs blood donation programs in collaboration with student clubs, arranges vaccination drives for communicable diseases, and holds workshops and other services.",open_ended,linear,0.5,False,False,False,False,False,0.0241,0.1000,10.9121,11.0362,2026-07-26T22:59:14.998966+00:00,0.0573,0.8738
Q008,adaptive_novel,When must course selections be confirmed after Pre-Registration phases?,During the Self-Registration period assigned after result publication,"Question: When must course selections be confirmed after Pre-Registration phases?
Answer: During the Self-Registration period assigned after result publication

Question: Final opportunity for course registration after Pre-Registration Phases?
Answer: The Self-Registration period is the final opportunity for course registration after both Pre-Registration phases have ended.

Question: Just wondering, final opportunity for course registration after Pre-Registration Phases?
Answer: The Self-Registration period is the final opportunity for course registration after both Pre-Registration phases have ended.

Question (Banglish): Pre-Registration phase er por course selection kobe confirm korte hobe?
Answer (English): During the Self-Registration period assigned after result publication

Question: What is pre-registation?
Answer: Pre-registation is an important step in the academic registration process. It is a phase where students plan and select the courses they intend to take in the upcoming semester. During pre-advising, students consult with their assigned academic advisors and mentors to ensure their course selections align with their degree requirements, academic standing, and future goals.

Here are some key points about the pre-advising process at BRAC University:

Cour",Course selections must be confirmed during the Self-Registration period assigned after result publication.,open_ended,linear,0.5,False,False,False,False,False,0.0257,0.1125,4.2765,4.4148,2026-07-26T22:59:19.414312+00:00,0.4455,0.9246
Q009,adaptive_novel,Where do i have to park the vehicle?,You can park your vehicle at basement-2.,"Question: Where do i have to park the vehicle?
Answer: You can park your vehicle at basement-2.

Question (Banglish): Amar vehicle ta kothay park korte hobe?
Answer (English): You can park your vehicle at basement-2.

Question: How long can i park my vehicle on campus?
Answer: As long as you're paying the parking fee

Question (Banglish): Ami koto shomoy campus e amar vehicle park korte pari?
Answer (English): As long as you're paying the parking fee

Question: What is the payment for self driven car parking?
Answer: For self-driven vehicles: registered vehicles pay Tk 5,000 per semester; non-registered vehicles pay Tk 60 for the first 4 hours and Tk 20 for each additional hour (the same rate structure applies as for driver-driven vehicles).",You can park your vehicle at basement-2.,open_ended,linear,0.5,False,False,False,False,False,0.0198,0.0875,3.6691,3.7764,2026-07-26T22:59:23.191327+00:00,0.1409,0.8720
Q010,adaptive_novel,Purpose of the Wishlist event for Summer 2025?,To help plan course offerings based on student demand,"Question: Purpose of the Wishlist event for Summer 2025?
Answer: To help plan course offerings based on student demand

Question (Banglish): Summer 2025 er Wishlist event er purpose ki?
Answer (English): To help plan course offerings based on student demand

Question: Purpose of the Course Wishlist feature in the Connect system?
Answer: Addition of preferred courses to a wishlist to secure seats as they become available while following university policies

Question: Which undergraduate programs are excluded from the Wishlist event?
Answer: LLB and PHR (Pharmacy) students are excluded from the Wishlist event, along with students eligible for the Residential Semester in the upcoming term.

Question (Banglish): Connect system e Course Wishlist feature er purpose ki?
Answer (English): Addition of preferred courses to a wishlist to secure seats as they become available while following university policies",I don't have reliable information retrieved for this question. Please check with your academic advisor or BRAC University's official resources rather than relying on a guess here.,open_ended,linear,0.5,True,True,False,False,False,0.0198,0.1601,0.0000,0.1799,2026-07-26T22:59:23.371043+00:00,0.0438,0.5000
Q011,adaptive_novel,Can you tell me what the consequences of violating TARC rules and regulations are?,"Violating rules and regulations can get one ousted from tarc.Eventually on severe violation the authority will call their parents and send them home.On minor violation,students are given warning.Also after 3 warnings if they cannot bring changes in themselves their tarc will also be cancelled","Question: Can you tell me what the consequences of violating TARC rules and regulations are?
Answer: Violating rules and regulations can get one ousted from tarc.Eventually on severe violation the authority will call their parents and send them home.On minor violation,students are given warning.Also after 3 warnings if they cannot bring changes in themselves their tarc will also be cancelled

Question: What are the consequences of violating TARC rules and regulations?
Answer: Violating rules and regulations can get one ousted from tarc.Eventually on severe violation the authority will call their parents and send them home.On minor violation,students are given warning.Also after 3 warnings if they cannot bring changes in themselves their tarc will also be cancelled

Question: Before I forget to ask — what are the consequences of violating TARC rules and regulations?
Answer: Violating rules and regulations can get one ousted from tarc.Eventually on severe violation the authority will call their parents and send them home.On minor violation,students are given warning.Also after 3 warnings if they cannot bring changes in themselves their tarc will also be cancelled

Question: Just wondering, what are the consequences of violating TARC rules and regulations?
Answer: Violating rules and regulations can get one ousted from tarc.Eventually on severe violation the authority will call their parents and send them home.On minor violation,students are given warning.Also after 3 warnings if they cannot bring changes in themselves their tarc will also be cancelled

Question (Banglish): TARC er rules bhanle ki consequence hoy?
Answer (English): Violating rules and regulations can get one ousted from tarc.Eventually on severe violation the authority will call their parents and send them home.On minor violation,students are given warning.Also after 3 warnings if they cannot bring changes in themselves their tarc will also be cancelled","Violating rules and regulations can get one ousted from tarc. Eventually on severe violation the authority will call their parents and send them home. On minor violation, students are given warning. Also after 3 warnings if they cannot bring changes in themselves their tarc will also be cancelled.",open_ended,linear,0.5,False,False,False,False,False,0.0234,0.0702,8.3147,8.4083,2026-07-26T22:59:31.780032+00:00,0.0416,0.8874
Q012,adaptive_novel,What is the contact number for Route-05 (Jatrabari)?,Route-05 (Jatrabari) Service Assistant contact: 01700-877297.,"Question: What is the contact number for Route-05 (Jatrabari)?
Answer: Route-05 (Jatrabari) Service Assistant contact: 01700-877297.

Question (Banglish): Route-05 (Jatrabari) er contact number ta ki?
Answer (English): Route-05 (Jatrabari) Service Assistant contact: 01700-877297.

Question: What is the contact number for Route-01 (Abdullahpur)?
Answer: Route-01 (Abdullahpur) Service Assistant contact: 01312-467316.

Question (Banglish): Route-05 (Jatrabari) er first outbound timing ta ki?
Answer (English): Route-05 (Jatrabari): First trip departs at 2:05 PM.

Question (Banglish): Route-05 (Jatrabari) er pickup time gula ki?
Answer (English): Route-05 (Jatrabari): 1st Trip: 6:30 AM, 2nd Trip: 8:45 AM.",The contact number for Route-05 (Jatrabari) Service Assistant is 01700-877297.,open_ended,linear,0.5,False,False,False,False,False,0.0216,0.0737,4.9147,5.0101,2026-07-26T22:59:36.790458+00:00,0.0921,0.9353
Q013,adaptive_novel,Can you tell me what BRAC University's policy on sexual harassment is?,"BRAC University maintains a 'Zero Tolerance' policy toward sexual harassment of any kind, formalized in its Code of Conduct on Sexual Harassment, which is part of the university's broader safeguarding framework alongside the Academic Handbook and the Regulations of Students Conduct.","Question: Can you tell me what BRAC University's policy on sexual harassment is?
Answer: BRAC University maintains a 'Zero Tolerance' policy toward sexual harassment of any kind, formalized in its Code of Conduct on Sexual Harassment, which is part of the university's broader safeguarding framework alongside the Academic Handbook and the Regulations of Students Conduct.

Question: What is BRAC University's policy on sexual harassment?
Answer: BRAC University maintains a 'Zero Tolerance' policy toward sexual harassment of any kind, formalized in its Code of Conduct on Sexual Harassment, which is part of the university's broader safeguarding framework alongside the Academic Handbook and the Regulations of Students Conduct.

Question (Banglish): Sexual harassment niye BRAC University er policy ta ki?
Answer (English): BRAC University maintains a 'Zero Tolerance' policy toward sexual harassment of any kind, formalized in its Code of Conduct on Sexual Harassment, which is part of the university's broader safeguarding framework alongside the Academic Handbook and the Regulations of Students Conduct.

Question: For a friend who's asking — who should staff members contact if they face harassment at the university, not just students?
Answer: The Office of the Proctor's advocacy covers everyone affiliated with BRACU, not just students - lecturers, security staff, and other employees experiencing harassment can also turn to the Proctor's office for support.

Question: Is hazing prohibited at BRAC University?
Answer: Yes. The Regulations of Students Conduct explicitly prohibit hazing, defined broadly to include forced consumption of food, liquor, drugs, or forced physical activity that could harm a student's health or safety, as well as activities intended to embarrass or humiliate someone in connection with joining any university organization.","BRAC University maintains a 'Zero Tolerance' policy toward sexual harassment of any kind, formalized in its Code of Conduct on Sexual Harassment, which is part of the university's broader safeguarding framework alongside the Academic Handbook and the Regulations of Students Conduct.",open_ended,linear,0.5,False,False,False,False,False,0.0226,0.1072,7.7871,7.9169,2026-07-26T22:59:44.707954+00:00,0.0563,0.8627
Q014,adaptive_novel,How to do advising as my advising is blocked but my payment is clear?,You have login into these page using your g-suit to get help. LINK: https://bracu.atlassian.net/servicedesk/customer/portal/2/user/login?destination=portal%2F2 or try emailing at sic@bracu.ac.bd,"Question: How to do advising as my advising is blocked but my payment is clear?
Answer: You have login into these page using your g-suit to get help. LINK: https://bracu.atlassian.net/servicedesk/customer/portal/2/user/login?destination=portal%2F2 or try emailing at sic@bracu.ac.bd

Question (Banglish): Amar advising block kora ache kintu payment clear, tahole advising kivabe korbo?
Answer (English): You have login into these page using your g-suit to get help. LINK: https://bracu.atlassian.net/servicedesk/customer/portal/2/user/login?destination=portal%2F2 or try emailing at sic@bracu.ac.bd

partment's probation advising process rather than the standard self-confirm route, not be blocked outright.

Question: How to do main advising, (Department Wise)?
Answer: The advising procedures are different for every department. Example: For CSE department the advising is divided into 2 parts. First one, Discord Advising and On campus Advising. Discord advising happens for two/three days. For discord advising you have to verify yourself first. The rules and verification procedures will be sent in your g-suite email. After following them you will get yourself verified. Then you will be assigned to an 

Question: What is advising?
Answer: Advising is the procedure of taking courses for your upcoming semester. It is divided into two parts. Firstly Pre-advising then main advising. Pre-advising usually happens few days before your cuurent semester's final starts and main advising usually begins 1 week before the class starts. Pre-advising has three schedule. Pre-Registration 1, Pre-Registration 2 and Self Registration.","You have logged into the given page using your g-suit to get help with your blocked advising status, or try emailing at sic@bracu.ac.bd.",open_ended,linear,0.5,False,False,False,False,False,0.0210,0.1296,6.0343,6.1850,2026-07-26T22:59:50.892983+00:00,0.2027,0.8515
Q015,adaptive_novel,What is the difference in focus between the BSEEE and BSECE programs?,"BSEEE (Electrical and Electronic Engineering) has a broader focus spanning power, electronics and general EEE topics, while BSECE (Electronic and Communication Engineering) concentrates more specifically on communication-related topics such as signal processing, telecommunications, microwave engineering, and data/optical/satellite communications.","Question: What is the difference in focus between the BSEEE and BSECE programs?
Answer: BSEEE (Electrical and Electronic Engineering) has a broader focus spanning power, electronics and general EEE topics, while BSECE (Electronic and Communication Engineering) concentrates more specifically on communication-related topics such as signal processing, telecommunications, microwave engineering, and data/optical/satellite communications.

Question: Can you tell me what the difference in focus between the BSEEE and BSECE programs is?
Answer: BSEEE (Electrical and Electronic Engineering) has a broader focus spanning power, electronics and general EEE topics, while BSECE (Electronic and Communication Engineering) concentrates more specifically on communication-related topics such as signal processing, telecommunications, microwave engineering, and data/optical/satellite communications.

Question (Banglish): BSEEE ar BSECE program er focus e ki difference?
Answer (English): BSEEE (Electrical and Electronic Engineering) has a broader focus spanning power, electronics and general EEE topics, while BSECE (Electronic and Communication Engineering) concentrates more specifically on communication-related topics such as signal processing, telecommunications, microwave engineering, and data/optical/satellite communications.

Question: What undergraduate and graduate programs does the Department of EEE offer?
Answer: The Department of Electrical and Electronic Engineering offers two undergraduate programs - Bachelor of Science in Electrical and Electronic Engineering (BSEEE) and Bachelor of Science in Electronic and Communication Engineering (BSECE) - plus two graduate programs, the Master of Science in EEE (MScEEE) and the Master of Engineering in EEE (MEnggEEE).

Question (Banglish): BSEEE program e koto credit hour lage?
Answer (English): The Bachelor of Science in Electrical and Electronic Engineering (BSEEE) requires completion of 136 credit hours across each of its curriculum versions (V1, V2, V3).","The full difference in focus between the BSEEE and BSECE programs is that BSEEE has a broader focus spanning power, electronics and general EEE topics, while BSECE concentrates more specifically on communication-related topics such as signal processing, telecommunications, microwave engineering, and data/optical/satellite communications.",open_ended,linear,0.5,False,False,False,False,False,0.0230,0.1149,9.1358,9.2738,2026-07-26T23:00:00.167067+00:00,0.0049,0.8681
Q016,adaptive_novel,"This might be a silly question, but provide me the contact information of library staffs?","You can contact Librarian at: librarian@bracu.ac.bd, hasina@bracu.ac.bd
Deputy Librarian: nasiruddin@bracu.ac.bd, murtoza@bracu.ac.bd","Question: This might be a silly question, but provide me the contact information of library staffs?
Answer: You can contact Librarian at: librarian@bracu.ac.bd, hasina@bracu.ac.bd
Deputy Librarian: nasiruddin@bracu.ac.bd, murtoza@bracu.ac.bd

Question: Provide me the contact information of library staffs.
Answer: You can contact Librarian at: librarian@bracu.ac.bd, hasina@bracu.ac.bd
Deputy Librarian: nasiruddin@bracu.ac.bd, murtoza@bracu.ac.bd

Question: For a friend who's asking — provide me the contact information of library staffs?
Answer: You can contact Librarian at: librarian@bracu.ac.bd, hasina@bracu.ac.bd
Deputy Librarian: nasiruddin@bracu.ac.bd, murtoza@bracu.ac.bd

Question: I wanted to ask, provide me the contact information of library staffs?
Answer: You can contact Librarian at: librarian@bracu.ac.bd, hasina@bracu.ac.bd
Deputy Librarian: nasiruddin@bracu.ac.bd, murtoza@bracu.ac.bd

Question: Can someone help — provide me the contact information of library staffs?
Answer: You can contact Librarian at: librarian@bracu.ac.bd, hasina@bracu.ac.bd
Deputy Librarian: nasiruddin@bracu.ac.bd, murtoza@bracu.ac.bd","You can contact Librarian at: librarian@bracu.ac.bd, hasina@bracu.ac.bd
Deputy Librarian: nasiruddin@bracu.ac.bd, murtoza@bracu.ac.bd",open_ended,linear,0.5,False,False,False,False,False,0.0322,0.1036,7.5004,7.6363,2026-07-26T23:00:07.803849+00:00,0.1467,0.8433
Q017,adaptive_novel,"Hey, for further information regarding Admission who should I contact?","For more queries, please contact the Inquiry, Registration & Admissions Office, BRACU (Phone: +88 09638464646, Call Center Ext: 1001. You can also send e-mail at admissions@bracu.ac.bd.","Question: Hey, for further information regarding Admission who should I contact?
Answer: For more queries, please contact the Inquiry, Registration & Admissions Office, BRACU (Phone: +88 09638464646, Call Center Ext: 1001. You can also send e-mail at admissions@bracu.ac.bd.

Question: For further information regarding Admission who should I contact?
Answer: For more queries, please contact the Inquiry, Registration & Admissions Office, BRACU (Phone: +88 09638464646, Call Center Ext: 1001. You can also send e-mail at admissions@bracu.ac.bd.

Question: How do I contact the admissions office?
Answer: You can mail to admissions@bracu.ac.bd

Question: Who should I contact for scholarship or financial aid queries?
Answer: Scholarship and financial aid queries should be sent to the International & Scholarship Office at scholarship@bracu.ac.bd.

Question: What's the process to contact the admissions office?
Answer: You can mail to admissions@bracu.ac.bd",I don't have reliable information retrieved for this question. Please check with your academic advisor or BRAC University's official resources rather than relying on a guess here.,open_ended,linear,0.5,True,True,False,False,False,0.0209,0.1007,0.0000,0.1217,2026-07-26T23:00:07.924869+00:00,0.1076,0.8105
Q018,adaptive_novel,What are BRAC University's official colours?,"BRAC University's official colours are blue, black, and gray.","Question: What are BRAC University's official colours?
Answer: BRAC University's official colours are blue, black, and gray.

Question: Can you tell me what BRAC University's official colours are?
Answer: BRAC University's official colours are blue, black, and gray.

Question: I wanted to ask, what are BRAC University's official colours?
Answer: BRAC University's official colours are blue, black, and gray.

Question: I looked around the site but couldn't find it — what are BRAC University's official colours?
Answer: BRAC University's official colours are blue, black, and gray.

Question (Banglish): BRAC University er official colour gula ki?
Answer (English): BRAC University's official colours are blue, black, and gray.","BRAC University's official colours are blue, black, and gray.",open_ended,linear,0.5,False,False,False,False,False,0.0217,0.0732,4.2031,4.2981,2026-07-26T23:00:12.224611+00:00,0.0028,0.8947
Q019,adaptive_novel,How are students informed about changes to the transport service?,Students are informed through official BRAC University notices and announcements.,"Question: How are students informed about changes to the transport service?
Answer: Students are informed through official BRAC University notices and announcements.

Question (Banglish): Transport service e change hole student der kivabe janano hoy?
Answer (English): Students are informed through official BRAC University notices and announcements.

Question: How can students report a problem with the transport service?
Answer: Students can report issues by calling the designated route-specific numbers or reaching out to transport officers.

Question: Can students suggest new routes for the transport service?
Answer: Suggestions for new routes can be submitted to the transport office for review.

Question: How can students contact the transport service?
Answer: Students can contact the transport service via designated phone numbers.",Students are informed through official BRAC University notices and announcements.,open_ended,linear,0.5,False,False,False,False,False,0.0204,0.0603,3.8242,3.9049,2026-07-26T23:00:16.129901+00:00,0.3133,0.8781
Q020,adaptive_novel,What is checked at the Security Supervisor Office?,"Student ID Check, All workers In out","Question: What is checked at the Security Supervisor Office?
Answer: Student ID Check, All workers In out

Question: What is the function of the Security Supervisor Office?
Answer: To check student IDs and monitor the entry and exit of all workers.

Question (Banglish): Security Supervisor Office er function ta ki?
Answer (English): To check student IDs and monitor the entry and exit of all workers.

Question (Banglish): Security Supervisor Office e ki check kora hoy?
Answer (English): Student ID Check, All workers In out

Question (Banglish): Amar thesis supervisor ki amar topic approve koreche?
Answer (English): Individual thesis and supervisor records aren't something I have access to. Check directly with your supervisor or the thesis coordination sheet for your department.","Student ID Check, All workers In out.",open_ended,linear,0.5,False,False,False,False,False,0.0239,0.0819,3.5474,3.6532,2026-07-26T23:00:19.783677+00:00,0.2107,0.8583
Q021,adaptive_novel,What support does the Center of Entrepreneurship Development (CED) provide?,"The Center for Entrepreneurship Development (CED) at BRAC University supports students and alumni in developing entrepreneurial skills and launching their own ventures. It offers various services, including:
Training and mentorship programs for aspiring entrepreneurs.
Workshops and seminars on business development and innovation.
Networking opportunities with industry professionals.
Resources and guidance for business planning and startup funding.
CED aims to foster a culture of entrepreneurship and innovation within the university community, providing both theoretical knowledge and practical experience to help students succeed in their entrepreneurial endeavors.Visit more for details: https://ced.bracu.ac.bd/","Question: What support does the Center of Entrepreneurship Development (CED) provide?
Answer: The Center for Entrepreneurship Development (CED) at BRAC University supports students and alumni in developing entrepreneurial skills and launching their own ventures. It offers various services, including:
Training and mentorship programs for aspiring entrepreneurs.
Workshops and seminars on business development and innovation.
Networking opportunities with industry professionals.
Resources and guidan

Question (Banglish): Center of Entrepreneurship Development (CED) ki support provide kore?
Answer (English): The Center for Entrepreneurship Development (CED) at BRAC University supports students and alumni in developing entrepreneurial skills and launching their own ventures. It offers various services, including:
Training and mentorship programs for aspiring entrepreneurs.
Workshops and seminars on business development and innovation.
Networking opportunities with industry professionals.
Resou

Question: What services does the Center of Entrepreneurship Development (CED) offer?
Answer: Located on the 3rd Floor/Level 3 (B3-03 Stair 08), the CED provides support for entrepreneurial activities.

Question: Quick question — what services does the Center of Entrepreneurship Development (CED) offer?
Answer: Located on the 3rd Floor/Level 3 (B3-03 Stair 08), the CED provides support for entrepreneurial activities.

Question (Banglish): Center of Entrepreneurship Development (CED) ki ki service offer kore?
Answer (English): Located on the 3rd Floor/Level 3 (B3-03 Stair 08), the CED provides support for entrepreneurial activities.","The Center for Entrepreneurship Development (CED) at BRAC University supports students and alumni in developing entrepreneurial skills and launching their own ventures. It offers various services, including training and mentorship programs, workshops and seminars on business development and innovation, networking opportunities with industry professionals, and resources and guidance.",open_ended,linear,0.5,False,False,False,False,False,0.0217,0.1087,8.5172,8.6476,2026-07-26T23:00:28.431555+00:00,0.0582,0.9201
Q022,adaptive_novel,"My brother/sister is studying at BracU, how would I apply for Sibling Scholarship?","Tuition fee waiver is awarded to one of the siblings who will enroll later at Brac
University.

Supporting documents for applying for Sibling Scholarship:

a) Photocopy of National ID Cards/Passports of both the applicant and parents
b) Passport-size photos of both the siblings,
c) Photocopy of BracU Grade sheet of both the siblings,
d) Photocopy of BracU advising sheet of both the siblings,
e) Photocopy of Transcript of HSC & SSC/ A level & O level of both the siblings","Question: My brother/sister is studying at BracU, how would I apply for Sibling Scholarship?
Answer: Tuition fee waiver is awarded to one of the siblings who will enroll later at Brac
University.

Supporting documents for applying for Sibling Scholarship:

a) Photocopy of National ID Cards/Passports of both the applicant and parents
b) Passport-size photos of both the siblings,
c) Photocopy of BracU Grade sheet of both the siblings,
d) Photocopy of BracU advising sheet of both the siblings,
e) P

Question (Banglish): Amar bhai/bon BracU te poreche, Sibling Scholarship er jonno ami kivabe apply korbo?
Answer (English): Tuition fee waiver is awarded to one of the siblings who will enroll later at Brac
University.

Supporting documents for applying for Sibling Scholarship:

a) Photocopy of National ID Cards/Passports of both the applicant and parents
b) Passport-size photos of both the siblings,
c) Photocopy of BracU Grade sheet of both the siblings,
d) Photocopy of BracU advising sheet of 

Question: How can I apply for the scholarship?
Answer: 1. Students who are eligible for Scholarship Based on Previous Academic Results / Sibling Scholarship / BRAC Scholarship / Physically Challenged Students / Children of Freedom Fighter / Debater’s Blue Scholarship / Children of Brac University Regular Confirmed Employee will have to apply for the first time through BracU prescribed form which is available at the Brac University website (https://www.bracu.ac.bd/admission/scholarships-financial

Question: What steps do I need to follow to apply for the scholarship?
Answer: 1. Students who are eligible for Scholarship Based on Previous Academic Results / Sibling Scholarship / BRAC Scholarship / Physically Challenged Students / Children of Freedom Fighter / Debater’s Blue Scholarship / Children of Brac University Regular Confirmed Employee will have to apply for the first time through BracU prescribed form which is available at the Brac University website (https://www.bracu.ac.bd/admissio

Question: How can students apply for scholarships at BRAC University?
Answer: To apply for scholarships at BRAC University, students must first be admitted to a program. They can then fill out a scholarship application form, available through the admissions or financial aid office. Supporting documents, such as academic transcripts and financial proof (for need-based scholarships), are required. Applications must be submitted by the deadlines, and the Scholarship Committee reviews them before no","To apply for the Sibling Scholarship, you will need to have your sibling enroll later at Brac University.",open_ended,linear,0.5,False,False,False,False,False,0.0250,0.1531,5.5090,5.6871,2026-07-26T23:00:34.118731+00:00,0.3679,0.9031
Q023,adaptive_novel,Does ENH offer a minor for students outside the department?,"Yes, ENH offers a Minor in History, open to students from any department, letting them take history courses to help contextualize their main field of study.","Question: Does ENH offer a minor for students outside the department?
Answer: Yes, ENH offers a Minor in History, open to students from any department, letting them take history courses to help contextualize their main field of study.

Question (Banglish): ENH ki department er baire student der jonno minor offer kore?
Answer (English): Yes, ENH offers a Minor in History, open to students from any department, letting them take history courses to help contextualize their main field of study.

Question: Can students minor in EEE if it's not their major department?
Answer: Yes, BRAC University offers a Minor in EEE with its own defined set of required courses and prerequisites (such as Electrical Circuits I & II and Electronic Circuits I & II), open to students from other departments who meet the prerequisites.

Question: Can BBA students choose a minor outside the business school?
Answer: Yes. Students may graduate without a minor by taking any three 300/400-level BRACU courses, or they may choose a minor from another school/department; credit requirements for an outside-department minor can differ and should be confirmed with that department in advance.

Question (Banglish): BBA student ra ki business school er baire minor choose korte pare?
Answer (English): Yes. Students may graduate without a minor by taking any three 300/400-level BRACU courses, or they may choose a minor from another school/department; credit requirements for an outside-department minor can differ and should be confirmed with that department in advance.","Yes, ENH offers a Minor in History, open to students from any department, letting them take history courses to help contextualize their main field of study.",open_ended,linear,0.5,False,False,False,False,False,0.0238,0.1071,5.8578,5.9888,2026-07-26T23:00:40.108073+00:00,0.1831,0.8769
Q024,adaptive_novel,"Does every undergraduate program require a thesis, or can students choose a project/internship instead?","It depends on the program and department; in CSE, for example, students can fulfill the CSE400 capstone requirement through a Thesis, a Project, or an Internship track, each with its own supervision and marking rubric, rather than thesis being the only option.","Question: Does every undergraduate program require a thesis, or can students choose a project/internship instead?
Answer: It depends on the program and department; in CSE, for example, students can fulfill the CSE400 capstone requirement through a Thesis, a Project, or an Internship track, each with its own supervision and marking rubric, rather than thesis being the only option.

Question: Hi, does every undergraduate program require a thesis, or can students choose a project/internship instead?
Answer: It depends on the program and department; in CSE, for example, students can fulfill the CSE400 capstone requirement through a Thesis, a Project, or an Internship track, each with its own supervision and marking rubric, rather than thesis being the only option.

Question: I wanted to ask, do BBA students have to do an internship, or can they choose a thesis instead?
Answer: BBA students are generally required to complete a one-semester internship, but they may opt for a Thesis instead. Choosing the thesis route requires a minimum CGPA of 3.5 and involves working with a supervisor for at least one semester (trimester), followed by a thesis paper and a presentation.

Question: Do BBA students have to do an internship, or can they choose a thesis instead?
Answer: BBA students are generally required to complete a one-semester internship, but they may opt for a Thesis instead. Choosing the thesis route requires a minimum CGPA of 3.5 and involves working with a supervisor for at least one semester (trimester), followed by a thesis paper and a presentation.

Question (Banglish): Protita undergraduate program e thesis lage, naki student ra project/internship o choose korte pare?
Answer (English): It depends on the program and department; in CSE, for example, students can fulfill the CSE400 capstone requirement through a Thesis, a Project, or an Internship track, each with its own supervision and marking rubric, rather than thesis being the only option.","It depends on the program and department; in CSE, for example, students can fulfill the CSE400 capstone requirement through a Thesis, a Project, or an Internship track, each with its own supervision and marking rubric, rather than thesis being the only option.",open_ended,linear,0.5,False,False,False,False,False,0.0282,0.1240,8.3413,8.4935,2026-07-26T23:00:48.601840+00:00,0.0024,0.8856
Q025,adaptive_novel,"Hi, what exactly does the Office of the Proctor handle at BRAC University?","The Office of the Proctor is responsible for student discipline and campus safety, acting as an intermediary for complaints about harassment, bullying, or intimidation involving anyone affiliated with BRACU - students, faculty, staff, or security personnel.","Question: Hi, what exactly does the Office of the Proctor handle at BRAC University?
Answer: The Office of the Proctor is responsible for student discipline and campus safety, acting as an intermediary for complaints about harassment, bullying, or intimidation involving anyone affiliated with BRACU - students, faculty, staff, or security personnel.

Question: What exactly does the Office of the Proctor handle at BRAC University?
Answer: The Office of the Proctor is responsible for student discipline and campus safety, acting as an intermediary for complaints about harassment, bullying, or intimidation involving anyone affiliated with BRACU - students, faculty, staff, or security personnel.

Question: Kind of urgent, but what exactly does the Office of the Proctor handle at BRAC University?
Answer: The Office of the Proctor is responsible for student discipline and campus safety, acting as an intermediary for complaints about harassment, bullying, or intimidation involving anyone affiliated with BRACU - students, faculty, staff, or security personnel.

Question (Banglish): BRAC University te Office of the Proctor thik ki ki dekhe?
Answer (English): The Office of the Proctor is responsible for student discipline and campus safety, acting as an intermediary for complaints about harassment, bullying, or intimidation involving anyone affiliated with BRACU - students, faculty, staff, or security personnel.

Question: Who handles student discipline and safety issues on campus?
Answer: The Office of the Proctor handles student discipline and campus safety matters. It can be reached at proctor@bracu.ac.bd or by phone, and is open 9:00 AM to 5:30 PM.","The Office of the Proctor is responsible for student discipline and campus safety, acting as an intermediary for complaints about harassment, bullying, or intimidation involving anyone affiliated with BRACU - students, faculty, staff, or security personnel.",open_ended,linear,0.5,False,False,False,False,False,0.0275,0.1026,7.2043,7.3345,2026-07-26T23:00:55.936529+00:00,0.0674,0.8565
Q026,adaptive_novel,What is BRAC University's general contact information?,"The university can be reached at +88 09638464646 (extension 1001 for the operator), and general queries can be emailed to info@bracu.ac.bd.","Question: What is BRAC University's general contact information?
Answer: The university can be reached at +88 09638464646 (extension 1001 for the operator), and general queries can be emailed to info@bracu.ac.bd.

Question (Banglish): BRAC University er general contact information ta ki?
Answer (English): The university can be reached at +88 09638464646 (extension 1001 for the operator), and general queries can be emailed to info@bracu.ac.bd.

Question: How can I get information about Scholarship/Financial Aid in BRAC University?
Answer: Regarding all information about Financial Aid, please contact:
BRACU (Phone: +88 09638464646, Call Center Ext: 1001 or email at scholarship@bracu.ac.bd
(BRACU Scholarship Office)

Question: How can I contact the BRAC University admissions office?
Answer: Prospective applicants can email admissions@bracu.ac.bd or call the university's main line +88 09638464646 (call centre extension 1001) for admission-related queries.

Question: Who do I contact for general student service issues like ID, registration or exam queries?
Answer: The Student Information Centre (SIC) handles student information, registry, exam controller and admissions queries. It can be reached at sic@bracu.ac.bd, by phone via +8809638464646 (press 2), and is open 9:00 AM to 4:30 PM.","The university can be reached at +88 09638464646 (extension 1001 for the operator), and general queries can be emailed to info@bracu.ac.bd.",open_ended,linear,0.5,False,False,False,False,False,0.0232,0.1142,6.3482,6.4856,2026-07-26T23:01:02.422481+00:00,0.0999,0.8825
Q027,adaptive_novel,"When was the BRAC University School of Law established, and what degree does it offer?","The School of Law was founded in 2004 and offers a four-year undergraduate Bachelor of Laws (LL.B. Hons.) program, along with a postgraduate LL.M. program.","Question: When was the BRAC University School of Law established, and what degree does it offer?
Answer: The School of Law was founded in 2004 and offers a four-year undergraduate Bachelor of Laws (LL.B. Hons.) program, along with a postgraduate LL.M. program.

Question (Banglish): BRAC University School of Law kobe established hoyechilo, ar eta ki degree offer kore?
Answer (English): The School of Law was founded in 2004 and offers a four-year undergraduate Bachelor of Laws (LL.B. Hons.) program, along with a postgraduate LL.M. program.

Question: Does BRAC University's School of Law offer a Master of Laws (LL.M.) program?
Answer: Yes, alongside the undergraduate LL.B. (Hons), the School of Law offers an LL.M. program aimed at both emerging and experienced legal professionals, covering areas from human rights and international law to corporate governance and digital/cyber law.

Question (Banglish): BRAC University er School of Law ki Master of Laws (LL.M.) program offer kore?
Answer (English): Yes, alongside the undergraduate LL.B. (Hons), the School of Law offers an LL.M. program aimed at both emerging and experienced legal professionals, covering areas from human rights and international law to corporate governance and digital/cyber law.

Question: I looked around the site but couldn't find it — what kinds of Postgraduate Certificate and Diploma courses does BRAC University offer?
Answer: Examples include the Postgraduate Certificate in Construction Management (CCM), described as the first program of its kind in Bangladesh, aimed at graduates in Architecture, Engineering, Management or related fields, with candidates required to pass an interview as part of admission.","The BRAC University School of Law was founded in 2004 and offers a four-year undergraduate Bachelor of Laws (LL.B. Hons.) program, along with a postgraduate LL.M. program.",open_ended,linear,0.5,False,False,False,False,False,0.0245,0.1384,6.7610,6.9240,2026-07-26T23:01:09.346769+00:00,0.1677,0.9282
Q028,adaptive_novel,What was BRAC University's student system called before it became 'Connect'?,"Before the current 'Connect' Student Lifecycle Management System, students used a system called USIS (University Student Information System) for functions like registration, pay slips, and academic records.","Question: What was BRAC University's student system called before it became 'Connect'?
Answer: Before the current 'Connect' Student Lifecycle Management System, students used a system called USIS (University Student Information System) for functions like registration, pay slips, and academic records.

Question: Hi, what was BRAC University's student system called before it became 'Connect'?
Answer: Before the current 'Connect' Student Lifecycle Management System, students used a system called USIS (University Student Information System) for functions like registration, pay slips, and academic records.

Question: Just wondering, what was BRAC University's student system called before it became 'Connect'?
Answer: Before the current 'Connect' Student Lifecycle Management System, students used a system called USIS (University Student Information System) for functions like registration, pay slips, and academic records.

Question: Can you tell me what BRAC University's student system called before it became 'Connect' was?
Answer: Before the current 'Connect' Student Lifecycle Management System, students used a system called USIS (University Student Information System) for functions like registration, pay slips, and academic records.

Question (Banglish): Connect howar age BRAC University er student system er naam ki chilo?
Answer (English): Before the current 'Connect' Student Lifecycle Management System, students used a system called USIS (University Student Information System) for functions like registration, pay slips, and academic records.","Before the current 'Connect' Student Lifecycle Management System, students used a system called USIS (University Student Information System) for functions like registration, pay slips, and academic records.",open_ended,linear,0.5,False,False,False,False,False,0.0286,0.1157,6.2256,6.3700,2026-07-26T23:01:15.717349+00:00,0.0033,0.9031
Q029,adaptive_novel,How many stoppages are there for each route?,Each route has between 5 and 12 designated stoppages.,"Question: How many stoppages are there for each route?
Answer: Each route has between 5 and 12 designated stoppages.

Question (Banglish): Protita route er jonno koyta stoppage ache?
Answer (English): Each route has between 5 and 12 designated stoppages.

Question: Can passengers request additional stoppages?
Answer: No, only designated stoppages will be used.

Question (Banglish): Passenger ra ki additional stoppage request korte pare?
Answer (English): No, only designated stoppages will be used.

Question (Banglish): Route-08 (Narayanganj) er designated bus stop gula kothay?
Answer (English): The designated stops are: Chashara Bus Stand, Narayanganj Club, Chanmari, Hajiganj, Signboard, Jatrabari, Motijheel, Press Club, High Court, Shahbagh, BRAC University.",Each route has between 5 and 12 designated stoppages.,open_ended,linear,0.5,False,False,False,False,False,0.0190,0.1025,3.9800,4.1016,2026-07-26T23:01:19.819078+00:00,0.2419,0.8838
Q030,adaptive_novel,"Just wondering, are journals, magazines and reference books available for borrowing?","No. Journals, magazines, newspapers, and items in the reference collection are for in-library use only and cannot be checked out.","Question: Just wondering, are journals, magazines and reference books available for borrowing?
Answer: No. Journals, magazines, newspapers, and items in the reference collection are for in-library use only and cannot be checked out.

Question: This might be a silly question, but are journals, magazines and reference books available for borrowing?
Answer: No. Journals, magazines, newspapers, and items in the reference collection are for in-library use only and cannot be checked out.

Question: Are journals, magazines and reference books available for borrowing?
Answer: No. Journals, magazines, newspapers, and items in the reference collection are for in-library use only and cannot be checked out.

Question: For a friend who's asking — are journals, magazines and reference books available for borrowing?
Answer: No. Journals, magazines, newspapers, and items in the reference collection are for in-library use only and cannot be checked out.

Question: Quick question — are journals, magazines and reference books available for borrowing?
Answer: No. Journals, magazines, newspapers, and items in the reference collection are for in-library use only and cannot be checked out.","Journals, magazines, and reference books are not available for borrowing; they can only be used within the library.",open_ended,linear,0.5,False,False,False,False,False,0.0276,0.0757,4.7952,4.8985,2026-07-26T23:01:24.717953+00:00,0.0607,0.9181
Q031,adaptive_novel,What is the second outbound timing for Route-04 (Azimpur)?,Route-04 (Azimpur): Second trip departs at 5:10 PM.,"Question: What is the second outbound timing for Route-04 (Azimpur)?
Answer: Route-04 (Azimpur): Second trip departs at 5:10 PM.

Question (Banglish): Route-04 (Azimpur) er second outbound timing ta ki?
Answer (English): Route-04 (Azimpur): Second trip departs at 5:10 PM.

Question: What is the first outbound timing for Route-04 (Azimpur)?
Answer: Route-04 (Azimpur): First trip departs at 2:05 PM.

Question: What is the second outbound timing for Route-01 (Abdullahpur)?
Answer: Route-01 (Abdullahpur): Second trip departs at 5:10 PM.

Question: What is the second outbound timing for Route-02 (Mirpur-A)?
Answer: Route-02 (Mirpur-A): Second trip departs at 5:10 PM.",The second outbound timing for Route-04 (Azimpur) is 5:10 PM.,open_ended,linear,0.5,False,False,False,False,False,0.0203,0.0731,4.6095,4.7029,2026-07-26T23:01:29.421446+00:00,0.0889,0.9258
Q032,adaptive_novel,How to contact with BRACU Finance and Accounts Department?,"BRAC University
Kha-224 Bir Uttam Rafiqul Islam Avenue, Merul Badda,
Dhaka 1212, Bangladesh
Phone: +88 09638464646 Ext: 1220, 1221

Email: queries-accounts@bracu.ac.bd","Question: How to contact with BRACU Finance and Accounts Department?
Answer: BRAC University
Kha-224 Bir Uttam Rafiqul Islam Avenue, Merul Badda,
Dhaka 1212, Bangladesh
Phone: +88 09638464646 Ext: 1220, 1221

Email: queries-accounts@bracu.ac.bd

Question: Can someone help — how to contact with BRACU Finance and Accounts Department?
Answer: BRAC University
Kha-224 Bir Uttam Rafiqul Islam Avenue, Merul Badda,
Dhaka 1212, Bangladesh
Phone: +88 09638464646 Ext: 1220, 1221

Email: queries-accounts@bracu.ac.bd

Question (Banglish): BRACU Finance and Accounts Department ke kivabe contact korbo?
Answer (English): BRAC University
Kha-224 Bir Uttam Rafiqul Islam Avenue, Merul Badda,
Dhaka 1212, Bangladesh
Phone: +88 09638464646 Ext: 1220, 1221

Email: queries-accounts@bracu.ac.bd

Question: What services are offered by the Finance & Accounts Office?
Answer: The Finance & Accounts Office manages student accounts, tuition payments, and financial aid. You can also email at queries-accounts@bracu.ac.bd

Question: For a friend who's asking — what services are offered by the Finance & Accounts Office?
Answer: The Finance & Accounts Office manages student accounts, tuition payments, and financial aid. You can also email at queries-accounts@bracu.ac.bd","The contact information for the BRAC University Finance and Accounts Department is as follows: BRAC University, Kha-224 Bir Uttam Rafiqul Islam Avenue, Merul Badda, Dhaka 1212, Bangladesh. You can reach them by phone at +88 09638464646 Ext: 1220, 1221 or email queries-accounts@bracu.ac.bd.",open_ended,linear,0.5,False,False,False,False,False,0.0209,0.1244,11.0054,11.1507,2026-07-26T23:01:40.572156+00:00,0.0053,0.8504
Q033,adaptive_novel,From where does the bus leave on campus?,The bus leave campus from the Basement-1,"Question: From where does the bus leave on campus?
Answer: The bus leave campus from the Basement-1

Question (Banglish): Campus e bus kothay theke chare?
Answer (English): The bus leave campus from the Basement-1

Question: What are the general safety and conduct rules on the BRAC University bus service?
Answer: Passengers should arrive at the designated stop at least 5 minutes before the scheduled pickup time (buses leave on time and seats are first-come, first-served), only board/alight at designated stoppages, avoid disturbing the driver (using headphones for music), and never throw anything in or out of the bus. All buses are under GPS tracking, and the university reserves the right to change any rout

Question (Banglish): BRAC University bus service er general safety ar conduct rules ki ki?
Answer (English): Passengers should arrive at the designated stop at least 5 minutes before the scheduled pickup time (buses leave on time and seats are first-come, first-served), only board/alight at designated stoppages, avoid disturbing the driver (using headphones for music), and never throw anything in or out of the bus. All buses are under GPS tracking, and the university reserves the right to change

Question: Does BRAC University own the buses?
Answer: Yes, BRAC University owns and operates the transport service.",The bus leaves from the Basement-1 on campus.,open_ended,linear,0.5,False,False,False,False,False,0.0218,0.1233,3.9004,4.0455,2026-07-26T23:01:44.618263+00:00,0.1484,0.8673
Q034,adaptive_novel,Where are the designated bus stops for Route-03 (Jigatola)?,"The designated stops are: Jigatola Bus Stand, City College, Science Lab, Kataban, Shahbagh, High Court, Press Club, Motsho Bhaban, Bijoynagar, Kakrail Mosque, Shantinagar, Malibagh Railgate, Rampura TV Centre, Badda Link Road, BRAC University.","Question: Where are the designated bus stops for Route-03 (Jigatola)?
Answer: The designated stops are: Jigatola Bus Stand, City College, Science Lab, Kataban, Shahbagh, High Court, Press Club, Motsho Bhaban, Bijoynagar, Kakrail Mosque, Shantinagar, Malibagh Railgate, Rampura TV Centre, Badda Link Road, BRAC University.

Question (Banglish): Route-03 (Jigatola) er designated bus stop gula kothay?
Answer (English): The designated stops are: Jigatola Bus Stand, City College, Science Lab, Kataban, Shahbagh, High Court, Press Club, Motsho Bhaban, Bijoynagar, Kakrail Mosque, Shantinagar, Malibagh Railgate, Rampura TV Centre, Badda Link Road, BRAC University.

Question: Where are the designated bus stops for Route-05 (Jatrabari)?
Answer: The designated stops are: Jatrabari Bus Stand, Sayedabad Bus Terminal, Motijheel Ideal School, Ittefaq Mor, Fakirapool Bus Stand, Bijoynagar, Kakrail Mosque, Shantinagar, Malibagh Railgate, Rampura TV Centre, Badda Link Road, BRAC University.

Question: Where are the designated bus stops for Route-04 (Azimpur)?
Answer: The designated stops are: Azimpur Bus Stand, Nilkhet, New Market, Science Lab, Kataban, Shahbagh, High Court, Press Club, Motsho Bhaban, Bijoynagar, Kakrail Mosque, Shantinagar, Malibagh Railgate, Rampura TV Centre, Badda Link Road, BRAC University.

Question: Where are the designated bus stops for Route-07 (Mohammadpur)?
Answer: The designated stops are: Mohammadpur Bus Stand, College Gate, Shyamoli, Kallyanpur, Gabtoli, Technical Mor, Darus Salam, Mirpur-1, Mirpur-2, Mirpur-10, Mirpur-12, ECB Chattar, BRAC University.","The designated bus stops for Route-03 (Jigatola) are Jigatola Bus Stand, City College, Science Lab, Kataban, Shahbagh, High Court, Press Club, Motsho Bhaban, Bijoynagar, Kakrail Mosque, Shantinagar, Malibagh Railgate, Rampura TV Centre, Badda Link Road, BRAC University.",open_ended,linear,0.5,False,False,False,False,False,0.0242,0.1309,11.6305,11.7857,2026-07-26T23:01:56.404334+00:00,0.1144,0.9023
Q035,adaptive_novel,Can you tell me what 'Freshman Enrollment and Class Sign' at BRAC University is?,"This is the official process new/incoming ('freshman') students go through after being admitted, to confirm their enrollment and get registered into their first semester's classes; details and instructions are published on the Admissions section of the university website.","Question: Can you tell me what 'Freshman Enrollment and Class Sign' at BRAC University is?
Answer: This is the official process new/incoming ('freshman') students go through after being admitted, to confirm their enrollment and get registered into their first semester's classes; details and instructions are published on the Admissions section of the university website.

Question: What is 'Freshman Enrollment and Class Sign' at BRAC University?
Answer: This is the official process new/incoming ('freshman') students go through after being admitted, to confirm their enrollment and get registered into their first semester's classes; details and instructions are published on the Admissions section of the university website.

Question (Banglish): BRAC University er 'Freshman Enrollment and Class Sign' ta ki?
Answer (English): This is the official process new/incoming ('freshman') students go through after being admitted, to confirm their enrollment and get registered into their first semester's classes; details and instructions are published on the Admissions section of the university website.

Question: Do you know when is the next intake for the undergraduate program?
Answer: BRAC University admits new undergraduates three times a year - Spring (classes start January), Summer (May), and Fall (September). The exact application deadline and admission test date for the next intake are published on the Admissions page (bracu.ac.bd/admissions) closer to that semester.

Question: When is the next intake for the undergraduate program?
Answer: BRAC University admits new undergraduates three times a year - Spring (classes start January), Summer (May), and Fall (September). The exact application deadline and admission test date for the next intake are published on the Admissions page (bracu.ac.bd/admissions) closer to that semester.","The process of 'Freshman Enrollment and Class Sign' at BRAC University is the official procedure that new/incoming ('freshman') students go through after being admitted, to confirm their enrollment and get registered into their first semester's classes; details and instructions are published on the Admissions section of the university website.",open_ended,linear,0.5,False,False,False,False,False,0.0307,0.1183,9.0234,9.1725,2026-07-26T23:02:05.577002+00:00,0.0534,0.9098
Q036,adaptive_novel,What facilities are available on the 5th Floor?,"School of General Education, ENH, ESS, School of Pharmacy, MNS, School of Architecture and Design, BRAC Business School, and BRAC Institute of Languages.","Question: Curious about something: what facilities are available on the 5th Floor?
Answer: School of General Education, ENH, ESS, School of Pharmacy, MNS, School of Architecture and Design, BRAC Business School, and BRAC Institute of Languages.

Question: What facilities are available on the 5th Floor?
Answer: School of General Education, ENH, ESS, School of Pharmacy, MNS, School of Architecture and Design, BRAC Business School, and BRAC Institute of Languages.

Question (Banglish): 5th Floor e ki ki facility available?
Answer (English): School of General Education, ENH, ESS, School of Pharmacy, MNS, School of Architecture and Design, BRAC Business School, and BRAC Institute of Languages.

Question: What facilities are available on the 12th Floor?
Answer: The 12th Floor includes Learning Labs/Classrooms, EEE/ECE Labs, CSE/CS Labs, MNS Labs, and Social Interaction Spaces.

Question: What facilities are available on the 1st Floor?
Answer: Medical Center, Male Washroom, Female Washroom, Brac Bank, and Student Fee Collection Booth.",I don't have reliable information retrieved for this question. Please check with your academic advisor or BRAC University's official resources rather than relying on a guess here.,open_ended,linear,0.5,True,True,False,False,False,0.0176,0.0763,0.0000,0.0939,2026-07-26T23:02:05.665639+00:00,0.0076,0.8369
Q037,adaptive_novel,Can students reserve seats in advance?,"No, seating is strictly first-come, first-served.","Question: Can students reserve seats in advance?
Answer: No, seating is strictly first-come, first-served.

Question: What services do library provide?
Answer: The library offers a variety of study facilities to suit different preferences. If you enjoy studying in a group, you can reserve a study room in advance, providing a dedicated space for collaboration. For those who prefer studying alone, there are single seats and study capsules available on a first-come, first-served basis. Additionally, the library features various other quiet and comfortable areas where you can focus on your studies.

Question (Banglish): Student ra ki age theke seat reserve korte pare?
Answer (English): No, seating is strictly first-come, first-served.

Question: Hey, am I guaranteed a seat in the course I want next semester?
Answer: No, that's not something I can guarantee - course seats are limited and allocated through the advising process, so availability depends on timing and demand.

Question: Am I guaranteed a seat in the course I want next semester?
Answer: No, that's not something I can guarantee - course seats are limited and allocated through the advising process, so availability depends on timing and demand.","No, seating is strictly first-come, first-served.",open_ended,linear,0.5,False,False,False,False,False,0.0203,0.1233,4.0910,4.2346,2026-07-26T23:02:09.906377+00:00,0.5864,0.8888
Q038,adaptive_novel,How can I stay updated on upcoming games and events?,"Check BRACU Events Page. As the website is not fully functional yet, keep an eye on clubs’ Facebook pages or BRACU Facebook groups for updates.
 and you can also go to this page for detailed updates : https://www.bracu.ac.bd/news-events/upcoming-events","Question: How can I stay updated on upcoming games and events?
Answer: Check BRACU Events Page. As the website is not fully functional yet, keep an eye on clubs’ Facebook pages or BRACU Facebook groups for updates.
 and you can also go to this page for detailed updates : https://www.bracu.ac.bd/news-events/upcoming-events

Question: Kind of urgent, but how can I stay updated on upcoming games and events?
Answer: Check BRACU Events Page. As the website is not fully functional yet, keep an eye on clubs’ Facebook pages or BRACU Facebook groups for updates.
 and you can also go to this page for detailed updates : https://www.bracu.ac.bd/news-events/upcoming-events

Question: What steps do I need to follow to stay updated on upcoming games and events?
Answer: Check BRACU Events Page. As the website is not fully functional yet, keep an eye on clubs’ Facebook pages or BRACU Facebook groups for updates.
 and you can also go to this page for detailed updates : https://www.bracu.ac.bd/news-events/upcoming-events

Question (Banglish): Upcoming game ar event shomporke ami kivabe updated thakbo?
Answer (English): Check BRACU Events Page. As the website is not fully functional yet, keep an eye on clubs' Facebook pages or BRACU Facebook groups for updates.
 and you can also go to this page for detailed updates : https://www.bracu.ac.bd/news-events/upcoming-events

Question: How will the new system help students stay informed about semester events and deadlines?
Answer: Through access to the Academic Calendar, which includes semester events, holidays, and important deadlines.",I don't have reliable information retrieved for this question. Please check with your academic advisor or BRAC University's official resources rather than relying on a guess here.,open_ended,linear,0.5,True,True,False,False,False,0.0177,0.1341,0.0000,0.1519,2026-07-26T23:02:10.056574+00:00,0.0104,0.5000
Q039,adaptive_novel,"Does BRAC University have a digital student ID card, or only a physical one?","Yes, BRAC University introduced a digital ID card in 2017, generated through the BRACU Mobile App (accessible via the app's 'ID Card' menu option). Both the physical and digital ID have been usable, and students are advised to keep the app updated to generate their digital card.","Question: Does BRAC University have a digital student ID card, or only a physical one?
Answer: Yes, BRAC University introduced a digital ID card in 2017, generated through the BRACU Mobile App (accessible via the app's 'ID Card' menu option). Both the physical and digital ID have been usable, and students are advised to keep the app updated to generate their digital card.

Question (Banglish): BRAC University er ki digital student ID card ache, naki shudhu physical ta?
Answer (English): Yes, BRAC University introduced a digital ID card in 2017, generated through the BRACU Mobile App (accessible via the app's 'ID Card' menu option). Both the physical and digital ID have been usable, and students are advised to keep the app updated to generate their digital card.

Question: Can students without an ID card use the transport service?
Answer: No, students must present a valid BRAC University ID card.

Question (Banglish): ID card chara student ra ki transport service use korte pare?
Answer (English): No, students must present a valid BRAC University ID card.

Question (Banglish): BRAC University bus e uthte amake ki ID dekhate hobe?
Answer (English): Passengers must display their individual student ID card before boarding. New students who don't yet have their ID card can show a photocopy of their payment/registration receipt instead.","BRAC University introduced a digital ID card in 2017, generated through the BRACU Mobile App (accessible via the app's 'ID Card' menu option), in addition to a physical one.",open_ended,linear,0.5,False,False,False,False,False,0.0267,0.1005,6.7420,6.8692,2026-07-26T23:02:16.928095+00:00,0.1141,0.9163
Q040,adaptive_novel,Why is it advised not to select unnecessary courses in the Wishlist?,"Course demand influences planning, and unnecessary selections may misrepresent actual needs","Question: Why is it advised not to select unnecessary courses in the Wishlist?
Answer: Course demand influences planning, and unnecessary selections may misrepresent actual needs

Question (Banglish): Wishlist e unnecessary course select na korte keno bola hoy?
Answer (English): Course demand influences planning, and unnecessary selections may misrepresent actual needs

Question: What is Wishlist?
Answer: Wishlist event – an online pre-advising activity where undergraduate students (all programs except LLB, PHR, and Residential-Semester-eligible cohorts) log in during an assigned time slot, select the courses they intend to take, and press “Confirm.”
The collected course demands are then used by BRAC University to decide how many sections to open for each course, and only students who complete this step become eligible for Pre-Registration Phase 1.

Question: Can you tell me what Wishlist is?
Answer: Wishlist event – an online pre-advising activity where undergraduate students (all programs except LLB, PHR, and Residential-Semester-eligible cohorts) log in during an assigned time slot, select the courses they intend to take, and press “Confirm.”
The collected course demands are then used by BRAC University to decide how many sections to open for each course, and only students who complete this step become eligible for Pre-Registration Phase

Question: What must be done after selecting courses in the Wishlist event?
Answer: Press the ""Confirm"" button within the assigned slot time","It is advised not to select unnecessary courses in the Wishlist because course demand influences planning, and unnecessary selections may misrepresent actual needs.",open_ended,linear,0.5,False,False,False,False,False,0.0226,0.1427,5.2062,5.3716,2026-07-26T23:02:22.300325+00:00,0.2946,0.9224
Q041,adaptive_novel,Can you tell me what the deadline to change the thesis title before the final defense is?,The deadline to change a thesis title before the final defense varies by semester - check the current semester's thesis deadline sheet for the exact date.,"Question: Can you tell me what the deadline to change the thesis title before the final defense is?
Answer: The deadline to change a thesis title before the final defense varies by semester - check the current semester's thesis deadline sheet for the exact date.

Question: What is the deadline to change the thesis title before the final defense?
Answer: The deadline to change a thesis title before the final defense varies by semester - check the current semester's thesis deadline sheet for the exact date.

Question: My thesis defense got postponed due to a cyclone, and separately I want to change my thesis title before the (new) defense date. Are both of these OK?
Answer: Both are handled, but through different mechanisms - a defense postponed for an external/valid reason like a cyclone is simply rescheduled, no penalty. Changing your thesis title before the (rescheduled) final defense is also possible, but the deadline for that varies by semester, so you'd want to check the current thesis deadlin

Question (Banglish): Final defense er age thesis title change korar deadline ta kobe?
Answer (English): The deadline to change a thesis title before the final defense varies by semester - check the current semester's thesis deadline sheet for the exact date.

Question: Can you tell me what the current deadlines for thesis submission and defense are?
Answer: Thesis submission and defense deadlines are set fresh each semester by the CSE Thesis Committee and shared with enrolled thesis students via a deadline sheet. Check with your thesis coordinator or department for the current semester's exact dates, since these change every term.",The deadline to change a thesis title before the final defense varies by semester - check the current semester's thesis deadline sheet for the exact date.,open_ended,linear,0.5,False,False,False,False,False,0.0283,0.1425,5.4558,5.6266,2026-07-26T23:02:27.926960+00:00,0.0337,0.8816
Q042,adaptive_novel,What elective courses are recommended for students interested in Cybersecurity?,"CSE446, CSE447, CSE490 and CSE496 can be beneficial for students interested in Cyber Security.","Question: What elective courses are recommended for students interested in Cybersecurity?
Answer: CSE446, CSE447, CSE490 and CSE496 can be beneficial for students interested in Cyber Security.

Question: I wanted to ask, what elective courses are recommended for students interested in Cybersecurity?
Answer: CSE446, CSE447, CSE490 and CSE496 can be beneficial for students interested in Cyber Security.

Question (Banglish): Cybersecurity te interested student der jonno ki ki elective course recommend kora hoy?
Answer (English): CSE446, CSE447, CSE490 and CSE496 can be beneficial for students interested in Cyber Security.

Question: What elective courses are recommended for students interested in Data Science?
Answer: Elective courses like CSE437 and CSE438 can be beneficial for those who are interested in Data Science.

Question: What elective courses are recommended for students interested in Artificial Intelligence?
Answer: Students interested in Artificial Intelligence can go for CSE427 which focuses on traditional machine learning algorithms and then go for CSE425 which gives elaborate idea about Neural Networks. If they are interested in computer vision and image processing they can go for CSE439 and CSE428. Lastly, if they are interested in NLP they CSE440 and CSE442 can be sweet treats for them.","The elective courses recommended for students interested in Cybersecurity are CSE446, CSE447, CSE490, and CSE496.",open_ended,linear,0.5,False,False,False,False,False,0.0210,0.1423,5.3733,5.5367,2026-07-26T23:02:33.464181+00:00,0.0117,0.9139
Q043,adaptive_novel,What is the BRAC University Students' Transport Service?,"BRAC University provides an affordable, safe, and comfortable transport service with air-conditioned buses covering nine routes across Dhaka city.","Question: What is the BRAC University Students' Transport Service?
Answer: BRAC University provides an affordable, safe, and comfortable transport service with air-conditioned buses covering nine routes across Dhaka city.

Question (Banglish): BRAC University Students' Transport Service ta ki?
Answer (English): BRAC University provides an affordable, safe, and comfortable transport service with air-conditioned buses covering nine routes across Dhaka city.

Question: Can non-students use the BRAC University transport service?
Answer: No, the service is exclusively for BRAC University students.

Question (Banglish): Non-student ra ki BRAC University transport service use korte pare?
Answer (English): No, the service is exclusively for BRAC University students.

Question (Banglish): Student ra ki transport service niye feedback dite pare?
Answer (English): Yes, students can share feedback via BRAC University's official transport service email or hotline.","The BRAC University Students' Transport Service is an affordable, safe, and comfortable transport service with air-conditioned buses covering nine routes across Dhaka city.",open_ended,linear,0.5,False,False,False,False,False,0.0216,0.0638,5.6758,5.7612,2026-07-26T23:02:39.225886+00:00,0.0577,0.8447
Q044,adaptive_novel,What is the minimum and maximum number of group members for a thesis/project?,A thesis/project group must have a minimum of 1 member and a maximum of 5 members.,"Question: What is the minimum and maximum number of group members for a thesis/project?
Answer: A thesis/project group must have a minimum of 1 member and a maximum of 5 members.

Question: Can you tell me what the minimum and maximum number of group members for a thesis/project is?
Answer: A thesis/project group must have a minimum of 1 member and a maximum of 5 members.

Question (Banglish): Thesis/project er jonno group member minimum ar maximum koyjon lagbe?
Answer (English): A thesis/project group must have a minimum of 1 member and a maximum of 5 members.

Question: This might be a silly question, but how many members can join for an internship?
Answer: A maximum of 1 member per group.

Question: Do you know how many members can join for an internship?
Answer: A maximum of 1 member per group.",A thesis/project group must have a minimum of 1 member and a maximum of 5 members.,open_ended,linear,0.5,False,False,False,False,False,0.0204,0.0850,4.4908,4.5962,2026-07-26T23:02:43.822423+00:00,0.0041,0.8833
Q045,adaptive_novel,"Hi, is there any scholarship scheme for international students?","1. BRAC Scholarship (Needs-Based Scholarship)

Benefits: 100% tuition and fees waiver (including semester fees, lab fees, library fees) along with food and accommodations.
Eligibility: Awarded to economically disadvantaged but meritorious students.
Requirements:
Must maintain a minimum CGPA of 3.00 on a scale of 4.00 in all semesters.
If the CGPA falls below 3.00, the student may retain a tuition fee waiver for up to two consecutive semesters. The student must regain the required CGPA within these semesters, or the scholarship will be discontinued unless special circumstances are recognized by the Scholarship Committee.
2. Merit Scholarship Based on BRACU Academic Results

Eligibility:
Undergraduate students must complete at least 30 credits, and postgraduate students must complete at least 1/4th of their program credits.
Undergraduate students must take a minimum of 12 credits (15 for School of Law, 18 for Pharmacy) in both the current and previous semesters.
Postgraduate students must take at least 9 credits in both the current and previous semesters.
Conditions:
Students who retake or repeat courses, or have a 'W' grade or an 'F' in any subject in the previous or current semester, are not eligible.
Scholarship Percentage Based on CGPA:
CGPA 3.80 - 3.84: 10% waiver
CGPA 3.85 - 3.89: 25% waiver
CGPA 3.90 - 3.94: 50% waiver
CGPA 3.95 - 3.99: 75% waiver
CGPA 4.00: 100% waiver","Question: Hi, is there any scholarship scheme for international students?
Answer: 1. BRAC Scholarship (Needs-Based Scholarship)

Benefits: 100% tuition and fees waiver (including semester fees, lab fees, library fees) along with food and accommodations.
Eligibility: Awarded to economically disadvantaged but meritorious students.
Requirements:
Must maintain a minimum CGPA of 3.00 on a scale of 4.00 in all semesters.
If the CGPA falls below 3.00, the student may retain a tuition fee waiver for up 

Question: Is there any scholarship scheme for international students?
Answer: 1. BRAC Scholarship (Needs-Based Scholarship)

Benefits: 100% tuition and fees waiver (including semester fees, lab fees, library fees) along with food and accommodations.
Eligibility: Awarded to economically disadvantaged but meritorious students.
Requirements:
Must maintain a minimum CGPA of 3.00 on a scale of 4.00 in all semesters.
If the CGPA falls below 3.00, the student may retain a tuition fee waiver for up to t

Question: Before I forget to ask — is there any scholarship scheme for international students?
Answer: 1. BRAC Scholarship (Needs-Based Scholarship)

Benefits: 100% tuition and fees waiver (including semester fees, lab fees, library fees) along with food and accommodations.
Eligibility: Awarded to economically disadvantaged but meritorious students.
Requirements:
Must maintain a minimum CGPA of 3.00 on a scale of 4.00 in all semesters.
If the CGPA falls below 3.00, the student may retain a tuiti

Question: Kind of urgent, but is there any scholarship scheme for international students?
Answer: 1. BRAC Scholarship (Needs-Based Scholarship)

Benefits: 100% tuition and fees waiver (including semester fees, lab fees, library fees) along with food and accommodations.
Eligibility: Awarded to economically disadvantaged but meritorious students.
Requirements:
Must maintain a minimum CGPA of 3.00 on a scale of 4.00 in all semesters.
If the CGPA falls below 3.00, the student may retain a tuition fe

Question: Which Scholarships are available for International Students?
Answer: Merit Scholarship Based on BracU Academic Results and BRAC Scholarship (A Needs Based Scholarship) are available for the International students.",There is a BRAC Scholarship (Needs-Based Scholarship) available for international students.,open_ended,linear,0.5,False,False,False,False,False,0.0199,0.1328,4.8161,4.9688,2026-07-26T23:02:48.791593+00:00,0.1013,0.8710
Q046,adaptive_novel,"My advisor is not responding, what to do?","Please wait, your advisor is maybe busy with other students response. You can request other advisors for your advising but he will only add it but he will not approve it. So, it is wise to get request done by the advisor.","Question: My advisor is not responding, what to do?
Answer: Please wait, your advisor is maybe busy with other students response. You can request other advisors for your advising but he will only add it but he will not approve it. So, it is wise to get request done by the advisor.

Question: My advisor is not on campus, what to do?
Answer: Please request on Discord on your advisor's channel or try requesting other advisor. But he can reject you easily because it is not his duty as you are not assigned to him in the advising session. So, please ask your advisor on the Discord channel or request other advisor if they are willing to help.

Question: I have not been advised to a advisor yet, what to do?
Answer: If you haven't been assigned an advisor yet, contact your department's DCO (Departmental Coordination Officer) - for CSE, current DCO contact details are published via the department's official advising channel or notice board, since DCO assignments can change between semesters. If the DCOs don't respond, escalate to your department's advising coordinator.

Question (Banglish): Amar advisor response korche na, ki korbo?
Answer (English): Please wait, your advisor is maybe busy with other students response. You can request other advisors for your advising but he will only add it but he will not approve it. So, it is wise to get request done by the advisor.

Discord and On campus. But the advisor will only response in this free time.",I don't have reliable information retrieved for this question. Please check with your academic advisor or BRAC University's official resources rather than relying on a guess here.,open_ended,linear,0.5,True,True,False,False,False,0.0151,0.1193,0.0000,0.1344,2026-07-26T23:02:48.926443+00:00,0.3214,0.8229
Q047,adaptive_novel,I looked around the site but couldn't find it — what sports teams does the university have?,"BRAC University Football Club, BRAC University Chess Club, BRAC University Cricket Club, and BRAC University Indoor Games Club.","Question: I looked around the site but couldn't find it — what sports teams does the university have?
Answer: BRAC University Football Club, BRAC University Chess Club, BRAC University Cricket Club, and BRAC University Indoor Games Club.

Question: I looked around the site but couldn't find it — what are BRAC University's official colours?
Answer: BRAC University's official colours are blue, black, and gray.

Question: I looked around the site but couldn't find it — where can students participate in clubs and activities?
Answer: Club Activity Rooms are located on the 6th Floor.

Question: I looked around the site but couldn't find it — where can I find lecture theaters on campus?
Answer: Lecture Theaters are located on the 9th Floor.

Question: I looked around the site but couldn't find it — self-registration requirement for newly admitted students?
Answer: Not required; registration will be done by respective departments.","The university has several sports teams, including BRAC University Football Club, BRAC University Chess Club, BRAC University Cricket Club, and BRAC University Indoor Games Club.",open_ended,linear,0.5,False,False,False,False,False,0.0319,0.0724,5.8687,5.9731,2026-07-26T23:02:54.899648+00:00,0.2713,0.8624
Q048,adaptive_novel,What opportunities are there for student leadership in volunteer organizations?,"BRAC University Leadership Development Forum (BULDF) is a club working on training and grooming leadership traits. The club mainly focuses on young students in enhancing their leadership qualities and bringing out their hidden talents, which will help them in the future. The club has always been there for assisting the official events and programs of BRAC University as volunteers besides its own activities, which mainly include Accession, Love for Humanity, and Saving Tomorrow.

Contact: club.buldf@g.bracu.ac.bd","Question: What opportunities are there for student leadership in volunteer organizations?
Answer: BRAC University Leadership Development Forum (BULDF) is a club working on training and grooming leadership traits. The club mainly focuses on young students in enhancing their leadership qualities and bringing out their hidden talents, which will help them in the future. The club has always been there for assisting the official events and programs of BRAC University as volunteers besides its own act

Question: This might be a silly question, but what opportunities are there for student leadership in volunteer organizations?
Answer: BRAC University Leadership Development Forum (BULDF) is a club working on training and grooming leadership traits. The club mainly focuses on young students in enhancing their leadership qualities and bringing out their hidden talents, which will help them in the future. The club has always been there for assisting the official events and programs of BRAC Universi

Question: I looked around the site but couldn't find it — what opportunities are there for student leadership in volunteer organizations?
Answer: BRAC University Leadership Development Forum (BULDF) is a club working on training and grooming leadership traits. The club mainly focuses on young students in enhancing their leadership qualities and bringing out their hidden talents, which will help them in the future. The club has always been there for assisting the official events and programs of B

Question (Banglish): Volunteer organization e student leadership er ki ki opportunity ache?
Answer (English): BRAC University Leadership Development Forum (BULDF) is a club working on training and grooming leadership traits. The club mainly focuses on young students in enhancing their leadership qualities and bringing out their hidden talents, which will help them in the future. The club has always been there for assisting the official events and programs of BRAC University as volunteers besides

Question: What types of extracurricular activities are available at the university?
Answer: Our university offers a diverse range of extracurricular activities, including student-run clubs (e.g., debate, photography), sports teams, and fitness classes. You can also join cultural and artistic groups, volunteer in community service projects, and participate in leadership programs. Academic competitions, like hackathons and research challenges, are also available to help you grow and connect with p",I don't have reliable information retrieved for this question. Please check with your academic advisor or BRAC University's official resources rather than relying on a guess here.,open_ended,linear,0.5,True,True,False,False,False,0.0221,0.1237,0.0000,0.1458,2026-07-26T23:02:55.044740+00:00,0.0022,0.7952
Q049,adaptive_novel,Can students appeal their grades if they believe there has been a mistake?,"A student may apply to the Chair of Department or the Dean for the re-checking of an examination script. Such a request may be made on the grounds of evidence of procedural errors, arbitrariness or prejudice. The student must make any request within Seven (07) calendar days of the publication of the mark. The Chair of Department or the Dean may, after checking with the original grader, arrange for the evaluation of an examination script to be conducted by two members of the faculty not previously involved in the examination and marking process, supported by a member of the Examination Controller’s office. The rechecking process and submission of any revised grade to the Examinations Controller should be completed within 15 calendar days.","Question: Can students appeal their grades if they believe there has been a mistake?
Answer: A student may apply to the Chair of Department or the Dean for the re-checking of an examination script. Such a request may be made on the grounds of evidence of procedural errors, arbitrariness or prejudice. The student must make any request within Seven (07) calendar days of the publication of the mark. The Chair of Department or the Dean may, after checking with the original grader, arrange for the ev

Question: Are students allowed to appeal their grades if they believe there has been a mistake?
Answer: A student may apply to the Chair of Department or the Dean for the re-checking of an examination script. Such a request may be made on the grounds of evidence of procedural errors, arbitrariness or prejudice. The student must make any request within Seven (07) calendar days of the publication of the mark. The Chair of Department or the Dean may, after checking with the original grader, arrange

Question: Kind of urgent, but can students appeal their grades if they believe there has been a mistake?
Answer: A student may apply to the Chair of Department or the Dean for the re-checking of an examination script. Such a request may be made on the grounds of evidence of procedural errors, arbitrariness or prejudice. The student must make any request within Seven (07) calendar days of the publication of the mark. The Chair of Department or the Dean may, after checking with the original grader

Question: One thing I couldn't find anywhere: can students appeal their grades if they believe there has been a mistake?
Answer: A student may apply to the Chair of Department or the Dean for the re-checking of an examination script. Such a request may be made on the grounds of evidence of procedural errors, arbitrariness or prejudice. The student must make any request within Seven (07) calendar days of the publication of the mark. The Chair of Department or the Dean may, after checking with the

Question (Banglish): Grade e bhul mone hole student ra ki appeal korte pare?
Answer (English): A student may apply to the Chair of Department or the Dean for the re-checking of an examination script. Such a request may be made on the grounds of evidence of procedural errors, arbitrariness or prejudice. The student must make any request within Seven (07) calendar days of the publication of the mark. The Chair of Department or the Dean may, after checking with the original grader, arrange for the ","A student may apply to the Chair of Department or the Dean for the re-checking of an examination script. Such a request may be made on the grounds of evidence of procedural errors, arbitrariness or prejudice. The student must make any request within Seven (07) calendar days of the publication of the mark.",open_ended,linear,0.5,False,False,False,False,False,0.0231,0.1118,10.5010,10.6359,2026-07-26T23:03:05.682469+00:00,0.0041,0.8680
Q050,adaptive_novel,"Hey, what subjects are tested for BSS in Anthropology, BA in English, and LLB admission?","Applicants to BSS in Anthropology, BA in English, and LLB (Hons) are tested only in English as part of the admission test.","Question: Hey, what subjects are tested for BSS in Anthropology, BA in English, and LLB admission?
Answer: Applicants to BSS in Anthropology, BA in English, and LLB (Hons) are tested only in English as part of the admission test.

Question: What subjects are tested for BSS in Anthropology, BA in English, and LLB admission?
Answer: Applicants to BSS in Anthropology, BA in English, and LLB (Hons) are tested only in English as part of the admission test.

Question (Banglish): BSS in Anthropology, BA in English, ar LLB admission er jonno kon kon subject test hoy?
Answer (English): Applicants to BSS in Anthropology, BA in English, and LLB (Hons) are tested only in English as part of the admission test.

Question: Do you know how many sections will be in the admission written test?
Answer: All candidates will have to sit for a written admission test and an interview in the manner as described: 
Program
Test section
BSS in Anthropology, BA in English and LLB (Hons)
English
BBA and BSS in Economics
English and Mathematics
Bachelor of Pharmacy, BSc in Microbiology and BSc in Biotechnology
English, Mathematics and Biology & Chemistry
BSc in Computer Science, BSc in Computer Science and Engineering, 

Question: How many sections will be in the admission written test?
Answer: All candidates will have to sit for a written admission test and an interview in the manner as described: 
Program
Test section
BSS in Anthropology, BA in English and LLB (Hons)
English
BBA and BSS in Economics
English and Mathematics
Bachelor of Pharmacy, BSc in Microbiology and BSc in Biotechnology
English, Mathematics and Biology & Chemistry
BSc in Computer Science, BSc in Computer Science and Engineering, BSc in Elect","Applicants to BSS in Anthropology, BA in English, and LLB (Hons) are tested only in English as part of the admission test.",open_ended,linear,0.5,False,False,False,False,False,0.0324,0.1324,5.9076,6.0725,2026-07-26T23:03:11.755440+00:00,0.0374,0.8787
Q051,adaptive_novel,What is BRAC Scholarship?,"BRAC Scholarship is for economically disadvantaged students.

Eligibility criteria and other requirements:

1. Parents’ monthly income - not more than Tk. 20,000. 

2. Students must have a GPA of 4.50 (without 4th subject) in SSC and HSC from Science, Arts & Commerce Group.","Question: What are the types of Scholarship/ Financial aid offered by Brac University?
Answer: 1. Scholarship Based on Previous Academic Results 

2. Merit Scholarship based on BracU Academic Results 

3. Scholarship Based on Brac University Admission Test Result

4. Sibling Scholarship

5. Spouse Scholarship

6. BRAC Scholarship

7. Physically Challenged Students

8. Children of Freedom Fighter

9. Debater’s Blue Scholarship

10. Children of BracU Regular Confirmed Employee

For detailed inform

Question: Can you tell me what the types of Scholarship/ Financial aid offered by Brac University are?
Answer: 1. Scholarship Based on Previous Academic Results 

2. Merit Scholarship based on BracU Academic Results 

3. Scholarship Based on Brac University Admission Test Result

4. Sibling Scholarship

5. Spouse Scholarship

6. BRAC Scholarship

7. Physically Challenged Students

8. Children of Freedom Fighter

9. Debater’s Blue Scholarship

10. Children of BracU Regular Confirmed Employee

For

Question (Banglish): BRAC University je Scholarship/Financial aid dey, segula ki ki type er?
Answer (English): 1. Scholarship Based on Previous Academic Results 

2. Merit Scholarship based on BracU Academic Results 

3. Scholarship Based on Brac University Admission Test Result

4. Sibling Scholarship

5. Spouse Scholarship

6. BRAC Scholarship

7. Physically Challenged Students

8. Children of Freedom Fighter

9. Debater's Blue Scholarship

10. Children of BracU Regular Confirmed Employee

For

Question: Which Scholarships are available for International Students?
Answer: Merit Scholarship Based on BracU Academic Results and BRAC Scholarship (A Needs Based Scholarship) are available for the International students.

iversity website (https://www.bracu.ac.bd/admission/scholarships-financial-aid) and submit it to the International & Scholarship Office, Brac University or email the scan copy to: scholarship@bracu.ac.bd 

2. Those students who are eligible under Merit Scholarship Based on Brac University Academic Results and Scholarship Based on Brac University Admission Test Result are not required to apply as a scholarship will be awarded automatically. 

3. Those students who are already availing of scholars",I don't have reliable information retrieved for this question. Please check with your academic advisor or BRAC University's official resources rather than relying on a guess here.,open_ended,linear,0.5,True,True,False,False,False,0.0147,0.1285,0.0000,0.1432,2026-07-26T23:03:11.897966+00:00,0.0021,0.5000
Q052,adaptive_novel,What is the difference between 'swapping' and 'dropping/adding' a course during advising?,Swapping refers to dropping one course and adding another within the same advising window; a swap does not count against a student's separate drop/add limits the way an independent drop or add would.,"Question: What is the difference between 'swapping' and 'dropping/adding' a course during advising?
Answer: Swapping refers to dropping one course and adding another within the same advising window; a swap does not count against a student's separate drop/add limits the way an independent drop or add would.

Question (Banglish): Advising er shomoy 'swapping' ar 'dropping/adding' er modhye difference ta ki?
Answer (English): Swapping refers to dropping one course and adding another within the same advising window; a swap does not count against a student's separate drop/add limits the way an independent drop or add would.

ourself verified. Then you will be assigned to an advisor. In your advisor's advising channel you will be able to text your swap/drop/add requests. After the discord advising, you will find your advisor on campus. You have to meet him to get fast response for your request. You can also use discord but the advisor will procede your request when he is free from his on campus students. When the classes begin, you will also able to do advising both on Discord and On campus. But the advisor will only

elf verified. Then you will be assigned to an advisor. In your advisor's advising channel you will be able to text your swap/drop/add requests. After the discord advising, you will find your advisor on campus. You have to meet him to get fast response for your request. You can also use discord but the advisor will procede your request when he is free from his on campus students. When the classes begin, you will also able to do advising both on Discord and On campus. But the advisor will only res

Question: I'm new here and keep hearing about 'advising' - what actually happens during it?
Answer: Advising is the procedure of taking courses for your upcoming semester. It is divided into two parts. Firstly Pre-advising then main advising. Pre-advising usually happens few days before your cuurent semester's final starts and main advising usually begins 1 week before the class starts. Pre-advising has three schedule. Pre-Registration 1, Pre-Registration 2 and Self Registration.",Swapping refers to dropping one course and adding another within the same advising window; a swap does not count against a student's separate drop/add limits the way an independent drop or add would.,open_ended,linear,0.5,False,False,False,False,False,0.0277,0.1373,6.5618,6.7267,2026-07-26T23:03:18.625749+00:00,0.1244,0.9431
Q053,adaptive_novel,I looked around the site but couldn't find it — whats the procedure to pay my fees in installment?,A form will be shared by gsuite if the facility is available for that particular semester and you can fill up the form and apply for installment payment.,"Question: I looked around the site but couldn't find it — whats the procedure to pay my fees in installment?
Answer: A form will be shared by gsuite if the facility is available for that particular semester and you can fill up the form and apply for installment payment.

Question: Whats the procedure to pay my fees in installment?
Answer: A form will be shared by gsuite if the facility is available for that particular semester and you can fill up the form and apply for installment payment.

Question: New method introduced for tuition fee payments without additional applications?
Answer: Option to pay tuition fees in installments directly through the system

Question: Is there an installment payment option available?
Answer: Yes, BRAC University offers an installment payment option for students who may need financial flexibility. Students can apply to pay their tuition fees in three equal installments

ls regarding the fee amount and payment process.",I don't have reliable information retrieved for this question. Please check with your academic advisor or BRAC University's official resources rather than relying on a guess here.,open_ended,linear,0.5,True,True,False,False,False,0.0261,0.1757,0.0000,0.2019,2026-07-26T23:03:18.828138+00:00,0.1905,0.8321
Q054,adaptive_novel,Consequence of not confirming advising during the Self-Registration period?,All selected courses will be automatically cancelled,"Question: Consequence of not confirming advising during the Self-Registration period?
Answer: All selected courses will be automatically cancelled

Question (Banglish): Self-Registration period e advising confirm na korle ki consequence hoy?
Answer (English): All selected courses will be automatically cancelled

Question: Eligibility to confirm advising for students on academic probation?
Answer: Not permitted to confirm advising - students who are currently on academic probation are not eligible to self-confirm advising and must instead go through their department's probation advising process.

Question: Result of confirming advising in Summer 2025?
Answer: Advising will be confirmed and necessary fees will be automatically applied.

 Students meet with academic advisors/mentors who provide guidance on course loads, graduation requirements, and academic performance.

System Access: Once students finalize their course plan, they can proceed to formal registration when the advising period opens. Pre-advising helps prevent delays during registration as students have already mapped out their courses.

Pre-advising is crucial for staying on track with academic goals and preventing potential issues with course availability.",All selected courses will be automatically cancelled.,open_ended,linear,0.5,False,False,False,False,False,0.0183,0.1123,3.6480,3.7786,2026-07-26T23:03:22.606869+00:00,0.3713,0.8776
Q055,adaptive_novel,How long does the Early Childhood Development (ECD) program take to complete?,"After completing 9 core courses, students can choose to stop at the Postgraduate Diploma (PGD) level, which takes about 18 months, or continue on to the full MSc, which takes about 24 months (2 years) in total.","Question: How long does the Early Childhood Development (ECD) program take to complete?
Answer: After completing 9 core courses, students can choose to stop at the Postgraduate Diploma (PGD) level, which takes about 18 months, or continue on to the full MSc, which takes about 24 months (2 years) in total.

Question (Banglish): Early Childhood Development (ECD) program complete korte koto shomoy lage?
Answer (English): After completing 9 core courses, students can choose to stop at the Postgraduate Diploma (PGD) level, which takes about 18 months, or continue on to the full MSc, which takes about 24 months (2 years) in total.

r Management (MDM) - 36 credits
15. M.Ed & PGD in Educational Leadership & School Improvement - 36 credits
16. MSc & PGD in Early Childhood Development (ECD) - 36 credits
17. Joint PhD in the Political Economy of Development (with SOAS University of London)

Plus the LL.M. (Master of Laws) offered by the School of Law.

Question: Who is the Early Childhood Development program aimed at?
Answer: It's designed for a wide range of people interested in child development - from fresh graduates to experienced school teachers, principals, NGO and government professionals, curriculum developers, researchers, and evaluation specialists.

Question: Can you tell me who is the Early Childhood Development program aimed at?
Answer: It's designed for a wide range of people interested in child development - from fresh graduates to experienced school teachers, principals, NGO and government professionals, curriculum developers, researchers, and evaluation specialists.",The Early Childhood Development (ECD) program takes approximately 24 months (2 years) to complete after completing its 9 core courses.,open_ended,linear,0.5,False,False,False,False,False,0.0261,0.1136,5.4586,5.5983,2026-07-26T23:03:28.205487+00:00,0.1928,0.9213
Q056,adaptive_novel,Who must participate in the Wishlist event?,"All undergraduate students attending upcoming, excluding RS-eligible students and LLB, PHR students","Question: Who must participate in the Wishlist event?
Answer: All undergraduate students attending upcoming, excluding RS-eligible students and LLB, PHR students

Question: Which group of students is not required to participate in the Wishlist event?
Answer: Students who are eligible for residential semester in the upcoming semester.

Question: Group of students eligible for Pre-Registration Phase 2?
Answer: Students who participated and did not participate in the Wishlist Event. It means all the students.

Question: Hey, group of students eligible for Pre-Registration Phase 2?
Answer: Students who participated and did not participate in the Wishlist Event. It means all the students.

Question (Banglish): Pre-Registration Phase 2 er jonno kon group er student ra eligible?
Answer (English): Students who participated and did not participate in the Wishlist Event. It means all the students.","All undergraduate students attending upcoming, excluding RS-eligible students and LLB, PHR students must participate in the Wishlist event.",open_ended,linear,0.5,False,False,False,False,False,0.0193,0.0593,4.9400,5.0187,2026-07-26T23:03:33.224864+00:00,0.0809,0.8486
Q057,adaptive_novel,Curious about something: what amenities and facilities are provided for students at TARC?,"Tarc provides students of BRAC a residential campus where they experience to live with their fellow classmates.Tarc also provides students the importance of time dynamics ,punctuality and basic manners like to respect others work.Tarc also tries to make students do their own work by themselves.","Question: Curious about something: what amenities and facilities are provided for students at TARC?
Answer: Tarc provides students of BRAC a residential campus where they experience to live with their fellow classmates.Tarc also provides students the importance of time dynamics ,punctuality and basic manners like to respect others work.Tarc also tries to make students do their own work by themselves.

Question: What amenities and facilities are provided for students at TARC?
Answer: Tarc provides students of BRAC a residential campus where they experience to live with their fellow classmates.Tarc also provides students the importance of time dynamics ,punctuality and basic manners like to respect others work.Tarc also tries to make students do their own work by themselves.

Question: Quick question — what amenities and facilities are provided for students at TARC?
Answer: Tarc provides students of BRAC a residential campus where they experience to live with their fellow classmates.Tarc also provides students the importance of time dynamics ,punctuality and basic manners like to respect others work.Tarc also tries to make students do their own work by themselves.

Question: For a friend who's asking — what amenities and facilities are provided for students at TARC?
Answer: Tarc provides students of BRAC a residential campus where they experience to live with their fellow classmates.Tarc also provides students the importance of time dynamics ,punctuality and basic manners like to respect others work.Tarc also tries to make students do their own work by themselves.

Question (Banglish): TARC e student der ki ki amenities ar facility deya hoy?
Answer (English): Tarc provides students of BRAC a residential campus where they experience to live with their fellow classmates.Tarc also provides students the importance of time dynamics ,punctuality and basic manners like to respect others work.Tarc also tries to make students do their own work by themselves.","The amenities and facilities provided for students at TARC include a residential campus where they can live with their fellow classmates, the importance of time dynamics and punctuality, basic manners such as respecting others' work, and an environment that encourages students to do their own work by themselves.",open_ended,linear,0.5,False,False,False,False,False,0.0221,0.1141,8.2128,8.3491,2026-07-26T23:03:41.574346+00:00,0.1251,0.8682
Q058,adaptive_novel,Curious about something: what are the basic requirements and application process to start a new club at BRAC University?,"To start a new club, you need at least 50 interested student members and one BRACU faculty advisor. The applicants then submit an application to the Director of Co-Curricular Activities, including the club's goals, objectives, a program calendar, and mode of operation, signed by the advisor. The new club's Executive Committee follows the same eligibility rules as any club's committee (see the Executive Committee CGPA/credit requirements). One faculty member can advise only one club at a time, but can additionally co-advise up to one more; a faculty member who isn't an advisor of any club can co-advise up to two.","Question: Curious about something: what are the basic requirements and application process to start a new club at BRAC University?
Answer: To start a new club, you need at least 50 interested student members and one BRACU faculty advisor. The applicants then submit an application to the Director of Co-Curricular Activities, including the club's goals, objectives, a program calendar, and mode of operation, signed by the advisor. The new club's Executive Committee follows the same eligibility rule

Question: What are the basic requirements and application process to start a new club at BRAC University?
Answer: To start a new club, you need at least 50 interested student members and one BRACU faculty advisor. The applicants then submit an application to the Director of Co-Curricular Activities, including the club's goals, objectives, a program calendar, and mode of operation, signed by the advisor. The new club's Executive Committee follows the same eligibility rules as any club's committee

Question: Can you tell me what the basic requirements and application process to start a new club at BRAC University are?
Answer: To start a new club, you need at least 50 interested student members and one BRACU faculty advisor. The applicants then submit an application to the Director of Co-Curricular Activities, including the club's goals, objectives, a program calendar, and mode of operation, signed by the advisor. The new club's Executive Committee follows the same eligibility rules as any 

Question (Banglish): BRAC University te notun club shuru korte basic requirement ar application process ta ki?
Answer (English): To start a new club, you need at least 50 interested student members and one BRACU faculty advisor. The applicants then submit an application to the Director of Co-Curricular Activities, including the club's goals, objectives, a program calendar, and mode of operation, signed by the advisor. The new club's Executive Committee follows the same eligibility rules as any c

Question: Can I start my own club? What is the process?
Answer: Of course you can start your own club. Here is some information to get started: At least 75 student members and 1 advisor [from BRACU faculty] are needed to start a
club. An application to the director, co-curricular activities with goals, objectives, program calendar and mode of operation, signed by the advisor/ co-advisor[s] should be submitted by the applicants intending to open the club. For more details , go to: https://www.bra","To start a new club, you need at least 50 interested student members and one BRACU faculty advisor. The applicants then submit an application to the Director of Co-Curricular Activities, including the club's goals, objectives, a program calendar, and mode of operation, signed by the advisor.",open_ended,linear,0.5,False,False,False,False,False,0.0290,0.1457,9.3971,9.5719,2026-07-26T23:03:51.146461+00:00,0.0771,0.9136
Q059,adaptive_novel,Has BRAC University ever won the World Universities Debating Championship (WUDC)?,"Yes, twice. In 2013, BRAC Bangladesh A (Ratib Murtaza Ali and Aaqib Farhan Hossain) won the English-as-a-Second-Language (ESL) category at WUDC in Berlin - Bangladesh's first such win. In 2022, BRAC University students Sourodip Paul and Sajid Asbat Khandaker won the WUDC open category outright in Belgrade, becoming the first Asian team ever to win the tournament's top title.","Question: Random question, has BRAC University ever won the World Universities Debating Championship (WUDC)?
Answer: Yes, twice. In 2013, BRAC Bangladesh A (Ratib Murtaza Ali and Aaqib Farhan Hossain) won the English-as-a-Second-Language (ESL) category at WUDC in Berlin - Bangladesh's first such win. In 2022, BRAC University students Sourodip Paul and Sajid Asbat Khandaker won the WUDC open category outright in Belgrade, becoming the first Asian team ever to win the tournament's top title.

Question: Has BRAC University ever won the World Universities Debating Championship (WUDC)?
Answer: Yes, twice. In 2013, BRAC Bangladesh A (Ratib Murtaza Ali and Aaqib Farhan Hossain) won the English-as-a-Second-Language (ESL) category at WUDC in Berlin - Bangladesh's first such win. In 2022, BRAC University students Sourodip Paul and Sajid Asbat Khandaker won the WUDC open category outright in Belgrade, becoming the first Asian team ever to win the tournament's top title.

Question: Before I forget to ask — has BRAC University ever won the World Universities Debating Championship (WUDC)?
Answer: Yes, twice. In 2013, BRAC Bangladesh A (Ratib Murtaza Ali and Aaqib Farhan Hossain) won the English-as-a-Second-Language (ESL) category at WUDC in Berlin - Bangladesh's first such win. In 2022, BRAC University students Sourodip Paul and Sajid Asbat Khandaker won the WUDC open category outright in Belgrade, becoming the first Asian team ever to win the tournament's top titl

Question (Banglish): BRAC University ki kokhono World Universities Debating Championship (WUDC) jitteche?
Answer (English): Yes, twice. In 2013, BRAC Bangladesh A (Ratib Murtaza Ali and Aaqib Farhan Hossain) won the English-as-a-Second-Language (ESL) category at WUDC in Berlin - Bangladesh's first such win. In 2022, BRAC University students Sourodip Paul and Sajid Asbat Khandaker won the WUDC open category outright in Belgrade, becoming the first Asian team ever to win the tournament's top title

Question: Has BRAC University's debate team had recent success in inter-university tournaments?
Answer: Yes, for example Team BRAC-A won the BDC-BUETDC Pre-UADC 2025 tournament (hosted by the BUET Debating Club), beating out 36 teams from across Bangladesh in the United Asians Debating Championship (UADC) format.","Yes, BRAC University has won the World Universities Debating Championship (WUDC) twice. In 2013, BRAC Bangladesh A (Ratib Murtaza Ali and Aaqib Farhan Hossain) won the English-as-a-Second-Language (ESL) category at WUDC in Berlin - Bangladesh's first such win. In 2022, BRAC University students Sourodip Paul and Sajid Asbat Khandaker won the WUDC open category outright in Belgrade, becoming the first Asian team ever to win the tournament's top title.",open_ended,linear,0.5,False,False,False,False,False,0.0297,0.1664,16.4297,16.6259,2026-07-26T23:04:07.772514+00:00,0.0099,0.9056
Q060,adaptive_novel,"New student here, provide me the contact information of library staffs?","You can contact Librarian at: librarian@bracu.ac.bd, hasina@bracu.ac.bd
Deputy Librarian: nasiruddin@bracu.ac.bd, murtoza@bracu.ac.bd","Question: New student here, provide me the contact information of library staffs?
Answer: You can contact Librarian at: librarian@bracu.ac.bd, hasina@bracu.ac.bd
Deputy Librarian: nasiruddin@bracu.ac.bd, murtoza@bracu.ac.bd

Question: Provide me the contact information of library staffs.
Answer: You can contact Librarian at: librarian@bracu.ac.bd, hasina@bracu.ac.bd
Deputy Librarian: nasiruddin@bracu.ac.bd, murtoza@bracu.ac.bd

Question: I wanted to ask, provide me the contact information of library staffs?
Answer: You can contact Librarian at: librarian@bracu.ac.bd, hasina@bracu.ac.bd
Deputy Librarian: nasiruddin@bracu.ac.bd, murtoza@bracu.ac.bd

Question: This might be a silly question, but provide me the contact information of library staffs?
Answer: You can contact Librarian at: librarian@bracu.ac.bd, hasina@bracu.ac.bd
Deputy Librarian: nasiruddin@bracu.ac.bd, murtoza@bracu.ac.bd

Question: For a friend who's asking — provide me the contact information of library staffs?
Answer: You can contact Librarian at: librarian@bracu.ac.bd, hasina@bracu.ac.bd
Deputy Librarian: nasiruddin@bracu.ac.bd, murtoza@bracu.ac.bd","You can contact Librarian at: librarian@bracu.ac.bd, hasina@bracu.ac.bd
Deputy Librarian: nasiruddin@bracu.ac.bd, murtoza@bracu.ac.bd.",open_ended,linear,0.5,False,False,False,False,False,0.0221,0.1181,7.7312,7.8714,2026-07-26T23:04:15.644598+00:00,0.1454,0.8690
Q061,adaptive_novel,Can someone help — what services do library provide?,"The library offers a variety of study facilities to suit different preferences. If you enjoy studying in a group, you can reserve a study room in advance, providing a dedicated space for collaboration. For those who prefer studying alone, there are single seats and study capsules available on a first-come, first-served basis. Additionally, the library features various other quiet and comfortable areas where you can focus on your studies.","Question: Can someone help — what services do library provide?
Answer: The library offers a variety of study facilities to suit different preferences. If you enjoy studying in a group, you can reserve a study room in advance, providing a dedicated space for collaboration. For those who prefer studying alone, there are single seats and study capsules available on a first-come, first-served basis. Additionally, the library features various other quiet and comfortable areas where you can focus on y

Question: Can someone help — what are the resources available in library?
Answer: The library's resources include books, journals, and articles, among other materials.

Question: Can someone help — what kind of resources does the Ayesha Abed Library provide access to?
Answer: The library offers a large collection of printed books and tens of thousands of e-books, plus subscriptions to major academic databases and publishers such as McGraw-Hill, Cambridge University Press, Pearson, SAGE, Oxford University Press, Project MUSE and ScienceDirect, covering engineering, business, humanities, law, and the sciences.

Question: Can someone help — provide me the contact information of library staffs?
Answer: You can contact Librarian at: librarian@bracu.ac.bd, hasina@bracu.ac.bd
Deputy Librarian: nasiruddin@bracu.ac.bd, murtoza@bracu.ac.bd

Question: What services do library provide?
Answer: The library offers a variety of study facilities to suit different preferences. If you enjoy studying in a group, you can reserve a study room in advance, providing a dedicated space for collaboration. For those who prefer studying alone, there are single seats and study capsules available on a first-come, first-served basis. Additionally, the library features various other quiet and comfortable areas where you can focus on your studies.",I don't have reliable information retrieved for this question. Please check with your academic advisor or BRAC University's official resources rather than relying on a guess here.,open_ended,linear,0.5,True,True,False,False,False,0.0244,0.1201,0.0000,0.1446,2026-07-26T23:04:15.787893+00:00,0.0988,0.7474
Q062,adaptive_novel,How do I access the Multipurpose Hall?,"Ground Floor, Find the lift lobby(2nd escalator); go straight to the West Side, where you will find some seats next to the Multipurpose Hall.","Question: How do I access the Multipurpose Hall?
Answer: Ground Floor, Find the lift lobby(2nd escalator); go straight to the West Side, where you will find some seats next to the Multipurpose Hall.

Question (Banglish): Multipurpose Hall ami kivabe access korbo?
Answer (English): Ground Floor, Find the lift lobby(2nd escalator); go straight to the West Side, where you will find some seats next to the Multipurpose Hall.

Question: How can I access the Prayer Room for females?
Answer: The Prayer Room is located in front of the indoor Multipurpose Hall and on 6th floor(ZONE-H)

Question: What steps do I need to follow to access the Prayer Room for females?
Answer: The Prayer Room is located in front of the indoor Multipurpose Hall and on 6th floor(ZONE-H)

Question (Banglish): Multipurpose Hall e ki type er event hote pare?
Answer (English): The Multipurpose Hall can be used for meetings, seminars, workshops, and social gatherings.","To access the Multipurpose Hall, go to the Ground Floor, find the lift lobby with the 2nd escalator; then proceed straight to the West Side, where you will find some seats next to the hall.",open_ended,linear,0.5,False,False,False,False,False,0.0195,0.0692,6.8112,6.8999,2026-07-26T23:04:22.689511+00:00,0.1221,0.8664
Q063,adaptive_novel,What is the formula BRAC University uses to calculate GPA?,"GPA is calculated as the sum of (grade points x credits) for all courses, divided by the sum of credits attempted - i.e., a credit-weighted average, so a 4-credit course affects the GPA more than a 1-credit course.","Question: What is the formula BRAC University uses to calculate GPA?
Answer: GPA is calculated as the sum of (grade points x credits) for all courses, divided by the sum of credits attempted - i.e., a credit-weighted average, so a 4-credit course affects the GPA more than a 1-credit course.

Question: Can you tell me what the formula BRAC University uses to calculate GPA is?
Answer: GPA is calculated as the sum of (grade points x credits) for all courses, divided by the sum of credits attempted - i.e., a credit-weighted average, so a 4-credit course affects the GPA more than a 1-credit course.

Question: Kind of urgent, but what is the formula BRAC University uses to calculate GPA?
Answer: GPA is calculated as the sum of (grade points x credits) for all courses, divided by the sum of credits attempted - i.e., a credit-weighted average, so a 4-credit course affects the GPA more than a 1-credit course.

Question (Banglish): GPA calculate korte BRAC University kon formula use kore?
Answer (English): GPA is calculated as the sum of (grade points x credits) for all courses, divided by the sum of credits attempted - i.e., a credit-weighted average, so a 4-credit course affects the GPA more than a 1-credit course.

Question: How is the Grade Point Average (GPA) calculated?
Answer: The Grade Point Average (GPA) at BRAC University is calculated by multiplying the grade points earned in each course by the course's credit hours to obtain the quality points. The total quality points from all courses are then summed and divided by the total number of credit hours taken. This gives the GPA, which reflects the student's overall academic performance for the semester.","The formula BRAC University uses to calculate GPA is the sum of (grade points x credits) for all courses, divided by the sum of credits attempted.",open_ended,linear,0.5,False,False,False,False,False,0.0220,0.1476,5.7818,5.9514,2026-07-26T23:04:28.641260+00:00,0.0142,0.8868
Q064,adaptive_novel,"New student here, what platform is buX built on, and when was it launched?","BuX is BRAC University's online learning platform, built on the same open-source platform originally developed by MIT and Harvard (Open edX). It was launched in 2020 in response to the shift to online learning during the COVID-19 pandemic.","Question: New student here, what platform is buX built on, and when was it launched?
Answer: BuX is BRAC University's online learning platform, built on the same open-source platform originally developed by MIT and Harvard (Open edX). It was launched in 2020 in response to the shift to online learning during the COVID-19 pandemic.

Question: Sorry if this was already answered, but what platform is buX built on, and when was it launched?
Answer: BuX is BRAC University's online learning platform, built on the same open-source platform originally developed by MIT and Harvard (Open edX). It was launched in 2020 in response to the shift to online learning during the COVID-19 pandemic.

Question: What platform is buX built on, and when was it launched?
Answer: BuX is BRAC University's online learning platform, built on the same open-source platform originally developed by MIT and Harvard (Open edX). It was launched in 2020 in response to the shift to online learning during the COVID-19 pandemic.

Question: Random question, what platform is buX built on, and when was it launched?
Answer: BuX is BRAC University's online learning platform, built on the same open-source platform originally developed by MIT and Harvard (Open edX). It was launched in 2020 in response to the shift to online learning during the COVID-19 pandemic.

Question (Banglish): buX kon platform e toiri, ar eta kobe launch hoyechilo?
Answer (English): BuX is BRAC University's online learning platform, built on the same open-source platform originally developed by MIT and Harvard (Open edX). It was launched in 2020 in response to the shift to online learning during the COVID-19 pandemic.","BuX is BRAC University's online learning platform, built on the same open-source platform originally developed by MIT and Harvard (Open edX). It was launched in 2020 in response to the shift to online learning during the COVID-19 pandemic.",open_ended,linear,0.5,False,False,False,False,False,0.0209,0.1127,7.7281,7.8617,2026-07-26T23:04:36.503664+00:00,0.0695,0.8863
Q065,adaptive_novel,Can you tell me what the Office of the Registrar responsible for at BRAC University is?,"The Office of the Registrar handles core academic-record functions such as processing semester drop forms, maintaining student registration and grade records, and coordinating with departments on academic policy matters like leave of absence and inter-department transfers.","Question: Can you tell me what the Office of the Registrar responsible for at BRAC University is?
Answer: The Office of the Registrar handles core academic-record functions such as processing semester drop forms, maintaining student registration and grade records, and coordinating with departments on academic policy matters like leave of absence and inter-department transfers.

Question: What is the Office of the Registrar responsible for at BRAC University?
Answer: The Office of the Registrar handles core academic-record functions such as processing semester drop forms, maintaining student registration and grade records, and coordinating with departments on academic policy matters like leave of absence and inter-department transfers.

Question (Banglish): BRAC University te Office of the Registrar er dayittwo ki?
Answer (English): The Office of the Registrar handles core academic-record functions such as processing semester drop forms, maintaining student registration and grade records, and coordinating with departments on academic policy matters like leave of absence and inter-department transfers.

Question: Which office manages BRAC University's alumni community?
Answer: The Office of Career Services and Alumni Relations (OCSAR) is responsible for facilitating BRAC University's alumni community, including career consultations and staying updated on job market requirements.

Question (Banglish): BRAC University er alumni community kon office manage kore?
Answer (English): The Office of Career Services and Alumni Relations (OCSAR) is responsible for facilitating BRAC University's alumni community, including career consultations and staying updated on job market requirements.","The Office of the Registrar handles core academic-record functions such as processing semester drop forms, maintaining student registration and grade records, and coordinating with departments on academic policy matters like leave of absence and inter-department transfers.",open_ended,linear,0.5,False,False,False,False,False,0.0246,0.1173,6.7105,6.8524,2026-07-26T23:04:43.356059+00:00,0.0923,0.8930
Q066,adaptive_novel,Can non-students use the BRAC University transport service?,"No, the service is exclusively for BRAC University students.","Question: Can non-students use the BRAC University transport service?
Answer: No, the service is exclusively for BRAC University students.

Question (Banglish): Non-student ra ki BRAC University transport service use korte pare?
Answer (English): No, the service is exclusively for BRAC University students.

Question: Can students without an ID card use the transport service?
Answer: No, students must present a valid BRAC University ID card.

Question: Who can use the BRAC University bus service?
Answer: Only BRAC University students can use this service. Students must show their university ID before boarding. New students must show a photocopy of their payment receipt.

Question: Does BRAC University have any transportation facility for international students?
Answer: Yes, BRAC University provides transportation facilities that can be utilized by international students. The university operates a dedicated bus service with air-conditioned buses on several key routes across Dhaka city. This service runs from Sunday to Thursday, excluding government holidays and semester breaks.

The areas covered by the university's bus routes include:
Abdullahpur, Kallyanpur, Ji","No, the BRAC University transport service is exclusively for BRAC University students.",open_ended,linear,0.5,False,False,False,False,False,0.0235,0.1217,4.3456,4.4908,2026-07-26T23:04:47.847467+00:00,0.2608,0.9567
Q067,adaptive_novel,Can you tell me what the prerequisites for the Cse program are?,"Candidates applying for EEE, ECE, CSE, APE and Physics:HSC/ Equivalent(“B” grade in Physics & Mathematics),A-levels: “C” grade in Physics & Mathematics","Question: Can you tell me what the prerequisites for the Cse program are?
Answer: Candidates applying for EEE, ECE, CSE, APE and Physics:HSC/ Equivalent(“B” grade in Physics & Mathematics),A-levels: “C” grade in Physics & Mathematics

Question: What are the prerequisites for the Cse program?
Answer: Candidates applying for EEE, ECE, CSE, APE and Physics:HSC/ Equivalent(“B” grade in Physics & Mathematics),A-levels: “C” grade in Physics & Mathematics

Course: CSE421
Prerequisite: CSE320 (SP)

Course: CSE360
Prerequisite: CSE341 (HP)
Full Prerequisite Chain: CSE341

Course: CSE341
Prerequisite: CSE340 (SP),CSE321 (SP)",I don't have reliable information retrieved for this question. Please check with your academic advisor or BRAC University's official resources rather than relying on a guess here.,open_ended,linear,0.5,True,True,False,False,False,0.0211,0.0852,0.0000,0.1064,2026-07-26T23:04:47.953532+00:00,0.1164,0.8367
Q068,adaptive_novel,I looked around the site but couldn't find it — how to submit report after a club event?,"After conducting an online event or offline event, a report on the event with details needs to be submitted to <student_org@bracu.ac.bd> within 7 working days. Without the report, future proposals will not be accepted and approved.

• The report must contain a minimum of 500 words to a maximum of 1000 words with detailed activities, discussion, social impact, and outcome. If you get any media, coverage please provide the link.

• The social media data must be included in the report such as the number of attendees, likes, shares, views, and comments. For the best accuracy please collect this information immediately after the event is completed.

• After receiving and reviewing the appropriate report, we will complete the event or online program. Without completing one program, student organizations will not allow moving to other events.","Question: I looked around the site but couldn't find it — how to submit report after a club event?
Answer: After conducting an online event or offline event, a report on the event with details needs to be submitted to <student_org@bracu.ac.bd> within 7 working days. Without the report, future proposals will not be accepted and approved.

• The report must contain a minimum of 500 words to a maximum of 1000 words with detailed activities, discussion, social impact, and outcome. If you get any med

Question: How to submit report after a club event?
Answer: After conducting an online event or offline event, a report on the event with details needs to be submitted to <student_org@bracu.ac.bd> within 7 working days. Without the report, future proposals will not be accepted and approved.

• The report must contain a minimum of 500 words to a maximum of 1000 words with detailed activities, discussion, social impact, and outcome. If you get any media, coverage please provide the link.

• The soc

Question: Hey, how to submit report after a club event?
Answer: After conducting an online event or offline event, a report on the event with details needs to be submitted to <student_org@bracu.ac.bd> within 7 working days. Without the report, future proposals will not be accepted and approved.

• The report must contain a minimum of 500 words to a maximum of 1000 words with detailed activities, discussion, social impact, and outcome. If you get any media, coverage please provide the link.

• Th

Question: I looked around the site but couldn't find it — where can students participate in clubs and activities?
Answer: Club Activity Rooms are located on the 6th Floor.

Question: I looked around the site but couldn't find it — can more than one student from the same group submit the registration form?
Answer: No, only one student is allowed to register for their Thesis.","To submit a report after a club event, you need to send an email with details of the event, including activities, discussion, social impact, and outcome, to <student_org@bracu.ac.bd> within 7 working days. The report should be between 500-1000 words in length, and if any media coverage is obtained, please provide a link to it.",open_ended,linear,0.5,False,False,False,False,False,0.0304,0.1411,10.6032,10.7748,2026-07-26T23:04:58.729396+00:00,0.2924,0.8714
Q069,adaptive_novel,Can you tell me what the Syndicate at BRAC University is?,"The Syndicate, chaired by the Vice-Chancellor, supervises the university's academic and administrative functions.","Question: Can you tell me what the Syndicate at BRAC University is?
Answer: The Syndicate, chaired by the Vice-Chancellor, supervises the university's academic and administrative functions.

Question: What is the Syndicate at BRAC University?
Answer: The Syndicate, chaired by the Vice-Chancellor, supervises the university's academic and administrative functions.

Question: I wanted to ask, what is the Syndicate at BRAC University?
Answer: The Syndicate, chaired by the Vice-Chancellor, supervises the university's academic and administrative functions.

Question (Banglish): BRAC University er Syndicate bolte thik ki bujhay?
Answer (English): The Syndicate, chaired by the Vice-Chancellor, supervises the university's academic and administrative functions.

Question: When was BRAC University's current administrative/governance structure established?
Answer: BRAC University's current governance structure (Board of Trustees, Syndicate, and Academic Council as currently organized) was established in 2011, a decade after the university's 2001 founding.","The Syndicate, chaired by the Vice-Chancellor, supervises the university's academic and administrative functions.",open_ended,linear,0.5,False,False,False,False,False,0.0182,0.1390,4.6581,4.8152,2026-07-26T23:05:03.545295+00:00,0.1266,0.8664
Q070,adaptive_novel,Do lab-based or design-based programs pay an additional fee beyond regular tuition?,"Yes, programs with laboratory or studio components (such as CSE, Architecture, and Pharmacy) typically carry an additional lab/studio fee per semester on top of standard tuition and semester fees.","Question: Do lab-based or design-based programs pay an additional fee beyond regular tuition?
Answer: Yes, programs with laboratory or studio components (such as CSE, Architecture, and Pharmacy) typically carry an additional lab/studio fee per semester on top of standard tuition and semester fees.

Question: I wanted to ask, do lab-based or design-based programs pay an additional fee beyond regular tuition?
Answer: Yes, programs with laboratory or studio components (such as CSE, Architecture, and Pharmacy) typically carry an additional lab/studio fee per semester on top of standard tuition and semester fees.

Question (Banglish): Lab-based ba design-based program e ki regular tuition er baire additional fee lage?
Answer (English): Yes, programs with laboratory or studio components (such as CSE, Architecture, and Pharmacy) typically carry an additional lab/studio fee per semester on top of standard tuition and semester fees.

is also a one-time library membership fee of BDT 2,500. Depending on the specific courses, students might incur additional lab fees, although these are generally included within the course fees for most programs

s also a one-time library membership fee of BDT 2,500. Depending on the specific courses, students might incur additional lab fees, although these are generally included within the course fees for most programs?","Yes, programs with laboratory or studio components (such as CSE, Architecture, and Pharmacy) typically carry an additional lab/studio fee per semester on top of standard tuition and semester fees.",open_ended,linear,0.5,False,False,False,False,False,0.0298,0.1056,6.1788,6.3142,2026-07-26T23:05:09.859873+00:00,0.0062,0.9159
Q071,adaptive_novel,For a friend who's asking — do I need to pay any fee to collect my degree certificate at Convocation?,"No, based on published notices, there is no fee to collect your certificate at the time of Convocation itself; fees apply if you request documents outside of that window.","Question: For a friend who's asking — do I need to pay any fee to collect my degree certificate at Convocation?
Answer: No, based on published notices, there is no fee to collect your certificate at the time of Convocation itself; fees apply if you request documents outside of that window.

Question: Do I need to pay any fee to collect my degree certificate at Convocation?
Answer: No, based on published notices, there is no fee to collect your certificate at the time of Convocation itself; fees apply if you request documents outside of that window.

Question: Am I required to need to pay any fee to collect my degree certificate at Convocation?
Answer: No, based on published notices, there is no fee to collect your certificate at the time of Convocation itself; fees apply if you request documents outside of that window.

Question (Banglish): Convocation e degree certificate collect korte ki amake fee dite hobe?
Answer (English): No, based on published notices, there is no fee to collect your certificate at the time of Convocation itself; fees apply if you request documents outside of that window.

Question: Before I forget to ask — what is the overall process for degree processing, provisional certificate, and convocation?
Answer: Complete all academic requirements, submit the Degree Application Form with necessary clearances and documents, pay the required fees, and get registered for convocation.","Based on published notices, there is no fee to collect your certificate at the time of Convocation itself; fees apply if you request documents outside of that window.",open_ended,linear,0.5,False,False,False,False,False,0.0318,0.1301,5.7247,5.8867,2026-07-26T23:05:15.746960+00:00,0.1220,0.9295
Q072,adaptive_novel,Can you tell me what the CGPA requirement for eligibility to start a thesis is?,CGPA equal to or above 3.0.,"Question: Can you tell me what the CGPA requirement for eligibility to start a thesis is?
Answer: CGPA equal to or above 3.0.

Question: What is the CGPA requirement for eligibility to start a thesis?
Answer: CGPA equal to or above 3.0.

Question: Can someone help — what is the CGPA requirement for eligibility to start a thesis?
Answer: CGPA equal to or above 3.0.

Question: Is it possible to do a thesis if the student has a CGPA below 3? What is the minimum CGPA requirement?
Answer: It is possible to do thesis under CGPA 3, for that you have to take permission of your thesis supervisor and also the chairman. The minimum requirement for starting thesis is 3.

Question: Just wondering, is it possible to do a thesis if the student has a CGPA below 3, What is the minimum CGPA requirement?
Answer: It is possible to do thesis under CGPA 3, for that you have to take permission of your thesis supervisor and also the chairman. The minimum requirement for starting thesis is 3.",The CGPA requirement for eligibility to start a thesis is CGPA equal to or above 3.0.,open_ended,linear,0.5,False,False,False,False,False,0.0254,0.0952,4.6947,4.8154,2026-07-26T23:05:20.562687+00:00,0.0769,0.9184
Q073,adaptive_novel,How is the Joint PhD program with SOAS structured over time?,"Students typically spend their first months building a literature review and research plan, aiming to upgrade from MPhil to PhD status within 9 months of starting. Year 2 is generally dedicated to field research, and Year 3 to analysis and writing up, with the final award being a Joint PhD from SOAS University of London and BRAC University.","Question: How is the Joint PhD program with SOAS structured over time?
Answer: Students typically spend their first months building a literature review and research plan, aiming to upgrade from MPhil to PhD status within 9 months of starting. Year 2 is generally dedicated to field research, and Year 3 to analysis and writing up, with the final award being a Joint PhD from SOAS University of London and BRAC University.

Question (Banglish): SOAS er shathe Joint PhD program shomoyer shathe kivabe structured?
Answer (English): Students typically spend their first months building a literature review and research plan, aiming to upgrade from MPhil to PhD status within 9 months of starting. Year 2 is generally dedicated to field research, and Year 3 to analysis and writing up, with the final award being a Joint PhD from SOAS University of London and BRAC University.

Question: Can PhD students in this joint program be based in Bangladesh rather than London?
Answer: Yes, some PhD students are based in Bangladesh; SOAS research training components are designed to be offered in a hybrid format so that Bangladesh-based students can still participate.

Question: Not sure if this is covered elsewhere, but can PhD students in this joint program be based in Bangladesh rather than London?
Answer: Yes, some PhD students are based in Bangladesh; SOAS research training components are designed to be offered in a hybrid format so that Bangladesh-based students can still participate.

Question (Banglish): Ei joint PhD program e student ra ki London na thakleo Bangladesh theke korte parbe?
Answer (English): Yes, some PhD students are based in Bangladesh; SOAS research training components are designed to be offered in a hybrid format so that Bangladesh-based students can still participate.","The Joint PhD program with SOAS is structured as follows: Students typically spend their first months building a literature review and research plan, aiming to upgrade from MPhil to PhD status within 9 months of starting. Year 2 is generally dedicated to field research, and Year 3 to analysis and writing up, with the final award being a Joint PhD from SOAS University of London and BRAC University.",open_ended,linear,0.5,False,False,False,False,False,0.0226,0.1127,10.8464,10.9818,2026-07-26T23:05:31.544926+00:00,0.1384,0.8887
Q074,adaptive_novel,What does the Counseling and Wellness Centre at BRAC University offer?,"The Counseling and Wellness Centre is a dedicated student-life office providing psychological and wellbeing support to students, separate from the psychosocial counselling available specifically at the Residential Campus.","Question: What does the Counseling and Wellness Centre at BRAC University offer?
Answer: The Counseling and Wellness Centre is a dedicated student-life office providing psychological and wellbeing support to students, separate from the psychosocial counselling available specifically at the Residential Campus.

Question (Banglish): BRAC University er Counseling and Wellness Centre ki offer kore?
Answer (English): The Counseling and Wellness Centre is a dedicated student-life office providing psychological and wellbeing support to students, separate from the psychosocial counselling available specifically at the Residential Campus.

Question: What services does the BRAC University Medical Center provide?
Answer: The Medical Center offers emergency medical services and free consultations/medicine to students and employees, health checkups with an official Health Card, referrals to partner hospitals for emergencies, ambulance support, and workshops on reproductive health and family planning. It also runs blood donation programs in collaboration with student clubs, arranges vaccination drives for communicable diseases, and hol

Question: Hi, what services does the BRAC University Medical Center provide?
Answer: The Medical Center offers emergency medical services and free consultations/medicine to students and employees, health checkups with an official Health Card, referrals to partner hospitals for emergencies, ambulance support, and workshops on reproductive health and family planning, among other services.

Question: Does the Counseling and Wellness Centre charge for its services?
Answer: No, the Counseling and Wellness Centre (CWC) provides free and confidential mental health and wellbeing services to all students and staff, including individual counseling, both face-to-face and online.","The Counseling and Wellness Centre is a dedicated student-life office providing psychological and wellbeing support to students, separate from the psychosocial counselling available specifically at the Residential Campus.",open_ended,linear,0.5,False,False,False,False,False,0.0214,0.1116,5.8400,5.9730,2026-07-26T23:05:37.517884+00:00,0.0623,0.8964
Q075,adaptive_novel,What is the first outbound timing for Route-02 (Mirpur-A)?,Route-02 (Mirpur-A): First trip departs at 2:05 PM.,"Question: What is the first outbound timing for Route-02 (Mirpur-A)?
Answer: Route-02 (Mirpur-A): First trip departs at 2:05 PM.

Question: What is the first outbound timing for Route-02 (Mirpur-B)?
Answer: Route-02 (Mirpur-B): First trip departs at 2:05 PM.

Question (Banglish): Route-02 (Mirpur-A) er first outbound timing ta ki?
Answer (English): Route-02 (Mirpur-A): First trip departs at 2:05 PM.

Question (Banglish): Route-02 (Mirpur-B) er first outbound timing ta ki?
Answer (English): Route-02 (Mirpur-B): First trip departs at 2:05 PM.

Question: What is the second outbound timing for Route-02 (Mirpur-A)?
Answer: Route-02 (Mirpur-A): Second trip departs at 5:10 PM.",The first outbound timing for Route-02 (Mirpur-A) is First trip departs at 2:05 PM.,open_ended,linear,0.5,False,False,False,False,False,0.0233,0.0727,5.0050,5.1012,2026-07-26T23:05:42.619811+00:00,0.0286,0.9240
Q076,adaptive_novel,Can you tell me what required for a student to apply for an internship is?,The student must apply to the Chairperson of the CSE Department and may suggest a company with a detailed profile for approval.,"Question: Can you tell me what required for a student to apply for an internship is?
Answer: The student must apply to the Chairperson of the CSE Department and may suggest a company with a detailed profile for approval.

Question: What is required for a student to apply for an internship?
Answer: The student must apply to the Chairperson of the CSE Department and may suggest a company with a detailed profile for approval.

Question: Can you tell me what the minimum credit requirement to start a thesis/project/internship is?
Answer: Students need a minimum of 75 completed credits to start a thesis, project, or internship.

Question: Can you tell me what the CGPA requirement for eligibility to start a project/internship is?
Answer: CGPA equal to or above 2.0.

Question: For a friend who's asking — what is the CGPA requirement for eligibility to start a project/internship?
Answer: CGPA equal to or above 2.0.",The requirements for a student to apply for an internship include applying to the Chairperson of the CSE Department and suggesting a company with a detailed profile for approval.,open_ended,linear,0.5,False,False,False,False,False,0.0224,0.1137,5.5897,5.7258,2026-07-26T23:05:48.345844+00:00,0.1067,0.8469
Q077,adaptive_novel,Can you tell me what the eligibility criteria for receiving financial aid are?,"BRAC University offers financial aid to students based on demonstrated financial need. Financial aid eligibility is reassessed regularly, and students may need to maintain satisfactory academic performance. Special consideration may be given to students from disadvantaged backgrounds or those facing extraordinary circumstances. The Financial Aid Office can provide more detailed information on the application process.","Question: Can you tell me what the eligibility criteria for receiving financial aid are?
Answer: BRAC University offers financial aid to students based on demonstrated financial need. Financial aid eligibility is reassessed regularly, and students may need to maintain satisfactory academic performance. Special consideration may be given to students from disadvantaged backgrounds or those facing extraordinary circumstances. The Financial Aid Office can provide more detailed information on the app

Question: What are the eligibility criteria for receiving financial aid?
Answer: BRAC University offers financial aid to students based on demonstrated financial need. Financial aid eligibility is reassessed regularly, and students may need to maintain satisfactory academic performance. Special consideration may be given to students from disadvantaged backgrounds or those facing extraordinary circumstances. The Financial Aid Office can provide more detailed information on the application process

Question: Can you tell me what the requirements for maintaining financial aid eligibility are?
Answer: At BRAC University, students must maintain a minimum CGPA of 3.25, be enrolled full-time, meet satisfactory academic progress, follow the code of conduct, and sometimes demonstrate ongoing financial need to maintain financial aid eligibility.

Question (Banglish): Financial aid pete eligibility criteria ki ki?
Answer (English): BRAC University offers financial aid to students based on demonstrated financial need. Financial aid eligibility is reassessed regularly, and students may need to maintain satisfactory academic performance. Special consideration may be given to students from disadvantaged backgrounds or those facing extraordinary circumstances. The Financial Aid Office can provide more detailed information on the application pr

Question: How can students apply for financial aid?
Answer: To apply for financial aid at BRAC University, students should start by confirming their eligibility by reviewing the criteria provided on the university's website or contacting the financial aid office. Next, they need to gather all required documents, such as income certificates and academic records. After preparing the necessary paperwork, students should complete and submit the financial aid application form by the specified deadlin",I don't have reliable information retrieved for this question. Please check with your academic advisor or BRAC University's official resources rather than relying on a guess here.,open_ended,linear,0.5,True,True,False,False,False,0.0227,0.1239,0.0000,0.1467,2026-07-26T23:05:48.491639+00:00,0.0472,0.8057
Q078,adaptive_novel,"Sorry if this was already answered, but how are meal plans managed at TARC?","Tarc provides 3 main meals breakfast,lunch and dinner and two snack time followed by them.Breakfast time continues from 7-9 am, lunch time continues from 12:30-3 pm,dinner continues from 8:30-10 pm followed by snacks time which are from 11-12 am and 4-5 pm colleectively","Question: Sorry if this was already answered, but how are meal plans managed at TARC?
Answer: Tarc provides 3 main meals breakfast,lunch and dinner and two snack time followed by them.Breakfast time continues from 7-9 am, lunch time continues from 12:30-3 pm,dinner continues from 8:30-10 pm followed by snacks time which are from 11-12 am and 4-5 pm colleectively

Question: How are meal plans managed at TARC?
Answer: Tarc provides 3 main meals breakfast,lunch and dinner and two snack time followed by them.Breakfast time continues from 7-9 am, lunch time continues from 12:30-3 pm,dinner continues from 8:30-10 pm followed by snacks time which are from 11-12 am and 4-5 pm colleectively

Question: Before I forget to ask — how are meal plans managed at TARC?
Answer: Tarc provides 3 main meals breakfast,lunch and dinner and two snack time followed by them.Breakfast time continues from 7-9 am, lunch time continues from 12:30-3 pm,dinner continues from 8:30-10 pm followed by snacks time which are from 11-12 am and 4-5 pm colleectively

Question: Sorry if this was already answered, but what is the daily time schedule of Tarc?
Answer: Tarc starts at morning 7:00 am and ends at 10:00pm.Dorm gate closes at pm.Also 6-8 is the study hour.Nobody is allowed to be in the field during this period.They can be only in the library,their rooms or the classrooms doing group study

Question: Sorry if this was already answered, but who manages accommodation for international students at BRAC University?
Answer: Student accommodation for both international and domestic students is managed by the International and Scholarship Office (ISO), with facilities located close to campus and connected via the university's shuttle service.",I don't have reliable information retrieved for this question. Please check with your academic advisor or BRAC University's official resources rather than relying on a guess here.,open_ended,linear,0.5,True,True,False,False,False,0.0256,0.0994,0.0000,0.1250,2026-07-26T23:05:48.617497+00:00,0.1693,0.5000
Q079,adaptive_novel,Is there any separate exam for awarding Scholarship/Financial Aid?,There is no separate exam for Scholarship/Financial Aid.,"Question: Is there any separate exam for awarding Scholarship/Financial Aid?
Answer: There is no separate exam for Scholarship/Financial Aid.

Question: Does BRAC University have any separate exam for awarding Scholarship/Financial Aid?
Answer: There is no separate exam for Scholarship/Financial Aid.

Question (Banglish): Scholarship/Financial Aid deyar jonno ki kono alada exam ache?
Answer (English): There is no separate exam for Scholarship/Financial Aid.

Question: Are there any fees for applying for Scholarship/Financial Aid?
Answer: No applicants are required to pay any fees at the time of submission of the filled-out form.

Question: Are there interviews or additional assessments for scholarship applicants?
Answer: BRAC University may require additional assessments, such as interviews, for certain scholarships. For instance, applicants for BRAC Scholarships (needs-based) and other financial aid programs are typically evaluated not only on academic performance but also on socioeconomic background and other conditions. While some merit-based scholarships are awarded automatically based on academic results, other prog",There is no separate exam for awarding Scholarship/Financial Aid.,open_ended,linear,0.5,False,False,False,False,False,0.0220,0.0813,4.0660,4.1693,2026-07-26T23:05:52.787730+00:00,0.1236,0.9663
Q080,adaptive_novel,What undergraduate tuition waiver is available based on SSC/HSC or A-Level results?,"Undergraduate applicants can receive a tuition waiver (commonly around 25%, with higher tiers such as 30% or 100% for top scorers in the BRACU Admission Test) in their first semester, based on their prior academic performance at SSC/O-Level, HSC/A-Level, or IB Diploma.","Question: What undergraduate tuition waiver is available based on SSC/HSC or A-Level results?
Answer: Undergraduate applicants can receive a tuition waiver (commonly around 25%, with higher tiers such as 30% or 100% for top scorers in the BRACU Admission Test) in their first semester, based on their prior academic performance at SSC/O-Level, HSC/A-Level, or IB Diploma.

Question: Sorry if this was already answered, but what undergraduate tuition waiver is available based on SSC/HSC or A-Level results?
Answer: Undergraduate applicants can receive a tuition waiver (commonly around 25%, with higher tiers such as 30% or 100% for top scorers in the BRACU Admission Test) in their first semester, based on their prior academic performance at SSC/O-Level, HSC/A-Level, or IB Diploma.

Question (Banglish): SSC/HSC ba A-Level result er upor base kore ki undergraduate tuition waiver available?
Answer (English): Undergraduate applicants can receive a tuition waiver (commonly around 25%, with higher tiers such as 30% or 100% for top scorers in the BRACU Admission Test) in their first semester, based on their prior academic performance at SSC/O-Level, HSC/A-Level, or IB Diploma.

Question: Is there a tuition fee waiver available for postgraduate applicants based on their undergraduate results?
Answer: Yes. For most BRAC University postgraduate programs (excluding MBA, EMBA, ECD, M.Ed, MPH and MHPSS), graduates of public universities and other UGC-approved universities can receive a 20-40% tuition fee waiver based on their undergraduate academic results, effective from Summer 2017 onward.

Question: Does BRAC University have a tuition fee waiver available for postgraduate applicants based on their undergraduate results?
Answer: Yes. For most BRAC University postgraduate programs (excluding MBA, EMBA, ECD, M.Ed, MPH and MHPSS), graduates of public universities and other UGC-approved universities can receive a 20-40% tuition fee waiver based on their undergraduate academic results, effective from Summer 2017 onward.","Undergraduate applicants can receive a tuition waiver (commonly around 25%, with higher tiers such as 30% or 100% for top scorers in the BRACU Admission Test) in their first semester, based on their prior academic performance at SSC/O-Level, HSC/A-Level, or IB Diploma.",open_ended,linear,0.5,False,False,False,False,False,0.0270,0.1342,8.9749,9.1361,2026-07-26T23:06:01.924572+00:00,0.0256,0.9119
Q081,adaptive_novel,What steps do I need to follow to access the Prayer Room for females?,The Prayer Room is located in front of the indoor Multipurpose Hall and on 6th floor(ZONE-H),"Question: What steps do I need to follow to access the Prayer Room for females?
Answer: The Prayer Room is located in front of the indoor Multipurpose Hall and on 6th floor(ZONE-H)

Question: How can I access the Prayer Room for females?
Answer: The Prayer Room is located in front of the indoor Multipurpose Hall and on 6th floor(ZONE-H)

Question: Where can I find the Prayer Room for females?
Answer: In front of the indoor (Multipurpose Hall) and also on 6th floor(ZONE-H).

Question (Banglish): Female der Prayer Room ami kivabe access korbo?
Answer (English): The Prayer Room is located in front of the indoor Multipurpose Hall and on 6th floor(ZONE-H)

Question: Where's the female prayer room?
Answer: The female prayer room is located on the ground floor near reception and also another one on 6th floor.(ZONE-H).","The location of the female Prayer Room that you are referring to, which has a different address than mentioned in previous answers, is located on the ground floor near reception and also another one on 6th floor.",open_ended,linear,0.5,False,False,False,False,False,0.0240,0.0679,6.5398,6.6318,2026-07-26T23:06:08.556451+00:00,0.2101,0.9197
Q082,adaptive_novel,"Just wondering, are Biotechnology and Microbiology still under the same department as Physics and Mathematics?","Biotechnology and Microbiology historically shared a department (MNS) with Physics and Mathematics; today they fall under the School of Life Sciences, while Physics/Mathematics/APE are now under the Department of Mathematics and Physical Sciences (MPS) - both trace back to the original MNS department founded in 2001.","Question: Just wondering, are Biotechnology and Microbiology still under the same department as Physics and Mathematics?
Answer: Biotechnology and Microbiology historically shared a department (MNS) with Physics and Mathematics; today they fall under the School of Life Sciences, while Physics/Mathematics/APE are now under the Department of Mathematics and Physical Sciences (MPS) - both trace back to the original MNS department founded in 2001.

Question: Are Biotechnology and Microbiology still under the same department as Physics and Mathematics?
Answer: Biotechnology and Microbiology historically shared a department (MNS) with Physics and Mathematics; today they fall under the School of Life Sciences, while Physics/Mathematics/APE are now under the Department of Mathematics and Physical Sciences (MPS) - both trace back to the original MNS department founded in 2001.

Question (Banglish): Biotechnology ar Microbiology ki ekhono Physics ar Mathematics er shathe eki department e ache?
Answer (English): Biotechnology and Microbiology historically shared a department (MNS) with Physics and Mathematics; today they fall under the School of Life Sciences, while Physics/Mathematics/APE are now under the Department of Mathematics and Physical Sciences (MPS) - both trace back to the original MNS department founded in 2001.

Question: Can students minor in Physics, Mathematics, Biotechnology, or Microbiology even if it's not their major?
Answer: Yes, BRAC University offers formal Minor programs in Physics, Mathematics, Biotechnology, and Microbiology, each with a specific set of required courses, open to students from other majors who meet the prerequisites.

Question: New student here, can students minor in Physics, Mathematics, Biotechnology, or Microbiology even if it's not their major?
Answer: Yes, BRAC University offers formal Minor programs in Physics, Mathematics, Biotechnology, and Microbiology, each with a specific set of required courses, open to students from other majors who meet the prerequisites.","Biotechnology and Microbiology historically shared a department (MNS) with Physics and Mathematics; today they fall under the School of Life Sciences, while Physics/Mathematics/APE are now under the Department of Mathematics and Physical Sciences (MPS) - both trace back to the original MNS department founded in 2001.",open_ended,linear,0.5,False,False,False,False,False,0.0245,0.1130,9.1008,9.2383,2026-07-26T23:06:17.795268+00:00,0.0582,0.9241
Q083,adaptive_novel,"New student here, do international students need to submit any medical reports?","Yes, Health checkup/medical certificates are needed to be submitted.","Question: New student here, do international students need to submit any medical reports?
Answer: Yes, Health checkup/medical certificates are needed to be submitted.

Question: Do international students need to submit any medical reports?
Answer: Yes, Health checkup/medical certificates are needed to be submitted.

Question: Hey, do international students need to submit any medical reports?
Answer: Yes, Health checkup/medical certificates are needed to be submitted.

Question: Curious about something: do international students need to submit any medical reports?
Answer: Yes, Health checkup/medical certificates are needed to be submitted.

Question: Just wondering, do international students need to submit any medical reports?
Answer: Yes, Health checkup/medical certificates are needed to be submitted.","Yes, health checkup/medical certificates are needed to be submitted.",open_ended,linear,0.5,False,False,False,False,False,0.0273,0.0889,4.1223,4.2385,2026-07-26T23:06:22.034081+00:00,0.0995,0.9173
Q084,adaptive_novel,"I'm an international student on the BRAC Scholarship with a 3.1 CGPA, but I need to retake a course I failed. Will my scholarship cover the retake fee?","No - tuition fee waivers and scholarships, including the BRAC Scholarship, are not applied to retake or repeat courses; you'd need to pay for the retake yourself. Separately, since you failed a course, you also won't be considered for the tuition fee waiver for the following two semesters even on your other coursework, regardless of your CGPA being above the 3.0 minimum.","Question: I'm an international student on the BRAC Scholarship with a 3.1 CGPA, but I need to retake a course I failed. Will my scholarship cover the retake fee?
Answer: No - tuition fee waivers and scholarships, including the BRAC Scholarship, are not applied to retake or repeat courses; you'd need to pay for the retake yourself. Separately, since you failed a course, you also won't be considered for the tuition fee waiver for the following two semesters even on your other coursework, regardles

Question: I'm on the Merit Scholarship and I failed one course this semester. Does that affect my scholarship the same way it would affect an international student's BRAC Scholarship?
Answer: Not necessarily the same way - the rules differ by scholarship. For the international BRAC Scholarship, failing a course makes you ineligible for the tuition fee waiver for the next two semesters. The Merit Scholarship (based on BRACU academic results) is instead tied to maintaining a specific CGPA each sem

Question: Does BRAC University have any scholarship scheme for international students?
Answer: 1. BRAC Scholarship (Needs-Based Scholarship)

Benefits: 100% tuition and fees waiver (including semester fees, lab fees, library fees) along with food and accommodations.
Eligibility: Awarded to economically disadvantaged but meritorious students.
Requirements:
Must maintain a minimum CGPA of 3.00 on a scale of 4.00 in all semesters.
If the CGPA falls below 3.00, the student may retain a tuition fee w

Question: Does BRAC University have any cgpa cap in retake/repeat course?
Answer: No, currently there is no cap in retake/repeat courses. But the latest grade will be counted.

below 3.00, the student may retain a tuition fee waiver for up to two consecutive semesters. The student must regain the required CGPA within these semesters, or the scholarship will be discontinued unless special circumstances are recognized by the Scholarship Committee.
2. Merit Scholarship Based on BRACU Academic Results

Eligibility:
Undergraduate students must complete at least 30 credits, and postgraduate students must complete at least 1/4th of their program credits.
Undergraduate student","No - tuition fee waivers and scholarships, including the BRAC Scholarship, are not applied to retake or repeat courses; you'd need to pay for the retake yourself.",open_ended,linear,0.5,False,False,False,False,False,0.0321,0.1859,6.3964,6.6145,2026-07-26T23:06:28.648989+00:00,0.3599,0.9519
Q085,adaptive_novel,"Random question, what should a course teacher do if a student misses the final exam for a valid reason?","If a student misses the final exam for a documented valid reason (such as a medical emergency), the course teacher can arrange a make-up exam, and if course requirements genuinely can't be completed in time, an 'Incomplete' (I) grade with a defined completion deadline (up to 8 weeks after the final exam) may be assigned instead.","Question: Random question, what should a course teacher do if a student misses the final exam for a valid reason?
Answer: If a student misses the final exam for a documented valid reason (such as a medical emergency), the course teacher can arrange a make-up exam, and if course requirements genuinely can't be completed in time, an 'Incomplete' (I) grade with a defined completion deadline (up to 8 weeks after the final exam) may be assigned instead.

Question: This might be a silly question, but what should a course teacher do if a student misses the final exam for a valid reason?
Answer: If a student misses the final exam for a documented valid reason (such as a medical emergency), the course teacher can arrange a make-up exam, and if course requirements genuinely can't be completed in time, an 'Incomplete' (I) grade with a defined completion deadline (up to 8 weeks after the final exam) may be assigned instead.

Question: What should a course teacher do if a student misses the final exam for a valid reason?
Answer: If a student misses the final exam for a documented valid reason (such as a medical emergency), the course teacher can arrange a make-up exam, and if course requirements genuinely can't be completed in time, an 'Incomplete' (I) grade with a defined completion deadline (up to 8 weeks after the final exam) may be assigned instead.

Question: Random question, what should I do if I miss my mid/final?
Answer: You should inform your course instructor as soon as possible with a valid reason (such as medical emergencies). In some cases, you may need to provide documentation like medical certificates to appeal.

Question (Banglish): Valid reason e student final exam miss korle course teacher er ki korte hoy?
Answer (English): If a student misses the final exam for a documented valid reason (such as a medical emergency), the course teacher can arrange a make-up exam, and if course requirements genuinely can't be completed in time, an 'Incomplete' (I) grade with a defined completion deadline (up to 8 weeks after the final exam) may be assigned instead.","If a student misses the final exam for a documented valid reason (such as a medical emergency), the course teacher can arrange a make-up exam, and if course requirements genuinely can't be completed in time, an 'Incomplete' (I) grade with a defined completion deadline (up to 8 weeks after the final exam) may be assigned instead.",open_ended,linear,0.5,False,False,False,False,False,0.0276,0.1518,9.7512,9.9306,2026-07-26T23:06:38.579702+00:00,0.0368,0.8732
Q086,adaptive_novel,One thing I couldn't find anywhere: where can I find the official student payment manual?,"BRAC University publishes a 'Payment Manual for Students' PDF, linked from the Tuition and Fees page, which explains the accepted payment methods and installment options in detail.","Question: One thing I couldn't find anywhere: where can I find the official student payment manual?
Answer: BRAC University publishes a 'Payment Manual for Students' PDF, linked from the Tuition and Fees page, which explains the accepted payment methods and installment options in detail.

Question: Where can I find the official student payment manual?
Answer: BRAC University publishes a 'Payment Manual for Students' PDF, linked from the Tuition and Fees page, which explains the accepted payment methods and installment options in detail.

Question: One thing I couldn't find anywhere: what's my student ID number?
Answer: That's personal record information I don't have. Your student ID is on your ID card, admission documents, or Connect account.

Question (Banglish): Official student payment manual ami kothay pabo?
Answer (English): BRAC University publishes a 'Payment Manual for Students' PDF, linked from the Tuition and Fees page, which explains the accepted payment methods and installment options in detail.

Question: One thing I couldn't find anywhere: provide me the library website link?
Answer: Https://library.bracu.ac.bd/","BRAC University publishes a 'Payment Manual for Students' PDF, linked from the Tuition and Fees page, which explains the accepted payment methods and installment options in detail.",open_ended,linear,0.5,False,False,False,False,False,0.0270,0.0898,5.9418,6.0586,2026-07-26T23:06:44.638717+00:00,0.1561,0.8777
Q087,adaptive_novel,"New student here, what sports teams does the university have?","BRAC University Football Club, BRAC University Chess Club, BRAC University Cricket Club, and BRAC University Indoor Games Club.","Question: New student here, what sports teams does the university have?
Answer: BRAC University Football Club, BRAC University Chess Club, BRAC University Cricket Club, and BRAC University Indoor Games Club.

Question: What sports teams does the university have?
Answer: BRAC University Football Club, BRAC University Chess Club, BRAC University Cricket Club, and BRAC University Indoor Games Club.

Question: I looked around the site but couldn't find it — what sports teams does the university have?
Answer: BRAC University Football Club, BRAC University Chess Club, BRAC University Cricket Club, and BRAC University Indoor Games Club.

Question: Does BRAC University take part in inter-university sports tournaments regularly?
Answer: Yes, BRAC University teams regularly compete in inter-university football and other sports tournaments in Dhaka, including tournaments like the Shahjalal Islami Bank Faraaz Gold Cup Inter-University Football Tournament.

Question: Before I forget to ask — does BRAC University take part in inter-university sports tournaments regularly?
Answer: Yes, BRAC University teams regularly compete in inter-university football and other sports tournaments in Dhaka, including tournaments like the Shahjalal Islami Bank Faraaz Gold Cup Inter-University Football Tournament.","The university has several sports teams, including BRAC University Football Club, BRAC University Chess Club, BRAC University Cricket Club, and BRAC University Indoor Games Club.",open_ended,linear,0.5,False,False,False,False,False,0.0257,0.0941,5.8877,6.0076,2026-07-26T23:06:50.646898+00:00,0.1670,0.8462
Q088,adaptive_novel,Am I allowed to renew a book I have borrowed from the library?,"Yes, an item can be renewed if no other user has placed a hold on it. Renewal can be done through the online catalogue (OPAC) or by contacting the circulation desk.","Question: Am I allowed to renew a book I have borrowed from the library?
Answer: Yes, an item can be renewed if no other user has placed a hold on it. Renewal can be done through the online catalogue (OPAC) or by contacting the circulation desk.

Question: Can I renew a book I have borrowed from the library?
Answer: Yes, an item can be renewed if no other user has placed a hold on it. Renewal can be done through the online catalogue (OPAC) or by contacting the circulation desk.

Question: Sorry if this was already answered, but can I renew a book I have borrowed from the library?
Answer: Yes, an item can be renewed if no other user has placed a hold on it. Renewal can be done through the online catalogue (OPAC) or by contacting the circulation desk.

Question: Before I forget to ask — can I renew a book I have borrowed from the library?
Answer: Yes, an item can be renewed if no other user has placed a hold on it. Renewal can be done through the online catalogue (OPAC) or by contacting the circulation desk.

Question: One thing I couldn't find anywhere: can I renew a book I have borrowed from the library?
Answer: Yes, an item can be renewed if no other user has placed a hold on it. Renewal can be done through the online catalogue (OPAC) or by contacting the circulation desk.","Yes, an item can be renewed if no other user has placed a hold on it. Renewal can be done through the online catalogue (OPAC) or by contacting the circulation desk.",open_ended,linear,0.5,False,False,False,False,False,0.0213,0.0858,6.3772,6.4844,2026-07-26T23:06:57.131368+00:00,0.0786,0.8879
Q089,adaptive_novel,"New student here, could you please provide details about the tuition fee structure at BRAC University?","For students enrolled in the Computer Science and Engineering (CSE) program at BRAC University, the tuition fee structure includes a one-time, non-refundable admission fee of BDT 30,800. Each course within the CSE program costs BDT 22,500. Additionally, students are required to pay a semester fee of BDT 11,500, which covers various facilities such as IT services and library access. There is also a one-time library membership fee of BDT 2,500. This fee structure is designed to support the comprehensive education provided in the CSE program, ensuring access to advanced resources and facilities?","Question: New student here, could you please provide details about the tuition fee structure at BRAC University?
Answer: For students enrolled in the Computer Science and Engineering (CSE) program at BRAC University, the tuition fee structure includes a one-time, non-refundable admission fee of BDT 30,800. Each course within the CSE program costs BDT 22,500. Additionally, students are required to pay a semester fee of BDT 11,500, which covers various facilities such as IT services and library ac

Question: Could you please provide details about the tuition fee structure at BRAC University?
Answer: For students enrolled in the Computer Science and Engineering (CSE) program at BRAC University, the tuition fee structure includes a one-time, non-refundable admission fee of BDT 30,800. Each course within the CSE program costs BDT 22,500. Additionally, students are required to pay a semester fee of BDT 11,500, which covers various facilities such as IT services and library access. There is als

Question: Does BRAC University claim there are no hidden fees for its degree programs?
Answer: The university's fee structure is designed to be transparent, with published admission fees, per-credit tuition, semester fees, lab fees, and one-time costs like the Residential Semester fee - students are encouraged to review the official Tuition and Fees and Other Fees pages for the current full breakdown, since figures are periodically revised.

Question: One thing I couldn't find anywhere: does BRAC University claim there are no hidden fees for its degree programs?
Answer: The university's fee structure is designed to be transparent, with published admission fees, per-credit tuition, semester fees, lab fees, and one-time costs like the Residential Semester fee - students are encouraged to review the official Tuition and Fees and Other Fees pages for the current full breakdown, since figures are periodically revised.

Question: Not sure if this is covered elsewhere, but what's the tuition fee at North South University?
Answer: That's outside what I can help with - I only have information about BRAC University. North South University's own website would have their current fee structure.","For students enrolled in the Computer Science and Engineering (CSE) program at BRAC University, the tuition fee structure includes a one-time, non-refundable admission fee of BDT 30,800. Each course within the CSE program costs BDT 22,500. Additionally, students are required to pay a semester fee of BDT 11,500, which covers various facilities such as IT services and library access. There is also a Residential Semester fee, with figures periodically revised.",open_ended,linear,0.5,False,False,False,False,False,0.0255,0.1418,13.4781,13.6453,2026-07-26T23:07:10.776924+00:00,0.0557,0.8481
Q090,adaptive_novel,"I wanted to ask, is there an application fee, How much is it?","Admission Application Fee Tk. 1,500/- Non-Refundable [Through Bkash, Rocket, Nagod, Visa cards, Dhaka Bank Ltd., One Bank Ltd., Southeast Bank Ltd., Brac Bank Ltd. And Prime Bank Ltd]","Question: I wanted to ask, is there an application fee, How much is it?
Answer: Admission Application Fee Tk. 1,500/- Non-Refundable [Through Bkash, Rocket, Nagod, Visa cards, Dhaka Bank Ltd., One Bank Ltd., Southeast Bank Ltd., Brac Bank Ltd. And Prime Bank Ltd]

Question: Is there an application fee? How much is it?
Answer: Admission Application Fee Tk. 1,500/- Non-Refundable [Through Bkash, Rocket, Nagod, Visa cards, Dhaka Bank Ltd., One Bank Ltd., Southeast Bank Ltd., Brac Bank Ltd. And Prime Bank Ltd]

Question: One thing I couldn't find anywhere: how much is the admission application fee?
Answer: Local Applicants need to pay the non-refundable application fee Tk. 1500. For international applicants, the non-refundable application fee is US$ 20.

Question: How much is the admission application fee?
Answer: Local Applicants need to pay the non-refundable application fee Tk. 1500. For international applicants, the non-refundable application fee is US$ 20.

Question: Before I start the application, how much money do I need to set aside just for the fee itself?
Answer: Local Applicants need to pay the non-refundable application fee Tk. 1500. For international applicants, the non-refundable application fee is US$ 20.",I don't have reliable information retrieved for this question. Please check with your academic advisor or BRAC University's official resources rather than relying on a guess here.,open_ended,linear,0.5,True,True,False,False,False,0.0219,0.1002,0.0000,0.1222,2026-07-26T23:07:10.898289+00:00,0.0831,0.7849
Q091,adaptive_novel,When was BRAC University established and who founded it?,"BRAC University was established in 2001, founded by Sir Fazle Hasan Abed, and is affiliated with the University Grants Commission (UGC) of Bangladesh.","Question: When was BRAC University established and who founded it?
Answer: BRAC University was established in 2001, founded by Sir Fazle Hasan Abed, and is affiliated with the University Grants Commission (UGC) of Bangladesh.

Question: Quick question — when was BRAC University established and who founded it?
Answer: BRAC University was established in 2001, founded by Sir Fazle Hasan Abed, and is affiliated with the University Grants Commission (UGC) of Bangladesh.

Question: New student here, when was BRAC University established and who founded it?
Answer: BRAC University was established in 2001, founded by Sir Fazle Hasan Abed, and is affiliated with the University Grants Commission (UGC) of Bangladesh.

Question (Banglish): BRAC University kobe establish hoyechilo, ar ke prothisthata?
Answer (English): BRAC University was established in 2001, founded by Sir Fazle Hasan Abed, and is affiliated with the University Grants Commission (UGC) of Bangladesh.

Question: When was BRAC University's current administrative/governance structure established?
Answer: BRAC University's current governance structure (Board of Trustees, Syndicate, and Academic Council as currently organized) was established in 2011, a decade after the university's 2001 founding.","BRAC University was established in 2001, founded by Sir Fazle Hasan Abed, and is affiliated with the University Grants Commission (UGC) of Bangladesh.",open_ended,linear,0.5,False,False,False,False,False,0.0211,0.1148,5.7529,5.8889,2026-07-26T23:07:16.789141+00:00,0.0048,0.8569
Q092,adaptive_novel,"I wanted to ask, where do MPH faculty members at BRAC JPGSPH come from?","MPH faculty are drawn from a mix of BRAC University, icddr,b, and BRAC itself, along with international partner institutions such as the University of Heidelberg, Harvard, Johns Hopkins, George Washington University, the Karolinska Institute, and the London School of Hygiene & Tropical Medicine.","Question: I wanted to ask, where do MPH faculty members at BRAC JPGSPH come from?
Answer: MPH faculty are drawn from a mix of BRAC University, icddr,b, and BRAC itself, along with international partner institutions such as the University of Heidelberg, Harvard, Johns Hopkins, George Washington University, the Karolinska Institute, and the London School of Hygiene & Tropical Medicine.

Question: Where do MPH faculty members at BRAC JPGSPH come from?
Answer: MPH faculty are drawn from a mix of BRAC University, icddr,b, and BRAC itself, along with international partner institutions such as the University of Heidelberg, Harvard, Johns Hopkins, George Washington University, the Karolinska Institute, and the London School of Hygiene & Tropical Medicine.

Question (Banglish): BRAC JPGSPH er MPH faculty member ra kothay theke ashe?
Answer (English): MPH faculty are drawn from a mix of BRAC University, icddr,b, and BRAC itself, along with international partner institutions such as the University of Heidelberg, Harvard, Johns Hopkins, George Washington University, the Karolinska Institute, and the London School of Hygiene & Tropical Medicine.

Question: Where do students from the MPH program at BRAC University typically come from?
Answer: The MPH program at BRAC JPGSPH has historically drawn a genuinely international cohort - reports note graduates from over 30 countries across its history, reflecting the school's focus on public health challenges beyond Bangladesh alone.

Question (Banglish): BRAC University er MPH program er student ra shadharonoto kothay theke ashe?
Answer (English): The MPH program at BRAC JPGSPH has historically drawn a genuinely international cohort - reports note graduates from over 30 countries across its history, reflecting the school's focus on public health challenges beyond Bangladesh alone.","MPH faculty are drawn from a mix of BRAC University, icddr,b, and BRAC itself, along with international partner institutions such as the University of Heidelberg, Harvard, Johns Hopkins, George Washington University, the Karolinska Institute, and the London School of Hygiene & Tropical Medicine.",open_ended,linear,0.5,False,False,False,False,False,0.0229,0.1191,8.9572,9.0993,2026-07-26T23:07:25.888639+00:00,0.1093,0.9306
Q093,adaptive_novel,What items are prohibited in the exam hall?,"Mobile phones, tablets, smartwatches, and other electronic gadgets are not allowed. Bringing textbooks, notes, or any other written materials is prohibited unless explicitly allowed by the instructor.Bags, backpacks, and personal belongings should be left outside the exam hall or in designated areas.","Question: What items are prohibited in the exam hall?
Answer: Mobile phones, tablets, smartwatches, and other electronic gadgets are not allowed. Bringing textbooks, notes, or any other written materials is prohibited unless explicitly allowed by the instructor.Bags, backpacks, and personal belongings should be left outside the exam hall or in designated areas.

Question: Curious about something: what items are prohibited in the exam hall?
Answer: Mobile phones, tablets, smartwatches, and other electronic gadgets are not allowed. Bringing textbooks, notes, or any other written materials is prohibited unless explicitly allowed by the instructor.Bags, backpacks, and personal belongings should be left outside the exam hall or in designated areas.

Question: Before I forget to ask — what items are prohibited in the exam hall?
Answer: Mobile phones, tablets, smartwatches, and other electronic gadgets are not allowed. Bringing textbooks, notes, or any other written materials is prohibited unless explicitly allowed by the instructor.Bags, backpacks, and personal belongings should be left outside the exam hall or in designated areas.

Question (Banglish): Exam hall e ki ki jinish prohibited?
Answer (English): Mobile phones, tablets, smartwatches, and other electronic gadgets are not allowed. Bringing textbooks, notes, or any other written materials is prohibited unless explicitly allowed by the instructor.Bags, backpacks, and personal belongings should be left outside the exam hall or in designated areas.

ed Admit Card to the exam hall; otherwise, they will not be allowed to sit for the exam.","Mobile phones, tablets, smartwatches, and other electronic gadgets are not allowed. Bringing textbooks, notes, or any other written materials is prohibited unless explicitly allowed by the instructor. Bags, backpacks, and personal belongings should be left outside the exam hall or in designated areas.",open_ended,linear,0.5,False,False,False,False,False,0.0177,0.0927,8.2243,8.3347,2026-07-26T23:07:34.223694+00:00,0.0108,0.8624
Q094,adaptive_novel,"How many semesters does BRAC University run per year, and when do they start?","BRAC University runs three semesters a year - Spring, Summer and Fall - starting in January, May and September respectively. Pharmacy admits in Spring or Summer, and LLB admits in Spring or Fall.","Question: How many semesters does BRAC University run per year, and when do they start?
Answer: BRAC University runs three semesters a year - Spring, Summer and Fall - starting in January, May and September respectively. Pharmacy admits in Spring or Summer, and LLB admits in Spring or Fall.

Question: Just wondering, how many semesters does BRAC University run per year, and when do they start?
Answer: BRAC University runs three semesters a year - Spring, Summer and Fall - starting in January, May and September respectively. Pharmacy admits in Spring or Summer, and LLB admits in Spring or Fall.

Question (Banglish): BRAC University bochore koyta semester chalay, ar kobe shuru hoy?
Answer (English): BRAC University runs three semesters a year - Spring, Summer and Fall - starting in January, May and September respectively. Pharmacy admits in Spring or Summer, and LLB admits in Spring or Fall.

Question: How many semesters does BRAC University run each year, and what are they called?
Answer: BRAC University follows a semester-based system with three equal semesters each year: Spring, Summer, and Fall.

Question: Not sure if this is covered elsewhere, but how many semesters does BRAC University run each year, and what are they called?
Answer: BRAC University follows a semester-based system with three equal semesters each year: Spring, Summer, and Fall.","BRAC University runs three semesters a year - Spring, Summer and Fall - starting in January, May and September respectively.",open_ended,linear,0.5,False,False,False,False,False,0.0265,0.1411,5.1672,5.3349,2026-07-26T23:07:39.559398+00:00,0.0016,0.8638
Q095,adaptive_novel,"Hey, where can I find the Dressing Room for the two grounds?","The Dressing Rooms for the two sports grounds are located on the Ground Floor of the main campus building, near the Maidan.","Question: Hey, where can I find the Dressing Room for the two grounds?
Answer: The Dressing Rooms for the two sports grounds are located on the Ground Floor of the main campus building, near the Maidan.

Question: Where can I find the Dressing Room for the two grounds?
Answer: The Dressing Rooms for the two sports grounds are located on the Ground Floor of the main campus building, near the Maidan.

Question (Banglish): Duita ground er Dressing Room ami kothay pabo?
Answer (English): The Dressing Rooms for the two sports grounds are located on the Ground Floor of the main campus building, near the Maidan.

Question: What can I find on the ground floor of the main BRAC University campus building?
Answer: The ground floor houses the main reception, the Auditorium, a Multipurpose Hall, the Central Control Room, an ATM booth, a coffee/merchandise shop, the Maidan (football field), cricket practice tracks, the Biotope Lake, and a Green Room.

Question: Where can I find the Prayer Room for females?
Answer: In front of the indoor (Multipurpose Hall) and also on 6th floor(ZONE-H).","The Dressing Rooms for the two sports grounds are located on the Ground Floor of the main campus building, near the Maidan.",open_ended,linear,0.5,False,False,False,False,False,0.0214,0.0998,5.1425,5.2637,2026-07-26T23:07:44.822959+00:00,0.0651,0.8939
Q096,adaptive_novel,Who handles student discipline and safety issues on campus?,"The Office of the Proctor handles student discipline and campus safety matters. It can be reached at proctor@bracu.ac.bd or by phone, and is open 9:00 AM to 5:30 PM.","Question: Who handles student discipline and safety issues on campus?
Answer: The Office of the Proctor handles student discipline and campus safety matters. It can be reached at proctor@bracu.ac.bd or by phone, and is open 9:00 AM to 5:30 PM.

Question (Banglish): Campus e student discipline ar safety issue ke handle kore?
Answer (English): The Office of the Proctor handles student discipline and campus safety matters. It can be reached at proctor@bracu.ac.bd or by phone, and is open 9:00 AM to 5:30 PM.

Question: Are there specific transport officers handling complaints?
Answer: Yes, the transport service has designated officers to handle student complaints and issues.

Question: This might be a silly question, but who should a student contact if they have a problem with a roommate or the dorm?
Answer: Students should first report the issue to their house tutors, faculty members, or counsellors. If unresolved, it can be escalated to the Assistant Campus Superintendent (ACS) and, in more serious cases, to the Campus Superintendent (CS).

Question: Just wondering, who should a student contact if they have a problem with a roommate or the dorm?
Answer: Students should first report the issue to their house tutors, faculty members, or counsellors. If unresolved, it can be escalated to the Assistant Campus Superintendent (ACS) and, in more serious cases, to the Campus Superintendent (CS).",I don't have reliable information retrieved for this question. Please check with your academic advisor or BRAC University's official resources rather than relying on a guess here.,open_ended,linear,0.5,True,True,False,False,False,0.0224,0.1076,0.0000,0.1300,2026-07-26T23:07:44.953179+00:00,0.1527,0.8300
Q097,adaptive_novel,Can you tell me what the important dates and deadlines for admission are?,"The exact admission test date, application deadline, and academic-session start date change every semester, so BRAC University publishes them on its Admissions page (bracu.ac.bd/admissions) ahead of each intake rather than fixing them year-round - check that page for the current cycle's dates.","Question: Can you tell me what the important dates and deadlines for admission are?
Answer: The exact admission test date, application deadline, and academic-session start date change every semester, so BRAC University publishes them on its Admissions page (bracu.ac.bd/admissions) ahead of each intake rather than fixing them year-round - check that page for the current cycle's dates.

Question: What are the important dates and deadlines for admission?
Answer: The exact admission test date, application deadline, and academic-session start date change every semester, so BRAC University publishes them on its Admissions page (bracu.ac.bd/admissions) ahead of each intake rather than fixing them year-round - check that page for the current cycle's dates.

Question (Banglish): Admission er important date ar deadline gula ki?
Answer (English): The exact admission test date, application deadline, and academic-session start date change every semester, so BRAC University publishes them on its Admissions page (bracu.ac.bd/admissions) ahead of each intake rather than fixing them year-round - check that page for the current cycle's dates.

Question: Can you tell me what the payment deadlines for tuition and fees are?
Answer: At BRAC University, tuition and fees must be paid by the specified deadlines each semester.It's important to check specific dates each semester, as they may vary

Question: Can you tell me what the deadline for scholarship applications is?
Answer: The deadline for scholarship applications at BRAC University typically varies depending on the type of scholarship and the academic semester. It is important for students to check the university's official announcements or contact the admissions or financial aid office for the specific deadlines related to each semester or scholarship program.",I don't have reliable information retrieved for this question. Please check with your academic advisor or BRAC University's official resources rather than relying on a guess here.,open_ended,linear,0.5,True,True,False,False,False,0.0256,0.1036,0.0000,0.1292,2026-07-26T23:07:45.081194+00:00,0.0664,0.7968
Q098,adaptive_novel,Curious about something: how early should students arrive at the exam hall?,Students should aim to arrive at the exam hall at least 15 to 30 minutes before the scheduled start time of their exam.,"Question: Curious about something: how early should students arrive at the exam hall?
Answer: Students should aim to arrive at the exam hall at least 15 to 30 minutes before the scheduled start time of their exam.

Question: How early should students arrive at the exam hall?
Answer: Students should aim to arrive at the exam hall at least 15 to 30 minutes before the scheduled start time of their exam.

Question: Not sure if this is covered elsewhere, but how early should students arrive at the exam hall?
Answer: Students should aim to arrive at the exam hall at least 15 to 30 minutes before the scheduled start time of their exam.

Question (Banglish): Exam hall e student der koto age ashte hobe?
Answer (English): Students should aim to arrive at the exam hall at least 15 to 30 minutes before the scheduled start time of their exam.

Question: Before I forget to ask — how soon are make-up exams scheduled after the original exam date?
Answer: Students unable to appear in the final exams may sit for the final makeup exams on the dates decided by the department/school which be within 4 weeks of the following semester.",Students should aim to arrive at the exam hall at least 15 to 30 minutes before the scheduled start time of their exam.,open_ended,linear,0.5,False,False,False,False,False,0.0218,0.0722,5.1027,5.1968,2026-07-26T23:07:50.280392+00:00,0.1113,0.9266
Q099,adaptive_novel,What is BRAC University's main campus address?,"BRAC University's main campus is located at Kha 224, Pragati Sarani, Merul Badda, Dhaka 1212, Bangladesh.","Question: What is BRAC University's main campus address?
Answer: BRAC University's main campus is located at Kha 224, Pragati Sarani, Merul Badda, Dhaka 1212, Bangladesh.

Question (Banglish): BRAC University er main campus address ta ki?
Answer (English): BRAC University's main campus is located at Kha 224, Pragati Sarani, Merul Badda, Dhaka 1212, Bangladesh.

Question (Banglish): BRAC University er main campus roughly koto boro?
Answer (English): BRAC University's main Mohakhali/Merul Badda campus is an urban campus covering approximately 5 acres (about 2.0 hectares).

Question (Banglish): BRAC University er main campus building koto boro, ar koto student dhorte pare?
Answer (English): The main campus is a 13-story building with three basements, designed by the Singapore-based architecture firm WOHA, and built to accommodate roughly 12,000-15,000 students.

Question: What can I find on the ground floor of the main BRAC University campus building?
Answer: The ground floor houses the main reception, the Auditorium, a Multipurpose Hall, the Central Control Room, an ATM booth, a coffee/merchandise shop, the Maidan (football field), cricket practice tracks, the Biotope Lake, and a Green Room.","BRAC University's main campus is located at Kha 224, Pragati Sarani, Merul Badda, Dhaka 1212, Bangladesh.",open_ended,linear,0.5,False,False,False,False,False,0.0188,0.1218,5.8859,6.0266,2026-07-26T23:07:56.306999+00:00,0.0452,0.8432
Q100,adaptive_novel,"Kind of urgent, but what should I do if I can’t log in to a lab PC?","If you've changed your password and can’t remember it, contact IT support at itsupport@bracu.ac.bd.","Question: Kind of urgent, but what should I do if I can’t log in to a lab PC?
Answer: If you've changed your password and can’t remember it, contact IT support at itsupport@bracu.ac.bd.

Question: Kind of urgent, but how do I log in to the BRAC University lab PCs?
Answer: To log in to the BRAC University lab PCs, use your university-provided credentials. Typically, your student ID is your username, and the default password is provided by the IT department during orientation.

Question: This might be a silly question, but what should I do if I can’t log in to a lab PC?
Answer: If you've changed your password and can’t remember it, contact IT support at itsupport@bracu.ac.bd.

Question: What should I do if I can’t log in to a lab PC?
Answer: If you've changed your password and can’t remember it, contact IT support at itsupport@bracu.ac.bd.

Question: Quick question — what should I do if I can’t log in to a lab PC?
Answer: If you've changed your password and can’t remember it, contact IT support at itsupport@bracu.ac.bd.","To resolve the issue with logging into a lab PC, use your university-provided credentials. Typically, your student ID is your username, and the default password is provided by the IT department during orientation. If you've changed your password and cannot remember it, contact IT support at itsupport@bracu.ac.bd.",open_ended,linear,0.5,False,False,False,False,False,0.0249,0.0899,9.0002,9.1151,2026-07-26T23:08:05.422684+00:00,0.2148,0.8918
Q101,adaptive_novel,What are the prerequisites for CSE423?,The prerequisite for CSE423 is MAT216 (HP).,"Verified prerequisite chain for CSE423 (nearest prerequisite first, from the Prerequisites knowledge base): MAT216 -> MAT120 -> MAT110.

Course: CSE423
Prerequisite: MAT216 (HP)
Full Prerequisite Chain: MAT216-MAT120-MAT110

Course: CSE423
First Theory Coordinator: TMD
Second Theory Coordinator: SMUR
Theory Coordinator Email: tamkin.mahmud@bracu.ac.bd,rahman.samiur@bracu.ac.bd
First Lab Coordinator: SRU
Lab Coordinator Email: shakir.rouf@bracu.ac.bd

Course: CSE423-03
Theory Initial: TMD
Theory Day: MON+WED
Theory Time: 2:00 PM
Theory Room: 09A-02C
Lab Faculty: MVH,FDZ
Lab Day: SAT
Lab Time: 11:00 AM
Lab Room: 12D-27L

Course: CSE423-02
Theory Initial: TMD
Theory Day: SUN+TUE
Theory Time: 2:00 PM
Theory Room: 09H-32C
Lab Faculty: MAHS,ZLNM
Lab Day: WED
Lab Time: 2:00 PM
Lab Room: 10E-27L

Course: CSE423-01
Theory Initial: TMD
Theory Day: SUN+TUE
Theory Time: 3:30 PM
Theory Room: 09H-32C
Lab Faculty: SOSB,MAHS
Lab Day: WED
Lab Time: 11:00 AM
Lab Room: 12D-27L",The full prerequisite chain for CSE423 is MAT216 -> MAT120 -> MAT110.,entity_heavy,rrf,0.9,False,True,True,True,True,0.0252,0.3065,4.5535,4.8853,2026-07-26T23:08:10.308267+00:00,0.0000,0.0150
Q102,adaptive_novel,What are the prerequisites for CSE251?,The prerequisite for CSE251 is CSE250 (HP).,"Verified prerequisite chain for CSE251 (nearest prerequisite first, from the Prerequisites knowledge base): CSE250 -> PHY112 -> PHY111.

Course: CSE251
Prerequisite: CSE250 (HP)
Full Prerequisite Chain: CSE250

Course: CSE350
Prerequisite: CSE251 (HP)
Full Prerequisite Chain: CSE251-CSE250

Course: CSE260
Prerequisite: CSE251 (HP)
Full Prerequisite Chain: CSE251-CSE250

Course: CSE251
First Theory Coordinator: PDS
Second Theory Coordinator: UTS
Theory Coordinator Email: purbayan.das@bracu.ac.bd,utsab.saha@bracu.ac.bd
First Lab Coordinator: MOM
Lab Coordinator Email: moynul.moni@bracu.ac.bd

Course: CSE251-02A
Theory Initial: SEF
Theory Day: SAT+THU
Theory Time: 2:00 PM
Theory Room: 07H-27C
Lab Faculty: SDS,RFQ
Lab Day: THU
Lab Time: 11:00 AM
Lab Room: 12B-20L",The verified prerequisite chain for CSE251 is CSE250 -> PHY112 -> PHY111.,entity_heavy,rrf,0.9,False,True,True,True,True,0.0162,0.1408,4.5201,4.6771,2026-07-26T23:08:14.985686+00:00,0.0005,0.0166
Q103,adaptive_novel,What are the prerequisites for CSE391?,The prerequisite for CSE391 is CSE370 (HP).,"Verified prerequisite chain for CSE391 (nearest prerequisite first, from the Prerequisites knowledge base): CSE370 -> CSE221 -> CSE220 -> CSE111 -> CSE230 -> CSE110.

Course: CSE391
Prerequisite: CSE370 (HP)
Full Prerequisite Chain: CSE370-CSE221-CSE220-CSE111-CSE110

Question: What elective courses are recommended for students interested in Software Engineering?
Answer: CSE391, CSE484 and CSE489 are recommended for people who are interested in Software Engineering.

Course: CSE391
First Theory Coordinator: ADR
Theory Coordinator Email: abdur.rahman@bracu.ac.bd
First Lab Coordinator: ADR
Lab Coordinator Email: abdur.rahman@bracu.ac.bd

Course: CSE391-01
Theory Initial: ADR
Theory Day: SUN+SUN
Theory Time: 11:00 AM+12:30 PM
Theory Room: FT11-04L
Lab Faculty: ADR,AQJ
Lab Day: TUE
Lab Time: 2:00 PM
Lab Room: FT11-04L

Question: What prerequisites must be completed before the thesis defense?
Answer: Pre-Thesis I and Pre-Thesis II.",The full prerequisite chain for CSE391 is CSE370-CSE221-CSE220-CSE111-CSE230 -> CSE110.,entity_heavy,rrf,0.9,False,False,False,True,True,0.0163,0.1396,5.5533,5.7093,2026-07-26T23:08:20.695586+00:00,0.0016,0.0166
Q104,adaptive_novel,What are the prerequisites for CSE330?,The prerequisite for CSE330 is MAT216 (HP).,"Verified prerequisite chain for CSE330 (nearest prerequisite first, from the Prerequisites knowledge base): MAT216 -> MAT120 -> MAT110.

Course: CSE330
Prerequisite: MAT216 (HP)
Full Prerequisite Chain: MAT120-MAT110

Course: CSE330
First Theory Coordinator: AMK
Second Theory Coordinator: AQU
Theory Coordinator Email: abu.khan@bracu.ac.bd,aquib.azmain@bracu.ac.bd
First Lab Coordinator: NNTN
Second Lab Coordinator: ALB
Lab Coordinator Email: naima.tahsin@bracu.ac.bd,anindita.labonno@bracu.ac.bd

Course: CSE330-01
Theory Initial: AMK
Theory Day: MON+WED
Theory Time: 11:00 AM
Theory Room: 09H-35C
Lab Faculty: ALB,CTFZ
Lab Day: THU
Lab Time: 11:00 AM
Lab Room: 09F-26L

Course: CSE330-02
Theory Initial: AMK
Theory Day: MON+WED
Theory Time: 12:30 PM
Theory Room: 09H-35C
Lab Faculty: ALB,AQU
Lab Day: THU
Lab Time: 2:00 PM
Lab Room: 09F-26L

Course: CSE330-03
Theory Initial: MNP
Theory Day: SUN+TUE
Theory Time: 2:00 PM
Theory Room: 07H-26C
Lab Faculty: SADF,AQU
Lab Day: MON
Lab Time: 2:00 PM
Lab Room: 09F-26L",The full prerequisite chain for CSE330 is MAT216 (with Honors) -> MAT120 -> MAT110.,entity_heavy,rrf,0.9,False,True,True,True,True,0.0171,0.1409,5.2067,5.3648,2026-07-26T23:08:26.060874+00:00,0.0000,0.0150
Q105,adaptive_novel,What is the full prerequisite chain for PHY112?,The full prerequisite chain for PHY112 is PHY111.,"Verified prerequisite chain for PHY112 (nearest prerequisite first, from the Prerequisites knowledge base): PHY111.

Course: PHY112
Prerequisite: PHY111 (HP)
Full Prerequisite Chain: PHY111

Course: MAT120
Prerequisite: MAT110 (HP)
Full Prerequisite Chain: MAT110

Course: CSE330
Prerequisite: MAT216 (HP)
Full Prerequisite Chain: MAT120-MAT110

Course: CSE430
Prerequisite: MAT120 (HP)
Full Prerequisite Chain: MAT120-MAT110

Course: ENG102
Prerequisite: ENG101 (HP)
Full Prerequisite Chain: ENG101",The full prerequisite chain for PHY112 is PHY111.,entity_heavy,rrf,0.9,False,False,False,True,True,0.0208,0.0571,3.7715,3.8495,2026-07-26T23:08:29.910352+00:00,0.0009,0.0167
Q106,adaptive_novel,What are the prerequisites for MAT215?,The prerequisite for MAT215 is MAT216 (HP).,"Verified prerequisite chain for MAT215 (nearest prerequisite first, from the Prerequisites knowledge base): MAT216 -> MAT120 -> MAT110.

Course: MAT215
Prerequisite: MAT216 (HP)
Full Prerequisite Chain: MAT216-MAT120-MAT110

Course: CSE392
Prerequisite: MAT215 (HP)

Question: What are the prerequisites for the Cse program?
Answer: Candidates applying for EEE, ECE, CSE, APE and Physics:HSC/ Equivalent(“B” grade in Physics & Mathematics),A-levels: “C” grade in Physics & Mathematics

Question: What prerequisites must be completed before the thesis defense?
Answer: Pre-Thesis I and Pre-Thesis II.

Question: Can you tell me what the prerequisites for the Cse program are?
Answer: Candidates applying for EEE, ECE, CSE, APE and Physics:HSC/ Equivalent(“B” grade in Physics & Mathematics),A-levels: “C” grade in Physics & Mathematics",The full prerequisite chain for MAT215 is MAT216 -> MAT120 -> MAT110.,entity_heavy,rrf,0.9,False,True,True,True,True,0.0173,0.1321,4.2608,4.4103,2026-07-26T23:08:34.321008+00:00,0.0002,0.0167
Q107,adaptive_novel,What is the full prerequisite chain for CSE310?,The full prerequisite chain for CSE310 is CSE370-CSE221-CSE220-CSE111-CSE110.,"Verified prerequisite chain for CSE310 (nearest prerequisite first, from the Prerequisites knowledge base): CSE370 -> CSE221 -> CSE220 -> CSE111 -> CSE230 -> CSE110.

Course: CSE310
Prerequisite: CSE370 (HP)
Full Prerequisite Chain: CSE370-CSE221-CSE220-CSE111-CSE110

Course: CSE360
Prerequisite: CSE341 (HP)
Full Prerequisite Chain: CSE341

Course: CSE330
Prerequisite: MAT216 (HP)
Full Prerequisite Chain: MAT120-MAT110

Course: CSE260
Prerequisite: CSE251 (HP)
Full Prerequisite Chain: CSE251-CSE250

Course: CSE251
Prerequisite: CSE250 (HP)
Full Prerequisite Chain: CSE250",The full prerequisite chain for CSE310 is CSE370 -> CSE221 -> CSE220 -> CSE111 -> CSE230 -> CSE110.,entity_heavy,rrf,0.9,False,False,False,True,True,0.0171,0.0712,5.6255,5.7138,2026-07-26T23:08:40.035272+00:00,0.0017,0.0167
Q108,adaptive_novel,What are the prerequisites for CSE410?,The prerequisite for CSE410 is CSE321 (HP).,"Verified prerequisite chain for CSE410 (nearest prerequisite first, from the Prerequisites knowledge base): CSE321 -> CSE221 -> CSE220 -> CSE111 -> CSE230 -> CSE110.

Course: CSE410
Prerequisite: CSE321 (HP)
Full Prerequisite Chain: CSE321-CSE221-CSE220-CSE111-CSE110

Question: What are the prerequisites for the Cse program?
Answer: Candidates applying for EEE, ECE, CSE, APE and Physics:HSC/ Equivalent(“B” grade in Physics & Mathematics),A-levels: “C” grade in Physics & Mathematics

Question: Can you tell me what the prerequisites for the Cse program are?
Answer: Candidates applying for EEE, ECE, CSE, APE and Physics:HSC/ Equivalent(“B” grade in Physics & Mathematics),A-levels: “C” grade in Physics & Mathematics

Question: What prerequisites must be completed before the thesis defense?
Answer: Pre-Thesis I and Pre-Thesis II.

Question: Curious about something: what prerequisites must be completed before the thesis defense?
Answer: Pre-Thesis I and Pre-Thesis II.",The full prerequisite chain for CSE410 is CSE321 -> CSE221 -> CSE220 -> CSE111 -> CSE230 -> CSE110.,entity_heavy,rrf,0.9,False,False,False,True,True,0.0152,0.1384,5.6893,5.8430,2026-07-26T23:08:45.878399+00:00,0.0019,0.0167
Q109,adaptive_novel,What is the full prerequisite chain for MAT216?,The full prerequisite chain for MAT216 is MAT120-MAT110.,"Verified prerequisite chain for MAT216 (nearest prerequisite first, from the Prerequisites knowledge base): MAT120 -> MAT110.

Course: MAT216
Prerequisite: MAT120 (HP)
Full Prerequisite Chain: MAT120-MAT110

Course: MAT215
Prerequisite: MAT216 (HP)
Full Prerequisite Chain: MAT216-MAT120-MAT110

Course: CSE423
Prerequisite: MAT216 (HP)
Full Prerequisite Chain: MAT216-MAT120-MAT110

Course: CSE330
Prerequisite: MAT216 (HP)
Full Prerequisite Chain: MAT120-MAT110

Course: MAT120
Prerequisite: MAT110 (HP)
Full Prerequisite Chain: MAT110",The full prerequisite chain for MAT216 is MAT110.,entity_heavy,rrf,0.9,False,True,True,True,True,0.0177,0.0459,3.8080,3.8716,2026-07-26T23:08:49.750494+00:00,0.0000,0.0166
Q110,adaptive_novel,What is the full prerequisite chain for CSE460?,The full prerequisite chain for CSE460 is CSE260-CSE251-CSE250.,"Verified prerequisite chain for CSE460 (nearest prerequisite first, from the Prerequisites knowledge base): CSE260 -> CSE251 -> CSE250 -> PHY112 -> PHY111.

Course: CSE460
Prerequisite: CSE260 (HP)
Full Prerequisite Chain: CSE260-CSE251-CSE250

Course: CSE360
Prerequisite: CSE341 (HP)
Full Prerequisite Chain: CSE341

Course: CSE260
Prerequisite: CSE251 (HP)
Full Prerequisite Chain: CSE251-CSE250

Course: CSE251
Prerequisite: CSE250 (HP)
Full Prerequisite Chain: CSE250

Course: ENG102
Prerequisite: ENG101 (HP)
Full Prerequisite Chain: ENG101",The full prerequisite chain for CSE460 is CSE260-CSE251-CSE250.,entity_heavy,rrf,0.9,False,False,False,True,True,0.0181,0.1012,4.3941,4.5135,2026-07-26T23:08:54.264214+00:00,0.0017,0.0167
Q111,adaptive_novel,What are the prerequisites for CSE420?,"The prerequisite for CSE420 is CSE321 (HP),CSE331 (HP),CSE340 (HP).","Verified prerequisite chain for CSE420 (nearest prerequisite first, from the Prerequisites knowledge base): CSE321 -> CSE331 -> CSE340 -> CSE221 -> CSE260 -> CSE220 -> CSE251 -> CSE111 -> CSE230 -> CSE250 -> CSE110 -> PHY112 -> PHY111.

Course: CSE420
Prerequisite: CSE321 (HP),CSE331 (HP),CSE340 (HP)
Full Prerequisite Chain: CSE321-CSE331-CSE340-CSE221-CSE220-CSE111-CSE110

Course: CSE420
First Theory Coordinator: MNY
Second Theory Coordinator: SUE
Theory Coordinator Email: nur.yanhaona@bracu.ac.bd,sukarna.sarkar@bracu.ac.bd
First Lab Coordinator: SUE
Second Lab Coordinator: MNY
Lab Coordinator Email: sukarna.sarkar@bracu.ac.bd,nur.yanhaona@bracu.ac.bd

Course: CSE420-02
Theory Initial: SUE
Theory Day: SUN+TUE
Theory Time: 11:00 AM
Theory Room: 09E-20T
Lab Faculty: RKBR,AKHD
Lab Day: WED
Lab Time: 2:00 PM
Lab Room: 12F-31L

Course: CSE420-01
Theory Initial: SUE
Theory Day: SUN+TUE
Theory Time: 11:00 AM
Theory Room: 09E-20T
Lab Faculty: RKBR,AKHD
Lab Day: WED
Lab Time: 2:00 PM
Lab Room: 12F-31L

Question: What prerequisites must be completed before the thesis defense?
Answer: Pre-Thesis I and Pre-Thesis II.",The full prerequisite chain for CSE420 is CSE321 -> CSE331 -> CSE340 -> CSE221 -> CSE220 -> CSE111 -> CSE110.,entity_heavy,rrf,0.9,False,False,False,True,True,0.0142,0.1779,6.4145,6.6067,2026-07-26T23:09:00.871034+00:00,0.0016,0.0166
Q112,adaptive_novel,What are the prerequisites for CSE461?,The prerequisite for CSE461 is CSE260 (HP).,"Verified prerequisite chain for CSE461 (nearest prerequisite first, from the Prerequisites knowledge base): CSE260 -> CSE251 -> CSE250 -> PHY112 -> PHY111.

Course: CSE461
Prerequisite: CSE260 (HP)
Full Prerequisite Chain: CSE260-CSE251-CSE250

Course: CSE461
First Theory Coordinator: KHR
Theory Coordinator Email: khalilur@bracu.ac.bd
First Lab Coordinator: RDW
Second Lab Coordinator: RFF
Lab Coordinator Email: redowanul.akbar@bracu.ac.bd,rafid.ahnaf@bracu.ac.bd

Course: CSE461-02
Theory Initial: KHR
Theory Day: MON+WED
Theory Time: 3:30 PM
Theory Room: 09C-16T
Lab Faculty: SMYA,RFF
Lab Day: TUE
Lab Time: 8:00 AM
Lab Room: 12B-18L

Course: CSE461-01
Theory Initial: KHR
Theory Day: MON+WED
Theory Time: 3:30 PM
Theory Room: 09C-16T
Lab Faculty: SMYA,MHSK
Lab Day: SUN
Lab Time: 8:00 AM
Lab Room: 12B-18L

Course: CSE461-03
Theory Initial: KHR
Theory Day: MON+WED
Theory Time: 3:30 PM
Theory Room: 09C-16T
Lab Faculty: RDW,KHR
Lab Day: TUE
Lab Time: 11:00 AM
Lab Room: 12B-18L","The full prerequisite chain for CSE461 is PHY112 -> PHY111, but given a higher priority, the following sequence must be satisfied first: CSE260 (HP) that requires CSE251 -> CSE250.",entity_heavy,rrf,0.9,False,False,False,True,True,0.0154,0.1466,7.1554,7.3175,2026-07-26T23:09:08.188894+00:00,0.0016,0.0166
Q113,adaptive_novel,What is the full prerequisite chain for ENG102?,The full prerequisite chain for ENG102 is ENG101.,"Verified prerequisite chain for ENG102 (nearest prerequisite first, from the Prerequisites knowledge base): ENG101.

Course: ENG102
Prerequisite: ENG101 (HP)
Full Prerequisite Chain: ENG101

Course: ENG103
Prerequisite: ENG102 (HP)
Full Prerequisite Chain: ENG102

Course: PHY112
Prerequisite: PHY111 (HP)
Full Prerequisite Chain: PHY111

Course: CSE430
Prerequisite: MAT120 (HP)
Full Prerequisite Chain: MAT120-MAT110

Course: CSE330
Prerequisite: MAT216 (HP)
Full Prerequisite Chain: MAT120-MAT110",The full prerequisite chain for ENG102 is ENG101.,entity_heavy,rrf,0.9,False,True,True,True,True,0.0175,0.0563,3.8267,3.9006,2026-07-26T23:09:12.090053+00:00,0.0000,0.0167
Q114,adaptive_novel,What are the prerequisites for CSE321?,The prerequisite for CSE321 is CSE221 (HP).,"Verified prerequisite chain for CSE321 (nearest prerequisite first, from the Prerequisites knowledge base): CSE221 -> CSE220 -> CSE111 -> CSE230 -> CSE110.

Course: CSE321
Prerequisite: CSE221 (HP)
Full Prerequisite Chain: CSE221-CSE220-CSE111-CSE110

Course: CSE410
Prerequisite: CSE321 (HP)
Full Prerequisite Chain: CSE321-CSE221-CSE220-CSE111-CSE110

Course: CSE321
First Theory Coordinator: BDH
Second Theory Coordinator: SZD
Theory Coordinator Email: badrul.hossain@bracu.ac.bd,shazid.mahbub@bracu.ac.bd
First Lab Coordinator: BDH
Lab Coordinator Email: badrul.hossain@bracu.ac.bd

Course: CSE321-02
Theory Initial: NTR
Theory Day: MON+WED
Theory Time: 11:00 AM
Theory Room: 10B-17C
Lab Faculty: SZD,MAFZ
Lab Day: TUE
Lab Time: 8:00 AM
Lab Room: 10G-32L

Course: CSE321-01
Theory Initial: TVRR
Theory Day: SUN+TUE
Theory Time: 9:30 AM
Theory Room: 09A-04C
Lab Faculty: SMUR,CSSD
Lab Day: MON
Lab Time: 11:00 AM
Lab Room: 10G-32L","The verified prerequisite chain for CSE321, from nearest prerequisite first, is CSE221 -> CSE220 -> CSE111 -> CSE110.",entity_heavy,rrf,0.9,False,False,False,True,True,0.0153,0.1350,5.6818,5.8322,2026-07-26T23:09:17.922350+00:00,0.0012,0.0166
Q115,adaptive_novel,What are the prerequisites for ENG103?,The prerequisite for ENG103 is ENG102 (HP).,"Verified prerequisite chain for ENG103 (nearest prerequisite first, from the Prerequisites knowledge base): ENG102 -> ENG101.

Course: ENG103
Prerequisite: ENG102 (HP)
Full Prerequisite Chain: ENG102

Question: What are the prerequisites for the Cse program?
Answer: Candidates applying for EEE, ECE, CSE, APE and Physics:HSC/ Equivalent(“B” grade in Physics & Mathematics),A-levels: “C” grade in Physics & Mathematics

Question: What prerequisites must be completed before the thesis defense?
Answer: Pre-Thesis I and Pre-Thesis II.

Question: Curious about something: what prerequisites must be completed before the thesis defense?
Answer: Pre-Thesis I and Pre-Thesis II.

Question: Can you tell me what the prerequisites for the Cse program are?
Answer: Candidates applying for EEE, ECE, CSE, APE and Physics:HSC/ Equivalent(“B” grade in Physics & Mathematics),A-levels: “C” grade in Physics & Mathematics",The prerequisite chain for ENG103 is ENG102 -> ENG101.,entity_heavy,rrf,0.9,False,False,False,True,True,0.0156,0.1326,3.9907,4.1389,2026-07-26T23:09:22.061952+00:00,0.0019,0.0167
Q116,adaptive_novel,What are the prerequisites for CSE360?,The prerequisite for CSE360 is CSE341 (HP).,"Verified prerequisite chain for CSE360 (nearest prerequisite first, from the Prerequisites knowledge base): CSE341 -> CSE340 -> CSE321 -> CSE260 -> CSE221 -> CSE251 -> CSE220 -> CSE250 -> CSE111 -> CSE230 -> PHY112 -> CSE110 -> PHY111.

Course: CSE360
Prerequisite: CSE341 (HP)
Full Prerequisite Chain: CSE341

Course: CSE360-01
Theory Initial: ASA
Theory Day: MON+WED
Theory Time: 3:30 PM
Theory Room: 09H-34C
Lab Faculty: SMYA,IRZA
Lab Day: TUE
Lab Time: 11:00 AM
Lab Room: 12B-19L

Course: CSE360
First Theory Coordinator: UJT
Theory Coordinator Email: jannat.taposhi@bracu.ac.bd
First Lab Coordinator: UJT
Second Lab Coordinator: RDW
Lab Coordinator Email: jannat.taposhi@bracu.ac.bd,redowanul.akbar@bracu.ac.bd

Course: CSE360-03
Theory Initial: RDW
Theory Day: SAT+THU
Theory Time: 11:00 AM
Theory Room: 09H-33C
Lab Faculty: RDW,SMYA
Lab Day: SUN
Lab Time: 11:00 AM
Lab Room: 12B-19L

Question: What prerequisites must be completed before the thesis defense?
Answer: Pre-Thesis I and Pre-Thesis II.",The full prerequisite chain for CSE360 is CSE341 -> CSE340 -> CSE321 -> CSE260 -> CSE221 -> CSE251 -> CSE220 -> CSE250 -> CSE111 -> CSE230 -> PHY112 -> CSE110 -> PHY111.,entity_heavy,rrf,0.9,False,False,False,True,True,0.0148,0.2709,8.3685,8.6542,2026-07-26T23:09:30.717289+00:00,0.0017,0.0167
Q117,adaptive_novel,What are the prerequisites for CSE489?,The prerequisite for CSE489 is CSE370 (HP).,"Verified prerequisite chain for CSE489 (nearest prerequisite first, from the Prerequisites knowledge base): CSE370 -> CSE221 -> CSE220 -> CSE111 -> CSE230 -> CSE110.

Course: CSE489
Prerequisite: CSE370 (HP)
Full Prerequisite Chain: CSE370-CSE221-CSE220-CSE111-CSE110

Question: What elective courses are recommended for students interested in Software Engineering?
Answer: CSE391, CSE484 and CSE489 are recommended for people who are interested in Software Engineering.

Course: CSE489
First Theory Coordinator: ADR
Theory Coordinator Email: abdur.rahman@bracu.ac.bd
First Lab Coordinator: ADR
Lab Coordinator Email: abdur.rahman@bracu.ac.bd

Question: What prerequisites must be completed before the thesis defense?
Answer: Pre-Thesis I and Pre-Thesis II.

Course: CSE489-01
Theory Initial: ADR
Theory Day: TUE+TUE
Theory Time: 11:00 AM+12:30 PM
Theory Room: FT11-04L
Lab Faculty: CPTH,ADR
Lab Day: SUN
Lab Time: 2:00 PM
Lab Room: FT11-04L",The verified prerequisite chain for CSE489 is CSE370 -> CSE221 -> CSE220 -> CSE111 -> CSE230 -> CSE110.,entity_heavy,rrf,0.9,False,False,False,True,True,0.0200,0.1349,5.8222,5.9772,2026-07-26T23:09:36.695024+00:00,0.0016,0.0166
Q118,adaptive_novel,What are the prerequisites for CSE250?,The prerequisite for CSE250 is PHY112 (SP).,"Verified prerequisite chain for CSE250 (nearest prerequisite first, from the Prerequisites knowledge base): PHY112 -> PHY111.

Course: CSE250
Prerequisite: PHY112 (SP)

Course: CSE251
Prerequisite: CSE250 (HP)
Full Prerequisite Chain: CSE250

Course: CSE250
First Theory Coordinator: SDS
Second Theory Coordinator: PDS
Theory Coordinator Email: shadman.shahriar@bracu.ac.bd,purbayan.das@bracu.ac.bd
First Lab Coordinator: SDQ
Second Lab Coordinator: FFR
Lab Coordinator Email: saiful.bari@bracu.ac.bd,md.fatin@bracu.ac.bd

Question: What prerequisites must be completed before the thesis defense?
Answer: Pre-Thesis I and Pre-Thesis II.

Course: CSE250-01A
Theory Initial: MHY
Theory Day: SAT+THU
Theory Time: 9:30 AM
Theory Room: 07H-27C
Lab Faculty: EHQ,MHY
Lab Day: SAT
Lab Time: 11:00 AM
Lab Room: 12B-20L",The verified prerequisite chain for CSE250 is PHY112 -> PHY111.,entity_heavy,rrf,0.9,False,True,True,True,True,0.0142,0.1369,4.2388,4.3899,2026-07-26T23:09:41.085207+00:00,0.0004,0.0166
Q119,adaptive_novel,What are the prerequisites for CSE392?,The prerequisite for CSE392 is MAT215 (HP).,"Verified prerequisite chain for CSE392 (nearest prerequisite first, from the Prerequisites knowledge base): MAT215 -> MAT216 -> MAT120 -> MAT110.

Course: CSE392
Prerequisite: MAT215 (HP)

Question: What are the prerequisites for the Cse program?
Answer: Candidates applying for EEE, ECE, CSE, APE and Physics:HSC/ Equivalent(“B” grade in Physics & Mathematics),A-levels: “C” grade in Physics & Mathematics

Question: Can you tell me what the prerequisites for the Cse program are?
Answer: Candidates applying for EEE, ECE, CSE, APE and Physics:HSC/ Equivalent(“B” grade in Physics & Mathematics),A-levels: “C” grade in Physics & Mathematics

Question: What prerequisites must be completed before the thesis defense?
Answer: Pre-Thesis I and Pre-Thesis II.

Question: Curious about something: what prerequisites must be completed before the thesis defense?
Answer: Pre-Thesis I and Pre-Thesis II.","The prerequisites for CSE392 are MAT215, which requires a High Pass (HP) grade. Additionally, the full prerequisite chain is MAT215 -> MAT216 -> MAT120 -> MAT110.",entity_heavy,rrf,0.9,False,False,False,True,True,0.0142,0.1299,6.3366,6.4808,2026-07-26T23:09:47.566050+00:00,0.0019,0.0166
Q120,adaptive_novel,What is the full prerequisite chain for CSE340?,The full prerequisite chain for CSE340 is CSE260-CSE251-CSE250.,"Verified prerequisite chain for CSE340 (nearest prerequisite first, from the Prerequisites knowledge base): CSE260 -> CSE251 -> CSE250 -> PHY112 -> PHY111.

Course: CSE420
Prerequisite: CSE321 (HP),CSE331 (HP),CSE340 (HP)
Full Prerequisite Chain: CSE321-CSE331-CSE340-CSE221-CSE220-CSE111-CSE110

Course: CSE360
Prerequisite: CSE341 (HP)
Full Prerequisite Chain: CSE341

Course: CSE340
Prerequisite: CSE260 (SP)
Full Prerequisite Chain: CSE260-CSE251-CSE250

Course: CSE260
Prerequisite: CSE251 (HP)
Full Prerequisite Chain: CSE251-CSE250

Course: CSE251
Prerequisite: CSE250 (HP)
Full Prerequisite Chain: CSE250",The full prerequisite chain for CSE340 is CSE260 -> CSE251 -> CSE250 -> PHY112 -> PHY111.,entity_heavy,rrf,0.9,False,True,True,True,False,0.0208,0.1348,5.1861,5.3419,2026-07-26T23:09:52.908646+00:00,0.0003,0.0167
Q121,adaptive_novel,What is the full prerequisite chain for CSE471?,The full prerequisite chain for CSE471 is CSE370-CSE221-CSE220-CSE111-CSE110.,"Verified prerequisite chain for CSE471 (nearest prerequisite first, from the Prerequisites knowledge base): CSE370 -> CSE221 -> CSE220 -> CSE111 -> CSE230 -> CSE110.

Course: CSE471
Prerequisite: CSE370 (HP)
Full Prerequisite Chain: CSE370-CSE221-CSE220-CSE111-CSE110

Course: CSE251
Prerequisite: CSE250 (HP)
Full Prerequisite Chain: CSE250

Course: CSE260
Prerequisite: CSE251 (HP)
Full Prerequisite Chain: CSE251-CSE250

Course: CSE360
Prerequisite: CSE341 (HP)
Full Prerequisite Chain: CSE341

Course: ENG102
Prerequisite: ENG101 (HP)
Full Prerequisite Chain: ENG101",The full prerequisite chain for CSE471 is CSE370 -> CSE221 -> CSE220 -> CSE111 -> CSE230 -> CSE110.,entity_heavy,rrf,0.9,False,True,True,True,True,0.0181,0.0820,5.7376,5.8378,2026-07-26T23:09:58.746375+00:00,0.0004,0.0166
Q122,adaptive_novel,What is the full prerequisite chain for CSE260?,The full prerequisite chain for CSE260 is CSE251-CSE250.,"Verified prerequisite chain for CSE260 (nearest prerequisite first, from the Prerequisites knowledge base): CSE251 -> CSE250 -> PHY112 -> PHY111.

Course: CSE260
Prerequisite: CSE251 (HP)
Full Prerequisite Chain: CSE251-CSE250

Course: CSE460
Prerequisite: CSE260 (HP)
Full Prerequisite Chain: CSE260-CSE251-CSE250

Course: CSE461
Prerequisite: CSE260 (HP)
Full Prerequisite Chain: CSE260-CSE251-CSE250

Course: CSE340
Prerequisite: CSE260 (SP)
Full Prerequisite Chain: CSE260-CSE251-CSE250

Course: CSE360
Prerequisite: CSE341 (HP)
Full Prerequisite Chain: CSE341",The full prerequisite chain for CSE260 is PHY112 -> PHY111 -> CSE251 -> CSE250.,entity_heavy,rrf,0.9,False,True,True,True,True,0.0180,0.1018,4.8183,4.9381,2026-07-26T23:10:03.685058+00:00,0.0001,0.0167
Q123,adaptive_novel,What are the prerequisites for CSE430?,The prerequisite for CSE430 is MAT120 (HP).,"Verified prerequisite chain for CSE430 (nearest prerequisite first, from the Prerequisites knowledge base): MAT120 -> MAT110.

Course: CSE430
Prerequisite: MAT120 (HP)
Full Prerequisite Chain: MAT120-MAT110

Question: What are the prerequisites for the Cse program?
Answer: Candidates applying for EEE, ECE, CSE, APE and Physics:HSC/ Equivalent(“B” grade in Physics & Mathematics),A-levels: “C” grade in Physics & Mathematics

Question: Can you tell me what the prerequisites for the Cse program are?
Answer: Candidates applying for EEE, ECE, CSE, APE and Physics:HSC/ Equivalent(“B” grade in Physics & Mathematics),A-levels: “C” grade in Physics & Mathematics

Course: CSE430
First Theory Coordinator: EHQ
Theory Coordinator Email: ehtashamul.haque@bracu.ac.bd
First Lab Coordinator: TAV
Lab Coordinator Email: tarvir.anjum@bracu.ac.bd

Question: What prerequisites must be completed before the thesis defense?
Answer: Pre-Thesis I and Pre-Thesis II.",The prerequisites for CSE430 are MAT120 -> MAT110.,entity_heavy,rrf,0.9,False,True,True,True,True,0.0192,0.1420,4.0184,4.1797,2026-07-26T23:10:07.864938+00:00,0.0000,0.0150
Q124,adaptive_novel,What are the prerequisites for CSE341?,"The prerequisite for CSE341 is CSE340 (SP),CSE321 (SP).","Verified prerequisite chain for CSE341 (nearest prerequisite first, from the Prerequisites knowledge base): CSE340 -> CSE321 -> CSE260 -> CSE221 -> CSE251 -> CSE220 -> CSE250 -> CSE111 -> CSE230 -> PHY112 -> CSE110 -> PHY111.

Course: CSE341
Prerequisite: CSE340 (SP),CSE321 (SP)

Course: CSE360
Prerequisite: CSE341 (HP)
Full Prerequisite Chain: CSE341

Course: CSE341
First Theory Coordinator: RKN
Theory Coordinator Email: raisul.kabir@bracu.ac.bd
First Lab Coordinator: NHBN
Second Lab Coordinator: RAHA
Lab Coordinator Email: hamim.nasim@bracu.ac.bd,reefat.raha@bracu.ac.bd

Course: CSE341-01
Theory Initial: RKN
Theory Day: SUN+TUE
Theory Time: 11:00 AM
Theory Room: 09H-33C
Lab Faculty: NHBN,RAHA
Lab Day: SAT
Lab Time: 11:00 AM
Lab Room: 09F-27L

Course: CSE341-02
Theory Initial: RKN
Theory Day: SUN+TUE
Theory Time: 12:30 PM
Theory Room: 09H-33C
Lab Faculty: RAHA,TRZA
Lab Day: SAT
Lab Time: 2:00 PM
Lab Room: 09F-27L",The prerequisites for CSE341 are CSE340 (SP) and CSE321 (SP).,entity_heavy,rrf,0.9,False,True,True,True,True,0.0141,0.2249,4.7144,4.9536,2026-07-26T23:10:12.818819+00:00,0.0001,0.0167
Q125,adaptive_novel,What are the prerequisites for CSE422?,The prerequisite for CSE422 is CSE221 (HP).,"Verified prerequisite chain for CSE422 (nearest prerequisite first, from the Prerequisites knowledge base): CSE221 -> CSE220 -> CSE111 -> CSE230 -> CSE110.

Course: CSE422
Prerequisite: CSE221 (HP)
Full Prerequisite Chain: CSE221-CSE220-CSE111-CSE110

Course: CSE422
First Theory Coordinator: TRZ
Theory Coordinator Email: tanzim.reza@bracu.ac.bd
First Lab Coordinator: ZHS
Lab Coordinator Email: shoumo.hasan@bracu.ac.bd

Course: CSE422-02
Theory Initial: ZHS
Theory Day: MON+WED
Theory Time: 8:00 AM
Theory Room: 09E-20T
Lab Faculty: SHAH,YND
Lab Day: TUE
Lab Time: 11:00 AM
Lab Room: 09B-11L

Course: CSE422-03
Theory Initial: ZHS
Theory Day: MON+WED
Theory Time: 8:00 AM
Theory Room: 09E-20T
Lab Faculty: PLN,MHDE
Lab Day: THU
Lab Time: 2:00 PM
Lab Room: 09B-10L

Course: CSE422-01
Theory Initial: ZHS
Theory Day: MON+WED
Theory Time: 8:00 AM
Theory Room: 09E-20T
Lab Faculty: ZHS,NFF
Lab Day: TUE
Lab Time: 8:00 AM
Lab Room: 09B-11L",The full prerequisite chain for CSE422 is CSE221 -> CSE220 -> CSE111 -> CSE110.,entity_heavy,rrf,0.9,False,False,False,True,True,0.0163,0.1390,5.1296,5.2849,2026-07-26T23:10:18.104218+00:00,0.0016,0.0166
Q126,adaptive_novel,What are the prerequisites for CSE111?,The prerequisite for CSE111 is CSE110 (HP).,"Verified prerequisite chain for CSE111 (nearest prerequisite first, from the Prerequisites knowledge base): CSE110.

Course: CSE111
Prerequisite: CSE110 (HP)

Course: CSE220
Prerequisite: CSE111 (HP),CSE230 (HP)
Full Prerequisite Chain: CSE230-CSE111-CSE110

Course: CSE111
First Theory Coordinator: TAW
Theory Coordinator Email: tawhid.anwar@bracu.ac.bd
First Lab Coordinator: KNI
Second Lab Coordinator: ADU
Lab Coordinator Email: nazia.iqbal@bracu.ac.bd,ahmed.ruhan@bracu.ac.bd

Course: CSE111-02
Theory Initial: TAW
Theory Day: SUN+TUE
Theory Time: 12:30 PM
Theory Room: 10A-05C
Lab Faculty: WLV,CAKM
Lab Day: WED
Lab Time: 2:00 PM
Lab Room: 12D-27L

Course: CSE111-01
Theory Initial: TAW
Theory Day: SUN+TUE
Theory Time: 11:00 AM
Theory Room: 10A-05C
Lab Faculty: TAW,AOHE
Lab Day: WED
Lab Time: 2:00 PM
Lab Room: 12F-32L","The prerequisite for CSE111 is CSE110 (Honors Program, HP).",entity_heavy,rrf,0.9,False,False,False,True,True,0.0145,0.1431,4.4394,4.5970,2026-07-26T23:10:22.701440+00:00,0.0012,0.0167
Q127,adaptive_novel,What is the full prerequisite chain for CSE220?,The full prerequisite chain for CSE220 is CSE230-CSE111-CSE110.,"Verified prerequisite chain for CSE220 (nearest prerequisite first, from the Prerequisites knowledge base): CSE111 -> CSE230 -> CSE110.

Course: CSE370
Prerequisite: CSE221 (HP)
Full Prerequisite Chain: CSE221-CSE220-CSE111-CSE110

Course: CSE220
Prerequisite: CSE111 (HP),CSE230 (HP)
Full Prerequisite Chain: CSE230-CSE111-CSE110

Course: CSE221
Prerequisite: CSE220 (HP)
Full Prerequisite Chain: CSE220-CSE111-CSE110

Course: CSE321
Prerequisite: CSE221 (HP)
Full Prerequisite Chain: CSE221-CSE220-CSE111-CSE110

Course: CSE331
Prerequisite: CSE221 (HP)
Full Prerequisite Chain: CSE221-CSE220-CSE111-CSE110",The full prerequisite chain for CSE220 is CSE230 -> CSE111 -> CSE110.,entity_heavy,rrf,0.9,False,True,True,True,False,0.0199,0.0838,4.6302,4.7340,2026-07-26T23:10:27.436017+00:00,0.0000,0.0167
Q128,adaptive_novel,What are the prerequisites for MAT120?,The prerequisite for MAT120 is MAT110 (HP).,"Verified prerequisite chain for MAT120 (nearest prerequisite first, from the Prerequisites knowledge base): MAT110.

Course: MAT120
Prerequisite: MAT110 (HP)
Full Prerequisite Chain: MAT110

Course: MAT216
Prerequisite: MAT120 (HP)
Full Prerequisite Chain: MAT120-MAT110

Course: CSE430
Prerequisite: MAT120 (HP)
Full Prerequisite Chain: MAT120-MAT110

Course: MAT215
Prerequisite: MAT216 (HP)
Full Prerequisite Chain: MAT216-MAT120-MAT110

Course: CSE330
Prerequisite: MAT216 (HP)
Full Prerequisite Chain: MAT120-MAT110",The prerequisite for MAT120 is MAT110 with a minimum grade of HP (Honors Pass).,entity_heavy,rrf,0.9,False,True,True,True,True,0.0172,0.1322,4.4353,4.5848,2026-07-26T23:10:32.021218+00:00,0.0001,0.0167
Q129,adaptive_novel,What are the prerequisites for CSE421?,The prerequisite for CSE421 is CSE320 (SP).,"Verified prerequisite chain for CSE421 (nearest prerequisite first, from the Prerequisites knowledge base): CSE320.

Course: CSE421
Prerequisite: CSE320 (SP)

Course: CSE421
First Theory Coordinator: MSMA
Second Theory Coordinator: NDT
Theory Coordinator Email: shamim.mia@bracu.ac.bd,nirjhor.datta@bracu.ac.bd
First Lab Coordinator: SRJ
Second Lab Coordinator: MSMA
Lab Coordinator Email: seraj.mehnaz@bracu.ac.bd,shamim.mia@bracu.ac.bd

Course: CSE421-02
Theory Initial: ARF
Theory Day: MON+WED
Theory Time: 2:00 PM
Theory Room: 10A-04C
Lab Faculty: CQAE,WBH
Lab Day: SAT
Lab Time: 2:00 PM
Lab Room: 12D-26L

Course: CSE421-01
Theory Initial: ARF
Theory Day: MON+WED
Theory Time: 12:30 PM
Theory Room: 10A-04C
Lab Faculty: CQAE,WBH
Lab Day: SAT
Lab Time: 2:00 PM
Lab Room: 12D-26L

Course: CSE421-03
Theory Initial: NKMA
Theory Day: SAT+THU
Theory Time: 2:00 PM
Theory Room: 09D-17C
Lab Faculty: SRJ,NKMA
Lab Day: TUE
Lab Time: 11:00 AM
Lab Room: 12D-26L",The full prerequisite chain for CSE421 is just CSE320.,entity_heavy,rrf,0.9,False,False,False,True,True,0.0141,0.1301,4.1063,4.2505,2026-07-26T23:10:36.272192+00:00,0.0017,0.0167
Q130,adaptive_novel,What is the full prerequisite chain for CSE221?,The full prerequisite chain for CSE221 is CSE220-CSE111-CSE110.,"Verified prerequisite chain for CSE221 (nearest prerequisite first, from the Prerequisites knowledge base): CSE220 -> CSE111 -> CSE230 -> CSE110.

Course: CSE221
Prerequisite: CSE220 (HP)
Full Prerequisite Chain: CSE220-CSE111-CSE110

Course: CSE331
Prerequisite: CSE221 (HP)
Full Prerequisite Chain: CSE221-CSE220-CSE111-CSE110

Course: CSE321
Prerequisite: CSE221 (HP)
Full Prerequisite Chain: CSE221-CSE220-CSE111-CSE110

Course: CSE370
Prerequisite: CSE221 (HP)
Full Prerequisite Chain: CSE221-CSE220-CSE111-CSE110

Course: CSE422
Prerequisite: CSE221 (HP)
Full Prerequisite Chain: CSE221-CSE220-CSE111-CSE110","There is not enough information in the retrieved context to determine the full prerequisite chain for CSE221, as it does not provide any prerequisites for this course.",entity_heavy,rrf,0.9,False,True,True,True,True,0.0192,0.1249,5.4987,5.6429,2026-07-26T23:10:41.915330+00:00,0.0001,0.0167
Q131,adaptive_novel,Who is the theory coordinator for CSE490D?,The theory coordinator for CSE490D is TAV.,"Course: CSE490D
First Theory Coordinator: TAV
Theory Coordinator Email: tarvir.anjum@bracu.ac.bd

Course: CSE490B
First Theory Coordinator: TLQ
Theory Coordinator Email: taiabul.haque@bracu.ac.bd
First Lab Coordinator: ZMD
Lab Coordinator Email: zaber.mohammad@bracu.ac.bd

Course: CSE490A
First Theory Coordinator: MSA
Theory Coordinator Email: mabdullah@bracu.ac.bd

Course: CSE350
First Theory Coordinator: ZAZ
Second Theory Coordinator: TSE
Theory Coordinator Email: ihzaz.sadik@bracu.ac.bd,tasneem.mazhar@bracu.ac.bd
First Lab Coordinator: TSE
Lab Coordinator Email: tasneem.mazhar@bracu.ac.bd

Course: CSE490C
First Theory Coordinator: SDAS
Theory Coordinator Email: sowmitra.das@bracu.ac.bd","The first theory coordinator for CSE490D is TAV, whose email address is tarvir.anjum@bracu.ac.bd.",entity_heavy,rrf,0.9,False,True,True,False,True,0.0190,0.1019,5.3481,5.4690,2026-07-26T23:10:47.384701+00:00,0.0001,0.0167
Q132,adaptive_novel,Who is the theory coordinator for CSE428?,The theory coordinator for CSE428 is SDQ.,"Course: CSE428
First Theory Coordinator: SDQ
Theory Coordinator Email: saiful.bari@bracu.ac.bd
First Lab Coordinator: EHQ
Lab Coordinator Email: ehtashamul.haque@bracu.ac.bd

Course: CSE424
First Theory Coordinator: AAR
Theory Coordinator Email: annajiat@bracu.ac.bd
First Lab Coordinator: AAR
Lab Coordinator Email: annajiat@bracu.ac.bd

Course: CSE423
First Theory Coordinator: TMD
Second Theory Coordinator: SMUR
Theory Coordinator Email: tamkin.mahmud@bracu.ac.bd,rahman.samiur@bracu.ac.bd
First Lab Coordinator: SRU
Lab Coordinator Email: shakir.rouf@bracu.ac.bd

Course: CSE350
First Theory Coordinator: ZAZ
Second Theory Coordinator: TSE
Theory Coordinator Email: ihzaz.sadik@bracu.ac.bd,tasneem.mazhar@bracu.ac.bd
First Lab Coordinator: TSE
Lab Coordinator Email: tasneem.mazhar@bracu.ac.bd

Course: CSE321
First Theory Coordinator: BDH
Second Theory Coordinator: SZD
Theory Coordinator Email: badrul.hossain@bracu.ac.bd,shazid.mahbub@bracu.ac.bd
First Lab Coordinator: BDH
Lab Coordinator Email: badrul.hossain@bracu.ac.bd","The Theory Coordinator for CSE428 is SDQ, whose email is saiful.bari@bracu.ac.bd.",entity_heavy,rrf,0.9,False,True,True,False,True,0.0188,0.1048,5.0929,5.2167,2026-07-26T23:10:52.601353+00:00,0.0007,0.0157
Q133,adaptive_novel,Who is the theory coordinator for CSE370?,The theory coordinator for CSE370 is FEK.,"Course: CSE370
First Theory Coordinator: FEK
Theory Coordinator Email: farden.khan@bracu.ac.bd
First Lab Coordinator: FEK
Lab Coordinator Email: farden.khan@bracu.ac.bd

Course: CSE350
First Theory Coordinator: ZAZ
Second Theory Coordinator: TSE
Theory Coordinator Email: ihzaz.sadik@bracu.ac.bd,tasneem.mazhar@bracu.ac.bd
First Lab Coordinator: TSE
Lab Coordinator Email: tasneem.mazhar@bracu.ac.bd

Course: CSE230
First Theory Coordinator: AVB
Second Theory Coordinator: FIC
Theory Coordinator Email: avinandan@bracu.ac.bd,fatiha.ishrar@bracu.ac.bd

Course: CSE423
First Theory Coordinator: TMD
Second Theory Coordinator: SMUR
Theory Coordinator Email: tamkin.mahmud@bracu.ac.bd,rahman.samiur@bracu.ac.bd
First Lab Coordinator: SRU
Lab Coordinator Email: shakir.rouf@bracu.ac.bd

Course: CSE251
First Theory Coordinator: PDS
Second Theory Coordinator: UTS
Theory Coordinator Email: purbayan.das@bracu.ac.bd,utsab.saha@bracu.ac.bd
First Lab Coordinator: MOM
Lab Coordinator Email: moynul.moni@bracu.ac.bd",The first Theory Coordinator for CSE370 is FEK.,entity_heavy,rrf,0.9,False,True,True,False,True,0.0200,0.1039,3.9591,4.0831,2026-07-26T23:10:56.684962+00:00,0.0007,0.0157
Q134,adaptive_novel,Who is the theory coordinator for CSE426?,The theory coordinator for CSE426 is TSM.,"Course: CSE426
First Theory Coordinator: TSM
Theory Coordinator Email: mirza.mugdho@bracu.ac.bd

Course: CSE424
First Theory Coordinator: AAR
Theory Coordinator Email: annajiat@bracu.ac.bd
First Lab Coordinator: AAR
Lab Coordinator Email: annajiat@bracu.ac.bd

Course: CSE423
First Theory Coordinator: TMD
Second Theory Coordinator: SMUR
Theory Coordinator Email: tamkin.mahmud@bracu.ac.bd,rahman.samiur@bracu.ac.bd
First Lab Coordinator: SRU
Lab Coordinator Email: shakir.rouf@bracu.ac.bd

Course: CSE350
First Theory Coordinator: ZAZ
Second Theory Coordinator: TSE
Theory Coordinator Email: ihzaz.sadik@bracu.ac.bd,tasneem.mazhar@bracu.ac.bd
First Lab Coordinator: TSE
Lab Coordinator Email: tasneem.mazhar@bracu.ac.bd

Course: CSE474
First Theory Coordinator: AAR
Theory Coordinator Email: annajiat@bracu.ac.bd
First Lab Coordinator: AAR
Lab Coordinator Email: annajiat@bracu.ac.bd",The first Theory Coordinator for CSE426 is TSM.,entity_heavy,rrf,0.9,False,False,False,False,True,0.0170,0.0962,3.9319,4.0452,2026-07-26T23:11:00.730618+00:00,0.0013,0.0166
Q135,adaptive_novel,Who is the theory coordinator for CSE481?,The theory coordinator for CSE481 is SDS.,"Course: CSE481
First Theory Coordinator: SDS
Theory Coordinator Email: shadman.shahriar@bracu.ac.bd
First Lab Coordinator: SDS
Lab Coordinator Email: shadman.shahriar@bracu.ac.bd

Course: CSE221
First Theory Coordinator: FGZ
Second Theory Coordinator: IBA
Theory Coordinator Email: fakhruddin.gazzali@bracu.ac.bd,imran.azad@bracu.ac.bd
First Lab Coordinator: NARC
Second Lab Coordinator: AKHD
Lab Coordinator Email: atonuroy.chowdhury@bracu.ac.bd,ext.abdullah@bracu.ac.bd

Course: CSE251
First Theory Coordinator: PDS
Second Theory Coordinator: UTS
Theory Coordinator Email: purbayan.das@bracu.ac.bd,utsab.saha@bracu.ac.bd
First Lab Coordinator: MOM
Lab Coordinator Email: moynul.moni@bracu.ac.bd

Course: CSE321
First Theory Coordinator: BDH
Second Theory Coordinator: SZD
Theory Coordinator Email: badrul.hossain@bracu.ac.bd,shazid.mahbub@bracu.ac.bd
First Lab Coordinator: BDH
Lab Coordinator Email: badrul.hossain@bracu.ac.bd

Course: CSE350
First Theory Coordinator: ZAZ
Second Theory Coordinator: TSE
Theory Coordinator Email: ihzaz.sadik@bracu.ac.bd,tasneem.mazhar@bracu.ac.bd
First Lab Coordinator: TSE
Lab Coordinator Email: tasneem.mazhar@bracu.ac.bd",The first Theory Coordinator for CSE481 is SDS.,entity_heavy,rrf,0.9,False,True,True,False,True,0.0160,0.1164,3.9004,4.0329,2026-07-26T23:11:04.764141+00:00,0.0006,0.0156
Q136,adaptive_novel,Who is the theory coordinator for CSE447?,The theory coordinator for CSE447 is MIH.,"Course: CSE447
First Theory Coordinator: MIH
Theory Coordinator Email: iqbal.hossain@bracu.ac.bd
First Lab Coordinator: FFU
Lab Coordinator Email: farhan.faruk@bracu.ac.bd

Course: CSE424
First Theory Coordinator: AAR
Theory Coordinator Email: annajiat@bracu.ac.bd
First Lab Coordinator: AAR
Lab Coordinator Email: annajiat@bracu.ac.bd

Course: CSE423
First Theory Coordinator: TMD
Second Theory Coordinator: SMUR
Theory Coordinator Email: tamkin.mahmud@bracu.ac.bd,rahman.samiur@bracu.ac.bd
First Lab Coordinator: SRU
Lab Coordinator Email: shakir.rouf@bracu.ac.bd

Course: CSE350
First Theory Coordinator: ZAZ
Second Theory Coordinator: TSE
Theory Coordinator Email: ihzaz.sadik@bracu.ac.bd,tasneem.mazhar@bracu.ac.bd
First Lab Coordinator: TSE
Lab Coordinator Email: tasneem.mazhar@bracu.ac.bd

Course: CSE251
First Theory Coordinator: PDS
Second Theory Coordinator: UTS
Theory Coordinator Email: purbayan.das@bracu.ac.bd,utsab.saha@bracu.ac.bd
First Lab Coordinator: MOM
Lab Coordinator Email: moynul.moni@bracu.ac.bd",The first Theory Coordinator for CSE447 is MIH.,entity_heavy,rrf,0.9,False,True,True,False,True,0.0163,0.1012,3.9466,4.0642,2026-07-26T23:11:08.828256+00:00,0.0007,0.0157
Q137,adaptive_novel,Who is the theory coordinator for CSE472?,The theory coordinator for CSE472 is FDC.,"Course: CSE472
First Theory Coordinator: FDC
Theory Coordinator Email: farida.chowdhury@bracu.ac.bd

Course: CSE474
First Theory Coordinator: AAR
Theory Coordinator Email: annajiat@bracu.ac.bd
First Lab Coordinator: AAR
Lab Coordinator Email: annajiat@bracu.ac.bd

Course: CSE423
First Theory Coordinator: TMD
Second Theory Coordinator: SMUR
Theory Coordinator Email: tamkin.mahmud@bracu.ac.bd,rahman.samiur@bracu.ac.bd
First Lab Coordinator: SRU
Lab Coordinator Email: shakir.rouf@bracu.ac.bd

Course: CSE424
First Theory Coordinator: AAR
Theory Coordinator Email: annajiat@bracu.ac.bd
First Lab Coordinator: AAR
Lab Coordinator Email: annajiat@bracu.ac.bd

Course: CSE350
First Theory Coordinator: ZAZ
Second Theory Coordinator: TSE
Theory Coordinator Email: ihzaz.sadik@bracu.ac.bd,tasneem.mazhar@bracu.ac.bd
First Lab Coordinator: TSE
Lab Coordinator Email: tasneem.mazhar@bracu.ac.bd",The first theory coordinator for CSE472 is FDC.,entity_heavy,rrf,0.9,False,True,True,False,True,0.0175,0.1114,3.8471,3.9760,2026-07-26T23:11:12.804597+00:00,0.0007,0.0157
Q138,adaptive_novel,What is the coordinator email for CSE437?,The coordinator email for CSE437 is rabiul.alam@bracu.ac.bd.,"Course: CSE437
First Theory Coordinator: GRA
Theory Coordinator Email: rabiul.alam@bracu.ac.bd

Course: CSE419
First Theory Coordinator: KKP
Theory Coordinator Email: kabbya.kantam@bracu.ac.bd
First Lab Coordinator: ARD
Lab Coordinator Email: ayman.rasheed@bracu.ac.bd

Course: CSE424
First Theory Coordinator: AAR
Theory Coordinator Email: annajiat@bracu.ac.bd
First Lab Coordinator: AAR
Lab Coordinator Email: annajiat@bracu.ac.bd

Course: CSE370
First Theory Coordinator: FEK
Theory Coordinator Email: farden.khan@bracu.ac.bd
First Lab Coordinator: FEK
Lab Coordinator Email: farden.khan@bracu.ac.bd

Course: CSE474
First Theory Coordinator: AAR
Theory Coordinator Email: annajiat@bracu.ac.bd
First Lab Coordinator: AAR
Lab Coordinator Email: annajiat@bracu.ac.bd",The email of the first Theory Coordinator for CSE437 is rabiul.alam@bracu.ac.bd.,entity_heavy,rrf,0.9,False,True,True,False,True,0.0194,0.0737,4.8736,4.9668,2026-07-26T23:11:17.771965+00:00,0.0000,0.0150
Q139,adaptive_novel,Who is the theory coordinator for CSE310?,The theory coordinator for CSE310 is ADR.,"Course: CSE350
First Theory Coordinator: ZAZ
Second Theory Coordinator: TSE
Theory Coordinator Email: ihzaz.sadik@bracu.ac.bd,tasneem.mazhar@bracu.ac.bd
First Lab Coordinator: TSE
Lab Coordinator Email: tasneem.mazhar@bracu.ac.bd

Course: CSE310
First Theory Coordinator: ADR
Theory Coordinator Email: abdur.rahman@bracu.ac.bd
First Lab Coordinator: ADR
Lab Coordinator Email: abdur.rahman@bracu.ac.bd

Course: CSE230
First Theory Coordinator: AVB
Second Theory Coordinator: FIC
Theory Coordinator Email: avinandan@bracu.ac.bd,fatiha.ishrar@bracu.ac.bd

Course: CSE424
First Theory Coordinator: AAR
Theory Coordinator Email: annajiat@bracu.ac.bd
First Lab Coordinator: AAR
Lab Coordinator Email: annajiat@bracu.ac.bd

Course: CSE251
First Theory Coordinator: PDS
Second Theory Coordinator: UTS
Theory Coordinator Email: purbayan.das@bracu.ac.bd,utsab.saha@bracu.ac.bd
First Lab Coordinator: MOM
Lab Coordinator Email: moynul.moni@bracu.ac.bd",I don't have reliable information retrieved for this question. Please check with your academic advisor or BRAC University's official resources rather than relying on a guess here.,entity_heavy,rrf,0.9,True,True,False,False,False,0.0153,0.1188,0.0000,0.1341,2026-07-26T23:11:17.904800+00:00,0.0006,0.0162
Q140,adaptive_novel,Who is the theory coordinator for CSE330?,The theory coordinator for CSE330 is AMK. The second theory coordinator is AQU.,"Course: CSE350
First Theory Coordinator: ZAZ
Second Theory Coordinator: TSE
Theory Coordinator Email: ihzaz.sadik@bracu.ac.bd,tasneem.mazhar@bracu.ac.bd
First Lab Coordinator: TSE
Lab Coordinator Email: tasneem.mazhar@bracu.ac.bd

Course: CSE330
First Theory Coordinator: AMK
Second Theory Coordinator: AQU
Theory Coordinator Email: abu.khan@bracu.ac.bd,aquib.azmain@bracu.ac.bd
First Lab Coordinator: NNTN
Second Lab Coordinator: ALB
Lab Coordinator Email: naima.tahsin@bracu.ac.bd,anindita.labonno@bracu.ac.bd

Course: CSE230
First Theory Coordinator: AVB
Second Theory Coordinator: FIC
Theory Coordinator Email: avinandan@bracu.ac.bd,fatiha.ishrar@bracu.ac.bd

Course: CSE423
First Theory Coordinator: TMD
Second Theory Coordinator: SMUR
Theory Coordinator Email: tamkin.mahmud@bracu.ac.bd,rahman.samiur@bracu.ac.bd
First Lab Coordinator: SRU
Lab Coordinator Email: shakir.rouf@bracu.ac.bd

Course: CSE321
First Theory Coordinator: BDH
Second Theory Coordinator: SZD
Theory Coordinator Email: badrul.hossain@bracu.ac.bd,shazid.mahbub@bracu.ac.bd
First Lab Coordinator: BDH
Lab Coordinator Email: badrul.hossain@bracu.ac.bd",I don't have reliable information retrieved for this question. Please check with your academic advisor or BRAC University's official resources rather than relying on a guess here.,entity_heavy,rrf,0.9,True,True,False,False,False,0.0152,0.1069,0.0000,0.1221,2026-07-26T23:11:18.027537+00:00,0.0005,0.0165
Q141,adaptive_novel,Who is the theory coordinator for CSE490B?,The theory coordinator for CSE490B is TLQ.,"Course: CSE490B
First Theory Coordinator: TLQ
Theory Coordinator Email: taiabul.haque@bracu.ac.bd
First Lab Coordinator: ZMD
Lab Coordinator Email: zaber.mohammad@bracu.ac.bd

Course: CSE490D
First Theory Coordinator: TAV
Theory Coordinator Email: tarvir.anjum@bracu.ac.bd

Course: CSE490A
First Theory Coordinator: MSA
Theory Coordinator Email: mabdullah@bracu.ac.bd

Course: CSE490C
First Theory Coordinator: SDAS
Theory Coordinator Email: sowmitra.das@bracu.ac.bd

Course: CSE350
First Theory Coordinator: ZAZ
Second Theory Coordinator: TSE
Theory Coordinator Email: ihzaz.sadik@bracu.ac.bd,tasneem.mazhar@bracu.ac.bd
First Lab Coordinator: TSE
Lab Coordinator Email: tasneem.mazhar@bracu.ac.bd","The Theory Coordinator for CSE490B is TLQ, whose email address is taiabul.haque@bracu.ac.bd.",entity_heavy,rrf,0.9,False,True,True,False,True,0.0153,0.0836,5.2518,5.3508,2026-07-26T23:11:23.380014+00:00,0.0001,0.0167
Q142,adaptive_novel,Who is the theory coordinator for CSE331?,The theory coordinator for CSE331 is RSS.,"Course: CSE331
First Theory Coordinator: RSS
Theory Coordinator Email: rafiad.shahir@bracu.ac.bd

Course: CSE350
First Theory Coordinator: ZAZ
Second Theory Coordinator: TSE
Theory Coordinator Email: ihzaz.sadik@bracu.ac.bd,tasneem.mazhar@bracu.ac.bd
First Lab Coordinator: TSE
Lab Coordinator Email: tasneem.mazhar@bracu.ac.bd

Course: CSE321
First Theory Coordinator: BDH
Second Theory Coordinator: SZD
Theory Coordinator Email: badrul.hossain@bracu.ac.bd,shazid.mahbub@bracu.ac.bd
First Lab Coordinator: BDH
Lab Coordinator Email: badrul.hossain@bracu.ac.bd

Course: CSE251
First Theory Coordinator: PDS
Second Theory Coordinator: UTS
Theory Coordinator Email: purbayan.das@bracu.ac.bd,utsab.saha@bracu.ac.bd
First Lab Coordinator: MOM
Lab Coordinator Email: moynul.moni@bracu.ac.bd

Course: CSE423
First Theory Coordinator: TMD
Second Theory Coordinator: SMUR
Theory Coordinator Email: tamkin.mahmud@bracu.ac.bd,rahman.samiur@bracu.ac.bd
First Lab Coordinator: SRU
Lab Coordinator Email: shakir.rouf@bracu.ac.bd",The Theory Coordinator for CSE331 is Rafiad Shahir.,entity_heavy,rrf,0.9,False,True,True,False,True,0.0150,0.1019,4.0429,4.1599,2026-07-26T23:11:27.540351+00:00,0.0003,0.0160
Q143,adaptive_novel,What is the coordinator email for CSE220?,The coordinator email for CSE220 is abu.ibrahim@bracu.ac.bd.,"Course: CSE220
First Theory Coordinator: AIB
Theory Coordinator Email: abu.ibrahim@bracu.ac.bd
First Lab Coordinator: AIB
Second Lab Coordinator: KKS
Lab Coordinator Email: abu.ibrahim@bracu.ac.bd,md.khaliduzzaman@bracu.ac.bd

Course: CSE310
First Theory Coordinator: ADR
Theory Coordinator Email: abdur.rahman@bracu.ac.bd
First Lab Coordinator: ADR
Lab Coordinator Email: abdur.rahman@bracu.ac.bd

Course: CSE370
First Theory Coordinator: FEK
Theory Coordinator Email: farden.khan@bracu.ac.bd
First Lab Coordinator: FEK
Lab Coordinator Email: farden.khan@bracu.ac.bd

Course: CSE424
First Theory Coordinator: AAR
Theory Coordinator Email: annajiat@bracu.ac.bd
First Lab Coordinator: AAR
Lab Coordinator Email: annajiat@bracu.ac.bd

Course: CSE391
First Theory Coordinator: ADR
Theory Coordinator Email: abdur.rahman@bracu.ac.bd
First Lab Coordinator: ADR
Lab Coordinator Email: abdur.rahman@bracu.ac.bd",The Theory and Lab Coordinator email for CSE220 is abu.ibrahim@bracu.ac.bd.,entity_heavy,rrf,0.9,False,True,True,False,True,0.0163,0.0857,4.7777,4.8798,2026-07-26T23:11:32.420107+00:00,0.0000,0.0150
Q144,adaptive_novel,What is the coordinator email for CSE460?,The coordinator email for CSE460 is arpa.roy@bracu.ac.bd.,"Course: CSE460
First Theory Coordinator: ARPD
Theory Coordinator Email: arpa.roy@bracu.ac.bd
First Lab Coordinator: AKJ
Second Lab Coordinator: SDL
Lab Coordinator Email: anjum.akib@bracu.ac.bd,shadmin.sultana@bracu.ac.bd

Course: CSE310
First Theory Coordinator: ADR
Theory Coordinator Email: abdur.rahman@bracu.ac.bd
First Lab Coordinator: ADR
Lab Coordinator Email: abdur.rahman@bracu.ac.bd

Course: CSE370
First Theory Coordinator: FEK
Theory Coordinator Email: farden.khan@bracu.ac.bd
First Lab Coordinator: FEK
Lab Coordinator Email: farden.khan@bracu.ac.bd

Course: CSE424
First Theory Coordinator: AAR
Theory Coordinator Email: annajiat@bracu.ac.bd
First Lab Coordinator: AAR
Lab Coordinator Email: annajiat@bracu.ac.bd

Course: CSE474
First Theory Coordinator: AAR
Theory Coordinator Email: annajiat@bracu.ac.bd
First Lab Coordinator: AAR
Lab Coordinator Email: annajiat@bracu.ac.bd","The Theory Coordinator's email for CSE460 is arpa.roy@bracu.ac.bd, and the Lab Coordinators' emails are anjum.akib@bracu.ac.bd and shadmin.sultana@bracu.ac.bd.",entity_heavy,rrf,0.9,False,True,True,False,True,0.0159,0.0959,7.7291,7.8409,2026-07-26T23:11:40.261551+00:00,0.0000,0.0150
Q145,adaptive_novel,What is the coordinator email for CSE446?,The coordinator email for CSE446 is sadek.ferdous@bracu.ac.bd.,"Course: CSE446
First Theory Coordinator: SDF
Theory Coordinator Email: sadek.ferdous@bracu.ac.bd
First Lab Coordinator: SJM
Second Lab Coordinator: SDF
Lab Coordinator Email: ext.sajid.mahir@bracu.ac.bd,sadek.ferdous@bracu.ac.bd

Course: CSE428
First Theory Coordinator: SDQ
Theory Coordinator Email: saiful.bari@bracu.ac.bd
First Lab Coordinator: EHQ
Lab Coordinator Email: ehtashamul.haque@bracu.ac.bd

Course: CSE424
First Theory Coordinator: AAR
Theory Coordinator Email: annajiat@bracu.ac.bd
First Lab Coordinator: AAR
Lab Coordinator Email: annajiat@bracu.ac.bd

Course: CSE419
First Theory Coordinator: KKP
Theory Coordinator Email: kabbya.kantam@bracu.ac.bd
First Lab Coordinator: ARD
Lab Coordinator Email: ayman.rasheed@bracu.ac.bd

Course: CSE422
First Theory Coordinator: TRZ
Theory Coordinator Email: tanzim.reza@bracu.ac.bd
First Lab Coordinator: ZHS
Lab Coordinator Email: shoumo.hasan@bracu.ac.bd","The theory coordinator emails for CSE446 are sadek.ferdous@bracu.ac.bd, and the lab coordinator emails are ext.sajid.mahir@bracu.ac.bd and sadek.ferdous@bracu.ac.bd.",entity_heavy,rrf,0.9,False,False,False,False,True,0.0182,0.0985,8.1798,8.2966,2026-07-26T23:11:48.558596+00:00,0.0017,0.0167
Q146,adaptive_novel,Who is the theory coordinator for CSE461?,The theory coordinator for CSE461 is KHR.,"Course: CSE461
First Theory Coordinator: KHR
Theory Coordinator Email: khalilur@bracu.ac.bd
First Lab Coordinator: RDW
Second Lab Coordinator: RFF
Lab Coordinator Email: redowanul.akbar@bracu.ac.bd,rafid.ahnaf@bracu.ac.bd

Course: CSE350
First Theory Coordinator: ZAZ
Second Theory Coordinator: TSE
Theory Coordinator Email: ihzaz.sadik@bracu.ac.bd,tasneem.mazhar@bracu.ac.bd
First Lab Coordinator: TSE
Lab Coordinator Email: tasneem.mazhar@bracu.ac.bd

Course: CSE251
First Theory Coordinator: PDS
Second Theory Coordinator: UTS
Theory Coordinator Email: purbayan.das@bracu.ac.bd,utsab.saha@bracu.ac.bd
First Lab Coordinator: MOM
Lab Coordinator Email: moynul.moni@bracu.ac.bd

Course: CSE423
First Theory Coordinator: TMD
Second Theory Coordinator: SMUR
Theory Coordinator Email: tamkin.mahmud@bracu.ac.bd,rahman.samiur@bracu.ac.bd
First Lab Coordinator: SRU
Lab Coordinator Email: shakir.rouf@bracu.ac.bd

Course: CSE321
First Theory Coordinator: BDH
Second Theory Coordinator: SZD
Theory Coordinator Email: badrul.hossain@bracu.ac.bd,shazid.mahbub@bracu.ac.bd
First Lab Coordinator: BDH
Lab Coordinator Email: badrul.hossain@bracu.ac.bd",The first Theory Coordinator for CSE461 is KHR.,entity_heavy,rrf,0.9,False,True,True,False,True,0.0148,0.0935,4.0614,4.1698,2026-07-26T23:11:52.728841+00:00,0.0006,0.0156
Q147,adaptive_novel,What is the coordinator email for CSE419?,The coordinator email for CSE419 is kabbya.kantam@bracu.ac.bd.,"Course: CSE419
First Theory Coordinator: KKP
Theory Coordinator Email: kabbya.kantam@bracu.ac.bd
First Lab Coordinator: ARD
Lab Coordinator Email: ayman.rasheed@bracu.ac.bd

Course: CSE428
First Theory Coordinator: SDQ
Theory Coordinator Email: saiful.bari@bracu.ac.bd
First Lab Coordinator: EHQ
Lab Coordinator Email: ehtashamul.haque@bracu.ac.bd

Course: CSE430
First Theory Coordinator: EHQ
Theory Coordinator Email: ehtashamul.haque@bracu.ac.bd
First Lab Coordinator: TAV
Lab Coordinator Email: tarvir.anjum@bracu.ac.bd

Course: CSE391
First Theory Coordinator: ADR
Theory Coordinator Email: abdur.rahman@bracu.ac.bd
First Lab Coordinator: ADR
Lab Coordinator Email: abdur.rahman@bracu.ac.bd

Course: CSE447
First Theory Coordinator: MIH
Theory Coordinator Email: iqbal.hossain@bracu.ac.bd
First Lab Coordinator: FFU
Lab Coordinator Email: farhan.faruk@bracu.ac.bd",The Theory Coordinator email for CSE419 is kabbya.kantam@bracu.ac.bd.,entity_heavy,rrf,0.9,False,True,True,False,True,0.0178,0.0749,4.7607,4.8534,2026-07-26T23:11:57.582549+00:00,0.0002,0.0150
Q148,adaptive_novel,Who is the theory coordinator for CSE482?,The theory coordinator for CSE482 is SDS.,"Course: CSE482
First Theory Coordinator: SDS
Theory Coordinator Email: shadman.shahriar@bracu.ac.bd
First Lab Coordinator: SDS
Lab Coordinator Email: shadman.shahriar@bracu.ac.bd

Course: CSE221
First Theory Coordinator: FGZ
Second Theory Coordinator: IBA
Theory Coordinator Email: fakhruddin.gazzali@bracu.ac.bd,imran.azad@bracu.ac.bd
First Lab Coordinator: NARC
Second Lab Coordinator: AKHD
Lab Coordinator Email: atonuroy.chowdhury@bracu.ac.bd,ext.abdullah@bracu.ac.bd

Course: CSE424
First Theory Coordinator: AAR
Theory Coordinator Email: annajiat@bracu.ac.bd
First Lab Coordinator: AAR
Lab Coordinator Email: annajiat@bracu.ac.bd

Course: CSE350
First Theory Coordinator: ZAZ
Second Theory Coordinator: TSE
Theory Coordinator Email: ihzaz.sadik@bracu.ac.bd,tasneem.mazhar@bracu.ac.bd
First Lab Coordinator: TSE
Lab Coordinator Email: tasneem.mazhar@bracu.ac.bd

Course: CSE423
First Theory Coordinator: TMD
Second Theory Coordinator: SMUR
Theory Coordinator Email: tamkin.mahmud@bracu.ac.bd,rahman.samiur@bracu.ac.bd
First Lab Coordinator: SRU
Lab Coordinator Email: shakir.rouf@bracu.ac.bd","The Theory Coordinator for CSE482 is SDS, whose email address is shadman.shahriar@bracu.ac.bd.",entity_heavy,rrf,0.9,False,True,True,False,True,0.0183,0.1192,5.3586,5.4961,2026-07-26T23:12:03.079192+00:00,0.0007,0.0157
Q149,adaptive_novel,What is the coordinator email for CSE443?,The coordinator email for CSE443 is swakkhar.shatabda@bracu.ac.bd.,"Course: CSE443
First Theory Coordinator: SWK
Theory Coordinator Email: swakkhar.shatabda@bracu.ac.bd

Course: CSE424
First Theory Coordinator: AAR
Theory Coordinator Email: annajiat@bracu.ac.bd
First Lab Coordinator: AAR
Lab Coordinator Email: annajiat@bracu.ac.bd

Course: CSE422
First Theory Coordinator: TRZ
Theory Coordinator Email: tanzim.reza@bracu.ac.bd
First Lab Coordinator: ZHS
Lab Coordinator Email: shoumo.hasan@bracu.ac.bd

Course: CSE419
First Theory Coordinator: KKP
Theory Coordinator Email: kabbya.kantam@bracu.ac.bd
First Lab Coordinator: ARD
Lab Coordinator Email: ayman.rasheed@bracu.ac.bd

Course: CSE474
First Theory Coordinator: AAR
Theory Coordinator Email: annajiat@bracu.ac.bd
First Lab Coordinator: AAR
Lab Coordinator Email: annajiat@bracu.ac.bd",The email of the First Theory Coordinator for CSE443 is swakkhar.shatabda@bracu.ac.bd.,entity_heavy,rrf,0.9,False,True,True,False,True,0.0159,0.0703,5.0262,5.1124,2026-07-26T23:12:08.191737+00:00,0.0000,0.0150
Q150,adaptive_novel,What is the coordinator email for CSE430?,The coordinator email for CSE430 is ehtashamul.haque@bracu.ac.bd.,"Course: CSE430
First Theory Coordinator: EHQ
Theory Coordinator Email: ehtashamul.haque@bracu.ac.bd
First Lab Coordinator: TAV
Lab Coordinator Email: tarvir.anjum@bracu.ac.bd

Course: CSE370
First Theory Coordinator: FEK
Theory Coordinator Email: farden.khan@bracu.ac.bd
First Lab Coordinator: FEK
Lab Coordinator Email: farden.khan@bracu.ac.bd

Course: CSE310
First Theory Coordinator: ADR
Theory Coordinator Email: abdur.rahman@bracu.ac.bd
First Lab Coordinator: ADR
Lab Coordinator Email: abdur.rahman@bracu.ac.bd

Course: CSE419
First Theory Coordinator: KKP
Theory Coordinator Email: kabbya.kantam@bracu.ac.bd
First Lab Coordinator: ARD
Lab Coordinator Email: ayman.rasheed@bracu.ac.bd

Course: CSE424
First Theory Coordinator: AAR
Theory Coordinator Email: annajiat@bracu.ac.bd
First Lab Coordinator: AAR
Lab Coordinator Email: annajiat@bracu.ac.bd",The theory coordinator email for CSE430 is ehtashamul.haque@bracu.ac.bd.,entity_heavy,rrf,0.9,False,True,True,False,True,0.0160,0.0739,4.8418,4.9318,2026-07-26T23:12:13.123802+00:00,0.0000,0.0150
Q151,adaptive_novel,What day and time is the theory class for CSE260-04A?,The theory class for CSE260-04A is on SUN+TUE at 11:00 AM in room 09A-03C.,"Course: CSE260-02A
Theory Initial: DZK
Theory Day: SUN+TUE
Theory Time: 12:30 PM
Theory Room: 09E-20T
Lab Faculty: ESF,CABS
Lab Day: THU
Lab Time: 11:00 AM
Lab Room: FT10-03L

Course: CSE260-04A
Theory Initial: DZK
Theory Day: SUN+TUE
Theory Time: 11:00 AM
Theory Room: 09A-03C
Lab Faculty: NFF,MZW
Lab Day: WED
Lab Time: 11:00 AM
Lab Room: FT10-03L

Course: CSE260-01A
Theory Initial: DZK
Theory Day: SUN+TUE
Theory Time: 12:30 PM
Theory Room: 09E-20T
Lab Faculty: PBK,SJM
Lab Day: THU
Lab Time: 8:00 AM
Lab Room: FT10-03L

Course: CSE251-04A
Theory Initial: AKJ
Theory Day: SUN+TUE
Theory Time: 12:30 PM
Theory Room: 07H-27C
Lab Faculty: EHQ,SHJR
Lab Day: MON
Lab Time: 2:00 PM
Lab Room: 12B-20L

Course: CSE250-04A
Theory Initial: FFR
Theory Day: SUN+TUE
Theory Time: 8:00 AM
Theory Room: 07H-27C
Lab Faculty: SDQ,FFR
Lab Day: MON
Lab Time: 11:00 AM
Lab Room: 12B-20L",The theory class for CSE260-04A meets on Sunday and Tuesday at 11:00 AM.,entity_heavy,rrf,0.9,False,True,True,False,True,0.0231,0.1649,4.8938,5.0819,2026-07-26T23:12:18.206180+00:00,0.0000,0.0150
Q152,adaptive_novel,What day and time is the theory class for CSE360-10?,The theory class for CSE360-10 is on SUN+TUE at 9:30 AM in room 09A-05C.,"Course: CSE360-10
Theory Initial: SHBK
Theory Day: SUN+TUE
Theory Time: 9:30 AM
Theory Room: 09A-05C
Lab Faculty: UJT,PRC
Lab Day: WED
Lab Time: 8:00 AM
Lab Room: 12B-19L

Course: CSE360-08
Theory Initial: UJT
Theory Day: MON+WED
Theory Time: 11:00 AM
Theory Room: 10B-15C
Lab Faculty: FIC,IRZA
Lab Day: TUE
Lab Time: 8:00 AM
Lab Room: 12B-19L

Course: CSE360-04
Theory Initial: RDW
Theory Day: SAT+THU
Theory Time: 12:30 PM
Theory Room: 09H-33C
Lab Faculty: RDW,SMYA
Lab Day: SUN
Lab Time: 11:00 AM
Lab Room: 12B-19L

Course: CSE360-09
Theory Initial: SHBK
Theory Day: SUN+TUE
Theory Time: 8:00 AM
Theory Room: 09A-05C
Lab Faculty: UJT,PRC
Lab Day: WED
Lab Time: 8:00 AM
Lab Room: 12B-19L

Course: CSE360-01
Theory Initial: ASA
Theory Day: MON+WED
Theory Time: 3:30 PM
Theory Room: 09H-34C
Lab Faculty: SMYA,IRZA
Lab Day: TUE
Lab Time: 11:00 AM
Lab Room: 12B-19L",I don't have reliable information retrieved for this question. Please check with your academic advisor or BRAC University's official resources rather than relying on a guess here.,entity_heavy,rrf,0.9,True,True,False,False,False,0.0255,0.1699,0.0000,0.1954,2026-07-26T23:12:18.396658+00:00,0.0000,0.0150
Q153,adaptive_novel,What day and time is the theory class for CSE460-03?,The theory class for CSE460-03 is on SAT+THU at 12:30 PM in room 07H-26C.,"Course: CSE460-03
Theory Initial: SDL
Theory Day: SAT+THU
Theory Time: 12:30 PM
Theory Room: 07H-26C
Lab Faculty: SDL,SDU
Lab Day: TUE
Lab Time: 8:00 AM
Lab Room: 09E-22L

Course: CSE460-05
Theory Initial: RAS
Theory Day: SUN+TUE
Theory Time: 9:30 AM
Theory Room: 09A-07C
Lab Faculty: AKJ,RAS
Lab Day: MON
Lab Time: 2:00 PM
Lab Room: 12F-30L

Course: CSE460-04
Theory Initial: SDU
Theory Day: SAT+THU
Theory Time: 2:00 PM
Theory Room: 09A-07C
Lab Faculty: AKJ,RAS
Lab Day: MON
Lab Time: 11:00 AM
Lab Room: 09F-24L

Course: CSE460-02
Theory Initial: ZIZE
Theory Day: SAT+THU
Theory Time: 11:00 AM
Theory Room: 07D-20C
Lab Faculty: RAS,ZBH
Lab Day: SAT
Lab Time: 2:00 PM
Lab Room: 10E-27L

Course: CSE460-01
Theory Initial: SDL
Theory Day: SAT+THU
Theory Time: 9:30 AM
Theory Room: 09D-18C
Lab Faculty: AKJ,UPM
Lab Day: WED
Lab Time: 11:00 AM
Lab Room: 09E-21L","The theory class for CSE460-03 is held on Saturday and Thursday, at 12:30 PM.",entity_heavy,rrf,0.9,False,True,True,False,True,0.0197,0.1126,4.9846,5.1168,2026-07-26T23:12:23.518963+00:00,0.0000,0.0150
Q154,adaptive_novel,What day and time is the theory class for CSE370-16?,The theory class for CSE370-16 is on SAT+THU at 9:30 AM in room 10B-17C.,"Course: CSE370-16
Theory Initial: MZG
Theory Day: SAT+THU
Theory Time: 9:30 AM
Theory Room: 10B-17C
Lab Faculty: RBR,KZMN
Lab Day: TUE
Lab Time: 2:00 PM
Lab Room: 12F-31L

Course: CSE340-16
Theory Initial: ZLNM
Theory Day: MON+WED
Theory Time: 9:30 AM
Theory Room: 09H-32C

Course: CSE470-16
Theory Initial: ART
Theory Day: SUN+TUE
Theory Time: 12:30 PM
Theory Room: 07D-19C

Course: CSE331-16
Theory Initial: TNF
Theory Day: MON+WED
Theory Time: 8:00 AM
Theory Room: 07F-22C

Course: CSE370-01
Theory Initial: MNY
Theory Day: SUN+TUE
Theory Time: 12:30 PM
Theory Room: 10A-04C
Lab Faculty: SHRR,MAU
Lab Day: THU
Lab Time: 8:00 AM
Lab Room: 12F-30L","The theory class for CSE370-16 meets on Saturday (SAT) and Thursday (THU), at 9:30 AM.",entity_heavy,rrf,0.9,False,False,False,False,False,0.0187,0.0908,5.3702,5.4796,2026-07-26T23:12:28.999103+00:00,0.0011,0.0161
Q155,adaptive_novel,What day and time is the theory class for CSE221-13?,The theory class for CSE221-13 is on SUN+TUE at 3:30 PM in room 09A-03C.,"Course: CSE221-13
Theory Initial: AYO
Theory Day: SUN+TUE
Theory Time: 3:30 PM
Theory Room: 09A-03C
Lab Faculty: NARC,NMMR
Lab Day: SAT
Lab Time: 11:00 AM
Lab Room: 09B-10L

Course: CSE331-13
Theory Initial: RFR
Theory Day: SUN+TUE
Theory Time: 8:00 AM
Theory Room: 07F-22C

Course: CSE340-13
Theory Initial: PBK
Theory Day: MON+WED
Theory Time: 8:00 AM
Theory Room: 08H-22C

Course: CSE221-01
Theory Initial: IBA
Theory Day: MON+WED
Theory Time: 2:00 PM
Theory Room: 09C-16T
Lab Faculty: NMMR,ASRF
Lab Day: SUN
Lab Time: 2:00 PM
Lab Room: 09B-11L

Course: CSE221-02
Theory Initial: IBA
Theory Day: MON+WED
Theory Time: 2:00 PM
Theory Room: 09C-16T
Lab Faculty: NARC,NMMR
Lab Day: SUN
Lab Time: 8:00 AM
Lab Room: 09E-22L",The theory class for CSE221-13 is held on Sundays and Tuesdays at 3:30 PM.,entity_heavy,rrf,0.9,False,False,False,False,False,0.0227,0.1209,4.8744,5.0180,2026-07-26T23:12:34.017117+00:00,0.0012,0.0162
Q156,adaptive_novel,What day and time is the theory class for CSE110-01?,The theory class for CSE110-01 is on SUN+TUE at 11:00 AM in room 10B-17C.,"Course: CSE110-02
Theory Initial: STNM
Theory Day: SUN+TUE
Theory Time: 12:30 PM
Theory Room: 10B-17C
Lab Faculty: AOHE,RKBM
Lab Day: WED
Lab Time: 8:00 AM
Lab Room: 09B-08L

Course: CSE110-01
Theory Initial: ANT
Theory Day: SUN+TUE
Theory Time: 11:00 AM
Theory Room: 10B-17C
Lab Faculty: ANT,ART
Lab Day: THU
Lab Time: 8:00 AM
Lab Room: 09B-10L

Course: CSE110-07
Theory Initial: ADU
Theory Day: MON+WED
Theory Time: 9:30 AM
Theory Room: 10A-04C
Lab Faculty: AAF,NQM
Lab Day: THU
Lab Time: 8:00 AM
Lab Room: 09B-09L

Course: CSE110-04
Theory Initial: SBHN
Theory Day: MON+WED
Theory Time: 11:00 AM
Theory Room: 10B-16C
Lab Faculty: FZN,SLAR
Lab Day: THU
Lab Time: 8:00 AM
Lab Room: 09B-08L

Course: CSE110-05
Theory Initial: TAW
Theory Day: MON+WED
Theory Time: 11:00 AM
Theory Room: 10A-05C
Lab Faculty: CAKM,AOHE
Lab Day: THU
Lab Time: 11:00 AM
Lab Room: 09B-08L",The theory class for CSE110-01 meets on Sundays and Tuesdays at 11:00 AM.,entity_heavy,rrf,0.9,False,True,True,False,True,0.0216,0.1041,4.8865,5.0122,2026-07-26T23:12:39.030105+00:00,0.0000,0.0150
Q157,adaptive_novel,What day and time is the theory class for CSE460-04?,The theory class for CSE460-04 is on SAT+THU at 2:00 PM in room 09A-07C.,"Course: CSE460-04
Theory Initial: SDU
Theory Day: SAT+THU
Theory Time: 2:00 PM
Theory Room: 09A-07C
Lab Faculty: AKJ,RAS
Lab Day: MON
Lab Time: 11:00 AM
Lab Room: 09F-24L

Course: CSE460-02
Theory Initial: ZIZE
Theory Day: SAT+THU
Theory Time: 11:00 AM
Theory Room: 07D-20C
Lab Faculty: RAS,ZBH
Lab Day: SAT
Lab Time: 2:00 PM
Lab Room: 10E-27L

Course: CSE460-03
Theory Initial: SDL
Theory Day: SAT+THU
Theory Time: 12:30 PM
Theory Room: 07H-26C
Lab Faculty: SDL,SDU
Lab Day: TUE
Lab Time: 8:00 AM
Lab Room: 09E-22L

Course: CSE460-01
Theory Initial: SDL
Theory Day: SAT+THU
Theory Time: 9:30 AM
Theory Room: 09D-18C
Lab Faculty: AKJ,UPM
Lab Day: WED
Lab Time: 11:00 AM
Lab Room: 09E-21L

Course: CSE460-09
Theory Initial: UPM
Theory Day: MON+WED
Theory Time: 8:00 AM
Theory Room: 09A-07C
Lab Faculty: ARPD,RAS
Lab Day: TUE
Lab Time: 11:00 AM
Lab Room: 09E-21L",I don't have reliable information retrieved for this question. Please check with your academic advisor or BRAC University's official resources rather than relying on a guess here.,entity_heavy,rrf,0.9,True,True,False,False,False,0.0212,0.1577,0.0000,0.1790,2026-07-26T23:12:39.208832+00:00,0.0000,0.0150
Q158,adaptive_novel,What day and time is the theory class for STA201-12?,The theory class for STA201-12 is on MON+WED at 2:00 PM in room 09H-37C.,"Course: STA201-12
Theory Initial: TBS
Theory Day: MON+WED
Theory Time: 2:00 PM
Theory Room: 09H-37C

Course: STA201-11
Theory Initial: TBS
Theory Day: MON+WED
Theory Time: 12:30 PM
Theory Room: 09H-37C

Course: STA201-04
Theory Initial: TBS
Theory Day: SUN+TUE
Theory Time: 12:30 PM
Theory Room: 09H-37C

Course: STA201-10
Theory Initial: TBS
Theory Day: MON+WED
Theory Time: 11:00 AM
Theory Room: 10F-29C

Course: STA201-02
Theory Initial: TBS
Theory Day: SUN+TUE
Theory Time: 9:30 AM
Theory Room: 09H-37C",I don't have reliable information retrieved for this question. Please check with your academic advisor or BRAC University's official resources rather than relying on a guess here.,entity_heavy,rrf,0.9,True,True,False,False,False,0.0201,0.0509,0.0000,0.0710,2026-07-26T23:12:39.278247+00:00,0.0000,0.0165
Q159,adaptive_novel,What day and time is the theory class for CSE250-06A?,The theory class for CSE250-06A is on SUN+TUE at 2:00 PM in room 07H-27C.,"Course: CSE250-06A
Theory Initial: RAO
Theory Day: SUN+TUE
Theory Time: 2:00 PM
Theory Room: 07H-27C
Lab Faculty: FFR,MHY
Lab Day: MON
Lab Time: 8:00 AM
Lab Room: 12B-20L

Course: CSE251-06A
Theory Initial: AQT
Theory Day: MON+WED
Theory Time: 8:00 AM
Theory Room: 07H-27C
Lab Faculty: SDAS,UPM
Lab Day: SUN
Lab Time: 11:00 AM
Lab Room: 12B-20L

Course: CSE250-02A
Theory Initial: AKDB
Theory Day: SAT+THU
Theory Time: 12:30 PM
Theory Room: 07H-27C
Lab Faculty: ZIZE,TSE
Lab Day: THU
Lab Time: 8:00 AM
Lab Room: 12B-20L

Course: CSE250-01A
Theory Initial: MHY
Theory Day: SAT+THU
Theory Time: 9:30 AM
Theory Room: 07H-27C
Lab Faculty: EHQ,MHY
Lab Day: SAT
Lab Time: 11:00 AM
Lab Room: 12B-20L

Course: CSE350-06A
Theory Initial: ZBH
Theory Day: SUN+TUE
Theory Time: 2:00 PM
Theory Room: 09A-07C
Lab Faculty: TSE,AQT
Lab Day: WED
Lab Time: 11:00 AM
Lab Room: FT10-01L",I don't have reliable information retrieved for this question. Please check with your academic advisor or BRAC University's official resources rather than relying on a guess here.,entity_heavy,rrf,0.9,True,True,False,False,False,0.0186,0.1530,0.0000,0.1716,2026-07-26T23:12:39.450999+00:00,0.0000,0.0150
Q160,adaptive_novel,What day and time is the theory class for CSE221-14?,The theory class for CSE221-14 is on MON+WED at 9:30 AM in room 07D-19C.,"Course: CSE221-14
Theory Initial: WBH
Theory Day: MON+WED
Theory Time: 9:30 AM
Theory Room: 07D-19C
Lab Faculty: HFN,MZW
Lab Day: SUN
Lab Time: 8:00 AM
Lab Room: 09F-24L

Course: CSE331-14
Theory Initial: RFR
Theory Day: SUN+TUE
Theory Time: 9:30 AM
Theory Room: 07F-22C

Course: CSE321-14
Theory Initial: SHBK
Theory Day: SAT+THU
Theory Time: 9:30 AM
Theory Room: 09A-01C
Lab Faculty: MAO,CSSD
Lab Day: SUN
Lab Time: 11:00 AM
Lab Room: 10G-32L

Course: CSE221-01
Theory Initial: IBA
Theory Day: MON+WED
Theory Time: 2:00 PM
Theory Room: 09C-16T
Lab Faculty: NMMR,ASRF
Lab Day: SUN
Lab Time: 2:00 PM
Lab Room: 09B-11L

Course: CSE221-02
Theory Initial: IBA
Theory Day: MON+WED
Theory Time: 2:00 PM
Theory Room: 09C-16T
Lab Faculty: NARC,NMMR
Lab Day: SUN
Lab Time: 8:00 AM
Lab Room: 09E-22L",The theory class for CSE221-14 meets on Monday and Wednesday at 9:30 AM.,entity_heavy,rrf,0.9,False,False,False,False,False,0.0201,0.1107,4.8634,4.9943,2026-07-26T23:12:44.447221+00:00,0.0009,0.0159
Q161,adaptive_novel,What day and time is the theory class for STA101-04?,The theory class for STA101-04 is on SUN+TUE at 2:00 PM in room 10B-18C.,"Course: STA101-04
Theory Initial: TBS
Theory Day: SUN+TUE
Theory Time: 2:00 PM
Theory Room: 10B-18C

Course: STA101-02
Theory Initial: TBS
Theory Day: SUN+TUE
Theory Time: 11:00 AM
Theory Room: 10B-18C

Course: STA101-01
Theory Initial: TBS
Theory Day: SUN+TUE
Theory Time: 9:30 AM
Theory Room: 10B-18C

Course: STA101-05
Theory Initial: TBS
Theory Day: SUN+TUE
Theory Time: 3:30 PM
Theory Room: 10B-18C

Course: STA101-03
Theory Initial: TBS
Theory Day: SUN+TUE
Theory Time: 12:30 PM
Theory Room: 10B-18C",I don't have reliable information retrieved for this question. Please check with your academic advisor or BRAC University's official resources rather than relying on a guess here.,entity_heavy,rrf,0.9,True,True,False,False,False,0.0201,0.0555,0.0000,0.0756,2026-07-26T23:12:44.521502+00:00,0.0000,0.0150
Q162,adaptive_novel,What day and time is the theory class for CSE330-10?,The theory class for CSE330-10 is on SUN+TUE at 12:30 PM in room 09A-03C.,"Course: CSE330-10
Theory Initial: FDM
Theory Day: SUN+TUE
Theory Time: 12:30 PM
Theory Room: 09A-03C
Lab Faculty: NFMK,NARC
Lab Day: WED
Lab Time: 2:00 PM
Lab Room: 09F-26L

Course: CSE330-15
Theory Initial: ALB
Theory Day: SAT+THU
Theory Time: 8:00 AM
Theory Room: 10B-13C
Lab Faculty: MAJIJ,NRZR
Lab Day: SUN
Lab Time: 8:00 AM
Lab Room: 09F-26L

Course: CSE330-16
Theory Initial: ALB
Theory Day: SAT+THU
Theory Time: 9:30 AM
Theory Room: 10B-13C
Lab Faculty: MNP,SHBK
Lab Day: SUN
Lab Time: 11:00 AM
Lab Room: 09F-26L

Course: CSE330-07
Theory Initial: NAFR
Theory Day: SUN+TUE
Theory Time: 9:30 AM
Theory Room: 09A-06C
Lab Faculty: ALB,MNP
Lab Day: WED
Lab Time: 11:00 AM
Lab Room: 09F-26L

Course: CSE330-02
Theory Initial: AMK
Theory Day: MON+WED
Theory Time: 12:30 PM
Theory Room: 09H-35C
Lab Faculty: ALB,AQU
Lab Day: THU
Lab Time: 2:00 PM
Lab Room: 09F-26L",I don't have reliable information retrieved for this question. Please check with your academic advisor or BRAC University's official resources rather than relying on a guess here.,entity_heavy,rrf,0.9,True,True,False,False,False,0.0251,0.1144,0.0000,0.1396,2026-07-26T23:12:44.662891+00:00,0.0000,0.0150
Q163,adaptive_novel,What day and time is the theory class for CSE472-01?,The theory class for CSE472-01 is on MON+WED at 11:00 AM in room 10C-21C.,"Course: CSE472-01
Theory Initial: FDC
Theory Day: MON+WED
Theory Time: 11:00 AM
Theory Room: 10C-21C
Lab Faculty: UJT,SBB
Lab Day: SUN
Lab Time: 2:00 PM
Lab Room: 12F-31L

Course: CSE443-01
Theory Initial: SWK
Theory Day: SUN+TUE
Theory Time: 8:00 AM
Theory Room: 10A-05C

Course: CSE340-01
Theory Initial: ACH
Theory Day: SUN+TUE
Theory Time: 9:30 AM
Theory Room: 09E-20T

Course: CSE331-01
Theory Initial: NBD
Theory Day: SUN+TUE
Theory Time: 11:00 AM
Theory Room: 09G-31T

Course: CSE425-01
Theory Initial: MMM
Theory Day: SUN+TUE
Theory Time: 8:00 AM
Theory Room: 09E-20T",The theory class for CSE472-01 meets on Monday and Wednesday at 11:00 AM.,entity_heavy,rrf,0.9,False,True,True,False,True,0.0209,0.1264,4.6597,4.8070,2026-07-26T23:12:49.470552+00:00,0.0000,0.0150
Q164,adaptive_novel,What day and time is the theory class for CSE341-02?,The theory class for CSE341-02 is on SUN+TUE at 12:30 PM in room 09H-33C.,"Course: CSE341-02
Theory Initial: RKN
Theory Day: SUN+TUE
Theory Time: 12:30 PM
Theory Room: 09H-33C
Lab Faculty: RAHA,TRZA
Lab Day: SAT
Lab Time: 2:00 PM
Lab Room: 09F-27L

Course: CSE341-01
Theory Initial: RKN
Theory Day: SUN+TUE
Theory Time: 11:00 AM
Theory Room: 09H-33C
Lab Faculty: NHBN,RAHA
Lab Day: SAT
Lab Time: 11:00 AM
Lab Room: 09F-27L

Course: CSE341-03
Theory Initial: RKN
Theory Day: MON+WED
Theory Time: 11:00 AM
Theory Room: 09A-02C
Lab Faculty: CABS,TRZA
Lab Day: THU
Lab Time: 8:00 AM
Lab Room: 09F-27L

Course: CSE341-08
Theory Initial: FFU
Theory Day: SAT+THU
Theory Time: 11:00 AM
Theory Room: 10A-04C
Lab Faculty: RAHA,CABS
Lab Day: SUN
Lab Time: 8:00 AM
Lab Room: 12F-30L

Course: CSE341-05
Theory Initial: UJT
Theory Day: SUN+TUE
Theory Time: 11:00 AM
Theory Room: 10B-15C
Lab Faculty: NHBN,NWT
Lab Day: WED
Lab Time: 8:00 AM
Lab Room: 09F-27L",The theory class for CSE341-02 is held on Sunday and Tuesday at 12:30 PM.,entity_heavy,rrf,0.9,False,True,True,False,True,0.0222,0.1793,4.9028,5.1043,2026-07-26T23:12:54.574896+00:00,0.0000,0.0150
Q165,adaptive_novel,What day and time is the theory class for CSE260-04B?,The theory class for CSE260-04B is on SUN+TUE at 11:00 AM in room 09A-03C.,"Course: CSE260-01B
Theory Initial: DZK
Theory Day: SUN+TUE
Theory Time: 12:30 PM
Theory Room: 09E-20T
Lab Faculty: ADD,DZK
Lab Day: THU
Lab Time: 8:00 AM
Lab Room: FT10-04L

Course: CSE260-04B
Theory Initial: DZK
Theory Day: SUN+TUE
Theory Time: 11:00 AM
Theory Room: 09A-03C
Lab Faculty: NNTN,MAZW
Lab Day: WED
Lab Time: 11:00 AM
Lab Room: FT10-04L

Course: CSE251-04B
Theory Initial: AKJ
Theory Day: SUN+TUE
Theory Time: 12:30 PM
Theory Room: 07H-27C
Lab Faculty: SEF,ALSM
Lab Day: MON
Lab Time: 2:00 PM
Lab Room: 12B-20L

Course: CSE250-04B
Theory Initial: FFR
Theory Day: SUN+TUE
Theory Time: 8:00 AM
Theory Room: 07H-27C
Lab Faculty: MHY,PDS
Lab Day: MON
Lab Time: 11:00 AM
Lab Room: 12B-20L

Course: CSE260-02A
Theory Initial: DZK
Theory Day: SUN+TUE
Theory Time: 12:30 PM
Theory Room: 09E-20T
Lab Faculty: ESF,CABS
Lab Day: THU
Lab Time: 11:00 AM
Lab Room: FT10-03L",The theory class for CSE260-04B meets on Sunday and Tuesday at 11:00 AM.,entity_heavy,rrf,0.9,False,True,True,False,True,0.0187,0.2016,4.9751,5.1956,2026-07-26T23:12:59.770750+00:00,0.0000,0.0150
Q166,adaptive_novel,Who teaches the lab section of CSE321-18?,"The lab section of CSE321-18 is taught by TNF,SVKG.","Course: CSE321-18
Theory Initial: TRZA
Theory Day: MON+WED
Theory Time: 9:30 AM
Theory Room: 09H-33C
Lab Faculty: TNF,SVKG
Lab Day: SAT
Lab Time: 11:00 AM
Lab Room: 10G-32L

Course: CSE321
First Theory Coordinator: BDH
Second Theory Coordinator: SZD
Theory Coordinator Email: badrul.hossain@bracu.ac.bd,shazid.mahbub@bracu.ac.bd
First Lab Coordinator: BDH
Lab Coordinator Email: badrul.hossain@bracu.ac.bd

Course: CSE321-02
Theory Initial: NTR
Theory Day: MON+WED
Theory Time: 11:00 AM
Theory Room: 10B-17C
Lab Faculty: SZD,MAFZ
Lab Day: TUE
Lab Time: 8:00 AM
Lab Room: 10G-32L

Course: CSE321-03
Theory Initial: NTR
Theory Day: MON+WED
Theory Time: 12:30 PM
Theory Room: 10B-17C
Lab Faculty: CTFZ,NMMR
Lab Day: TUE
Lab Time: 11:00 AM
Lab Room: 10G-32L

Course: CSE321-01
Theory Initial: TVRR
Theory Day: SUN+TUE
Theory Time: 9:30 AM
Theory Room: 09A-04C
Lab Faculty: SMUR,CSSD
Lab Day: MON
Lab Time: 11:00 AM
Lab Room: 10G-32L","The lab faculty for CSE321-18 are TNF and SVKG, who teach the lab section on Saturdays at 11:00 AM in room 10G-32L.",entity_heavy,rrf,0.9,False,False,False,False,False,0.0183,0.2317,6.4022,6.6523,2026-07-26T23:13:06.423399+00:00,0.0017,0.0167
Q167,adaptive_novel,Who teaches the lab section of CSE111-07?,"The lab section of CSE111-07 is taught by AFA,ZMD.","Course: CSE111
First Theory Coordinator: TAW
Theory Coordinator Email: tawhid.anwar@bracu.ac.bd
First Lab Coordinator: KNI
Second Lab Coordinator: ADU
Lab Coordinator Email: nazia.iqbal@bracu.ac.bd,ahmed.ruhan@bracu.ac.bd

Course: CSE111-07
Theory Initial: KNI
Theory Day: MON+WED
Theory Time: 11:00 AM
Theory Room: 09A-03C
Lab Faculty: AFA,ZMD
Lab Day: TUE
Lab Time: 11:00 AM
Lab Room: 09B-08L

Course: CSE111-01
Theory Initial: TAW
Theory Day: SUN+TUE
Theory Time: 11:00 AM
Theory Room: 10A-05C
Lab Faculty: TAW,AOHE
Lab Day: WED
Lab Time: 2:00 PM
Lab Room: 12F-32L

Course: CSE111-02
Theory Initial: TAW
Theory Day: SUN+TUE
Theory Time: 12:30 PM
Theory Room: 10A-05C
Lab Faculty: WLV,CAKM
Lab Day: WED
Lab Time: 2:00 PM
Lab Room: 12D-27L

Course: CSE111-03
Theory Initial: TAW
Theory Day: MON+WED
Theory Time: 12:30 PM
Theory Room: 10A-05C
Lab Faculty: TAW,MAF
Lab Day: THU
Lab Time: 11:00 AM
Lab Room: 12F-32L",The lab faculty for the course CSE111-07 is AFA and ZMD.,entity_heavy,rrf,0.9,False,False,False,False,True,0.0189,0.2001,4.5349,4.7541,2026-07-26T23:13:11.177658+00:00,0.0016,0.0166
Q168,adaptive_novel,Who teaches the lab section of CSE260-05A?,"The lab section of CSE260-05A is taught by CSYR,SMDS.","Course: CSE260
First Theory Coordinator: DZK
Theory Coordinator Email: ziaul.karim@bracu.ac.bd
First Lab Coordinator: DZK
Second Lab Coordinator: PBK
Lab Coordinator Email: ziaul.karim@bracu.ac.bd,partha.bhoumik@bracu.ac.bd

Course: CSE260-05A
Theory Initial: NLH
Theory Day: MON+WED
Theory Time: 8:00 AM
Theory Room: 09A-03C
Lab Faculty: CSYR,SMDS
Lab Day: TUE
Lab Time: 8:00 AM
Lab Room: FT10-03L

Course: CSE260-02A
Theory Initial: DZK
Theory Day: SUN+TUE
Theory Time: 12:30 PM
Theory Room: 09E-20T
Lab Faculty: ESF,CABS
Lab Day: THU
Lab Time: 11:00 AM
Lab Room: FT10-03L

Course: CSE260-01A
Theory Initial: DZK
Theory Day: SUN+TUE
Theory Time: 12:30 PM
Theory Room: 09E-20T
Lab Faculty: PBK,SJM
Lab Day: THU
Lab Time: 8:00 AM
Lab Room: FT10-03L

Course: CSE260-01B
Theory Initial: DZK
Theory Day: SUN+TUE
Theory Time: 12:30 PM
Theory Room: 09E-20T
Lab Faculty: ADD,DZK
Lab Day: THU
Lab Time: 8:00 AM
Lab Room: FT10-04L",The lab faculty for CSE260-05A is CSYR and SMDS.,entity_heavy,rrf,0.9,False,False,False,False,True,0.0208,0.2426,4.5755,4.8390,2026-07-26T23:13:16.016910+00:00,0.0016,0.0166
Q169,adaptive_novel,Who teaches the lab section of CSE330-06?,"The lab section of CSE330-06 is taught by ALB,RFTS.","Course: CSE330-06
Theory Initial: MNP
Theory Day: MON+WED
Theory Time: 3:30 PM
Theory Room: 09H-32C
Lab Faculty: ALB,RFTS
Lab Day: TUE
Lab Time: 11:00 AM
Lab Room: 09F-26L

Course: CSE330
First Theory Coordinator: AMK
Second Theory Coordinator: AQU
Theory Coordinator Email: abu.khan@bracu.ac.bd,aquib.azmain@bracu.ac.bd
First Lab Coordinator: NNTN
Second Lab Coordinator: ALB
Lab Coordinator Email: naima.tahsin@bracu.ac.bd,anindita.labonno@bracu.ac.bd

Course: CSE330-02
Theory Initial: AMK
Theory Day: MON+WED
Theory Time: 12:30 PM
Theory Room: 09H-35C
Lab Faculty: ALB,AQU
Lab Day: THU
Lab Time: 2:00 PM
Lab Room: 09F-26L

Course: CSE330-01
Theory Initial: AMK
Theory Day: MON+WED
Theory Time: 11:00 AM
Theory Room: 09H-35C
Lab Faculty: ALB,CTFZ
Lab Day: THU
Lab Time: 11:00 AM
Lab Room: 09F-26L

Course: CSE330-03
Theory Initial: MNP
Theory Day: SUN+TUE
Theory Time: 2:00 PM
Theory Room: 07H-26C
Lab Faculty: SADF,AQU
Lab Day: MON
Lab Time: 2:00 PM
Lab Room: 09F-26L",I don't have reliable information retrieved for this question. Please check with your academic advisor or BRAC University's official resources rather than relying on a guess here.,entity_heavy,rrf,0.9,True,True,False,False,False,0.0176,0.1905,0.0000,0.2081,2026-07-26T23:13:16.224373+00:00,0.0000,0.0150
Q170,adaptive_novel,Who teaches the lab section of CSE260-15A?,"The lab section of CSE260-15A is taught by MDF,NQM.","Course: CSE260-15A
Theory Initial: LMI
Theory Day: SUN+TUE
Theory Time: 8:00 AM
Theory Room: 09C-13C
Lab Faculty: MDF,NQM
Lab Day: SAT
Lab Time: 8:00 AM
Lab Room: FT10-03L

Course: CSE260
First Theory Coordinator: DZK
Theory Coordinator Email: ziaul.karim@bracu.ac.bd
First Lab Coordinator: DZK
Second Lab Coordinator: PBK
Lab Coordinator Email: ziaul.karim@bracu.ac.bd,partha.bhoumik@bracu.ac.bd

Course: CSE260-02A
Theory Initial: DZK
Theory Day: SUN+TUE
Theory Time: 12:30 PM
Theory Room: 09E-20T
Lab Faculty: ESF,CABS
Lab Day: THU
Lab Time: 11:00 AM
Lab Room: FT10-03L

Course: CSE260-01A
Theory Initial: DZK
Theory Day: SUN+TUE
Theory Time: 12:30 PM
Theory Room: 09E-20T
Lab Faculty: PBK,SJM
Lab Day: THU
Lab Time: 8:00 AM
Lab Room: FT10-03L

Initial: MDF
Name: Mr. Mohammad Fahim
Day: Saturday
Scheduled commitments (classes/labs/breaks, not availability): 8:00 AM - CSE260-15A (LAB) MDF,NQM FT10-03L; 9:30 AM - CSE260-15A (LAB) MDF,NQM FT10-03L; 11:00 AM - CSE260-18A (LAB) MDF,NQM FT10-03L; 12:30 PM - CSE260-18A (LAB) MDF,NQM FT10-03L","The instructors for the lab section of CSE260-15A are Mr. Mohammad Fahim and Mr. Nasser Quadir Mallick, also listed as NQM.",entity_heavy,rrf,0.9,False,False,False,False,False,0.0207,0.1325,6.1667,6.3198,2026-07-26T23:13:22.546184+00:00,0.0015,0.0165
Q171,adaptive_novel,Who teaches the lab section of CSE221-19?,"The lab section of CSE221-19 is taught by ARD,ANV.","Course: CSE221-19
Theory Initial: IBA
Theory Day: SUN+TUE
Theory Time: 2:00 PM
Theory Room: 09H-33C
Lab Faculty: ARD,ANV
Lab Day: SAT
Lab Time: 11:00 AM
Lab Room: 09E-22L

Course: CSE221
First Theory Coordinator: FGZ
Second Theory Coordinator: IBA
Theory Coordinator Email: fakhruddin.gazzali@bracu.ac.bd,imran.azad@bracu.ac.bd
First Lab Coordinator: NARC
Second Lab Coordinator: AKHD
Lab Coordinator Email: atonuroy.chowdhury@bracu.ac.bd,ext.abdullah@bracu.ac.bd

Course: CSE221-02
Theory Initial: IBA
Theory Day: MON+WED
Theory Time: 2:00 PM
Theory Room: 09C-16T
Lab Faculty: NARC,NMMR
Lab Day: SUN
Lab Time: 8:00 AM
Lab Room: 09E-22L

Course: CSE221-01
Theory Initial: IBA
Theory Day: MON+WED
Theory Time: 2:00 PM
Theory Room: 09C-16T
Lab Faculty: NMMR,ASRF
Lab Day: SUN
Lab Time: 2:00 PM
Lab Room: 09B-11L

Course: CSE221-03
Theory Initial: IBA
Theory Day: MON+WED
Theory Time: 2:00 PM
Theory Room: 09C-16T
Lab Faculty: MRIA,NAST
Lab Day: SUN
Lab Time: 11:00 AM
Lab Room: 09E-22L",The lab faculty for CSE221-19 are ARD and ANV.,entity_heavy,rrf,0.9,False,False,False,False,False,0.0176,0.2089,4.4881,4.7146,2026-07-26T23:13:27.260763+00:00,0.0016,0.0166
Q172,adaptive_novel,Who teaches the lab section of CSE350-06B?,"The lab section of CSE350-06B is taught by RAO,SHJR.","Course: CSE350-06B
Theory Initial: ZBH
Theory Day: SUN+TUE
Theory Time: 2:00 PM
Theory Room: 09A-07C
Lab Faculty: RAO,SHJR
Lab Day: WED
Lab Time: 11:00 AM
Lab Room: FT10-02L

Course: CSE350
First Theory Coordinator: ZAZ
Second Theory Coordinator: TSE
Theory Coordinator Email: ihzaz.sadik@bracu.ac.bd,tasneem.mazhar@bracu.ac.bd
First Lab Coordinator: TSE
Lab Coordinator Email: tasneem.mazhar@bracu.ac.bd

Course: CSE350-01B
Theory Initial: NUR
Theory Day: SAT+THU
Theory Time: 9:30 AM
Theory Room: 09A-07C
Lab Faculty: SDU,RFQ
Lab Day: SAT
Lab Time: 11:00 AM
Lab Room: FT10-02L

Course: CSE350-02A
Theory Initial: NUR
Theory Day: SAT+THU
Theory Time: 12:30 PM
Theory Room: 09A-07C
Lab Faculty: TSE,SEF
Lab Day: WED
Lab Time: 8:00 AM
Lab Room: FT10-01L

Course: CSE350-01A
Theory Initial: NUR
Theory Day: SAT+THU
Theory Time: 9:30 AM
Theory Room: 09A-07C
Lab Faculty: ARA,SHJR
Lab Day: SAT
Lab Time: 11:00 AM
Lab Room: FT10-01L",The faculty teaching the lab section of CSE350-06B are RAO and SHJR.,entity_heavy,rrf,0.9,False,False,False,False,False,0.0207,0.1530,4.7538,4.9275,2026-07-26T23:13:32.189071+00:00,0.0016,0.0166
Q173,adaptive_novel,Who teaches the lab section of CSE420-23?,"The lab section of CSE420-23 is taught by RKBR,NLAM.","Course: CSE420-23
Theory Initial: MNY
Theory Day: SUN+TUE
Theory Time: 11:00 AM
Theory Room: 10A-04C
Lab Faculty: RKBR,NLAM
Lab Day: SAT
Lab Time: 2:00 PM
Lab Room: 12F-32L

Course: CSE420
First Theory Coordinator: MNY
Second Theory Coordinator: SUE
Theory Coordinator Email: nur.yanhaona@bracu.ac.bd,sukarna.sarkar@bracu.ac.bd
First Lab Coordinator: SUE
Second Lab Coordinator: MNY
Lab Coordinator Email: sukarna.sarkar@bracu.ac.bd,nur.yanhaona@bracu.ac.bd

Course: CSE420-02
Theory Initial: SUE
Theory Day: SUN+TUE
Theory Time: 11:00 AM
Theory Room: 09E-20T
Lab Faculty: RKBR,AKHD
Lab Day: WED
Lab Time: 2:00 PM
Lab Room: 12F-31L

Course: CSE420-03
Theory Initial: SUE
Theory Day: SUN+TUE
Theory Time: 11:00 AM
Theory Room: 09E-20T
Lab Faculty: SMDS,SZD
Lab Day: WED
Lab Time: 11:00 AM
Lab Room: 12F-32L

Course: CSE420-01
Theory Initial: SUE
Theory Day: SUN+TUE
Theory Time: 11:00 AM
Theory Room: 09E-20T
Lab Faculty: RKBR,AKHD
Lab Day: WED
Lab Time: 2:00 PM
Lab Room: 12F-31L",The Lab Faculty for CSE420-23 is RKBR and NLAM.,entity_heavy,rrf,0.9,False,False,False,False,False,0.0210,0.2732,4.3907,4.6850,2026-07-26T23:13:36.874127+00:00,0.0016,0.0166
Q174,adaptive_novel,Who teaches the lab section of CSE427-05?,"The lab section of CSE427-05 is taught by QUZA,ITTSC.","Course: CSE427
First Theory Coordinator: CMR
Second Theory Coordinator: DFD
Theory Coordinator Email: rahman.mofizur@bracu.ac.bd,fabian.dofadar@bracu.ac.bd
First Lab Coordinator: DFD
Second Lab Coordinator: QUZA
Lab Coordinator Email: fabian.dofadar@bracu.ac.bd,quazi.ashikur@bracu.ac.bd

Course: CSE427-05
Theory Initial: QUZA
Theory Day: SUN+TUE
Theory Time: 9:30 AM
Theory Room: 09C-13C
Lab Faculty: QUZA,ITTSC
Lab Day: MON
Lab Time: 11:00 AM
Lab Room: 09F-27L

Course: CSE427-02
Theory Initial: CMR
Theory Day: MON+WED
Theory Time: 12:30 PM
Theory Room: 09C-16T
Lab Faculty: DFD,ADU
Lab Day: TUE
Lab Time: 2:00 PM
Lab Room: 09F-27L

Course: CSE427-03
Theory Initial: CMR
Theory Day: MON+WED
Theory Time: 12:30 PM
Theory Room: 09C-16T
Lab Faculty: ITTSC,RKBM
Lab Day: SUN
Lab Time: 8:00 AM
Lab Room: 09F-27L

Course: CSE427-01
Theory Initial: CMR
Theory Day: MON+WED
Theory Time: 12:30 PM
Theory Room: 09C-16T
Lab Faculty: DFD,ADU
Lab Day: SUN
Lab Time: 2:00 PM
Lab Room: 09F-27L",The Lab Faculty for the course CSE427-05 is QUZA and ITTSC.,entity_heavy,rrf,0.9,False,True,True,False,True,0.0189,0.1763,4.6558,4.8511,2026-07-26T23:13:41.725868+00:00,0.0000,0.0150
Q175,adaptive_novel,Who teaches the lab section of CSE260-19B?,"The lab section of CSE260-19B is taught by CMHQ,CABS.","Course: CSE260-19B
Theory Initial: TWK
Theory Day: SUN+TUE
Theory Time: 2:00 PM
Theory Room: 09A-02C
Lab Faculty: CMHQ,CABS
Lab Day: SAT
Lab Time: 2:00 PM
Lab Room: FT10-04L

Course: CSE260
First Theory Coordinator: DZK
Theory Coordinator Email: ziaul.karim@bracu.ac.bd
First Lab Coordinator: DZK
Second Lab Coordinator: PBK
Lab Coordinator Email: ziaul.karim@bracu.ac.bd,partha.bhoumik@bracu.ac.bd

Course: CSE260-01B
Theory Initial: DZK
Theory Day: SUN+TUE
Theory Time: 12:30 PM
Theory Room: 09E-20T
Lab Faculty: ADD,DZK
Lab Day: THU
Lab Time: 8:00 AM
Lab Room: FT10-04L

Course: CSE260-01A
Theory Initial: DZK
Theory Day: SUN+TUE
Theory Time: 12:30 PM
Theory Room: 09E-20T
Lab Faculty: PBK,SJM
Lab Day: THU
Lab Time: 8:00 AM
Lab Room: FT10-03L

Course: CSE260-02A
Theory Initial: DZK
Theory Day: SUN+TUE
Theory Time: 12:30 PM
Theory Room: 09E-20T
Lab Faculty: ESF,CABS
Lab Day: THU
Lab Time: 11:00 AM
Lab Room: FT10-03L",The faculty members who teach the lab section of CSE260-19B are CMHQ and CABS.,entity_heavy,rrf,0.9,False,False,False,False,False,0.0180,0.2134,4.9788,5.2102,2026-07-26T23:13:46.936047+00:00,0.0016,0.0166
Q176,adaptive_novel,Who teaches the lab section of CSE422-04?,"The lab section of CSE422-04 is taught by RSS,NFF.","Course: CSE422
First Theory Coordinator: TRZ
Theory Coordinator Email: tanzim.reza@bracu.ac.bd
First Lab Coordinator: ZHS
Lab Coordinator Email: shoumo.hasan@bracu.ac.bd

Course: CSE422-02
Theory Initial: ZHS
Theory Day: MON+WED
Theory Time: 8:00 AM
Theory Room: 09E-20T
Lab Faculty: SHAH,YND
Lab Day: TUE
Lab Time: 11:00 AM
Lab Room: 09B-11L

Course: CSE422-01
Theory Initial: ZHS
Theory Day: MON+WED
Theory Time: 8:00 AM
Theory Room: 09E-20T
Lab Faculty: ZHS,NFF
Lab Day: TUE
Lab Time: 8:00 AM
Lab Room: 09B-11L

Course: CSE422-03
Theory Initial: ZHS
Theory Day: MON+WED
Theory Time: 8:00 AM
Theory Room: 09E-20T
Lab Faculty: PLN,MHDE
Lab Day: THU
Lab Time: 2:00 PM
Lab Room: 09B-10L

Course: CSE422
Prerequisite: CSE221 (HP)
Full Prerequisite Chain: CSE221-CSE220-CSE111-CSE110","Unfortunately, there is no information available about a course called ""CSE422-04"" in the retrieved context.",entity_heavy,rrf,0.9,False,False,False,False,True,0.0199,0.1885,4.9594,5.1678,2026-07-26T23:13:52.104373+00:00,0.0017,0.0167
Q177,adaptive_novel,Who teaches the lab section of CSE471-15?,"The lab section of CSE471-15 is taught by PLN,ART.","Course: CSE471-15
Theory Initial: NAHC
Theory Day: SAT+THU
Theory Time: 11:00 AM
Theory Room: 09D-18C
Lab Faculty: PLN,ART
Lab Day: TUE
Lab Time: 2:00 PM
Lab Room: 09F-25L

Course: CSE471
First Theory Coordinator: MIH
Theory Coordinator Email: iqbal.hossain@bracu.ac.bd
First Lab Coordinator: AQU
Lab Coordinator Email: aquib.azmain@bracu.ac.bd

Course: CSE471-02
Theory Initial: AQU
Theory Day: SAT+THU
Theory Time: 12:30 PM
Theory Room: 09C-16T
Lab Faculty: KZMN,WHMJ
Lab Day: SUN
Lab Time: 2:00 PM
Lab Room: 09F-25L

Course: CSE471-01
Theory Initial: AQU
Theory Day: SAT+THU
Theory Time: 12:30 PM
Theory Room: 09C-16T
Lab Faculty: SADA,WHMJ
Lab Day: SUN
Lab Time: 11:00 AM
Lab Room: 09F-25L

Course: CSE471-03
Theory Initial: AQU
Theory Day: SAT+THU
Theory Time: 12:30 PM
Theory Room: 09C-16T
Lab Faculty: SADA,WHMJ
Lab Day: MON
Lab Time: 11:00 AM
Lab Room: 09F-25L",The lab faculty for CSE471-15 are PLN and ART.,entity_heavy,rrf,0.9,False,False,False,False,False,0.0186,0.1655,4.3067,4.4909,2026-07-26T23:13:56.595322+00:00,0.0016,0.0166
Q178,adaptive_novel,Who teaches the lab section of CSE423-05?,"The lab section of CSE423-05 is taught by MAHS,ZLNM.","Course: CSE423
First Theory Coordinator: TMD
Second Theory Coordinator: SMUR
Theory Coordinator Email: tamkin.mahmud@bracu.ac.bd,rahman.samiur@bracu.ac.bd
First Lab Coordinator: SRU
Lab Coordinator Email: shakir.rouf@bracu.ac.bd

Course: CSE423-03
Theory Initial: TMD
Theory Day: MON+WED
Theory Time: 2:00 PM
Theory Room: 09A-02C
Lab Faculty: MVH,FDZ
Lab Day: SAT
Lab Time: 11:00 AM
Lab Room: 12D-27L

Course: CSE423-02
Theory Initial: TMD
Theory Day: SUN+TUE
Theory Time: 2:00 PM
Theory Room: 09H-32C
Lab Faculty: MAHS,ZLNM
Lab Day: WED
Lab Time: 2:00 PM
Lab Room: 10E-27L

Course: CSE423-01
Theory Initial: TMD
Theory Day: SUN+TUE
Theory Time: 3:30 PM
Theory Room: 09H-32C
Lab Faculty: SOSB,MAHS
Lab Day: WED
Lab Time: 11:00 AM
Lab Room: 12D-27L

Course: CSE423
Prerequisite: MAT216 (HP)
Full Prerequisite Chain: MAT216-MAT120-MAT110","Unfortunately, there is no information in the retrieved context about a course called ""CSE423-05"", so it is not possible to determine who teaches its lab section.",entity_heavy,rrf,0.9,False,True,True,False,True,0.0215,0.2634,5.9467,6.2317,2026-07-26T23:14:02.827502+00:00,0.0000,0.0150
Q179,adaptive_novel,Who teaches the lab section of CSE420-13?,"The lab section of CSE420-13 is taught by SUE,NFMK.","Course: CSE420
First Theory Coordinator: MNY
Second Theory Coordinator: SUE
Theory Coordinator Email: nur.yanhaona@bracu.ac.bd,sukarna.sarkar@bracu.ac.bd
First Lab Coordinator: SUE
Second Lab Coordinator: MNY
Lab Coordinator Email: sukarna.sarkar@bracu.ac.bd,nur.yanhaona@bracu.ac.bd

Course: CSE420-02
Theory Initial: SUE
Theory Day: SUN+TUE
Theory Time: 11:00 AM
Theory Room: 09E-20T
Lab Faculty: RKBR,AKHD
Lab Day: WED
Lab Time: 2:00 PM
Lab Room: 12F-31L

Course: CSE420-01
Theory Initial: SUE
Theory Day: SUN+TUE
Theory Time: 11:00 AM
Theory Room: 09E-20T
Lab Faculty: RKBR,AKHD
Lab Day: WED
Lab Time: 2:00 PM
Lab Room: 12F-31L

Course: CSE420-03
Theory Initial: SUE
Theory Day: SUN+TUE
Theory Time: 11:00 AM
Theory Room: 09E-20T
Lab Faculty: SMDS,SZD
Lab Day: WED
Lab Time: 11:00 AM
Lab Room: 12F-32L

Initial: NFMK
Name: Md. Saif Mokarrom
Day: Wednesday
Scheduled commitments (classes/labs/breaks, not availability): 8:00 AM - CSE420-10 (LAB) SUE,NFMK 12F-32L,CSE420-13 (LAB) SUE,NFMK 12F-32L; 9:30 AM - CSE420-10 (LAB) SUE,NFMK 12F-32L,CSE420-13 (LAB) SUE,NFMK 12F-32L; 11:00 AM - Consultation; 12:30 PM - Consultation; 2:00 PM - CSE330-10 (LAB) NFMK,NARC 09F-26L; 3:30 PM - CSE330-10 (LAB) NFMK,NARC 09F-26L; 5:00 PM - Consultation","The Lab Faculty for CSE420-13 is SUE and NFMK, but since NFMK is listed as one of the individuals rather than a faculty member specifically mentioned as teaching this course, it appears to be primarily taught by SUE with assistance from another person.",entity_heavy,rrf,0.9,False,False,False,False,True,0.0194,0.2330,9.3361,9.5885,2026-07-26T23:14:12.416402+00:00,0.0016,0.0166
Q180,adaptive_novel,Who teaches the lab section of CSE101-05?,"The lab section of CSE101-05 is taught by CMHH,SLAR.","Course: CSE101
First Theory Coordinator: RBR
Theory Coordinator Email: rakin.rabbani@bracu.ac.bd
First Lab Coordinator: RBR
Second Lab Coordinator: SLAR
Lab Coordinator Email: rakin.rabbani@bracu.ac.bd,ext.sadiul.rafi@bracu.ac.bd

Course: CSE101-05
Theory Initial: SBHN
Theory Day: SUN+TUE
Theory Time: 3:30 PM
Theory Room: 09A-06C
Lab Faculty: CMHH,SLAR
Lab Day: SAT
Lab Time: 8:00 AM
Lab Room: FT11-03L

Course: CSE101-02
Theory Initial: SBHN
Theory Day: SUN+TUE
Theory Time: 2:00 PM
Theory Room: 09A-06C
Lab Faculty: RBR,ANV
Lab Day: MON
Lab Time: 2:00 PM
Lab Room: FT11-04L

Course: CSE101-01
Theory Initial: NZRF
Theory Day: MON+WED
Theory Time: 3:30 PM
Theory Room: 09H-35C
Lab Faculty: SBHN,ESF
Lab Day: SUN
Lab Time: 11:00 AM
Lab Room: FT11-03L

Course: CSE101-03
Theory Initial: RBR
Theory Day: SUN+TUE
Theory Time: 11:00 AM
Theory Room: 09B-12C
Lab Faculty: ESF,ANV
Lab Day: WED
Lab Time: 2:00 PM
Lab Room: FT11-03L",The Lab Faculty for CSE101-05 is CMHH and SLAR.,entity_heavy,rrf,0.9,False,True,True,False,True,0.0174,0.2252,4.3816,4.6243,2026-07-26T23:14:17.040809+00:00,0.0000,0.0150
Q181,adaptive_novel,Which room is Anika Tasnim in?,Anika Tasnim is in room 4F.,"Initial: ANT
Name: Anika Tasnim
Designation: C. Lecturer
Status: Contractual
Room: 4F
Email: ext.anika.tasnim@bracu.ac.bd

Initial: STNM
Name: Sanjida Tasnim
Designation: Lecturer
Status: Full Time
Room: 4K70
Email: sanjida.tasnim@bracu.ac.bd

Initial: TAP
Name: Ms. Tasnim Ahsan Prome
Designation: Lecturer
Status: Full Time
Room: 4K83
Email: tasnim.ahsan@bracu.ac.bd

Initial: UPM
Name: Tasnim Sobhan Upoma
Designation: Lecturer
Status: Full Time
Room: 4N141
Email: tasnim.upoma@bracu.ac.bd

Initial: ANKH
Name: Anika Ahmed
Designation: Lecturer
Status: Full Time
Room: 4K72
Email: anika.ahmed@bracu.ac.bd",I don't have reliable information retrieved for this question. Please check with your academic advisor or BRAC University's official resources rather than relying on a guess here.,open_ended,linear,0.5,True,True,False,False,False,0.0177,0.0972,0.0000,0.1150,2026-07-26T23:14:17.154729+00:00,0.2181,0.5000
Q182,adaptive_novel,What is Dr. Md. Shafiul Alam Shuvo's email?,Dr. Md. Shafiul Alam Shuvo's email is ext.shafiul.shuvo@bracu.ac.bd.,"Initial: SAS
Name: Dr. Md. Shafiul Alam Shuvo
Designation: C. Professor
Status: Contractual
Room: 4G15
Email: ext.shafiul.shuvo@bracu.ac.bd

Initial: ASA
Name: Dr. Md. Ashraful Alam
Designation: Associate Professor
Status: Full Time
Room: 4G24
Email: ashraful.alam@bracu.ac.bd

Initial: GRA
Name: Dr. Md. Golam Rabiul Alam
Designation: Professor
Status: Full Time
Room: 4G23
Email: rabiul.alam@bracu.ac.bd

Initial: SAS
Name: Dr. Md. Shafiul Alam Shuvo
Day: Thursday
Scheduled commitments (classes/labs/breaks, not availability): 6:00 PM - CSE758-01 08F-21C; 7:30 PM - CSE758-01 08F-21C

Initial: SHBZ
Name: Dr. Md Shamsuzzoha Bayzid
Designation: C. Professor
Status: Contractual
Room: 4G15
Email: ext.shams.bayzid@bracu.ac.bd",I don't have reliable information retrieved for this question. Please check with your academic advisor or BRAC University's official resources rather than relying on a guess here.,open_ended,linear,0.5,True,True,False,False,False,0.0258,0.0789,0.0000,0.1047,2026-07-26T23:14:17.255912+00:00,0.1870,0.7838
Q183,adaptive_novel,Which room is Mr. Md. Tawhid Anwar in?,Mr. Md. Tawhid Anwar is in room 4G03.,"Initial: TAW
Name: Mr. Md. Tawhid Anwar
Designation: Senior Lecturer
Status: Full Time
Room: 4G03
Email: tawhid.anwar@bracu.ac.bd

Initial: TAW
Name: Mr. Md. Tawhid Anwar
Day: Thursday
Scheduled commitments (classes/labs/breaks, not availability): 9:30 AM - Consultation; 11:00 AM - CSE111-03 (LAB) TAW,MAF 12F-32L; 12:30 PM - CSE111-03 (LAB) TAW,MAF 12F-32L

Initial: TAW
Name: Mr. Md. Tawhid Anwar
Day: Sunday
Scheduled commitments (classes/labs/breaks, not availability): 9:30 AM - Consultation; 11:00 AM - CSE111-01 10A-05C; 12:30 PM - CSE111-02 10A-05C

Initial: TAW
Name: Mr. Md. Tawhid Anwar
Day: Monday
Scheduled commitments (classes/labs/breaks, not availability): 9:30 AM - Consultation; 11:00 AM - CSE110-05 10A-05C; 12:30 PM - CSE111-03 10A-05C

Initial: TAW
Name: Mr. Md. Tawhid Anwar
Day: Tuesday
Scheduled commitments (classes/labs/breaks, not availability): 9:30 AM - Consultation; 11:00 AM - CSE111-01 10A-05C; 12:30 PM - CSE111-02 10A-05C",I don't have reliable information retrieved for this question. Please check with your academic advisor or BRAC University's official resources rather than relying on a guess here.,open_ended,linear,0.5,True,True,False,False,False,0.0203,0.1187,0.0000,0.1390,2026-07-26T23:14:17.398355+00:00,0.1903,0.8008
Q184,adaptive_novel,What is Atonu Roy Chowdhury's email?,Atonu Roy Chowdhury's email is atonuroy.chowdhury@bracu.ac.bd.,"Initial: NARC
Name: Atonu Roy Chowdhury
Designation: Lecturer
Status: Full Time
Room: 4P192
Email: atonuroy.chowdhury@bracu.ac.bd

Initial: NARC
Name: Atonu Roy Chowdhury
Day: Thursday
Scheduled commitments (classes/labs/breaks, not availability): 12:30 PM - Consultation; 2:00 PM - CSE330-18 07D-20C; 3:30 PM - CSE330-19 07D-20C

Initial: NARC
Name: Atonu Roy Chowdhury
Day: Sunday
Scheduled commitments (classes/labs/breaks, not availability): 8:00 AM - CSE221-02 (LAB) NARC,NMMR 09E-22L; 11:00 AM - Consultation; 12:30 PM - Consultation

Initial: NARC
Name: Atonu Roy Chowdhury
Day: Saturday
Scheduled commitments (classes/labs/breaks, not availability): 8:00 AM - CSE221-05 (LAB) NARC,FBAW 09B-08L; 11:00 AM - CSE221-13 (LAB) NARC,NMMR 09B-10L; 2:00 PM - CSE330-18 07D-20C; 3:30 PM - CSE330-19 07D-20C

Initial: NARC
Name: Atonu Roy Chowdhury
Day: Wednesday
Scheduled commitments (classes/labs/breaks, not availability): 12:30 PM - Consultation; 2:00 PM - CSE330-10 (LAB) NFMK,NARC 09F-26L",I don't have reliable information retrieved for this question. Please check with your academic advisor or BRAC University's official resources rather than relying on a guess here.,open_ended,linear,0.5,True,True,False,False,False,0.0208,0.1153,0.0000,0.1361,2026-07-26T23:14:17.536121+00:00,0.1767,0.7819
Q185,adaptive_novel,What is Aunon Halder's email?,Aunon Halder's email is ext.aunon.halder@bracu.ac.bd.,"Initial: ANNH
Name: Aunon Halder
Designation: C. Lecturer
Status: Contractual
Room: 4F
Email: ext.aunon.halder@bracu.ac.bd

Initial: ANNH
Name: Aunon Halder
Day: Sunday
Scheduled commitments (classes/labs/breaks, not availability): 2:00 PM - Consultation; 3:30 PM - CSE370-02 10A-05C

Initial: ANNH
Name: Aunon Halder
Day: Tuesday
Scheduled commitments (classes/labs/breaks, not availability): 2:00 PM - Consultation; 3:30 PM - CSE370-02 10A-05C

Initial: ANNH
Name: Aunon Halder
Day: Thursday
Scheduled commitments (classes/labs/breaks, not availability): 8:00 AM - CSE330-11 09A-04C; 9:30 AM - Consultation; 11:00 AM - CSE110-15 (LAB) MVH,ANNH 09B-09L; 12:30 PM - CSE110-15 (LAB) MVH,ANNH 09B-09L

Initial: ANNH
Name: Aunon Halder
Day: Saturday
Scheduled commitments (classes/labs/breaks, not availability): 8:00 AM - CSE330-11 09A-04C; 9:30 AM - Consultation; 11:00 AM - CSE330-12 (LAB) SHBK,ANNH 09F-26L; 12:30 PM - CSE330-12 (LAB) SHBK,ANNH 09F-26L; 2:00 PM - CSE330-13 (LAB) NMP,ANNH 09F-26L; 3:30 PM - CSE330-13 (LAB) NMP,ANNH 09F-26L",I don't have reliable information retrieved for this question. Please check with your academic advisor or BRAC University's official resources rather than relying on a guess here.,open_ended,linear,0.5,True,True,False,False,False,0.0163,0.1468,0.0000,0.1631,2026-07-26T23:14:17.700483+00:00,0.1991,0.7562
Q186,adaptive_novel,What is BIJS's designation?,Bijoy Ahmed Saiem (BIJS) is a Lecturer.,"Initial: BIJS
Name: Bijoy Ahmed Saiem
Designation: Lecturer
Status: Full Time
Room: 4M130
Email: bijoy.saiem@bracu.ac.bd

Initial: BIJS
Name: Bijoy Ahmed Saiem
Day: Monday
Scheduled commitments (classes/labs/breaks, not availability): 8:00 AM - CSE370-12 09A-06C

Initial: BIJS
Name: Bijoy Ahmed Saiem
Day: Wednesday
Scheduled commitments (classes/labs/breaks, not availability): 8:00 AM - CSE370-12 09A-06C

Initial: BIJS
Name: Bijoy Ahmed Saiem
Day: Sunday
Scheduled commitments (classes/labs/breaks, not availability): 8:00 AM - CSE421-19 09H-32C; 9:30 AM - CSE421-18 09H-32C

Initial: BIJS
Name: Bijoy Ahmed Saiem
Day: Tuesday
Scheduled commitments (classes/labs/breaks, not availability): 8:00 AM - CSE421-19 09H-32C; 9:30 AM - CSE421-18 09H-32C",I don't have reliable information retrieved for this question. Please check with your academic advisor or BRAC University's official resources rather than relying on a guess here.,open_ended,linear,0.5,True,True,False,False,False,0.0169,0.0567,0.0000,0.0736,2026-07-26T23:14:17.771516+00:00,0.1697,0.7616
Q187,adaptive_novel,What is FEK's designation?,Farden Ehsan Khan (FEK) is a Lecturer.,"Initial: FEK
Name: Farden Ehsan Khan
Designation: Lecturer
Status: Full Time
Room: 4M117
Email: farden.khan@bracu.ac.bd

Initial: FEK
Name: Farden Ehsan Khan
Day: Thursday
Scheduled commitments (classes/labs/breaks, not availability): 9:30 AM - Consultation By Appointment; 11:00 AM - CSE370-02 (LAB) FEK,MAU 12F-30L; 12:30 PM - CSE370-02 (LAB) FEK,MAU 12F-30L; 2:00 PM - CSE370-05 (LAB) FEK,MRIA 12F-30L; 3:30 PM - CSE370-05 (LAB) FEK,MRIA 12F-30L

Initial: FEK
Name: Farden Ehsan Khan
Day: Wednesday
Scheduled commitments (classes/labs/breaks, not availability): 9:30 AM - CSE370-08 09D-17C; 11:00 AM - CSE111-05 (LAB) AFA,FEK 09B-10L; 12:30 PM - CSE111-05 (LAB) AFA,FEK 09B-10L; 2:00 PM - CSE370-06 08H-22C

Course: CSE370
First Theory Coordinator: FEK
Theory Coordinator Email: farden.khan@bracu.ac.bd
First Lab Coordinator: FEK
Lab Coordinator Email: farden.khan@bracu.ac.bd

Course: CSE370-05
Theory Initial: FEK
Theory Day: SUN+TUE
Theory Time: 2:00 PM
Theory Room: 09A-05C
Lab Faculty: FEK,MRIA
Lab Day: THU
Lab Time: 2:00 PM
Lab Room: 12F-30L",I don't have reliable information retrieved for this question. Please check with your academic advisor or BRAC University's official resources rather than relying on a guess here.,open_ended,linear,0.5,True,True,False,False,False,0.0135,0.1988,0.0000,0.2124,2026-07-26T23:14:17.986105+00:00,0.0187,0.7270
Q188,adaptive_novel,Which room is Dr. Matin Saad Abdullah in?,Dr. Matin Saad Abdullah is in room 4G04.,"Initial: MSA
Name: Dr. Matin Saad Abdullah
Designation: Professor
Status: Full Time
Room: 4G04
Email: mabdullah@bracu.ac.bd

Initial: MSA
Name: Dr. Matin Saad Abdullah
Day: Saturday
Scheduled commitments (classes/labs/breaks, not availability): 2:00 PM - CSE490A-01 09A-04C; 3:30 PM - CSE490A-01 09A-04C

Initial: AKHD
Name: Abdullah Khondoker
Designation: C. Lecturer
Status: Contractual
Room: 4F
Email: ext.abdullah@bracu.ac.bd

Initial: SADF
Name: Saadat Rafid Ahmed
Designation: Lecturer
Status: Full Time
Room: 4J51
Email: saadat.ahmed@bracu.ac.bd

Initial: MSAH
Name: Dr. Md. Sakir Hossain
Designation: Associate Professor
Status: Full Time
Room: 4G17
Email: sakir.hossain@bracu.ac.bd",I don't have reliable information retrieved for this question. Please check with your academic advisor or BRAC University's official resources rather than relying on a guess here.,open_ended,linear,0.5,True,True,False,False,False,0.0165,0.0862,0.0000,0.1028,2026-07-26T23:14:18.086535+00:00,0.1303,0.7684
Q189,adaptive_novel,What is Mr. Dewan Ziaul Karim's email?,Mr. Dewan Ziaul Karim's email is ziaul.karim@bracu.ac.bd.,"Initial: DZK
Name: Mr. Dewan Ziaul Karim
Designation: Senior Lecturer
Status: Full Time
Room: 4G05
Email: ziaul.karim@bracu.ac.bd

Initial: DZK
Name: Mr. Dewan Ziaul Karim
Day: Sunday
Scheduled commitments (classes/labs/breaks, not availability): 11:00 AM - CSE260-04A 09A-03C,CSE260-04B 09A-03C; 12:30 PM - CSE260-01A 09E-20T ,CSE260-01B 09E-20T ,CSE260-02A 09E-20T ,CSE260-02B 09E-20T ,CSE260-03A 09E-20T ,CSE260-03B 09E-20T; 2:00 PM - Consultation

Initial: DZK
Name: Mr. Dewan Ziaul Karim
Day: Tuesday
Scheduled commitments (classes/labs/breaks, not availability): 11:00 AM - CSE260-04A 09A-03C,CSE260-04B 09A-03C; 12:30 PM - CSE260-01A 09E-20T ,CSE260-01B 09E-20T ,CSE260-02A 09E-20T ,CSE260-02B 09E-20T ,CSE260-03A 09E-20T ,CSE260-03B 09E-20T; 2:00 PM - Consultation

Initial: DZK
Name: Mr. Dewan Ziaul Karim
Day: Saturday
Scheduled commitments (classes/labs/breaks, not availability): 11:00 AM - Consultation; 12:30 PM - Consultation

Course: CSE260
First Theory Coordinator: DZK
Theory Coordinator Email: ziaul.karim@bracu.ac.bd
First Lab Coordinator: DZK
Second Lab Coordinator: PBK
Lab Coordinator Email: ziaul.karim@bracu.ac.bd,partha.bhoumik@bracu.ac.bd",I don't have reliable information retrieved for this question. Please check with your academic advisor or BRAC University's official resources rather than relying on a guess here.,open_ended,linear,0.5,True,True,False,False,False,0.0187,0.1578,0.0000,0.1765,2026-07-26T23:14:18.259173+00:00,0.1465,0.7999
Q190,adaptive_novel,What is Dr. Chowdhury Mofizur Rahman's email?,Dr. Chowdhury Mofizur Rahman's email is rahman.mofizur@bracu.ac.bd.,"Initial: CMR
Name: Dr. Chowdhury Mofizur Rahman
Designation: Professor
Status: Full Time
Room: 4G18
Email: rahman.mofizur@bracu.ac.bd

Initial: CMR
Name: Dr. Chowdhury Mofizur Rahman
Day: Monday
Scheduled commitments (classes/labs/breaks, not availability): 12:30 PM - CSE427-01 09C-16T,CSE427-02 09C-16T,CSE427-03 09C-16T

Initial: CMR
Name: Dr. Chowdhury Mofizur Rahman
Day: Wednesday
Scheduled commitments (classes/labs/breaks, not availability): 12:30 PM - CSE427-01 09C-16T,CSE427-02 09C-16T,CSE427-03 09C-16T

Initial: KHR
Name: Dr. Md. Khalilur Rahman
Designation: Professor
Status: Full Time
Room: 4G08
Email: khalilur@bracu.ac.bd

Initial: RFR
Name: Md. Rifat Rahman
Designation: Lecturer
Status: Full Time
Room: 4N164
Email: rifat.rahman@bracu.ac.bd",Dr. Chowdhury Mofizur Rahman's email address is rahman.mofizur@bracu.ac.bd.,open_ended,linear,0.5,False,False,False,False,False,0.0206,0.0744,5.4880,5.5830,2026-07-26T23:14:23.850688+00:00,0.2245,0.8434
Q191,adaptive_novel,What is FDZ's designation?,Fardin Zaman (FDZ) is a C. Lecturer.,"Initial: FDZ
Name: Fardin Zaman
Designation: C. Lecturer
Status: Contractual
Room: 4F
Email: ext.fardin.zaman@bracu.ac.bd

Initial: FDZ
Name: Fardin Zaman
Day: Sunday
Scheduled commitments (classes/labs/breaks, not availability): 8:00 AM - CSE260-22A (LAB) FDZ,SMDS FT10-03L; 9:30 AM - CSE260-22A (LAB) FDZ,SMDS FT10-03L

Initial: FDZ
Name: Fardin Zaman
Day: Wednesday
Scheduled commitments (classes/labs/breaks, not availability): 8:00 AM - CSE260-03A (LAB) FDZ,NRT FT10-03L; 9:30 AM - CSE260-03A (LAB) FDZ,NRT FT10-03L

Initial: FDZ
Name: Fardin Zaman
Day: Saturday
Scheduled commitments (classes/labs/breaks, not availability): 8:00 AM - CSE422-20 (LAB) RRH,FDZ 09E-21L; 9:30 AM - CSE422-20 (LAB) RRH,FDZ 09E-21L; 11:00 AM - CSE423-03 (LAB) MVH,FDZ 12D-27L,CSE423-04 (LAB) MVH,FDZ 12D-27L; 12:30 PM - CSE423-03 (LAB) MVH,FDZ 12D-27L,CSE423-04 (LAB) MVH,FDZ 12D-27L

Initial: NRT
Name: Nusrat Zaman Raya
Day: Wednesday
Scheduled commitments (classes/labs/breaks, not availability): 8:00 AM - CSE260-03A (LAB) FDZ,NRT FT10-03L; 9:30 AM - CSE260-03A (LAB) FDZ,NRT FT10-03L; 11:00 AM - CSE470-02 07F-22C; 12:30 PM - CSE321-19 07D-20C; 2:00 PM - Consultation; 3:30 PM - Consultation; 5:00 PM - Consultation",I don't have reliable information retrieved for this question. Please check with your academic advisor or BRAC University's official resources rather than relying on a guess here.,open_ended,linear,0.5,True,True,False,False,False,0.0180,0.2097,0.0000,0.2277,2026-07-26T23:14:24.078337+00:00,0.0277,0.7284
Q192,adaptive_novel,What is FYS's designation?,Dr. Farig Yousuf Sadeque (FYS) is a Associate Professor.,"Initial: FYS
Name: Dr. Farig Yousuf Sadeque
Designation: Associate Professor
Status: Full Time
Room: 4G29
Email: farig.sadeque@bracu.ac.bd

Initial: FYS
Name: Dr. Farig Yousuf Sadeque
Day: Sunday
Scheduled commitments (classes/labs/breaks, not availability): 2:00 PM - CSE440-01 09C-16T

Initial: FYS
Name: Dr. Farig Yousuf Sadeque
Day: Tuesday
Scheduled commitments (classes/labs/breaks, not availability): 2:00 PM - CSE440-01 09C-16T; 6:00 PM - CSE751-01 08F-18C; 7:30 PM - CSE751-01 08F-18C

Course: CSE440
First Theory Coordinator: FYS
Theory Coordinator Email: farig.sadeque@bracu.ac.bd

Course: CSE751-01
Theory Initial: FYS
Theory Day: TUE+TUE
Theory Time: 6:00 PM+7:30 PM
Theory Room: 08F-18C",I don't have reliable information retrieved for this question. Please check with your academic advisor or BRAC University's official resources rather than relying on a guess here.,open_ended,linear,0.5,True,True,False,False,False,0.0138,0.1400,0.0000,0.1538,2026-07-26T23:14:24.227537+00:00,0.1485,0.7217
Q193,adaptive_novel,What is Mr. Md. Shamim Mia's email?,Mr. Md. Shamim Mia's email is shamim.mia@bracu.ac.bd.,"Initial: MSMA
Name: Mr. Md. Shamim Mia
Designation: Lecturer
Status: Full Time
Room: 4M110
Email: shamim.mia@bracu.ac.bd

Initial: MSMA
Name: Mr. Md. Shamim Mia
Day: Monday
Scheduled commitments (classes/labs/breaks, not availability): 11:00 AM - Consultation; 12:30 PM - CSE421-12 09A-03C; 2:00 PM - Consultation; 3:30 PM - CSE421-13 09A-04C

Initial: MSMA
Name: Mr. Md. Shamim Mia
Day: Wednesday
Scheduled commitments (classes/labs/breaks, not availability): 11:00 AM - Consultation; 12:30 PM - CSE421-12 09A-03C; 2:00 PM - Consultation; 3:30 PM - CSE421-13 09A-04C

Course: CSE421
First Theory Coordinator: MSMA
Second Theory Coordinator: NDT
Theory Coordinator Email: shamim.mia@bracu.ac.bd,nirjhor.datta@bracu.ac.bd
First Lab Coordinator: SRJ
Second Lab Coordinator: MSMA
Lab Coordinator Email: seraj.mehnaz@bracu.ac.bd,shamim.mia@bracu.ac.bd

Initial: RAS
Name: Md. Rasel Mia
Designation: Lecturer
Status: Full Time
Room: 4N149
Email: rasel.mia@bracu.ac.bd",I don't have reliable information retrieved for this question. Please check with your academic advisor or BRAC University's official resources rather than relying on a guess here.,open_ended,linear,0.5,True,True,False,False,False,0.0193,0.1099,0.0000,0.1293,2026-07-26T23:14:24.362520+00:00,0.2298,0.7897
Q194,adaptive_novel,What is MVH's designation?,Mohammad Naveed Hossain (MVH) is a Lecturer.,"Initial: MVH
Name: Mohammad Naveed Hossain
Designation: Lecturer
Status: Full Time
Room: 4M113
Email: mohammad.naveed@bracu.ac.bd

Initial: MVH
Name: Mohammad Naveed Hossain
Day: Sunday
Scheduled commitments (classes/labs/breaks, not availability): 11:00 AM - CSE423-22 (LAB) SMUR,MVH 12D-27L,CSE423-23 (LAB) SMUR,MVH 12D-27L; 12:30 PM - CSE423-22 (LAB) SMUR,MVH 12D-27L,CSE423-23 (LAB) SMUR,MVH 12D-27L; 2:00 PM - Consultation; 3:30 PM - Consultation

Initial: MVH
Name: Mohammad Naveed Hossain
Day: Wednesday
Scheduled commitments (classes/labs/breaks, not availability): 8:00 AM - CSE110-09 (LAB) MVH,FZN 09B-09L; 9:30 AM - CSE110-09 (LAB) MVH,FZN 09B-09L; 11:00 AM - Consultation; 12:30 PM - Consultation; 2:00 PM - CSE110-13 (LAB) MVH,AAF 09B-08L; 3:30 PM - CSE110-13 (LAB) MVH,AAF 09B-08L

Initial: MVH
Name: Mohammad Naveed Hossain
Day: Saturday
Scheduled commitments (classes/labs/breaks, not availability): 8:00 AM - CSE110-14 07H-26C; 9:30 AM - CSE423-17 07H-26C; 11:00 AM - CSE423-03 (LAB) MVH,FDZ 12D-27L,CSE423-04 (LAB) MVH,FDZ 12D-27L; 12:30 PM - CSE423-03 (LAB) MVH,FDZ 12D-27L,CSE423-04 (LAB) MVH,FDZ 12D-27L; 2:00 PM - Consultation

Initial: ANNH
Name: Aunon Halder
Day: Thursday
Scheduled commitments (classes/labs/breaks, not availability): 8:00 AM - CSE330-11 09A-04C; 9:30 AM - Consultation; 11:00 AM - CSE110-15 (LAB) MVH,ANNH 09B-09L; 12:30 PM - CSE110-15 (LAB) MVH,ANNH 09B-09L",I don't have reliable information retrieved for this question. Please check with your academic advisor or BRAC University's official resources rather than relying on a guess here.,open_ended,linear,0.5,True,True,False,False,False,0.0152,0.1570,0.0000,0.1722,2026-07-26T23:14:24.532183+00:00,0.0076,0.6663
Q195,adaptive_novel,Which room is Wahida Mahjabin in?,Wahida Mahjabin is in room 4P179.,"Initial: WHMJ
Name: Wahida Mahjabin
Designation: Lecturer
Status: Full Time
Room: 4P179
Email: wahida.mahjabin@bracu.ac.bd

Initial: WHMJ
Name: Wahida Mahjabin
Day: Thursday
Scheduled commitments (classes/labs/breaks, not availability): 11:00 AM - CSE220-20 09A-04C

Initial: WHMJ
Name: Wahida Mahjabin
Day: Monday
Scheduled commitments (classes/labs/breaks, not availability): 11:00 AM - CSE471-03 (LAB) SADA,WHMJ 09F-25L; 12:30 PM - CSE471-03 (LAB) SADA,WHMJ 09F-25L

Question (Banglish): Female der Prayer Room ami kothay pabo?
Answer (English): In front of the indoor (Multipurpose Hall) and also on 6th floor(ZONE-H).

Question (Banglish): Female der Prayer Room ami kivabe access korbo?
Answer (English): The Prayer Room is located in front of the indoor Multipurpose Hall and on 6th floor(ZONE-H)",I don't have reliable information retrieved for this question. Please check with your academic advisor or BRAC University's official resources rather than relying on a guess here.,open_ended,linear,0.5,True,True,False,False,False,0.0177,0.1001,0.0000,0.1178,2026-07-26T23:14:24.644766+00:00,0.1638,0.5000
Q196,adaptive_novel,What is Lara khanom's email?,Lara khanom's email is lara.khanom@bracu.ac.bd.,"Initial: LRK
Name: Lara khanom
Designation: Lecturer
Status: Full Time
Room: 4K74
Email: lara.khanom@bracu.ac.bd

Initial: LRK
Name: Lara khanom
Day: Monday
Scheduled commitments (classes/labs/breaks, not availability): 12:30 PM - CSE340-15 09A-04C; 2:00 PM - CSE340-14 09A-04C

Initial: LRK
Name: Lara khanom
Day: Sunday
Scheduled commitments (classes/labs/breaks, not availability): 11:00 AM - CSE420-13 10C-21C; 12:30 PM - CSE420-16 10C-21C

Initial: LRK
Name: Lara khanom
Day: Wednesday
Scheduled commitments (classes/labs/breaks, not availability): 12:30 PM - CSE340-15 09A-04C; 2:00 PM - CSE340-14 09A-04C

Initial: LRK
Name: Lara khanom
Day: Tuesday
Scheduled commitments (classes/labs/breaks, not availability): 11:00 AM - CSE420-13 10C-21C; 12:30 PM - CSE420-16 10C-21C",I don't have reliable information retrieved for this question. Please check with your academic advisor or BRAC University's official resources rather than relying on a guess here.,open_ended,linear,0.5,True,True,False,False,False,0.0183,0.1064,0.0000,0.1248,2026-07-26T23:14:24.777487+00:00,0.2216,0.7656
Q197,adaptive_novel,What is CSSA's designation?,Sadman Sakib Alif (CSSA) is a C. Lecturer.,"Initial: CSSA
Name: Sadman Sakib Alif
Designation: C. Lecturer
Status: Contractual
Room: 4F
Email: ext.sadman.alif@bracu.ac.bd

Initial: CSSA
Name: Sadman Sakib Alif
Day: Sunday
Scheduled commitments (classes/labs/breaks, not availability): 8:00 AM - CSE220-17 (LAB) SKIB,CSSA 09B-10L; 9:30 AM - CSE220-17 (LAB) SKIB,CSSA 09B-10L; 11:00 AM - CSE220-14 (LAB) CSSA,RFTS 09B-09L; 12:30 PM - CSE220-14 (LAB) CSSA,RFTS 09B-09L

Initial: CSSA
Name: Sadman Sakib Alif
Day: Wednesday
Scheduled commitments (classes/labs/breaks, not availability): 8:00 AM - CSE461-05 09H-34C; 9:30 AM - CSE221-16 10C-21C

Initial: CSSA
Name: Sadman Sakib Alif
Day: Monday
Scheduled commitments (classes/labs/breaks, not availability): 8:00 AM - CSE461-05 09H-34C; 9:30 AM - CSE221-16 10C-21C; 11:00 AM - CSE220-04 (LAB) KKS,CSSA 09B-08L; 12:30 PM - CSE220-04 (LAB) KKS,CSSA 09B-08L

Initial: RFTS
Name: Rifa Tasfiya
Day: Sunday
Scheduled commitments (classes/labs/breaks, not availability): 9:30 AM - Consultation; 11:00 AM - CSE220-14 (LAB) CSSA,RFTS 09B-09L; 12:30 PM - CSE220-14 (LAB) CSSA,RFTS 09B-09L; 2:00 PM - CSE341-04 (LAB) RAHA,RFTS 12F-30L; 3:30 PM - CSE341-04 (LAB) RAHA,RFTS 12F-30L; 5:00 PM - MSc Class; 6:00 PM - MSc Class",I don't have reliable information retrieved for this question. Please check with your academic advisor or BRAC University's official resources rather than relying on a guess here.,open_ended,linear,0.5,True,True,False,False,False,0.0151,0.1576,0.0000,0.1727,2026-07-26T23:14:24.941835+00:00,0.2716,0.7488
Q198,adaptive_novel,Which room is MD MIZANUR RAHMAN MUSTAKIM in?,MD MIZANUR RAHMAN MUSTAKIM is in room 4P171.,"Initial: NMMR
Name: MD MIZANUR RAHMAN MUSTAKIM
Designation: Lecturer
Status: Full Time
Room: 4P171
Email: mizanur.mustakim@bracu.ac.bd

Initial: NMMR
Name: MD MIZANUR RAHMAN MUSTAKIM
Day: Thursday
Scheduled commitments (classes/labs/breaks, not availability): 8:00 AM - CSE423-22 09H-34C; 9:30 AM - Consultation; 11:00 AM - Consultation

Initial: NMMR
Name: MD MIZANUR RAHMAN MUSTAKIM
Day: Tuesday
Scheduled commitments (classes/labs/breaks, not availability): 9:30 AM - Thesis (UG); 11:00 AM - CSE321-03 (LAB) CTFZ,NMMR 10G-32L; 12:30 PM - CSE321-03 (LAB) CTFZ,NMMR 10G-32L; 2:00 PM - Consultation

Initial: NMMR
Name: MD MIZANUR RAHMAN MUSTAKIM
Day: Saturday
Scheduled commitments (classes/labs/breaks, not availability): 8:00 AM - CSE423-22 09H-34C; 9:30 AM - Consultation; 11:00 AM - CSE221-13 (LAB) NARC,NMMR 09B-10L; 12:30 PM - CSE221-13 (LAB) NARC,NMMR 09B-10L; 2:00 PM - CSE221-17 (LAB) FBAW,NMMR 09B-10L; 3:30 PM - CSE221-17 (LAB) FBAW,NMMR 09B-10L

Initial: RFR
Name: Md. Rifat Rahman
Designation: Lecturer
Status: Full Time
Room: 4N164
Email: rifat.rahman@bracu.ac.bd",I don't have reliable information retrieved for this question. Please check with your academic advisor or BRAC University's official resources rather than relying on a guess here.,open_ended,linear,0.5,True,True,False,False,False,0.0185,0.1855,0.0000,0.2041,2026-07-26T23:14:25.156092+00:00,0.1634,0.7974
Q199,adaptive_novel,What is Labib Hasan Khan's email?,Labib Hasan Khan's email is labib.hasan@bracu.ac.bd.,"Initial: LBBH
Name: Labib Hasan Khan
Designation: Lecturer
Status: Full Time
Room: 4N136
Email: labib.hasan@bracu.ac.bd

Initial: LBBH
Name: Labib Hasan Khan
Day: Thursday
Scheduled commitments (classes/labs/breaks, not availability): 8:00 AM - CSE331-11 07D-20C; 9:30 AM - CSE331-12 07D-20C; 11:00 AM - Consultation; 12:30 PM - Consultation by Appointment

Initial: LBBH
Name: Labib Hasan Khan
Day: Monday
Scheduled commitments (classes/labs/breaks, not availability): 8:00 AM - Thesis (UG); 9:30 AM - Consultation by Appointment; 11:00 AM - CSE424-01 (LAB) SLAR,LBBH 12D-26L,CSE424-02 (LAB) SLAR,LBBH 12D-26L; 12:30 PM - CSE424-01 (LAB) SLAR,LBBH 12D-26L,CSE424-02 (LAB) SLAR,LBBH 12D-26L; 2:00 PM - Research

Initial: LBBH
Name: Labib Hasan Khan
Day: Saturday
Scheduled commitments (classes/labs/breaks, not availability): 8:00 AM - CSE331-11 07D-20C; 9:30 AM - CSE331-12 07D-20C; 11:00 AM - Consultation; 12:30 PM - Research

Initial: LBBH
Name: Labib Hasan Khan
Day: Wednesday
Scheduled commitments (classes/labs/breaks, not availability): 8:00 AM - Thesis (UG); 9:30 AM - Consultation by Appointment; 11:00 AM - CSE440-03 (LAB) AYO,LBBH 10E-27L,CSE440-04 (LAB) AYO,LBBH 10E-27L; 12:30 PM - CSE440-03 (LAB) AYO,LBBH 10E-27L,CSE440-04 (LAB) AYO,LBBH 10E-27L; 2:00 PM - Research",I don't have reliable information retrieved for this question. Please check with your academic advisor or BRAC University's official resources rather than relying on a guess here.,open_ended,linear,0.5,True,True,False,False,False,0.0200,0.1401,0.0000,0.1601,2026-07-26T23:14:25.309004+00:00,0.2264,0.7714
Q200,adaptive_novel,Which room is A S M Nasim Khan in?,A S M Nasim Khan is in room 4F.,"Initial: ASMN
Name: A S M Nasim Khan
Designation: C. Lecturer
Status: Contractual
Room: 4F
Email: ext.nasim.khan@bracu.ac.bd

Initial: NHBN
Name: Hamim Ibne Nasim
Designation: Lecturer
Status: Full Time
Room: 4P177
Email: hamim.nasim@bracu.ac.bd

Initial: ASMN
Name: A S M Nasim Khan
Day: Saturday
Scheduled commitments (classes/labs/breaks, not availability): 11:00 AM - CSE463-01 (LAB) STNM,ASMN 09E-21L; 12:30 PM - CSE463-01 (LAB) STNM,ASMN 09E-21L; 2:00 PM - CSE463-02 (LAB) STNM,ASMN 09E-21L; 3:30 PM - CSE463-02 (LAB) STNM,ASMN 09E-21L

Initial: ASMN
Name: A S M Nasim Khan
Day: Sunday
Scheduled commitments (classes/labs/breaks, not availability): 8:00 AM - CSE220-12 (LAB) ASMN,AJA 09B-09L; 9:30 AM - CSE220-12 (LAB) ASMN,AJA 09B-09L; 2:00 PM - CSE321-13 (LAB) BDH,ASMN 09F-24L; 3:30 PM - CSE321-13 (LAB) BDH,ASMN 09F-24L

Initial: ASMN
Name: A S M Nasim Khan
Day: Monday
Scheduled commitments (classes/labs/breaks, not availability): 8:00 AM - CSE321-05 (LAB) NRT,ASMN 12D-26L; 9:30 AM - CSE321-05 (LAB) NRT,ASMN 12D-26L; 2:00 PM - CSE220-05 (LAB) AJA,ASMN 09B-08L; 3:30 PM - CSE220-05 (LAB) AJA,ASMN 09B-08L",I don't have reliable information retrieved for this question. Please check with your academic advisor or BRAC University's official resources rather than relying on a guess here.,open_ended,linear,0.5,True,True,False,False,False,0.0164,0.1430,0.0000,0.1594,2026-07-26T23:14:25.471079+00:00,0.2561,0.7420
