query_id,config,query,reference_answer,generated_answer,bleu,rougeL,meteor,bertscore
Q001,full_hybrid_baseline,How are meal plans managed at TARC?,"Tarc provides 3 main meals breakfast,lunch and dinner and two snack time followed by them.Breakfast time continues from 7-9 am, lunch time continues from 12:30-3 pm,dinner continues from 8:30-10 pm followed by snacks time which are from 11-12 am and 4-5 pm colleectively","Meal plans are managed at TARC by providing three main meals - breakfast, lunch, and dinner - and two snack times that follow them. Breakfast time continues from 7-9 am, lunch time continues from 12:30-3 pm, dinner continues from 8:30-10 pm, followed by snacks time which are from 11-12 am and 4-5 pm collectively.",0.5261191350727635,0.8928571428571428,0.9168865055963066,0.9498593807220459
Q001,full_hybrid_trf_rerank,How are meal plans managed at TARC?,"Tarc provides 3 main meals breakfast,lunch and dinner and two snack time followed by them.Breakfast time continues from 7-9 am, lunch time continues from 12:30-3 pm,dinner continues from 8:30-10 pm followed by snacks time which are from 11-12 am and 4-5 pm colleectively","Meal plans at TARC are managed by providing 3 main meals - breakfast, lunch, and dinner - and two snack times that follow them. Breakfast time continues from 7-9 am, lunch time from 12:30-3 pm, dinner from 8:30-10 pm, followed by snacks from 11-12 am and 4-5 pm collectively.",0.3829306532272853,0.8598130841121496,0.7899857347310508,0.9380478858947754
Q002,full_hybrid_baseline,Reason for late fee appearing on pay slip of scholarship recipients after 29 June 2025?,The fee appears temporarily and will be waived automatically once the scholarship is adjusted.,The reason for a late fee appearing on the pay slip of scholarship recipients after 29 June 2025 is that the fee appears temporarily and will be waived automatically once the scholarship is adjusted.,0.4018215766366551,0.5833333333333334,0.8822222222222224,0.9374832510948181
Q002,full_hybrid_trf_rerank,Reason for late fee appearing on pay slip of scholarship recipients after 29 June 2025?,The fee appears temporarily and will be waived automatically once the scholarship is adjusted.,The reason for the late fee appearing on the pay slip of scholarship recipients after 29 June 2025 is that the fee appears temporarily and will be waived automatically once the scholarship is adjusted.,0.4018215766366551,0.5833333333333334,0.8822222222222224,0.9395237565040588
Q003,full_hybrid_baseline,When is the next intake for the undergraduate program?,"BRAC University admits new undergraduates three times a year - Spring (classes start January), Summer (May), and Fall (September). The exact application deadline and admission test date for the next intake are published on the Admissions page (bracu.ac.bd/admissions) closer to that semester.","BRAC University admits new undergraduates three times a year - Spring (classes start January), Summer (May), and Fall (September). The exact application deadline and admission test date for the next intake are published on the Admissions page (bracu.ac.bd/admissions) closer to that semester.",1.0,1.0,0.9999968246710359,1.0000001192092896
Q003,full_hybrid_trf_rerank,When is the next intake for the undergraduate program?,"BRAC University admits new undergraduates three times a year - Spring (classes start January), Summer (May), and Fall (September). The exact application deadline and admission test date for the next intake are published on the Admissions page (bracu.ac.bd/admissions) closer to that semester.","BRAC University admits new undergraduates three times a year - Spring (classes start January), Summer (May), and Fall (September). The exact application deadline and admission test date for the next intake are published on the Admissions page (bracu.ac.bd/admissions) closer to that semester.",1.0,1.0,0.9999968246710359,1.0000001192092896
Q004,full_hybrid_baseline,Can you tell me what the minimum and maximum number of group members for a thesis/project is?,A thesis/project group must have a minimum of 1 member and a maximum of 5 members.,A thesis/project group must have a minimum of 1 member and a maximum of 5 members.,1.0,1.0,0.999898229187869,0.9999998807907104
Q004,full_hybrid_trf_rerank,Can you tell me what the minimum and maximum number of group members for a thesis/project is?,A thesis/project group must have a minimum of 1 member and a maximum of 5 members.,A thesis/project group must have a minimum of 1 member and a maximum of 5 members.,1.0,1.0,0.999898229187869,0.9999998807907104
Q005,full_hybrid_baseline,Before I forget to ask — what should students do if they have a scheduling conflict with their exams?,"The first step is to inform the course instructor about the conflict as soon as possible. If the conflict involves multiple exams or cannot be resolved with the instructor, students should consult their department office. The department can provide additional support or coordinate with other instructors to find a solution.","The first step is to inform the course instructor about the conflict as soon as possible. If the conflict involves multiple exams or cannot be resolved with the instructor, students should consult their department office. The department can provide additional support or coordinate with other instructors to find a solution.",1.0,1.0,0.9999969947407964,0.9999998807907104
Q005,full_hybrid_trf_rerank,Before I forget to ask — what should students do if they have a scheduling conflict with their exams?,"The first step is to inform the course instructor about the conflict as soon as possible. If the conflict involves multiple exams or cannot be resolved with the instructor, students should consult their department office. The department can provide additional support or coordinate with other instructors to find a solution.","The first step is to inform the course instructor about the conflict as soon as possible. If the conflict involves multiple exams or cannot be resolved with the instructor, students should consult their department office. The department can provide additional support or coordinate with other instructors to find a solution.",1.0,1.0,0.9999969947407964,0.9999998807907104
Q006,full_hybrid_baseline,Where is the EEE Department?,The EEE Department is located on the 4th floor and the labs are on 11th and 12th.,The EEE Department is located on the 4th floor and the labs are on 11th and 12th.,1.0,1.0,0.9999142661179699,1.0000001192092896
Q006,full_hybrid_trf_rerank,Where is the EEE Department?,The EEE Department is located on the 4th floor and the labs are on 11th and 12th.,The EEE Department is located on the 4th floor and the labs are on 11th and 12th.,1.0,1.0,0.9999142661179699,1.0000001192092896
Q007,full_hybrid_baseline,What services does the BRAC University Medical Center provide?,"The Medical Center offers emergency medical services and free consultations/medicine to students and employees, health checkups with an official Health Card, referrals to partner hospitals for emergencies, ambulance support, and workshops on reproductive health and family planning. It also runs blood donation programs in collaboration with student clubs, arranges vaccination drives for communicable diseases, and holds regular STD/reproductive health workshops each semester with BRAC James P Grant School of Public Health.","The BRAC University Medical Center offers emergency medical services and free consultations/medicine to students and employees, health checkups with an official Health Card, referrals to partner hospitals for emergencies, ambulance support, and workshops on reproductive health and family planning. It also runs blood donation programs in collaboration with student clubs, arranges vaccination drives for communicable diseases, and holds regular STD/reproductive health workshops each semester with BRAC James P Grant School of Public Health.",0.965325976608878,0.9864864864864865,0.9974666550135225,0.9911755323410034
Q007,full_hybrid_trf_rerank,What services does the BRAC University Medical Center provide?,"The Medical Center offers emergency medical services and free consultations/medicine to students and employees, health checkups with an official Health Card, referrals to partner hospitals for emergencies, ambulance support, and workshops on reproductive health and family planning. It also runs blood donation programs in collaboration with student clubs, arranges vaccination drives for communicable diseases, and holds regular STD/reproductive health workshops each semester with BRAC James P Grant School of Public Health.","The BRAC University Medical Center offers emergency medical services and free consultations/medicine to students and employees, health checkups with an official Health Card, referrals to partner hospitals for emergencies, ambulance support, and workshops on reproductive health and family planning. It also runs blood donation programs in collaboration with student clubs, arranges vaccination drives for communicable diseases, and holds regular STD/reproductive health workshops each semester with BRAC James P Grant School of Public Health.",0.965325976608878,0.9864864864864865,0.9974666550135225,0.9911755323410034
Q008,full_hybrid_baseline,When must course selections be confirmed after Pre-Registration phases?,During the Self-Registration period assigned after result publication,Course selections must be confirmed during the Self-Registration period assigned after result publication.,0.5142401605028263,0.782608695652174,0.9293241279069768,0.9285576343536377
Q008,full_hybrid_trf_rerank,When must course selections be confirmed after Pre-Registration phases?,During the Self-Registration period assigned after result publication,Course selections must be confirmed during the Self-Registration period assigned after result publication.,0.5142401605028263,0.782608695652174,0.9293241279069768,0.9285576343536377
Q009,full_hybrid_baseline,Where do i have to park the vehicle?,You can park your vehicle at basement-2.,You can park your vehicle at basement-2.,1.0,1.0,0.9990234375,1.0000001192092896
Q009,full_hybrid_trf_rerank,Where do i have to park the vehicle?,You can park your vehicle at basement-2.,You can park your vehicle at basement-2.,1.0,1.0,0.9990234375,1.0000001192092896
Q010,full_hybrid_baseline,Purpose of the Wishlist event for Summer 2025?,To help plan course offerings based on student demand,The purpose of the Wishlist event for Summer 2025 is to help plan course offerings based on student demand.,0.401577332834242,0.6428571428571429,0.8904779366825571,0.9402251839637756
Q010,full_hybrid_trf_rerank,Purpose of the Wishlist event for Summer 2025?,To help plan course offerings based on student demand,The purpose of the Wishlist event for Summer 2025 is to help plan course offerings based on student demand.,0.401577332834242,0.6428571428571429,0.8904779366825571,0.9402251839637756
Q011,full_hybrid_baseline,"Does BRAC University have a digital student ID card, or only a physical one?","Yes, BRAC University introduced a digital ID card in 2017, generated through the BRACU Mobile App (accessible via the app's 'ID Card' menu option). Both the physical and digital ID have been usable, and students are advised to keep the app updated to generate their digital card.",BRAC University has both a physical and a digital student ID card.,0.0026890610560586204,0.26666666666666666,0.15449909682369678,0.9094945192337036
Q011,full_hybrid_trf_rerank,"Does BRAC University have a digital student ID card, or only a physical one?","Yes, BRAC University introduced a digital ID card in 2017, generated through the BRACU Mobile App (accessible via the app's 'ID Card' menu option). Both the physical and digital ID have been usable, and students are advised to keep the app updated to generate their digital card.","BRAC University has both a digital and a physical student ID card. The digital ID card was introduced in 2017 through the BRACU Mobile App, which can be accessed via the app's 'ID Card' menu option.",0.26561710642189434,0.5176470588235293,0.5105710541097174,0.9433451890945435
Q012,full_hybrid_baseline,What is the contact number for Route-05 (Jatrabari)?,Route-05 (Jatrabari) Service Assistant contact: 01700-877297.,The contact number for Route-05 (Jatrabari) is 01700-877297.,0.28997844147152074,0.5555555555555556,0.6657910689028086,0.9580540060997009
Q012,full_hybrid_trf_rerank,What is the contact number for Route-05 (Jatrabari)?,Route-05 (Jatrabari) Service Assistant contact: 01700-877297.,The contact number for Route-05 (Jatrabari) is 01700-877297.,0.28997844147152074,0.5555555555555556,0.6657910689028086,0.9580540060997009
Q013,full_hybrid_baseline,"Random question, what should I do if I miss my mid/final?","You should inform your course instructor as soon as possible with a valid reason (such as medical emergencies). In some cases, you may need to provide documentation like medical certificates to appeal.","You should inform your course instructor as soon as possible with a valid reason (such as medical emergencies). In some cases, you may need to provide documentation like medical certificates to appeal.",1.0,1.0,0.9999901289163524,1.0
Q013,full_hybrid_trf_rerank,"Random question, what should I do if I miss my mid/final?","You should inform your course instructor as soon as possible with a valid reason (such as medical emergencies). In some cases, you may need to provide documentation like medical certificates to appeal.","You should inform your course instructor as soon as possible with a valid reason (such as medical emergencies). In some cases, you may need to provide documentation like medical certificates to appeal.",1.0,1.0,0.9999901289163524,1.0
Q014,full_hybrid_baseline,How to do advising as my advising is blocked but my payment is clear?,You have login into these page using your g-suit to get help. LINK: https://bracu.atlassian.net/servicedesk/customer/portal/2/user/login?destination=portal%2F2 or try emailing at sic@bracu.ac.bd,You have login into these page using your g-suit to get help. LINK: https://bracu.atlassian.net/servicedesk/customer/portal/2/user/login?destination=portal%2F2 or try emailing at sic@bracu.ac.bd.,0.9648571584702385,1.0,0.9960119478120876,0.9987999796867371
Q014,full_hybrid_trf_rerank,How to do advising as my advising is blocked but my payment is clear?,You have login into these page using your g-suit to get help. LINK: https://bracu.atlassian.net/servicedesk/customer/portal/2/user/login?destination=portal%2F2 or try emailing at sic@bracu.ac.bd,You have login into these page using your g-suit to get help. LINK: https://bracu.atlassian.net/servicedesk/customer/portal/2/user/login?destination=portal%2F2 or try emailing at sic@bracu.ac.bd,1.0,1.0,0.9999794989544467,0.9999999403953552
Q015,full_hybrid_baseline,What elective courses are recommended for students interested in Cybersecurity?,"CSE446, CSE447, CSE490 and CSE496 can be beneficial for students interested in Cyber Security.","CSE446, CSE447, CSE490 and CSE496 can be beneficial for students interested in Cyber Security.",1.0,1.0,0.999898229187869,0.9999999403953552
Q015,full_hybrid_trf_rerank,What elective courses are recommended for students interested in Cybersecurity?,"CSE446, CSE447, CSE490 and CSE496 can be beneficial for students interested in Cyber Security.","CSE446, CSE447, CSE490 and CSE496 can be beneficial for students interested in Cyber Security.",1.0,1.0,0.999898229187869,0.9999999403953552
Q016,full_hybrid_baseline,How to contact with BRACU Finance and Accounts Department?,"BRAC University
Kha-224 Bir Uttam Rafiqul Islam Avenue, Merul Badda,
Dhaka 1212, Bangladesh
Phone: +88 09638464646 Ext: 1220, 1221

Email: queries-accounts@bracu.ac.bd","To contact the BRAC University Finance and Accounts Department, you can visit their office located at Kha-224 Bir Uttam Rafiqul Islam Avenue, Merul Badda, Dhaka 1212, Bangladesh. Alternatively, you can call them at +88 09638464646 Ext: 1220 or 1221, or email them at queries-accounts@bracu.ac.bd.",0.3422593790263234,0.6666666666666667,0.7811616954474098,0.9322836399078369
Q016,full_hybrid_trf_rerank,How to contact with BRACU Finance and Accounts Department?,"BRAC University
Kha-224 Bir Uttam Rafiqul Islam Avenue, Merul Badda,
Dhaka 1212, Bangladesh
Phone: +88 09638464646 Ext: 1220, 1221

Email: queries-accounts@bracu.ac.bd","The contact information for the BRAC University Finance and Accounts Department is as follows: BRAC University, Kha-224 Bir Uttam Rafiqul Islam Avenue, Merul Badda, Dhaka 1212, Bangladesh. You can reach them by phone at +88 09638464646 Ext: 1220, 1221 or via email at queries-accounts@bracu.ac.bd.",0.3808791463342665,0.6933333333333334,0.8789719198756059,0.934958279132843
Q017,full_hybrid_baseline,"Hey, for further information regarding Admission who should I contact?","For more queries, please contact the Inquiry, Registration & Admissions Office, BRACU (Phone: +88 09638464646, Call Center Ext: 1001. You can also send e-mail at admissions@bracu.ac.bd.","For more queries about admission, please contact the Inquiry, Registration & Admissions Office, BRACU (Phone: +88 09638464646, Call Center Ext: 1001. You can also send e-mail at admissions@bracu.ac.bd.",0.9024521756077707,0.9666666666666666,0.9943898779073733,0.9948424100875854
Q017,full_hybrid_trf_rerank,"Hey, for further information regarding Admission who should I contact?","For more queries, please contact the Inquiry, Registration & Admissions Office, BRACU (Phone: +88 09638464646, Call Center Ext: 1001. You can also send e-mail at admissions@bracu.ac.bd.","For more queries regarding Admission, please contact the Inquiry, Registration & Admissions Office, BRACU (Phone: +88 09638464646, Call Center Ext: 1001. You can also send e-mail at admissions@bracu.ac.bd.",0.9024521756077707,0.9666666666666666,0.9943898779073733,0.9937805533409119
Q018,full_hybrid_baseline,"I wanted to ask, what are BRAC University's official colours?","BRAC University's official colours are blue, black, and gray.","BRAC University's official colours are blue, black, and gray.",1.0,1.0,0.9997724169321802,1.0
Q018,full_hybrid_trf_rerank,"I wanted to ask, what are BRAC University's official colours?","BRAC University's official colours are blue, black, and gray.","BRAC University's official colours are blue, black, and gray.",1.0,1.0,0.9997724169321802,1.0
Q019,full_hybrid_baseline,How are students informed about changes to the transport service?,Students are informed through official BRAC University notices and announcements.,Students are informed through official BRAC University notices and announcements.,1.0,1.0,0.9996243425995492,1.0000001192092896
Q019,full_hybrid_trf_rerank,How are students informed about changes to the transport service?,Students are informed through official BRAC University notices and announcements.,Students are informed through official BRAC University notices and announcements.,1.0,1.0,0.9996243425995492,1.0000001192092896
Q020,full_hybrid_baseline,What is checked at the Security Supervisor Office?,"Student ID Check, All workers In out","Student ID Check, All workers In out.",0.8633400213704505,1.0,0.9866898148148149,0.9849658012390137
Q020,full_hybrid_trf_rerank,What is checked at the Security Supervisor Office?,"Student ID Check, All workers In out","Student ID Check, All workers In out.",0.8633400213704505,1.0,0.9866898148148149,0.9849658012390137
Q021,full_hybrid_baseline,What support does the Center of Entrepreneurship Development (CED) provide?,"The Center for Entrepreneurship Development (CED) at BRAC University supports students and alumni in developing entrepreneurial skills and launching their own ventures. It offers various services, including:
Training and mentorship programs for aspiring entrepreneurs.
Workshops and seminars on business development and innovation.
Networking opportunities with industry professionals.
Resources and guidance for business planning and startup funding.
CED aims to foster a culture of entrepreneurship and innovation within the university community, providing both theoretical knowledge and practical experience to help students succeed in their entrepreneurial endeavors.Visit more for details: https://ced.bracu.ac.bd/","The Center of Entrepreneurship Development (CED) at BRAC University supports students and alumni in developing entrepreneurial skills and launching their own ventures. It offers various services, including training and mentorship programs for aspiring entrepreneurs, workshops and seminars on business development and innovation, networking opportunities with industry professionals, resources and guidance for business planning and startup funding.",0.4551904662305216,0.7333333333333334,0.5332297695670878,0.9490139484405518
Q021,full_hybrid_trf_rerank,What support does the Center of Entrepreneurship Development (CED) provide?,"The Center for Entrepreneurship Development (CED) at BRAC University supports students and alumni in developing entrepreneurial skills and launching their own ventures. It offers various services, including:
Training and mentorship programs for aspiring entrepreneurs.
Workshops and seminars on business development and innovation.
Networking opportunities with industry professionals.
Resources and guidance for business planning and startup funding.
CED aims to foster a culture of entrepreneurship and innovation within the university community, providing both theoretical knowledge and practical experience to help students succeed in their entrepreneurial endeavors.Visit more for details: https://ced.bracu.ac.bd/","The Center of Entrepreneurship Development (CED) at BRAC University supports students and alumni in developing entrepreneurial skills and launching their own ventures. It offers various services, including training and mentorship programs for aspiring entrepreneurs, workshops and seminars on business development and innovation, networking opportunities with industry professionals, resources and guidance for business planning and startup funding.",0.4551904662305216,0.7333333333333334,0.5332297695670878,0.9490139484405518
Q022,full_hybrid_baseline,Before I forget to ask — whats the procedure for changing my section?,If you are already enrolled in a section then your request will be rejected by DCO due to the policies set by department.,The procedure for changing your section is that if you are already enrolled in a section then your request will be rejected by DCO due to the policies set by the department.,0.672307046420247,0.8363636363636363,0.9616242748772871,0.9680160880088806
Q022,full_hybrid_trf_rerank,Before I forget to ask — whats the procedure for changing my section?,If you are already enrolled in a section then your request will be rejected by DCO due to the policies set by department.,The procedure for changing your section is that if you are already enrolled in a section then your request will be rejected by DCO due to the policies set by department.,0.737288622511305,0.8518518518518519,0.9677069332437275,0.9706453680992126
Q023,full_hybrid_baseline,I'm an EEE student minoring in Physics. Do I need to separately meet the Physics minor's prerequisites even though I'm not a Physics major?,"Yes - BRACU's Minor in Physics has its own defined set of required courses and prerequisites, separate from your EEE major requirements, open to students from other departments as long as they meet those specific prerequisites. Being an EEE major doesn't automatically satisfy the Physics minor's course requirements; you'd need to check and fulfill them independently.","Yes - BRACU's Minor in Physics has its own defined set of required courses and prerequisites, separate from your EEE major requirements, open to students from other departments as long as they meet those specific prerequisites. Being an EEE major doesn't automatically satisfy the Physics minor's course requirements; you'd need to check and fulfill them independently.",1.0,1.0,0.9999981793354574,0.9999999403953552
Q023,full_hybrid_trf_rerank,I'm an EEE student minoring in Physics. Do I need to separately meet the Physics minor's prerequisites even though I'm not a Physics major?,"Yes - BRACU's Minor in Physics has its own defined set of required courses and prerequisites, separate from your EEE major requirements, open to students from other departments as long as they meet those specific prerequisites. Being an EEE major doesn't automatically satisfy the Physics minor's course requirements; you'd need to check and fulfill them independently.","Yes - BRACU's Minor in Physics has its own defined set of required courses and prerequisites, separate from your EEE major requirements, open to students from other departments as long as they meet those specific prerequisites. Being an EEE major doesn't automatically satisfy the Physics minor's course requirements; you'd need to check and fulfill them independently.",1.0,1.0,0.9999981793354574,0.9999999403953552
Q024,full_hybrid_baseline,"Does every undergraduate program require a thesis, or can students choose a project/internship instead?","It depends on the program and department; in CSE, for example, students can fulfill the CSE400 capstone requirement through a Thesis, a Project, or an Internship track, each with its own supervision and marking rubric, rather than thesis being the only option.","It depends on the program and department; in CSE, for example, students can fulfill the CSE400 capstone requirement through a Thesis, a Project, or an Internship track, each with its own supervision and marking rubric, rather than thesis being the only option.",1.0,1.0,0.999996,1.0
Q024,full_hybrid_trf_rerank,"Does every undergraduate program require a thesis, or can students choose a project/internship instead?","It depends on the program and department; in CSE, for example, students can fulfill the CSE400 capstone requirement through a Thesis, a Project, or an Internship track, each with its own supervision and marking rubric, rather than thesis being the only option.","It depends on the program and department; in CSE, for example, students can fulfill the CSE400 capstone requirement through a Thesis, a Project, or an Internship track, each with its own supervision and marking rubric, rather than thesis being the only option.",1.0,1.0,0.999996,1.0
Q025,full_hybrid_baseline,Can you tell me what the difference in focus between the BSEEE and BSECE programs is?,"BSEEE (Electrical and Electronic Engineering) has a broader focus spanning power, electronics and general EEE topics, while BSECE (Electronic and Communication Engineering) concentrates more specifically on communication-related topics such as signal processing, telecommunications, microwave engineering, and data/optical/satellite communications.","The full prerequisite chain for CSE489 is not specified in the retrieved context, so I do not have enough information to answer this question.",0.003707357304411951,0.0,0.021834061135371178,0.8156603574752808
Q025,full_hybrid_trf_rerank,Can you tell me what the difference in focus between the BSEEE and BSECE programs is?,"BSEEE (Electrical and Electronic Engineering) has a broader focus spanning power, electronics and general EEE topics, while BSECE (Electronic and Communication Engineering) concentrates more specifically on communication-related topics such as signal processing, telecommunications, microwave engineering, and data/optical/satellite communications.","BSEEE (Electrical and Electronic Engineering) has a broader focus spanning power, electronics and general EEE topics, while BSECE (Electronic and Communication Engineering) concentrates more specifically on communication-related topics such as signal processing, telecommunications, microwave engineering, and data/optical/satellite communications.",1.0,1.0,0.9999954788773148,1.0
Q026,full_hybrid_baseline,What is BRAC University's general contact information?,"The university can be reached at +88 09638464646 (extension 1001 for the operator), and general queries can be emailed to info@bracu.ac.bd.","The university can be reached at +88 09638464646 (extension 1001 for the operator), and general queries can be emailed to info@bracu.ac.bd.",1.0,1.0,0.9999745973682873,1.0
Q026,full_hybrid_trf_rerank,What is BRAC University's general contact information?,"The university can be reached at +88 09638464646 (extension 1001 for the operator), and general queries can be emailed to info@bracu.ac.bd.","The university can be reached at +88 09638464646 (extension 1001 for the operator), and general queries can be emailed to info@bracu.ac.bd.",1.0,1.0,0.9999745973682873,1.0
Q027,full_hybrid_baseline,What amenities and facilities are provided for students at TARC?,"Tarc provides students of BRAC a residential campus where they experience to live with their fellow classmates.Tarc also provides students the importance of time dynamics ,punctuality and basic manners like to respect others work.Tarc also tries to make students do their own work by themselves.","Tarc provides students of BRAC a residential campus where they experience to live with their fellow classmates. Tarc also provides students the importance of time dynamics, punctuality, and basic manners like respecting others' work. Tarc also tries to make students do their own work by themselves.",0.7116691743715989,0.989247311827957,0.9208786428882123,0.9837590456008911
Q027,full_hybrid_trf_rerank,What amenities and facilities are provided for students at TARC?,"Tarc provides students of BRAC a residential campus where they experience to live with their fellow classmates.Tarc also provides students the importance of time dynamics ,punctuality and basic manners like to respect others work.Tarc also tries to make students do their own work by themselves.","Tarc provides students of BRAC a residential campus where they experience to live with their fellow classmates. Tarc also provides students the importance of time dynamics, punctuality, and basic manners like respecting others' work. Tarc also tries to make students do their own work by themselves.",0.7116691743715989,0.989247311827957,0.9208786428882123,0.9837591052055359
Q028,full_hybrid_baseline,How many stoppages are there for each route?,Each route has between 5 and 12 designated stoppages.,Each route has between 5 and 12 designated stoppages.,1.0,1.0,0.9995,0.9999997615814209
Q028,full_hybrid_trf_rerank,How many stoppages are there for each route?,Each route has between 5 and 12 designated stoppages.,Each route has between 5 and 12 designated stoppages.,1.0,1.0,0.9995,0.9999998211860657
Q029,full_hybrid_baseline,"This might be a silly question, but what services do library provide?","The library offers a variety of study facilities to suit different preferences. If you enjoy studying in a group, you can reserve a study room in advance, providing a dedicated space for collaboration. For those who prefer studying alone, there are single seats and study capsules available on a first-come, first-served basis. Additionally, the library features various other quiet and comfortable areas where you can focus on your studies.","The library provides a variety of study facilities to suit different preferences, including group study rooms that can be reserved in advance, single seats, study capsules available on a first-come, first-served basis, and quiet and comfortable areas for individual focus.",0.23656767920553415,0.584070796460177,0.5311821698376321,0.9400134682655334
Q029,full_hybrid_trf_rerank,"This might be a silly question, but what services do library provide?","The library offers a variety of study facilities to suit different preferences. If you enjoy studying in a group, you can reserve a study room in advance, providing a dedicated space for collaboration. For those who prefer studying alone, there are single seats and study capsules available on a first-come, first-served basis. Additionally, the library features various other quiet and comfortable areas where you can focus on your studies.","The library provides a variety of study facilities to suit different preferences. If you enjoy studying in a group, you can reserve a study room in advance, providing a dedicated space for collaboration. For those who prefer studying alone, there are single seats and study capsules available on a first-come, first-served basis. Additionally, the library features various other quiet and comfortable areas where you can focus on your studies.",0.9703687241718227,0.9859154929577465,0.9871708378201884,0.9996281266212463
Q030,full_hybrid_baseline,What is the second outbound timing for Route-04 (Azimpur)?,Route-04 (Azimpur): Second trip departs at 5:10 PM.,The second outbound timing for Route-04 (Azimpur) is 5:10 PM.,0.2891784933232572,0.5454545454545454,0.6437241735537189,0.9398233294487
Q030,full_hybrid_trf_rerank,What is the second outbound timing for Route-04 (Azimpur)?,Route-04 (Azimpur): Second trip departs at 5:10 PM.,The second outbound timing for Route-04 (Azimpur) is 5:10 PM.,0.2891784933232572,0.5454545454545454,0.6437241735537189,0.9398233294487
Q031,full_hybrid_baseline,"New student here, could you please provide details about the tuition fee structure at BRAC University?","For students enrolled in the Computer Science and Engineering (CSE) program at BRAC University, the tuition fee structure includes a one-time, non-refundable admission fee of BDT 30,800. Each course within the CSE program costs BDT 22,500. Additionally, students are required to pay a semester fee of BDT 11,500, which covers various facilities such as IT services and library access. There is also a one-time library membership fee of BDT 2,500. This fee structure is designed to support the comprehensive education provided in the CSE program, ensuring access to advanced resources and facilities?","The tuition fee structure at BRAC University includes a one-time, non-refundable admission fee of BDT 30,800 for students enrolled in the Computer Science and Engineering (CSE) program. Each course within the CSE program costs BDT 22,500. Additionally, students are required to pay a semester fee of BDT 11,500, which covers various facilities such as IT services and library access. There is also a one-time library membership fee of BDT 2,500. This fee structure is designed to support the comprehensive education provided in the CSE program, ensuring access to advanced resources and facilities.",0.9078660717032189,0.8585858585858586,0.9697815679110601,0.9910887479782104
Q031,full_hybrid_trf_rerank,"New student here, could you please provide details about the tuition fee structure at BRAC University?","For students enrolled in the Computer Science and Engineering (CSE) program at BRAC University, the tuition fee structure includes a one-time, non-refundable admission fee of BDT 30,800. Each course within the CSE program costs BDT 22,500. Additionally, students are required to pay a semester fee of BDT 11,500, which covers various facilities such as IT services and library access. There is also a one-time library membership fee of BDT 2,500. This fee structure is designed to support the comprehensive education provided in the CSE program, ensuring access to advanced resources and facilities?","For students enrolled in the Computer Science and Engineering (CSE) program at BRAC University, the tuition fee structure includes a one-time, non-refundable admission fee of BDT 30,800. Each course within the CSE program costs BDT 22,500. Additionally, students are required to pay a semester fee of BDT 11,500, which covers various facilities such as IT services and library access. There is also a one-time library membership fee of BDT 2,500. This fee structure is designed to support the comprehensive education provided in the CSE program, ensuring access to advanced resources and facilities.",0.9899484730973086,1.0,0.9900856435643565,0.9975309371948242
Q032,full_hybrid_baseline,From where does the bus leave on campus?,The bus leave campus from the Basement-1,The bus leaves from the Basement-1 on campus.,0.1561969968460128,0.823529411764706,0.9339569160997733,0.967560350894928
Q032,full_hybrid_trf_rerank,From where does the bus leave on campus?,The bus leave campus from the Basement-1,The bus leaves from the Basement-1 on campus.,0.1561969968460128,0.823529411764706,0.9339569160997733,0.967560350894928
Q033,full_hybrid_baseline,Where are the designated bus stops for Route-03 (Jigatola)?,"The designated stops are: Jigatola Bus Stand, City College, Science Lab, Kataban, Shahbagh, High Court, Press Club, Motsho Bhaban, Bijoynagar, Kakrail Mosque, Shantinagar, Malibagh Railgate, Rampura TV Centre, Badda Link Road, BRAC University.","The designated bus stops for Route-03 (Jigatola) are Jigatola Bus Stand, City College, Science Lab, Kataban, Shahbagh, High Court, Press Club, Motsho Bhaban, Bijoynagar, Kakrail Mosque, Shantinagar, Malibagh Railgate, Rampura TV Centre, Badda Link Road, and BRAC University.",0.7868272722156737,0.9166666666666666,0.9671950254816308,0.9678040146827698
Q033,full_hybrid_trf_rerank,Where are the designated bus stops for Route-03 (Jigatola)?,"The designated stops are: Jigatola Bus Stand, City College, Science Lab, Kataban, Shahbagh, High Court, Press Club, Motsho Bhaban, Bijoynagar, Kakrail Mosque, Shantinagar, Malibagh Railgate, Rampura TV Centre, Badda Link Road, BRAC University.","The designated bus stops for Route-03 (Jigatola) are Jigatola Bus Stand, City College, Science Lab, Kataban, Shahbagh, High Court, Press Club, Motsho Bhaban, Bijoynagar, Kakrail Mosque, Shantinagar, Malibagh Railgate, Rampura TV Centre, Badda Link Road, and BRAC University.",0.7868272722156737,0.9166666666666666,0.9671950254816308,0.9678040146827698
Q034,full_hybrid_baseline,Can you tell me what 'Freshman Enrollment and Class Sign' at BRAC University is?,"This is the official process new/incoming ('freshman') students go through after being admitted, to confirm their enrollment and get registered into their first semester's classes; details and instructions are published on the Admissions section of the university website.","This is the official process new/incoming ('freshman') students go through after being admitted, to confirm their enrollment and get registered into their first semester's classes; details and instructions are published on the Admissions section of the university website.",1.0,1.0,0.9999945130315501,1.0
Q034,full_hybrid_trf_rerank,Can you tell me what 'Freshman Enrollment and Class Sign' at BRAC University is?,"This is the official process new/incoming ('freshman') students go through after being admitted, to confirm their enrollment and get registered into their first semester's classes; details and instructions are published on the Admissions section of the university website.","This is the official process new/incoming ('freshman') students go through after being admitted, to confirm their enrollment and get registered into their first semester's classes; details and instructions are published on the Admissions section of the university website.",1.0,1.0,0.9999945130315501,1.0
Q035,full_hybrid_baseline,What facilities are available on the 5th Floor?,"School of General Education, ENH, ESS, School of Pharmacy, MNS, School of Architecture and Design, BRAC Business School, and BRAC Institute of Languages.","The facilities available on the 5th Floor include School of General Education, ENH, ESS, School of Pharmacy, MNS, School of Architecture and Design, BRAC Business School, and BRAC Institute of Languages.",0.7864509426659901,0.8518518518518519,0.974826405931976,0.9713631868362427
Q035,full_hybrid_trf_rerank,What facilities are available on the 5th Floor?,"School of General Education, ENH, ESS, School of Pharmacy, MNS, School of Architecture and Design, BRAC Business School, and BRAC Institute of Languages.","The facilities available on the 5th Floor include School of General Education, ENH, ESS, School of Pharmacy, MNS, School of Architecture and Design, BRAC Business School, and BRAC Institute of Languages.",0.7864509426659901,0.8518518518518519,0.974826405931976,0.9713631868362427
Q036,full_hybrid_baseline,Can students reserve seats in advance?,"No, seating is strictly first-come, first-served.","No, seating is strictly first-come, first-served.",1.0,1.0,0.9993141289437586,0.9999998807907104
Q036,full_hybrid_trf_rerank,Can students reserve seats in advance?,"No, seating is strictly first-come, first-served.","No, seating is strictly first-come, first-served.",1.0,1.0,0.9993141289437586,0.9999998807907104
Q037,full_hybrid_baseline,How can I stay updated on upcoming games and events?,"Check BRACU Events Page. As the website is not fully functional yet, keep an eye on clubs’ Facebook pages or BRACU Facebook groups for updates.
 and you can also go to this page for detailed updates : https://www.bracu.ac.bd/news-events/upcoming-events","Check BRACU Events Page. As the website is not fully functional yet, keep an eye on clubs' Facebook pages or BRACU Facebook groups for updates. You can also go to this page for detailed updates: https://www.bracu.ac.bd/news-events/upcoming-events.",0.8791116082044841,0.9887640449438202,0.9531539888682746,0.9811110496520996
Q037,full_hybrid_trf_rerank,How can I stay updated on upcoming games and events?,"Check BRACU Events Page. As the website is not fully functional yet, keep an eye on clubs’ Facebook pages or BRACU Facebook groups for updates.
 and you can also go to this page for detailed updates : https://www.bracu.ac.bd/news-events/upcoming-events","Check BRACU Events Page. As the website is not fully functional yet, keep an eye on clubs' Facebook pages or BRACU Facebook groups for updates. You can also go to this page for detailed updates: https://www.bracu.ac.bd/news-events/upcoming-events.",0.8791116082044841,0.9887640449438202,0.9531539888682746,0.9811110496520996
Q038,full_hybrid_baseline,Can students receive visitors while at the Savar campus?,"Only nominated visitors, usually parents, are allowed to visit on designated Parents' Days, which are announced each semester. Visiting hours are typically in the afternoon on specific Fridays.","Only nominated visitors, usually parents, are allowed to visit on designated Parents' Days, which are announced each semester. Visiting hours are typically in the afternoon on specific Fridays.",1.0,1.0,0.9999872786484836,0.9999998807907104
Q038,full_hybrid_trf_rerank,Can students receive visitors while at the Savar campus?,"Only nominated visitors, usually parents, are allowed to visit on designated Parents' Days, which are announced each semester. Visiting hours are typically in the afternoon on specific Fridays.","Only nominated visitors, usually parents, are allowed to visit on designated Parents' Days, which are announced each semester. Visiting hours are typically in the afternoon on specific Fridays.",1.0,1.0,0.9999872786484836,0.9999998807907104
Q039,full_hybrid_baseline,Why is it advised not to select unnecessary courses in the Wishlist?,"Course demand influences planning, and unnecessary selections may misrepresent actual needs","It is advised not to select unnecessary courses in the Wishlist because course demand influences planning, and unnecessary selections may misrepresent actual needs.",0.44476301781818156,0.6470588235294118,0.9019945697577276,0.9467499852180481
Q039,full_hybrid_trf_rerank,Why is it advised not to select unnecessary courses in the Wishlist?,"Course demand influences planning, and unnecessary selections may misrepresent actual needs","It is advised not to select unnecessary courses in the Wishlist because course demand influences planning, and unnecessary selections may misrepresent actual needs.",0.44476301781818156,0.6470588235294118,0.9019945697577276,0.9467499852180481
Q040,full_hybrid_baseline,Can you tell me what the deadline to change the thesis title before the final defense is?,The deadline to change a thesis title before the final defense varies by semester - check the current semester's thesis deadline sheet for the exact date.,The deadline to change a thesis title before the final defense varies by semester - check the current semester's thesis deadline sheet for the exact date.,1.0,1.0,0.9999772230320699,0.9999998807907104
Q040,full_hybrid_trf_rerank,Can you tell me what the deadline to change the thesis title before the final defense is?,The deadline to change a thesis title before the final defense varies by semester - check the current semester's thesis deadline sheet for the exact date.,The deadline to change a thesis title before the final defense varies by semester - check the current semester's thesis deadline sheet for the exact date.,1.0,1.0,0.9999772230320699,0.9999998807907104
Q041,full_hybrid_baseline,Where do MPH faculty members at BRAC JPGSPH come from?,"MPH faculty are drawn from a mix of BRAC University, icddr,b, and BRAC itself, along with international partner institutions such as the University of Heidelberg, Harvard, Johns Hopkins, George Washington University, the Karolinska Institute, and the London School of Hygiene & Tropical Medicine.","MPH faculty are drawn from a mix of BRAC University, icddr,b, and BRAC itself, along with international partner institutions such as the University of Heidelberg, Harvard, Johns Hopkins, George Washington University, the Karolinska Institute, and the London School of Hygiene & Tropical Medicine.",1.0,1.0,0.9999968246710359,0.9999998807907104
Q041,full_hybrid_trf_rerank,Where do MPH faculty members at BRAC JPGSPH come from?,"MPH faculty are drawn from a mix of BRAC University, icddr,b, and BRAC itself, along with international partner institutions such as the University of Heidelberg, Harvard, Johns Hopkins, George Washington University, the Karolinska Institute, and the London School of Hygiene & Tropical Medicine.","MPH faculty are drawn from a mix of BRAC University, icddr,b, and BRAC itself, along with international partner institutions such as the University of Heidelberg, Harvard, Johns Hopkins, George Washington University, the Karolinska Institute, and the London School of Hygiene & Tropical Medicine.",1.0,1.0,0.9999968246710359,0.9999999403953552
Q042,full_hybrid_baseline,What is the BRAC University Students' Transport Service?,"BRAC University provides an affordable, safe, and comfortable transport service with air-conditioned buses covering nine routes across Dhaka city.","The BRAC University Students' Transport Service provides an affordable, safe, and comfortable transport service with air-conditioned buses covering nine routes across Dhaka city.",0.7519196511661765,0.9090909090909091,0.9774104683195594,0.9816195368766785
Q042,full_hybrid_trf_rerank,What is the BRAC University Students' Transport Service?,"BRAC University provides an affordable, safe, and comfortable transport service with air-conditioned buses covering nine routes across Dhaka city.","The BRAC University Students' Transport Service is an affordable, safe, and comfortable transport service with air-conditioned buses covering nine routes across Dhaka city.",0.7124647127618773,0.8636363636363635,0.9329302091206852,0.9795074462890625
Q043,full_hybrid_baseline,What are the pickup times for Route-01 (Abdullahpur)?,"1st Trip: 6:40 AM, 2nd Trip: 8:50 AM.","The pickup times for Route-01 (Abdullahpur) are 1st Trip: 6:40 AM, 2nd Trip: 8:50 AM.",0.5362721716524187,0.7142857142857143,0.9299633936261844,0.9373242855072021
Q043,full_hybrid_trf_rerank,What are the pickup times for Route-01 (Abdullahpur)?,"1st Trip: 6:40 AM, 2nd Trip: 8:50 AM.","The pickup times for Route-01 (Abdullahpur) are 1st Trip: 6:40 AM, 2nd Trip: 8:50 AM.",0.5362721716524187,0.7142857142857143,0.9299633936261844,0.9373242855072021
Q044,full_hybrid_baseline,"New student here, do international students need to submit any medical reports?","Yes, Health checkup/medical certificates are needed to be submitted.","Yes, Health checkup/medical certificates are needed to be submitted.",1.0,1.0,0.9996243425995492,1.0000001192092896
Q044,full_hybrid_trf_rerank,"New student here, do international students need to submit any medical reports?","Yes, Health checkup/medical certificates are needed to be submitted.","Yes, Health checkup/medical certificates are needed to be submitted.",1.0,1.0,0.9996243425995492,1.0
Q045,full_hybrid_baseline,"My advisor is not responding, what to do?","Please wait, your advisor is maybe busy with other students response. You can request other advisors for your advising but he will only add it but he will not approve it. So, it is wise to get request done by the advisor.","Please wait, your advisor is maybe busy with other students' responses. You can request other advisors for your advising but they will only add it, but they will not approve it. So, it is wise to get the request done by the advisor.",0.7271110858935717,0.9411764705882352,0.9487014851355936,0.982622504234314
Q045,full_hybrid_trf_rerank,"My advisor is not responding, what to do?","Please wait, your advisor is maybe busy with other students response. You can request other advisors for your advising but he will only add it but he will not approve it. So, it is wise to get request done by the advisor.","Please wait, your advisor is maybe busy with other students' response. You can request other advisors for your advising but they will only add it but they will not approve it. So, it is wise to get the request done by the advisor.",0.7808043052164177,0.9411764705882352,0.952735928018414,0.9863669872283936
Q046,full_hybrid_baseline,What sports teams does the university have?,"BRAC University Football Club, BRAC University Chess Club, BRAC University Cricket Club, and BRAC University Indoor Games Club.","The university has BRAC University Football Club, BRAC University Chess Club, BRAC University Cricket Club, and BRAC University Indoor Games Club.",0.8720290467146479,0.923076923076923,0.9865007597376125,0.9778074622154236
Q046,full_hybrid_trf_rerank,What sports teams does the university have?,"BRAC University Football Club, BRAC University Chess Club, BRAC University Cricket Club, and BRAC University Indoor Games Club.","The university has BRAC University Football Club, BRAC University Chess Club, BRAC University Cricket Club, and BRAC University Indoor Games Club.",0.8720290467146479,0.923076923076923,0.9865007597376125,0.9778075218200684
Q047,full_hybrid_baseline,I looked around the site but couldn't find it — what opportunities are there for student leadership in volunteer organizations?,"BRAC University Leadership Development Forum (BULDF) is a club working on training and grooming leadership traits. The club mainly focuses on young students in enhancing their leadership qualities and bringing out their hidden talents, which will help them in the future. The club has always been there for assisting the official events and programs of BRAC University as volunteers besides its own activities, which mainly include Accession, Love for Humanity, and Saving Tomorrow.

Contact: club.buldf@g.bracu.ac.bd","The main opportunity for student leadership in volunteer organizations is through BRAC University Leadership Development Forum (BULDF), a club that trains and grooms leadership traits, enhances young students' leadership qualities, and brings out their hidden talents. The club assists official events and programs of BRAC University as volunteers besides its own activities, which include Accession, Love for Humanity, and Saving Tomorrow. Contact information is available at club.buldf@g.bracu.ac.bd.",0.45674611506482804,0.7236842105263157,0.7576416219070484,0.9506683349609375
Q047,full_hybrid_trf_rerank,I looked around the site but couldn't find it — what opportunities are there for student leadership in volunteer organizations?,"BRAC University Leadership Development Forum (BULDF) is a club working on training and grooming leadership traits. The club mainly focuses on young students in enhancing their leadership qualities and bringing out their hidden talents, which will help them in the future. The club has always been there for assisting the official events and programs of BRAC University as volunteers besides its own activities, which mainly include Accession, Love for Humanity, and Saving Tomorrow.

Contact: club.buldf@g.bracu.ac.bd","The opportunity for student leadership in volunteer organizations is through BRAC University Leadership Development Forum (BULDF), which is a club working on training and grooming leadership traits. The club mainly focuses on young students in enhancing their leadership qualities and bringing out their hidden talents, which will help them in the future. The club has always been there for assisting the official events and programs of BRAC University as volunteers besides its own activities, which mainly include Accession, Love for Humanity, and Saving Tomorrow. Contact: club.buldf@g.bracu.ac.bd",0.8612897186340326,0.935672514619883,0.98638856608394,0.9803755283355713
Q048,full_hybrid_baseline,"Kind of urgent, but can students appeal their grades if they believe there has been a mistake?","A student may apply to the Chair of Department or the Dean for the re-checking of an examination script. Such a request may be made on the grounds of evidence of procedural errors, arbitrariness or prejudice. The student must make any request within Seven (07) calendar days of the publication of the mark. The Chair of Department or the Dean may, after checking with the original grader, arrange for the evaluation of an examination script to be conducted by two members of the faculty not previously involved in the examination and marking process, supported by a member of the Examination Controller’s office. The rechecking process and submission of any revised grade to the Examinations Controller should be completed within 15 calendar days.","A student may apply to the Chair of Department or the Dean for the re-checking of an examination script. Such a request may be made on the grounds of evidence of procedural errors, arbitrariness or prejudice. The student must make any request within Seven (07) calendar days of the publication of the mark. The Chair of Department or the Dean may, after checking with the original grader, arrange for the evaluation of an examination script to be conducted by two members of the faculty not previously involved in the examination and marking process, supported by a member of the Examination Controller’s office. The rechecking process and submission of any revised grade to the Examinations Controller should be completed within 15 calendar days.",1.0,1.0,0.9999997967789463,1.0
Q048,full_hybrid_trf_rerank,"Kind of urgent, but can students appeal their grades if they believe there has been a mistake?","A student may apply to the Chair of Department or the Dean for the re-checking of an examination script. Such a request may be made on the grounds of evidence of procedural errors, arbitrariness or prejudice. The student must make any request within Seven (07) calendar days of the publication of the mark. The Chair of Department or the Dean may, after checking with the original grader, arrange for the evaluation of an examination script to be conducted by two members of the faculty not previously involved in the examination and marking process, supported by a member of the Examination Controller’s office. The rechecking process and submission of any revised grade to the Examinations Controller should be completed within 15 calendar days.","A student may apply to the Chair of Department or the Dean for the re-checking of an examination script. Such a request may be made on the grounds of evidence of procedural errors, arbitrariness or prejudice. The student must make any request within Seven (07) calendar days of the publication of the mark.",0.27578447852381144,0.6067415730337078,0.31355120440769063,0.9455224275588989
Q049,full_hybrid_baseline,"Hey, what subjects are tested for BSS in Anthropology, BA in English, and LLB admission?","Applicants to BSS in Anthropology, BA in English, and LLB (Hons) are tested only in English as part of the admission test.","Applicants to BSS in Anthropology, BA in English, and LLB (Hons) are tested only in English as part of the admission test.",1.0,1.0,0.9999745973682873,0.9999999403953552
Q049,full_hybrid_trf_rerank,"Hey, what subjects are tested for BSS in Anthropology, BA in English, and LLB admission?","Applicants to BSS in Anthropology, BA in English, and LLB (Hons) are tested only in English as part of the admission test.","Applicants to BSS in Anthropology, BA in English, and LLB (Hons) are tested only in English as part of the admission test.",1.0,1.0,0.9999745973682873,0.9999999403953552
Q050,full_hybrid_baseline,Do lab-based or design-based programs pay an additional fee beyond regular tuition?,"Yes, programs with laboratory or studio components (such as CSE, Architecture, and Pharmacy) typically carry an additional lab/studio fee per semester on top of standard tuition and semester fees.","Yes, programs with laboratory or studio components (such as CSE, Architecture, and Pharmacy) typically carry an additional lab/studio fee per semester on top of standard tuition and semester fees.",1.0,1.0,0.9999883381924198,1.0
Q050,full_hybrid_trf_rerank,Do lab-based or design-based programs pay an additional fee beyond regular tuition?,"Yes, programs with laboratory or studio components (such as CSE, Architecture, and Pharmacy) typically carry an additional lab/studio fee per semester on top of standard tuition and semester fees.","Yes, programs with laboratory or studio components (such as CSE, Architecture, and Pharmacy) typically carry an additional lab/studio fee per semester on top of standard tuition and semester fees.",1.0,1.0,0.9999883381924198,1.0
Q051,full_hybrid_baseline,Curious about something: what items are prohibited in the exam hall?,"Mobile phones, tablets, smartwatches, and other electronic gadgets are not allowed. Bringing textbooks, notes, or any other written materials is prohibited unless explicitly allowed by the instructor.Bags, backpacks, and personal belongings should be left outside the exam hall or in designated areas.","Mobile phones, tablets, smartwatches, and other electronic gadgets are not allowed. Bringing textbooks, notes, or any other written materials is prohibited unless explicitly allowed by the instructor. Bags, backpacks, and personal belongings should be left outside the exam hall or in designated areas.",0.9118021019905903,1.0,0.9763124999999999,0.9960983991622925
Q051,full_hybrid_trf_rerank,Curious about something: what items are prohibited in the exam hall?,"Mobile phones, tablets, smartwatches, and other electronic gadgets are not allowed. Bringing textbooks, notes, or any other written materials is prohibited unless explicitly allowed by the instructor.Bags, backpacks, and personal belongings should be left outside the exam hall or in designated areas.","Mobile phones, tablets, smartwatches, and other electronic gadgets are not allowed. Bringing textbooks, notes, or any other written materials is prohibited unless explicitly allowed by the instructor. Bags, backpacks, and personal belongings should be left outside the exam hall or in designated areas.",0.9118021019905903,1.0,0.9763124999999999,0.9960983991622925
Q052,full_hybrid_baseline,"How many semesters does BRAC University run per year, and when do they start?","BRAC University runs three semesters a year - Spring, Summer and Fall - starting in January, May and September respectively. Pharmacy admits in Spring or Summer, and LLB admits in Spring or Fall.","BRAC University runs three semesters a year - Spring, Summer and Fall - starting in January, May and September respectively.",0.5209121273117441,0.7346938775510204,0.5590801978403294,0.9622127413749695
Q052,full_hybrid_trf_rerank,"How many semesters does BRAC University run per year, and when do they start?","BRAC University runs three semesters a year - Spring, Summer and Fall - starting in January, May and September respectively. Pharmacy admits in Spring or Summer, and LLB admits in Spring or Fall.","BRAC University runs three semesters a year - Spring, Summer and Fall - starting in January, May and September respectively.",0.5209121273117441,0.7346938775510204,0.5590801978403294,0.9622127413749695
Q053,full_hybrid_baseline,Does BRAC University have any separate exam for awarding Scholarship/Financial Aid?,There is no separate exam for Scholarship/Financial Aid.,There is no separate exam for Scholarship/Financial Aid.,1.0,1.0,0.9993141289437586,1.0
Q053,full_hybrid_trf_rerank,Does BRAC University have any separate exam for awarding Scholarship/Financial Aid?,There is no separate exam for Scholarship/Financial Aid.,There is no separate exam for Scholarship/Financial Aid.,1.0,1.0,0.9993141289437586,1.0
Q054,full_hybrid_baseline,What does the Counseling and Wellness Centre at BRAC University offer?,"The Counseling and Wellness Centre is a dedicated student-life office providing psychological and wellbeing support to students, separate from the psychosocial counselling available specifically at the Residential Campus.","The Counseling and Wellness Centre is a dedicated student-life office providing psychological and wellbeing support to students, separate from the psychosocial counselling available specifically at the Residential Campus.",1.0,1.0,0.9999814814814815,1.0
Q054,full_hybrid_trf_rerank,What does the Counseling and Wellness Centre at BRAC University offer?,"The Counseling and Wellness Centre is a dedicated student-life office providing psychological and wellbeing support to students, separate from the psychosocial counselling available specifically at the Residential Campus.","The Counseling and Wellness Centre is a dedicated student-life office providing psychological and wellbeing support to students, separate from the psychosocial counselling available specifically at the Residential Campus.",1.0,1.0,0.9999814814814815,1.0
Q055,full_hybrid_baseline,Can you tell me what the CGPA requirement for eligibility to start a thesis is?,CGPA equal to or above 3.0.,The CGPA requirement for eligibility to start a thesis is CGPA equal to or above 3.0.,0.34823528327578535,0.5833333333333334,0.8737244897959183,0.9289389848709106
Q055,full_hybrid_trf_rerank,Can you tell me what the CGPA requirement for eligibility to start a thesis is?,CGPA equal to or above 3.0.,The CGPA requirement for eligibility to start a thesis is CGPA equal to or above 3.0.,0.34823528327578535,0.5833333333333334,0.8737244897959183,0.9289389848709106
Q056,full_hybrid_baseline,"New student here, when was BRAC University established and who founded it?","BRAC University was established in 2001, founded by Sir Fazle Hasan Abed, and is affiliated with the University Grants Commission (UGC) of Bangladesh.","BRAC University was established in 2001, founded by Sir Fazle Hasan Abed, and is affiliated with the University Grants Commission (UGC) of Bangladesh.",1.0,1.0,0.9999772230320699,1.0
Q056,full_hybrid_trf_rerank,"New student here, when was BRAC University established and who founded it?","BRAC University was established in 2001, founded by Sir Fazle Hasan Abed, and is affiliated with the University Grants Commission (UGC) of Bangladesh.","BRAC University was established in 2001, founded by Sir Fazle Hasan Abed, and is affiliated with the University Grants Commission (UGC) of Bangladesh.",1.0,1.0,0.9999772230320699,1.0
Q057,full_hybrid_baseline,Who must participate in the Wishlist event?,"All undergraduate students attending upcoming, excluding RS-eligible students and LLB, PHR students","All undergraduate students attending upcoming, excluding RS-eligible students and LLB, PHR students.",0.9253911813809743,1.0,0.9927268779852366,0.9867428541183472
Q057,full_hybrid_trf_rerank,Who must participate in the Wishlist event?,"All undergraduate students attending upcoming, excluding RS-eligible students and LLB, PHR students","All undergraduate students attending upcoming, excluding RS-eligible students and LLB, PHR students.",0.9253911813809743,1.0,0.9927268779852366,0.9867428541183472
Q058,full_hybrid_baseline,"New student here, I already did ENG102 in Badda campus which course I will be given in TARC?","If you completed ENG102 already, you will be given BUS201 at TARC.","If you completed ENG102 already, you will be given BUS201 at TARC.",1.0,1.0,0.9998177842565598,1.0000001192092896
Q058,full_hybrid_trf_rerank,"New student here, I already did ENG102 in Badda campus which course I will be given in TARC?","If you completed ENG102 already, you will be given BUS201 at TARC.","If you completed ENG102 already, you will be given BUS201 at TARC.",1.0,1.0,0.9998177842565598,1.0000001192092896
Q059,full_hybrid_baseline,Curious about something: what are the basic requirements and application process to start a new club at BRAC University?,"To start a new club, you need at least 50 interested student members and one BRACU faculty advisor. The applicants then submit an application to the Director of Co-Curricular Activities, including the club's goals, objectives, a program calendar, and mode of operation, signed by the advisor. The new club's Executive Committee follows the same eligibility rules as any club's committee (see the Executive Committee CGPA/credit requirements). One faculty member can advise only one club at a time, but can additionally co-advise up to one more; a faculty member who isn't an advisor of any club can co-advise up to two.","To start a new club, you need at least 50 interested student members and one BRACU faculty advisor. The applicants then submit an application to the Director of Co-Curricular Activities, including the club's goals, objectives, a program calendar, and mode of operation, signed by the advisor. The new club's Executive Committee follows the same eligibility rules as any club's committee (see the Executive Committee CGPA/credit requirements). One faculty member can advise only one club at a time, but can additionally co-advise up to one more; a faculty member who isn't an advisor of any club can co-advise up to two.",1.0,1.0,0.9999996956845637,0.9999999403953552
Q059,full_hybrid_trf_rerank,Curious about something: what are the basic requirements and application process to start a new club at BRAC University?,"To start a new club, you need at least 50 interested student members and one BRACU faculty advisor. The applicants then submit an application to the Director of Co-Curricular Activities, including the club's goals, objectives, a program calendar, and mode of operation, signed by the advisor. The new club's Executive Committee follows the same eligibility rules as any club's committee (see the Executive Committee CGPA/credit requirements). One faculty member can advise only one club at a time, but can additionally co-advise up to one more; a faculty member who isn't an advisor of any club can co-advise up to two.","To start a new club, you need at least 50 interested student members and one BRACU faculty advisor. The applicants then submit an application to the Director of Co-Curricular Activities, including the club's goals, objectives, a program calendar, and mode of operation, signed by the advisor. The new club's Executive Committee follows the same eligibility rules as any club's committee (see the Executive Committee CGPA/credit requirements). One faculty member can advise only one club at a time, but can additionally co-advise up to one more; a faculty member who isn't an advisor of any club can co-advise up to two.",1.0,1.0,0.9999996956845637,1.0
Q060,full_hybrid_baseline,Before I forget to ask — has BRAC University ever won the World Universities Debating Championship (WUDC)?,"Yes, twice. In 2013, BRAC Bangladesh A (Ratib Murtaza Ali and Aaqib Farhan Hossain) won the English-as-a-Second-Language (ESL) category at WUDC in Berlin - Bangladesh's first such win. In 2022, BRAC University students Sourodip Paul and Sajid Asbat Khandaker won the WUDC open category outright in Belgrade, becoming the first Asian team ever to win the tournament's top title.","Yes, twice. In 2013, BRAC Bangladesh A (Ratib Murtaza Ali and Aaqib Farhan Hossain) won the English-as-a-Second-Language (ESL) category at WUDC in Berlin - Bangladesh's first such win. In 2022, BRAC University students Sourodip Paul and Sajid Asbat Khandaker won the WUDC open category outright in Belgrade, becoming the first Asian team ever to win the tournament's top title.",1.0,1.0,0.9999986604080933,0.9999998807907104
Q060,full_hybrid_trf_rerank,Before I forget to ask — has BRAC University ever won the World Universities Debating Championship (WUDC)?,"Yes, twice. In 2013, BRAC Bangladesh A (Ratib Murtaza Ali and Aaqib Farhan Hossain) won the English-as-a-Second-Language (ESL) category at WUDC in Berlin - Bangladesh's first such win. In 2022, BRAC University students Sourodip Paul and Sajid Asbat Khandaker won the WUDC open category outright in Belgrade, becoming the first Asian team ever to win the tournament's top title.","Yes, twice. In 2013, BRAC Bangladesh A (Ratib Murtaza Ali and Aaqib Farhan Hossain) won the English-as-a-Second-Language (ESL) category at WUDC in Berlin - Bangladesh's first such win. In 2022, BRAC University students Sourodip Paul and Sajid Asbat Khandaker won the WUDC open category outright in Belgrade, becoming the first Asian team ever to win the tournament's top title.",1.0,1.0,0.9999986604080933,0.9999999403953552
Q061,full_hybrid_baseline,How do I access the Multipurpose Hall?,"Ground Floor, Find the lift lobby(2nd escalator); go straight to the West Side, where you will find some seats next to the Multipurpose Hall.","To access the Multipurpose Hall, go to the Ground Floor, find the lift lobby next to the 2nd escalator; then go straight to the West Side, where you will find some seats next to the Multipurpose Hall.",0.5870272129458071,0.8064516129032258,0.8994262134160119,0.9611096382141113
Q061,full_hybrid_trf_rerank,How do I access the Multipurpose Hall?,"Ground Floor, Find the lift lobby(2nd escalator); go straight to the West Side, where you will find some seats next to the Multipurpose Hall.","To access the Multipurpose Hall, go to the Ground Floor, find the lift lobby (2nd escalator), go straight to the West Side, where you will find some seats next to the Multipurpose Hall.",0.6991791827059437,0.8620689655172413,0.9393242772553116,0.9693520665168762
Q062,full_hybrid_baseline,Can you tell me what the formula BRAC University uses to calculate GPA is?,"GPA is calculated as the sum of (grade points x credits) for all courses, divided by the sum of credits attempted - i.e., a credit-weighted average, so a 4-credit course affects the GPA more than a 1-credit course.","GPA is calculated as the sum of (grade points x credits) for all courses, divided by the sum of credits attempted - i.e., a credit-weighted average, so a 4-credit course affects the GPA more than a 1-credit course.",1.0,1.0,0.9999941303531179,1.0
Q062,full_hybrid_trf_rerank,Can you tell me what the formula BRAC University uses to calculate GPA is?,"GPA is calculated as the sum of (grade points x credits) for all courses, divided by the sum of credits attempted - i.e., a credit-weighted average, so a 4-credit course affects the GPA more than a 1-credit course.","The formula BRAC University uses to calculate GPA is the sum of (grade points x credits) for all courses, divided by the sum of credits attempted - i.e., a credit-weighted average, so a 4-credit course affects the GPA more than a 1-credit course.",0.8255633389251636,0.8965517241379309,0.9661280619344803,0.9771098494529724
Q063,full_hybrid_baseline,I looked around the site but couldn't find it — whats the procedure to pay my fees in installment?,A form will be shared by gsuite if the facility is available for that particular semester and you can fill up the form and apply for installment payment.,The procedure to pay your fees in installment is as follows: A form will be shared by gsuite if the facility is available for that particular semester and you can fill up the form and apply for installment payment.,0.6959055056413345,0.835820895522388,0.96024521422778,0.9701137542724609
Q063,full_hybrid_trf_rerank,I looked around the site but couldn't find it — whats the procedure to pay my fees in installment?,A form will be shared by gsuite if the facility is available for that particular semester and you can fill up the form and apply for installment payment.,The procedure to pay your fees in installment is as follows: A form will be shared by gsuite if the facility is available for that particular semester and you can fill up the form and apply for installment payment.,0.6959055056413345,0.835820895522388,0.96024521422778,0.9701136946678162
Q064,full_hybrid_baseline,"Hi, what exactly does the Office of the Proctor handle at BRAC University?","The Office of the Proctor is responsible for student discipline and campus safety, acting as an intermediary for complaints about harassment, bullying, or intimidation involving anyone affiliated with BRACU - students, faculty, staff, or security personnel.","The Office of the Proctor is responsible for student discipline and campus safety, acting as an intermediary for complaints about harassment, bullying, or intimidation involving anyone affiliated with BRACU - students, faculty, staff, or security personnel.",1.0,1.0,0.9999937112455507,1.0
Q064,full_hybrid_trf_rerank,"Hi, what exactly does the Office of the Proctor handle at BRAC University?","The Office of the Proctor is responsible for student discipline and campus safety, acting as an intermediary for complaints about harassment, bullying, or intimidation involving anyone affiliated with BRACU - students, faculty, staff, or security personnel.","The Office of the Proctor is responsible for student discipline and campus safety, acting as an intermediary for complaints about harassment, bullying, or intimidation involving anyone affiliated with BRACU - students, faculty, staff, or security personnel.",1.0,1.0,0.9999937112455507,1.0
Q065,full_hybrid_baseline,Can non-students use the BRAC University transport service?,"No, the service is exclusively for BRAC University students.","No, the service is exclusively for BRAC University students.",1.0,1.0,0.9996243425995492,1.0000001192092896
Q065,full_hybrid_trf_rerank,Can non-students use the BRAC University transport service?,"No, the service is exclusively for BRAC University students.","No, the service is exclusively for BRAC University students.",1.0,1.0,0.9996243425995492,1.0000001192092896
Q066,full_hybrid_baseline,Can you tell me what the prerequisites for the Cse program are?,"Candidates applying for EEE, ECE, CSE, APE and Physics:HSC/ Equivalent(“B” grade in Physics & Mathematics),A-levels: “C” grade in Physics & Mathematics","The prerequisites for the CSE program are Candidates applying for EEE, ECE, CSE, APE and Physics:HSC/ Equivalent(“B” grade in Physics & Mathematics),A-levels: “C” grade in Physics & Mathematics.",0.8116191409089194,0.8679245283018869,0.9782503858024691,0.971659779548645
Q066,full_hybrid_trf_rerank,Can you tell me what the prerequisites for the Cse program are?,"Candidates applying for EEE, ECE, CSE, APE and Physics:HSC/ Equivalent(“B” grade in Physics & Mathematics),A-levels: “C” grade in Physics & Mathematics","The prerequisites for the CSE program are Candidates applying for EEE, ECE, CSE, APE and Physics:HSC/ Equivalent(“B” grade in Physics & Mathematics),A-levels: “C” grade in Physics & Mathematics.",0.8116191409089194,0.8679245283018869,0.9782503858024691,0.971659779548645
Q067,full_hybrid_baseline,I looked around the site but couldn't find it — how to submit report after a club event?,"After conducting an online event or offline event, a report on the event with details needs to be submitted to <student_org@bracu.ac.bd> within 7 working days. Without the report, future proposals will not be accepted and approved.

• The report must contain a minimum of 500 words to a maximum of 1000 words with detailed activities, discussion, social impact, and outcome. If you get any media, coverage please provide the link.

• The social media data must be included in the report such as the number of attendees, likes, shares, views, and comments. For the best accuracy please collect this information immediately after the event is completed.

• After receiving and reviewing the appropriate report, we will complete the event or online program. Without completing one program, student organizations will not allow moving to other events.","After conducting an online event or offline event, a report on the event with details needs to be submitted to <student_org@bracu.ac.bd> within 7 working days. The report must contain a minimum of 500 words to a maximum of 1000 words with detailed activities, discussion, social impact, and outcome. If you get any media, coverage please provide the link. Additionally, the social media data must be included in the report such as the number of attendees, likes, shares, views, and comments, collected for best accuracy immediately after the event is completed.",0.5721299823696325,0.8,0.6441300683198832,0.9523032307624817
Q067,full_hybrid_trf_rerank,I looked around the site but couldn't find it — how to submit report after a club event?,"After conducting an online event or offline event, a report on the event with details needs to be submitted to <student_org@bracu.ac.bd> within 7 working days. Without the report, future proposals will not be accepted and approved.

• The report must contain a minimum of 500 words to a maximum of 1000 words with detailed activities, discussion, social impact, and outcome. If you get any media, coverage please provide the link.

• The social media data must be included in the report such as the number of attendees, likes, shares, views, and comments. For the best accuracy please collect this information immediately after the event is completed.

• After receiving and reviewing the appropriate report, we will complete the event or online program. Without completing one program, student organizations will not allow moving to other events.","To submit a report after a club event, you need to send an email to <student_org@bracu.ac.bd> within 7 working days of the event. The report should be between 500 and 1000 words in length, including detailed activities, discussion, social impact, and outcome, as well as any media coverage links and social media data such as attendees, likes, shares, views, and comments collected immediately after the event.",0.1720968387100989,0.46601941747572817,0.3831126101182013,0.9112672209739685
Q068,full_hybrid_baseline,Can you tell me what the Syndicate at BRAC University is?,"The Syndicate, chaired by the Vice-Chancellor, supervises the university's academic and administrative functions.","The Syndicate, chaired by the Vice-Chancellor, supervises the university's academic and administrative functions.",1.0,1.0,0.999898229187869,0.9999998211860657
Q068,full_hybrid_trf_rerank,Can you tell me what the Syndicate at BRAC University is?,"The Syndicate, chaired by the Vice-Chancellor, supervises the university's academic and administrative functions.","The Syndicate, chaired by the Vice-Chancellor, supervises the university's academic and administrative functions.",1.0,1.0,0.999898229187869,0.9999998807907104
Q069,full_hybrid_baseline,Can you tell me what the eligibility criteria for receiving financial aid are?,"BRAC University offers financial aid to students based on demonstrated financial need. Financial aid eligibility is reassessed regularly, and students may need to maintain satisfactory academic performance. Special consideration may be given to students from disadvantaged backgrounds or those facing extraordinary circumstances. The Financial Aid Office can provide more detailed information on the application process.","BRAC University offers financial aid to students based on demonstrated financial need. Financial aid eligibility is reassessed regularly, and students may need to maintain satisfactory academic performance. Special consideration may be given to students from disadvantaged backgrounds or those facing extraordinary circumstances. The Financial Aid Office can provide more detailed information on the application process.",1.0,1.0,0.9999976851851852,0.9999999403953552
Q069,full_hybrid_trf_rerank,Can you tell me what the eligibility criteria for receiving financial aid are?,"BRAC University offers financial aid to students based on demonstrated financial need. Financial aid eligibility is reassessed regularly, and students may need to maintain satisfactory academic performance. Special consideration may be given to students from disadvantaged backgrounds or those facing extraordinary circumstances. The Financial Aid Office can provide more detailed information on the application process.","BRAC University offers financial aid to students based on demonstrated financial need. Financial aid eligibility is reassessed regularly, and students may need to maintain satisfactory academic performance. Special consideration may be given to students from disadvantaged backgrounds or those facing extraordinary circumstances. The Financial Aid Office can provide more detailed information on the application process.",1.0,1.0,0.9999976851851852,0.9999999403953552
Q070,full_hybrid_baseline,For a friend who's asking — do I need to pay any fee to collect my degree certificate at Convocation?,"No, based on published notices, there is no fee to collect your certificate at the time of Convocation itself; fees apply if you request documents outside of that window.",There is no fee to collect your degree certificate at the time of Convocation itself; fees apply if you request documents outside of that window.,0.7194942724016304,0.888888888888889,0.8022865074147125,0.968464732170105
Q070,full_hybrid_trf_rerank,For a friend who's asking — do I need to pay any fee to collect my degree certificate at Convocation?,"No, based on published notices, there is no fee to collect your certificate at the time of Convocation itself; fees apply if you request documents outside of that window.","No, based on published notices, there is no fee to collect your certificate at the time of Convocation itself; fees apply if you request documents outside of that window.",1.0,1.0,0.9999860867629463,1.0
Q071,full_hybrid_baseline,"I'm an international student on the BRAC Scholarship with a 3.1 CGPA, but I need to retake a course I failed. Will my scholarship cover the retake fee?","No - tuition fee waivers and scholarships, including the BRAC Scholarship, are not applied to retake or repeat courses; you'd need to pay for the retake yourself. Separately, since you failed a course, you also won't be considered for the tuition fee waiver for the following two semesters even on your other coursework, regardless of your CGPA being above the 3.0 minimum.","No - tuition fee waivers and scholarships, including the BRAC Scholarship, are not applied to retake or repeat courses; you'd need to pay for the retake yourself.",0.2865047968601901,0.5934065934065934,0.4463536879595588,0.9388326406478882
Q071,full_hybrid_trf_rerank,"I'm an international student on the BRAC Scholarship with a 3.1 CGPA, but I need to retake a course I failed. Will my scholarship cover the retake fee?","No - tuition fee waivers and scholarships, including the BRAC Scholarship, are not applied to retake or repeat courses; you'd need to pay for the retake yourself. Separately, since you failed a course, you also won't be considered for the tuition fee waiver for the following two semesters even on your other coursework, regardless of your CGPA being above the 3.0 minimum.","No - tuition fee waivers and scholarships, including the BRAC Scholarship, are not applied to retake or repeat courses; you'd need to pay for the retake yourself. Separately, since you failed a course, you also won't be considered for the tuition fee waiver for the following two semesters even on your other coursework, regardless of your CGPA being above the 3.0 minimum.",1.0,1.0,0.9999986604080933,1.0
Q072,full_hybrid_baseline,How is the Joint PhD program with SOAS structured over time?,"Students typically spend their first months building a literature review and research plan, aiming to upgrade from MPhil to PhD status within 9 months of starting. Year 2 is generally dedicated to field research, and Year 3 to analysis and writing up, with the final award being a Joint PhD from SOAS University of London and BRAC University.","The Joint PhD program with SOAS is structured over time as follows: Students typically spend their first months building a literature review and research plan, aiming to upgrade from MPhil to PhD status within 9 months of starting. Year 2 is generally dedicated to field research, and Year 3 to analysis and writing up, with the final award being a Joint PhD from SOAS University of London and BRAC University.",0.8254598841811137,0.90625,0.9797803114103196,0.9777749180793762
Q072,full_hybrid_trf_rerank,How is the Joint PhD program with SOAS structured over time?,"Students typically spend their first months building a literature review and research plan, aiming to upgrade from MPhil to PhD status within 9 months of starting. Year 2 is generally dedicated to field research, and Year 3 to analysis and writing up, with the final award being a Joint PhD from SOAS University of London and BRAC University.","The Joint PhD program with SOAS is structured over time as follows: Students typically spend their first months building a literature review and research plan, aiming to upgrade from MPhil to PhD status within 9 months of starting. Year 2 is generally dedicated to field research, and Year 3 to analysis and writing up, with the final award being a Joint PhD from SOAS University of London and BRAC University.",0.8254598841811137,0.90625,0.9797803114103196,0.9777749180793762
Q073,full_hybrid_baseline,"My brother/sister is studying at BracU, how would I apply for Sibling Scholarship?","Tuition fee waiver is awarded to one of the siblings who will enroll later at Brac
University.

Supporting documents for applying for Sibling Scholarship:

a) Photocopy of National ID Cards/Passports of both the applicant and parents
b) Passport-size photos of both the siblings,
c) Photocopy of BracU Grade sheet of both the siblings,
d) Photocopy of BracU advising sheet of both the siblings,
e) Photocopy of Transcript of HSC & SSC/ A level & O level of both the siblings","To apply for the Sibling Scholarship, you will need to submit a scholarship application through Brac University's website (https://www.bracu.ac.bd/admission/scholarships-financial-aid) and provide the required supporting documents, which include photocopies of National ID Cards/Passports of both the applicant and parents, passport-size photos of both siblings, BracU Grade sheet of both siblings, BracU advising sheet of both siblings, and Transcript of HSC & SSC/A level & O level of both siblings.",0.321691799506171,0.620253164556962,0.56709341474168,0.9009501934051514
Q073,full_hybrid_trf_rerank,"My brother/sister is studying at BracU, how would I apply for Sibling Scholarship?","Tuition fee waiver is awarded to one of the siblings who will enroll later at Brac
University.

Supporting documents for applying for Sibling Scholarship:

a) Photocopy of National ID Cards/Passports of both the applicant and parents
b) Passport-size photos of both the siblings,
c) Photocopy of BracU Grade sheet of both the siblings,
d) Photocopy of BracU advising sheet of both the siblings,
e) Photocopy of Transcript of HSC & SSC/ A level & O level of both the siblings","To apply for the Sibling Scholarship, you will need to submit an application through Brac University's website (https://www.bracu.ac.bd/admission/scholarships-financial-aid) and provide the required supporting documents, which include photocopies of National ID Cards/Passports of both the applicant and parents, passport-size photos of both siblings, BracU Grade sheet of both siblings, BracU advising sheet of both siblings, and Transcript of HSC & SSC/A level & O level of both siblings.",0.31979243147592545,0.6242038216560509,0.5669495606677973,0.9020518660545349
Q074,full_hybrid_baseline,What is the first outbound timing for Route-02 (Mirpur-A)?,Route-02 (Mirpur-A): First trip departs at 2:05 PM.,The first outbound timing for Route-02 (Mirpur-A) is 2:05 PM.,0.2891784933232572,0.5833333333333334,0.6437241735537189,0.936267077922821
Q074,full_hybrid_trf_rerank,What is the first outbound timing for Route-02 (Mirpur-A)?,Route-02 (Mirpur-A): First trip departs at 2:05 PM.,The first outbound timing for Route-02 (Mirpur-A) is 2:05 PM.,0.2891784933232572,0.5833333333333334,0.6437241735537189,0.936267077922821
Q075,full_hybrid_baseline,Can you tell me what required for a student to apply for an internship is?,The student must apply to the Chairperson of the CSE Department and may suggest a company with a detailed profile for approval.,The requirements for a student to apply for an internship are that the student must apply to the Chairperson of the CSE Department and may suggest a company with a detailed profile for approval.,0.6412793154429567,0.7857142857142858,0.9503741661328876,0.9682432413101196
Q075,full_hybrid_trf_rerank,Can you tell me what required for a student to apply for an internship is?,The student must apply to the Chairperson of the CSE Department and may suggest a company with a detailed profile for approval.,The student must apply to the Chairperson of the CSE Department and may suggest a company with a detailed profile for approval.,1.0,1.0,0.999958905235473,1.0
Q076,full_hybrid_baseline,Provide me the contact information of library staffs.,"You can contact Librarian at: librarian@bracu.ac.bd, hasina@bracu.ac.bd
Deputy Librarian: nasiruddin@bracu.ac.bd, murtoza@bracu.ac.bd","You can contact Librarian at: librarian@bracu.ac.bd, hasina@bracu.ac.bd
Deputy Librarian: nasiruddin@bracu.ac.bd, murtoza@bracu.ac.bd",1.0,1.0,0.999958905235473,1.0
Q076,full_hybrid_trf_rerank,Provide me the contact information of library staffs.,"You can contact Librarian at: librarian@bracu.ac.bd, hasina@bracu.ac.bd
Deputy Librarian: nasiruddin@bracu.ac.bd, murtoza@bracu.ac.bd","You can contact Librarian at: librarian@bracu.ac.bd, hasina@bracu.ac.bd
Deputy Librarian: nasiruddin@bracu.ac.bd, murtoza@bracu.ac.bd.",0.9554427922043668,1.0,0.9956300788058823,0.9972704648971558
Q077,full_hybrid_baseline,Consequence of not confirming advising during the Self-Registration period?,All selected courses will be automatically cancelled,All selected courses will be automatically cancelled.,0.8408964152537145,1.0,0.9844782983615982,0.9953091740608215
Q077,full_hybrid_trf_rerank,Consequence of not confirming advising during the Self-Registration period?,All selected courses will be automatically cancelled,All selected courses will be automatically cancelled.,0.8408964152537145,1.0,0.9844782983615982,0.9953091740608215
Q078,full_hybrid_baseline,"Not sure if this is covered elsewhere, but how early should students arrive at the exam hall?",Students should aim to arrive at the exam hall at least 15 to 30 minutes before the scheduled start time of their exam.,Students should aim to arrive at the exam hall at least 15 to 30 minutes before the scheduled start time of their exam.,1.0,1.0,0.9999638310185185,1.0
Q078,full_hybrid_trf_rerank,"Not sure if this is covered elsewhere, but how early should students arrive at the exam hall?",Students should aim to arrive at the exam hall at least 15 to 30 minutes before the scheduled start time of their exam.,Students should aim to arrive at the exam hall at least 15 to 30 minutes before the scheduled start time of their exam.,1.0,1.0,0.9999638310185185,1.0
Q079,full_hybrid_baseline,What steps do I need to follow to access the Prayer Room for females?,The Prayer Room is located in front of the indoor Multipurpose Hall and on 6th floor(ZONE-H),"To access the Prayer Room for females, you need to locate it in front of the indoor Multipurpose Hall and on 6th floor (ZONE-H).",0.5219276037182894,0.7906976744186047,0.902428810720268,0.9529295563697815
Q079,full_hybrid_trf_rerank,What steps do I need to follow to access the Prayer Room for females?,The Prayer Room is located in front of the indoor Multipurpose Hall and on 6th floor(ZONE-H),"To access the Prayer Room for females, you need to locate it in front of the indoor Multipurpose Hall and on 6th floor (ZONE-H).",0.5219276037182894,0.7906976744186047,0.902428810720268,0.9529295563697815
Q080,full_hybrid_baseline,"What platform is buX built on, and when was it launched?","BuX is BRAC University's online learning platform, built on the same open-source platform originally developed by MIT and Harvard (Open edX). It was launched in 2020 in response to the shift to online learning during the COVID-19 pandemic.","BuX is BRAC University's online learning platform, built on the same open-source platform originally developed by MIT and Harvard (Open edX). It was launched in 2020 in response to the shift to online learning during the COVID-19 pandemic.",1.0,1.0,0.9999941303531179,1.0
Q080,full_hybrid_trf_rerank,"What platform is buX built on, and when was it launched?","BuX is BRAC University's online learning platform, built on the same open-source platform originally developed by MIT and Harvard (Open edX). It was launched in 2020 in response to the shift to online learning during the COVID-19 pandemic.","BuX is BRAC University's online learning platform, built on the same open-source platform originally developed by MIT and Harvard (Open edX). It was launched in 2020 in response to the shift to online learning during the COVID-19 pandemic.",1.0,1.0,0.9999941303531179,1.0
Q081,full_hybrid_baseline,What is BRAC Scholarship?,"BRAC Scholarship is for economically disadvantaged students.

Eligibility criteria and other requirements:

1. Parents’ monthly income - not more than Tk. 20,000. 

2. Students must have a GPA of 4.50 (without 4th subject) in SSC and HSC from Science, Arts & Commerce Group.","BRAC Scholarship is one of the types of scholarships offered by Brac University, listed among the 10 types of scholarship/financial aid provided by the university.",0.01627603820477723,0.11594202898550725,0.08613916947250282,0.8328971862792969
Q081,full_hybrid_trf_rerank,What is BRAC Scholarship?,"BRAC Scholarship is for economically disadvantaged students.

Eligibility criteria and other requirements:

1. Parents’ monthly income - not more than Tk. 20,000. 

2. Students must have a GPA of 4.50 (without 4th subject) in SSC and HSC from Science, Arts & Commerce Group.",The BRAC Scholarship is one of several distinct scholarship policies published by BRAC University.,0.006308183305087516,0.14035087719298245,0.05175983436853002,0.8299283385276794
Q082,full_hybrid_baseline,What was BRAC University's student system called before it became 'Connect'?,"Before the current 'Connect' Student Lifecycle Management System, students used a system called USIS (University Student Information System) for functions like registration, pay slips, and academic records.","Before the current 'Connect' Student Lifecycle Management System, students used a system called USIS (University Student Information System) for functions like registration, pay slips, and academic records.",1.0,1.0,0.9999872786484836,1.0
Q082,full_hybrid_trf_rerank,What was BRAC University's student system called before it became 'Connect'?,"Before the current 'Connect' Student Lifecycle Management System, students used a system called USIS (University Student Information System) for functions like registration, pay slips, and academic records.","Before the current 'Connect' Student Lifecycle Management System, students used a system called USIS (University Student Information System) for functions like registration, pay slips, and academic records.",1.0,1.0,0.9999872786484836,1.0
Q083,full_hybrid_baseline,How long does the Early Childhood Development (ECD) program take to complete?,"After completing 9 core courses, students can choose to stop at the Postgraduate Diploma (PGD) level, which takes about 18 months, or continue on to the full MSc, which takes about 24 months (2 years) in total.","The Early Childhood Development (ECD) program takes about 18 months to complete at the Postgraduate Diploma level, or about 24 months (2 years) in total if students choose to continue on to the full MSc.",0.41388376987596087,0.3888888888888889,0.6975852430397883,0.9278022646903992
Q083,full_hybrid_trf_rerank,How long does the Early Childhood Development (ECD) program take to complete?,"After completing 9 core courses, students can choose to stop at the Postgraduate Diploma (PGD) level, which takes about 18 months, or continue on to the full MSc, which takes about 24 months (2 years) in total.",The Early Childhood Development (ECD) program takes about 18 months to complete at the Postgraduate Diploma level or about 24 months (2 years) in total if students choose to continue on to the full MSc.,0.39998827085418404,0.3888888888888889,0.681216874311674,0.9277956485748291
Q084,full_hybrid_baseline,"Just wondering, what types of general education courses are required for all undergraduate students at BRAC University?","Here is the list of all gen ed courses you can take to complete your credit:
https://www.bracu.ac.bd/academics/institutes-and-schools/school-general-education/streams-and-courses. But all the courses won't be available at every semester so please check USIS to make sure your prefered courses are available or not.","Every undergraduate student, regardless of major, must complete 42 credit-hours (14 courses) of General Education courses, generally within the first two years of study, spanning Humanities, Social Sciences, Law, Mathematics, Sciences, Technology and Architecture.",0.006362245983665678,0.15384615384615385,0.07462686567164178,0.8202887773513794
Q084,full_hybrid_trf_rerank,"Just wondering, what types of general education courses are required for all undergraduate students at BRAC University?","Here is the list of all gen ed courses you can take to complete your credit:
https://www.bracu.ac.bd/academics/institutes-and-schools/school-general-education/streams-and-courses. But all the courses won't be available at every semester so please check USIS to make sure your prefered courses are available or not.","Every undergraduate student, regardless of major, must complete 42 credit-hours (14 courses) of General Education courses, generally within the first two years of study, spanning Humanities, Social Sciences, Law, Mathematics, Sciences, Technology and Architecture.",0.006362245983665678,0.15384615384615385,0.07462686567164178,0.8202887773513794
Q085,full_hybrid_baseline,Does BRAC University offer any short professional certificate courses outside its degree programs?,"Yes. For example, BRAC University partnered with Swisscontact Bangladesh to launch a Professional Certificate Course on Environmental, Social and Governance (ESG), aimed at industry professionals - its first batch began in February 2026, aimed particularly at export-oriented sectors like ready-made garments.","Yes. For example, BRAC University partnered with Swisscontact Bangladesh to launch a Professional Certificate Course on Environmental, Social and Governance (ESG), aimed at industry professionals - its first batch began in February 2026, aimed particularly at export-oriented sectors like ready-made garments.",1.0,1.0,0.9999957500701239,0.9999999403953552
Q085,full_hybrid_trf_rerank,Does BRAC University offer any short professional certificate courses outside its degree programs?,"Yes. For example, BRAC University partnered with Swisscontact Bangladesh to launch a Professional Certificate Course on Environmental, Social and Governance (ESG), aimed at industry professionals - its first batch began in February 2026, aimed particularly at export-oriented sectors like ready-made garments.","Yes. For example, BRAC University partnered with Swisscontact Bangladesh to launch a Professional Certificate Course on Environmental, Social and Governance (ESG), aimed at industry professionals - its first batch began in February 2026, aimed particularly at export-oriented sectors like ready-made garments.",1.0,1.0,0.9999957500701239,0.9999999403953552
Q086,full_hybrid_baseline,Who handles student discipline and safety issues on campus?,"The Office of the Proctor handles student discipline and campus safety matters. It can be reached at proctor@bracu.ac.bd or by phone, and is open 9:00 AM to 5:30 PM.","The Office of the Proctor handles student discipline and campus safety matters. It can be reached at proctor@bracu.ac.bd or by phone, and is open 9:00 AM to 5:30 PM.",1.0,1.0,0.9999872786484836,0.9999999403953552
Q086,full_hybrid_trf_rerank,Who handles student discipline and safety issues on campus?,"The Office of the Proctor handles student discipline and campus safety matters. It can be reached at proctor@bracu.ac.bd or by phone, and is open 9:00 AM to 5:30 PM.","The Office of the Proctor handles student discipline and campus safety matters. It can be reached at proctor@bracu.ac.bd or by phone, and is open 9:00 AM to 5:30 PM.",1.0,1.0,0.9999872786484836,0.9999999403953552
Q087,full_hybrid_baseline,Before I forget to ask — what are the consequences of violating TARC rules and regulations?,"Violating rules and regulations can get one ousted from tarc.Eventually on severe violation the authority will call their parents and send them home.On minor violation,students are given warning.Also after 3 warnings if they cannot bring changes in themselves their tarc will also be cancelled","Violating rules and regulations can get one ousted from tarc. Eventually on severe violation the authority will call their parents and send them home. On minor violation, students are given warning. Also after 3 warnings if they cannot bring changes in themselves their tarc will also be cancelled.",0.7189198904112759,1.0,0.9217550721624478,0.9904181361198425
Q087,full_hybrid_trf_rerank,Before I forget to ask — what are the consequences of violating TARC rules and regulations?,"Violating rules and regulations can get one ousted from tarc.Eventually on severe violation the authority will call their parents and send them home.On minor violation,students are given warning.Also after 3 warnings if they cannot bring changes in themselves their tarc will also be cancelled","Violating rules and regulations can get one ousted from tarc. Eventually on severe violation the authority will call their parents and send them home. On minor violation, students are given warning. Also after 3 warnings if they cannot bring changes in themselves their tarc will also be cancelled.",0.7189198904112759,1.0,0.9217550721624478,0.9904181361198425
Q088,full_hybrid_baseline,Where can I find the official student payment manual?,"BRAC University publishes a 'Payment Manual for Students' PDF, linked from the Tuition and Fees page, which explains the accepted payment methods and installment options in detail.","BRAC University publishes a 'Payment Manual for Students' PDF, linked from the Tuition and Fees page, which explains the accepted payment methods and installment options in detail.",1.0,1.0,0.9999832164076399,0.9999999403953552
Q088,full_hybrid_trf_rerank,Where can I find the official student payment manual?,"BRAC University publishes a 'Payment Manual for Students' PDF, linked from the Tuition and Fees page, which explains the accepted payment methods and installment options in detail.","BRAC University publishes a 'Payment Manual for Students' PDF, linked from the Tuition and Fees page, which explains the accepted payment methods and installment options in detail.",1.0,1.0,0.9999832164076399,0.9999999403953552
Q089,full_hybrid_baseline,What are the pickup times for Route-03 (Jigatola)?,"Route-03 (Jigatola): 1st Trip: 6:30 AM, 2nd Trip: 8:45 AM.",The pickup times for Route-03 (Jigatola) are 1st Trip: 6:30 AM and 2nd Trip: 8:45 AM.,0.5100323429521268,0.8125000000000001,0.8586206896551724,0.9596852660179138
Q089,full_hybrid_trf_rerank,What are the pickup times for Route-03 (Jigatola)?,"Route-03 (Jigatola): 1st Trip: 6:30 AM, 2nd Trip: 8:45 AM.",The pickup times for Route-03 (Jigatola) are 1st Trip: 6:30 AM and 2nd Trip: 8:45 AM.,0.5100323429521268,0.8125000000000001,0.8586206896551724,0.9596852660179138
Q090,full_hybrid_baseline,"I wanted to ask, how many credit hours must a scholarship-holding international student take each semester?","Students on scholarship or financial aid are generally required to take a minimum of 9 credit hours in all semesters (applicable from Summer 2023 admits onward), except for approved reduced course loads such as in the first semester.","Students on scholarship or financial aid are generally required to take a minimum of 9 credit hours in all semesters (applicable from Summer 2023 admits onward), except for approved reduced course loads such as in the first semester.",1.0,1.0,0.9999932512687615,0.9999999403953552
Q090,full_hybrid_trf_rerank,"I wanted to ask, how many credit hours must a scholarship-holding international student take each semester?","Students on scholarship or financial aid are generally required to take a minimum of 9 credit hours in all semesters (applicable from Summer 2023 admits onward), except for approved reduced course loads such as in the first semester.","Students on scholarship or financial aid are generally required to take a minimum of 9 credit hours in all semesters (applicable from Summer 2023 admits onward), except for approved reduced course loads such as in the first semester.",1.0,1.0,0.9999932512687615,0.9999999403953552
Q091,full_hybrid_baseline,One thing I couldn't find anywhere: can I renew a book I have borrowed from the library?,"Yes, an item can be renewed if no other user has placed a hold on it. Renewal can be done through the online catalogue (OPAC) or by contacting the circulation desk.","Yes, an item can be renewed if no other user has placed a hold on it. Renewal can be done through the online catalogue (OPAC) or by contacting the circulation desk.",1.0,1.0,0.9999892832647462,0.9999997615814209
Q091,full_hybrid_trf_rerank,One thing I couldn't find anywhere: can I renew a book I have borrowed from the library?,"Yes, an item can be renewed if no other user has placed a hold on it. Renewal can be done through the online catalogue (OPAC) or by contacting the circulation desk.","Yes, an item can be renewed if no other user has placed a hold on it. Renewal can be done through the online catalogue (OPAC) or by contacting the circulation desk.",1.0,1.0,0.9999892832647462,0.9999997615814209
Q092,full_hybrid_baseline,"I wanted to ask, is there an application fee, How much is it?","Admission Application Fee Tk. 1,500/- Non-Refundable [Through Bkash, Rocket, Nagod, Visa cards, Dhaka Bank Ltd., One Bank Ltd., Southeast Bank Ltd., Brac Bank Ltd. And Prime Bank Ltd]","The admission application fee is Tk. 1,500/- Non-Refundable [Through Bkash, Rocket, Nagod, Visa cards, Dhaka Bank Ltd., One Bank Ltd., Southeast Bank Ltd., Brac Bank Ltd. And Prime Bank Ltd].",0.884617925078158,0.967741935483871,0.9915884943911242,0.9874045252799988
Q092,full_hybrid_trf_rerank,"I wanted to ask, is there an application fee, How much is it?","Admission Application Fee Tk. 1,500/- Non-Refundable [Through Bkash, Rocket, Nagod, Visa cards, Dhaka Bank Ltd., One Bank Ltd., Southeast Bank Ltd., Brac Bank Ltd. And Prime Bank Ltd]","The admission application fee is Tk. 1,500/- Non-Refundable [Through Bkash, Rocket, Nagod, Visa cards, Dhaka Bank Ltd., One Bank Ltd., Southeast Bank Ltd., Brac Bank Ltd. And Prime Bank Ltd].",0.884617925078158,0.967741935483871,0.9915884943911242,0.9874045252799988
Q093,full_hybrid_baseline,What should a course teacher do if a student misses the final exam for a valid reason?,"If a student misses the final exam for a documented valid reason (such as a medical emergency), the course teacher can arrange a make-up exam, and if course requirements genuinely can't be completed in time, an 'Incomplete' (I) grade with a defined completion deadline (up to 8 weeks after the final exam) may be assigned instead.","If a student misses the final exam for a documented valid reason (such as a medical emergency), the course teacher can arrange a make-up exam, and if course requirements genuinely can't be completed in time, an 'Incomplete' (I) grade with a defined completion deadline (up to 8 weeks after the final exam) may be assigned instead.",1.0,1.0,0.9999984098310605,1.0
Q093,full_hybrid_trf_rerank,What should a course teacher do if a student misses the final exam for a valid reason?,"If a student misses the final exam for a documented valid reason (such as a medical emergency), the course teacher can arrange a make-up exam, and if course requirements genuinely can't be completed in time, an 'Incomplete' (I) grade with a defined completion deadline (up to 8 weeks after the final exam) may be assigned instead.","If a student misses the final exam for a documented valid reason (such as a medical emergency), the course teacher can arrange a make-up exam, and if course requirements genuinely can't be completed in time, an 'Incomplete' (I) grade with a defined completion deadline (up to 8 weeks after the final exam) may be assigned instead.",1.0,1.0,0.9999984098310605,1.0
Q094,full_hybrid_baseline,Does ENH offer a minor for students outside the department?,"Yes, ENH offers a Minor in History, open to students from any department, letting them take history courses to help contextualize their main field of study.","Yes, ENH offers a Minor in History, open to students from any department, letting them take history courses to help contextualize their main field of study.",1.0,1.0,0.9999814814814815,0.9999998211860657
Q094,full_hybrid_trf_rerank,Does ENH offer a minor for students outside the department?,"Yes, ENH offers a Minor in History, open to students from any department, letting them take history courses to help contextualize their main field of study.","Yes, ENH offers a Minor in History, open to students from any department, letting them take history courses to help contextualize their main field of study.",1.0,1.0,0.9999814814814815,0.9999998211860657
Q095,full_hybrid_baseline,"Kind of urgent, but what should I do if I can’t log in to a lab PC?","If you've changed your password and can’t remember it, contact IT support at itsupport@bracu.ac.bd.","If you can't log in to a lab PC, contact IT support at itsupport@bracu.ac.bd.",0.41386353229716066,0.6486486486486486,0.5272568340750159,0.949990451335907
Q095,full_hybrid_trf_rerank,"Kind of urgent, but what should I do if I can’t log in to a lab PC?","If you've changed your password and can’t remember it, contact IT support at itsupport@bracu.ac.bd.","If you can't log in to a lab PC, contact IT support at itsupport@bracu.ac.bd.",0.41386353229716066,0.6486486486486486,0.5272568340750159,0.949990451335907
Q096,full_hybrid_baseline,"Are journals, magazines and reference books available for borrowing?","No. Journals, magazines, newspapers, and items in the reference collection are for in-library use only and cannot be checked out.","Journals, magazines, and reference books are not available for borrowing; they are for in-library use only.",0.252125370397224,0.5263157894736842,0.45074722802506817,0.9347584843635559
Q096,full_hybrid_trf_rerank,"Are journals, magazines and reference books available for borrowing?","No. Journals, magazines, newspapers, and items in the reference collection are for in-library use only and cannot be checked out.","Journals, magazines, and reference books are not available for borrowing; they are for in-library use only.",0.252125370397224,0.5263157894736842,0.45074722802506817,0.9347584843635559
Q097,full_hybrid_baseline,Can you tell me what the important dates and deadlines for admission are?,"The exact admission test date, application deadline, and academic-session start date change every semester, so BRAC University publishes them on its Admissions page (bracu.ac.bd/admissions) ahead of each intake rather than fixing them year-round - check that page for the current cycle's dates.","The exact admission test date, application deadline, and academic-session start date change every semester, so BRAC University publishes them on its Admissions page (bracu.ac.bd/admissions) ahead of each intake rather than fixing them year-round - check that page for the current cycle's dates.",1.0,1.0,0.9999957500701239,1.0000001192092896
Q097,full_hybrid_trf_rerank,Can you tell me what the important dates and deadlines for admission are?,"The exact admission test date, application deadline, and academic-session start date change every semester, so BRAC University publishes them on its Admissions page (bracu.ac.bd/admissions) ahead of each intake rather than fixing them year-round - check that page for the current cycle's dates.","The exact admission test date, application deadline, and academic-session start date change every semester, so BRAC University publishes them on its Admissions page (bracu.ac.bd/admissions) ahead of each intake rather than fixing them year-round - check that page for the current cycle's dates.",1.0,1.0,0.9999957500701239,1.0000001192092896
Q098,full_hybrid_baseline,Can you tell me what the Office of the Registrar responsible for at BRAC University is?,"The Office of the Registrar handles core academic-record functions such as processing semester drop forms, maintaining student registration and grade records, and coordinating with departments on academic policy matters like leave of absence and inter-department transfers.","The Office of the Registrar handles core academic-record functions such as processing semester drop forms, maintaining student registration and grade records, and coordinating with departments on academic policy matters like leave of absence and inter-department transfers.",1.0,1.0,0.9999915709974881,0.9999999403953552
Q098,full_hybrid_trf_rerank,Can you tell me what the Office of the Registrar responsible for at BRAC University is?,"The Office of the Registrar handles core academic-record functions such as processing semester drop forms, maintaining student registration and grade records, and coordinating with departments on academic policy matters like leave of absence and inter-department transfers.","The Office of the Registrar handles core academic-record functions such as processing semester drop forms, maintaining student registration and grade records, and coordinating with departments on academic policy matters like leave of absence and inter-department transfers.",1.0,1.0,0.9999915709974881,0.9999999403953552
Q099,full_hybrid_baseline,Can you tell me what BRAC University's policy on sexual harassment is?,"BRAC University maintains a 'Zero Tolerance' policy toward sexual harassment of any kind, formalized in its Code of Conduct on Sexual Harassment, which is part of the university's broader safeguarding framework alongside the Academic Handbook and the Regulations of Students Conduct.","BRAC University maintains a 'Zero Tolerance' policy toward sexual harassment of any kind, formalized in its Code of Conduct on Sexual Harassment, which is part of the university's broader safeguarding framework alongside the Academic Handbook and the Regulations of Students Conduct.",1.0,1.0,0.9999948631544341,1.0
Q099,full_hybrid_trf_rerank,Can you tell me what BRAC University's policy on sexual harassment is?,"BRAC University maintains a 'Zero Tolerance' policy toward sexual harassment of any kind, formalized in its Code of Conduct on Sexual Harassment, which is part of the university's broader safeguarding framework alongside the Academic Handbook and the Regulations of Students Conduct.","BRAC University maintains a 'Zero Tolerance' policy toward sexual harassment of any kind, formalized in its Code of Conduct on Sexual Harassment, which is part of the university's broader safeguarding framework alongside the Academic Handbook and the Regulations of Students Conduct.",1.0,1.0,0.9999948631544341,1.0
Q100,full_hybrid_baseline,"When was the BRAC University School of Law established, and what degree does it offer?","The School of Law was founded in 2004 and offers a four-year undergraduate Bachelor of Laws (LL.B. Hons.) program, along with a postgraduate LL.M. program.","The BRAC University School of Law was founded in 2004 and offers a four-year undergraduate Bachelor of Laws (LL.B. Hons.) program, along with a postgraduate LL.M. program.",0.9148095365172607,0.9655172413793104,0.9936675077639752,0.9850324988365173
Q100,full_hybrid_trf_rerank,"When was the BRAC University School of Law established, and what degree does it offer?","The School of Law was founded in 2004 and offers a four-year undergraduate Bachelor of Laws (LL.B. Hons.) program, along with a postgraduate LL.M. program.","The BRAC University School of Law was founded in 2004 and offers a four-year undergraduate Bachelor of Laws (LL.B. Hons.) program, along with a postgraduate LL.M. program.",0.9148095365172607,0.9655172413793104,0.9936675077639752,0.9850324988365173
